horizon,simulation_id,scenario,windows_U_Factor,groundfloor_thermal_resistance,ext_walls_thermal_resistance,roof_thermal_resistance,infiltration_design_flow_m3_s,annual_heating_energy_gj,heating_energy_source,heating_energy_source_row_count,temperature_source_row,cost_rate_sum_proxy,carbon_rate_sum_proxy,days_below_23_c,days_below_24_c,days_below_25_c,days_below_26_c,days_at_or_below_17_5_c,legacy_static_band_days,days_at_or_above_24_c
2020,1,SG_current_Insul_current_TR_current_BW_current,2.9,0.41,0.45,0.48,0.025,37.570556156041825,retained_renamed_boiler_heating_energy_output,1,BLOCK BUILDINGBLOCK1 STOREY 0:Zone Mean Air Temperature [C](Daily),0.0,0.0,359,361,364,365,0,361,4
2020,2,SG_current_Insul_current_TR_current_BW_retrofit_1,2.9,0.41,4.2,0.48,0.02325,33.26095152160797,retained_renamed_boiler_heating_energy_output,1,BLOCK BUILDINGBLOCK1 STOREY 0:Zone Mean Air Temperature [C](Daily),182.0,9.36,360,364,365,365,0,364,1
2020,3,SG_current_Insul_current_TR_current_BW_retrofit_2,2.9,0.41,4.4,0.48,0.021500000000000002,32.274639830051086,retained_renamed_boiler_heating_energy_output,1,BLOCK BUILDINGBLOCK1 STOREY 0:Zone Mean Air Temperature [C](Daily),179.0,4.83,360,364,365,365,0,364,1
2020,4,SG_current_Insul_current_TR_current_BW_retrofit_3,2.9,0.41,6.5,0.48,0.020625,31.678293051230458,retained_renamed_boiler_heating_energy_output,1,BLOCK BUILDINGBLOCK1 STOREY 0:Zone Mean Air Temperature [C](Daily),200.0,17.16,360,364,365,365,0,364,1
2020,5,SG_current_Insul_current_TR_current_BW_retrofit_4,2.9,0.41,6.7,0.48,0.020625,31.762269808832635,retained_renamed_boiler_heating_energy_output,1,BLOCK BUILDINGBLOCK1 STOREY 0:Zone Mean Air Temperature [C](Daily),222.0,8.5,360,364,365,365,0,364,1
2020,6,SG_current_Insul_current_TR_retrofit_1_BW_current,2.9,0.41,0.45,4.5,0.02475,33.06559443014046,retained_renamed_boiler_heating_energy_output,1,BLOCK BUILDINGBLOCK1 STOREY 0:Zone Mean Air Temperature [C](Daily),89.5,23.29,359,361,365,365,0,361,4
2020,7,SG_current_Insul_current_TR_retrofit_1_BW_retrofit_1,2.9,0.41,4.2,4.5,0.023000000000000003,28.51046449598407,retained_renamed_boiler_heating_energy_output,1,BLOCK BUILDINGBLOCK1 STOREY 0:Zone Mean Air Temperature [C](Daily),271.5,32.65,360,364,365,365,0,364,1
2020,8,SG_current_Insul_current_TR_retrofit_1_BW_retrofit_2,2.9,0.41,4.4,4.5,0.02125,27.631227618985648,retained_renamed_boiler_heating_energy_output,1,BLOCK BUILDINGBLOCK1 STOREY 0:Zone Mean Air Temperature [C](Daily),268.5,28.119999999999997,360,364,365,365,0,364,1
2020,9,SG_current_Insul_current_TR_retrofit_1_BW_retrofit_3,2.9,0.41,6.5,4.5,0.020375000000000004,26.985178277415027,retained_renamed_boiler_heating_energy_output,1,BLOCK BUILDINGBLOCK1 STOREY 0:Zone Mean Air Temperature [C](Daily),289.5,40.45,361,364,365,365,0,364,1
2020,10,SG_current_Insul_current_TR_retrofit_1_BW_retrofit_4,2.9,0.41,6.7,4.5,0.020375000000000004,26.922775130318566,retained_renamed_boiler_heating_energy_output,1,BLOCK BUILDINGBLOCK1 STOREY 0:Zone Mean Air Temperature [C](Daily),311.5,31.79,361,364,365,365,0,364,1
2020,11,SG_current_Insul_current_TR_retrofit_2_BW_current,2.9,0.41,0.45,4.7,0.0245,32.865169638046396,retained_renamed_boiler_heating_energy_output,1,BLOCK BUILDINGBLOCK1 STOREY 0:Zone Mean Air Temperature [C](Daily),105.0,4.76,359,361,365,365,0,361,4
2020,12,SG_current_Insul_current_TR_retrofit_2_BW_retrofit_1,2.9,0.41,4.2,4.7,0.022750000000000003,28.43885105208004,retained_renamed_boiler_heating_energy_output,1,BLOCK BUILDINGBLOCK1 STOREY 0:Zone Mean Air Temperature [C](Daily),287.0,14.12,360,364,365,365,0,364,1
2020,13,SG_current_Insul_current_TR_retrofit_2_BW_retrofit_2,2.9,0.41,4.4,4.7,0.021000000000000005,27.35907533645337,retained_renamed_boiler_heating_energy_output,1,BLOCK BUILDINGBLOCK1 STOREY 0:Zone Mean Air Temperature [C](Daily),284.0,9.59,360,364,365,365,0,364,1
2020,14,SG_current_Insul_current_TR_retrofit_2_BW_retrofit_3,2.9,0.41,6.5,4.7,0.020125000000000004,26.964265863649874,retained_renamed_boiler_heating_energy_output,1,BLOCK BUILDINGBLOCK1 STOREY 0:Zone Mean Air Temperature [C](Daily),305.0,21.92,361,364,365,365,0,364,1
2020,15,SG_current_Insul_current_TR_retrofit_2_BW_retrofit_4,2.9,0.41,6.7,4.7,0.020125000000000004,26.815898765858332,retained_renamed_boiler_heating_energy_output,1,BLOCK BUILDINGBLOCK1 STOREY 0:Zone Mean Air Temperature [C](Daily),327.0,13.26,361,364,365,365,0,364,1
2020,16,SG_current_Insul_current_TR_retrofit_3_BW_current,2.9,0.41,0.45,8.5,0.02425,32.396849456350985,retained_renamed_boiler_heating_energy_output,1,BLOCK BUILDINGBLOCK1 STOREY 0:Zone Mean Air Temperature [C](Daily),101.0,18.5,359,361,365,365,0,361,4
2020,17,SG_current_Insul_current_TR_retrofit_3_BW_retrofit_1,2.9,0.41,4.2,8.5,0.022500000000000003,27.853872750315524,retained_renamed_boiler_heating_energy_output,1,BLOCK BUILDINGBLOCK1 STOREY 0:Zone Mean Air Temperature [C](Daily),283.0,27.86,360,364,365,365,0,364,1
2020,18,SG_current_Insul_current_TR_retrofit_3_BW_retrofit_2,2.9,0.41,4.4,8.5,0.02075,26.94893554740966,retained_renamed_boiler_heating_energy_output,1,BLOCK BUILDINGBLOCK1 STOREY 0:Zone Mean Air Temperature [C](Daily),280.0,23.33,361,364,365,365,0,364,1
2020,19,SG_current_Insul_current_TR_retrofit_3_BW_retrofit_3,2.9,0.41,6.5,8.5,0.019875000000000004,26.39898484592166,retained_renamed_boiler_heating_energy_output,1,BLOCK BUILDINGBLOCK1 STOREY 0:Zone Mean Air Temperature [C](Daily),301.0,35.66,361,365,365,365,0,365,0
2020,20,SG_current_Insul_current_TR_retrofit_3_BW_retrofit_4,2.9,0.41,6.7,8.5,0.019875000000000004,26.41135631956134,retained_renamed_boiler_heating_energy_output,1,BLOCK BUILDINGBLOCK1 STOREY 0:Zone Mean Air Temperature [C](Daily),323.0,27.0,361,365,365,365,0,365,0
2020,21,SG_current_Insul_current_TR_retrofit_4_BW_current,2.9,0.41,0.45,8.7,0.02425,32.295712614050416,retained_renamed_boiler_heating_energy_output,1,BLOCK BUILDINGBLOCK1 STOREY 0:Zone Mean Air Temperature [C](Daily),139.0,10.68,359,361,365,365,0,361,4
2020,22,SG_current_Insul_current_TR_retrofit_4_BW_retrofit_1,2.9,0.41,4.2,8.7,0.022500000000000003,27.871673191249812,retained_renamed_boiler_heating_energy_output,1,BLOCK BUILDINGBLOCK1 STOREY 0:Zone Mean Air Temperature [C](Daily),321.0,20.04,360,364,365,365,0,364,1
2020,23,SG_current_Insul_current_TR_retrofit_4_BW_retrofit_2,2.9,0.41,4.4,8.7,0.02075,26.991904287198363,retained_renamed_boiler_heating_energy_output,1,BLOCK BUILDINGBLOCK1 STOREY 0:Zone Mean Air Temperature [C](Daily),318.0,15.51,361,364,365,365,0,364,1
2020,24,SG_current_Insul_current_TR_retrofit_4_BW_retrofit_3,2.9,0.41,6.5,8.7,0.019875000000000004,26.319251666968174,retained_renamed_boiler_heating_energy_output,1,BLOCK BUILDINGBLOCK1 STOREY 0:Zone Mean Air Temperature [C](Daily),339.0,27.84,361,365,365,365,0,365,0
2020,25,SG_current_Insul_current_TR_retrofit_4_BW_retrofit_4,2.9,0.41,6.7,8.7,0.019875000000000004,26.413683817050178,retained_renamed_boiler_heating_energy_output,1,BLOCK BUILDINGBLOCK1 STOREY 0:Zone Mean Air Temperature [C](Daily),361.0,19.18,361,365,365,365,0,365,0
2020,26,SG_current_Insul_retrofit_1_TR_current_BW_current,2.9,4.8,0.45,0.48,0.02475,36.20987831362503,retained_renamed_boiler_heating_energy_output,1,BLOCK BUILDINGBLOCK1 STOREY 0:Zone Mean Air Temperature [C](Daily),59.7,10.0,352,359,361,365,0,359,6
2020,27,SG_current_Insul_retrofit_1_TR_current_BW_retrofit_1,2.9,4.8,4.2,0.48,0.023000000000000003,31.19068977178015,retained_renamed_boiler_heating_energy_output,1,BLOCK BUILDINGBLOCK1 STOREY 0:Zone Mean Air Temperature [C](Daily),241.7,19.36,356,360,364,365,0,360,5
2020,28,SG_current_Insul_retrofit_1_TR_current_BW_retrofit_2,2.9,4.8,4.4,0.48,0.02125,30.240746554215605,retained_renamed_boiler_heating_energy_output,1,BLOCK BUILDINGBLOCK1 STOREY 0:Zone Mean Air Temperature [C](Daily),238.7,14.83,356,360,364,365,0,360,5
2020,29,SG_current_Insul_retrofit_1_TR_current_BW_retrofit_3,2.9,4.8,6.5,0.48,0.020375000000000004,29.489418592523144,retained_renamed_boiler_heating_energy_output,1,BLOCK BUILDINGBLOCK1 STOREY 0:Zone Mean Air Temperature [C](Daily),259.7,27.16,356,360,365,365,0,360,5
2020,30,SG_current_Insul_retrofit_1_TR_current_BW_retrofit_4,2.9,4.8,6.7,0.48,0.020375000000000004,29.64124368351169,retained_renamed_boiler_heating_energy_output,1,BLOCK BUILDINGBLOCK1 STOREY 0:Zone Mean Air Temperature [C](Daily),281.7,18.5,356,360,365,365,0,360,5
2020,31,SG_current_Insul_retrofit_1_TR_retrofit_1_BW_current,2.9,4.8,0.45,4.5,0.0245,31.07328892099478,retained_renamed_boiler_heating_energy_output,1,BLOCK BUILDINGBLOCK1 STOREY 0:Zone Mean Air Temperature [C](Daily),149.2,33.29,352,359,363,365,0,359,6
2020,32,SG_current_Insul_retrofit_1_TR_retrofit_1_BW_retrofit_1,2.9,4.8,4.2,4.5,0.022750000000000003,26.589217485717093,retained_renamed_boiler_heating_energy_output,1,BLOCK BUILDINGBLOCK1 STOREY 0:Zone Mean Air Temperature [C](Daily),331.2,42.65,357,362,365,365,0,362,3
2020,33,SG_current_Insul_retrofit_1_TR_retrofit_1_BW_retrofit_2,2.9,4.8,4.4,4.5,0.021000000000000005,25.621130938145363,retained_renamed_boiler_heating_energy_output,1,BLOCK BUILDINGBLOCK1 STOREY 0:Zone Mean Air Temperature [C](Daily),328.2,38.12,357,362,365,365,0,362,3
2020,34,SG_current_Insul_retrofit_1_TR_retrofit_1_BW_retrofit_3,2.9,4.8,6.5,4.5,0.020125000000000004,24.735809715659965,retained_renamed_boiler_heating_energy_output,1,BLOCK BUILDINGBLOCK1 STOREY 0:Zone Mean Air Temperature [C](Daily),349.2,50.45,357,362,365,365,0,362,3
2020,35,SG_current_Insul_retrofit_1_TR_retrofit_1_BW_retrofit_4,2.9,4.8,6.7,4.5,0.020125000000000004,24.700482950730308,retained_renamed_boiler_heating_energy_output,1,BLOCK BUILDINGBLOCK1 STOREY 0:Zone Mean Air Temperature [C](Daily),371.2,41.79,357,362,365,365,0,362,3
2020,36,SG_current_Insul_retrofit_1_TR_retrofit_2_BW_current,2.9,4.8,0.45,4.7,0.02425,30.961102164412093,retained_renamed_boiler_heating_energy_output,1,BLOCK BUILDINGBLOCK1 STOREY 0:Zone Mean Air Temperature [C](Daily),164.7,14.76,352,359,363,365,0,359,6
2020,37,SG_current_Insul_retrofit_1_TR_retrofit_2_BW_retrofit_1,2.9,4.8,4.2,4.7,0.022500000000000003,26.33129470438889,retained_renamed_boiler_heating_energy_output,1,BLOCK BUILDINGBLOCK1 STOREY 0:Zone Mean Air Temperature [C](Daily),346.7,24.119999999999997,357,362,365,365,0,362,3
2020,38,SG_current_Insul_retrofit_1_TR_retrofit_2_BW_retrofit_2,2.9,4.8,4.4,4.7,0.020750000000000005,25.420080042978572,retained_renamed_boiler_heating_energy_output,1,BLOCK BUILDINGBLOCK1 STOREY 0:Zone Mean Air Temperature [C](Daily),343.7,19.59,357,362,365,365,0,362,3
2020,39,SG_current_Insul_retrofit_1_TR_retrofit_2_BW_retrofit_3,2.9,4.8,6.5,4.7,0.019875000000000004,24.580238881561332,retained_renamed_boiler_heating_energy_output,1,BLOCK BUILDINGBLOCK1 STOREY 0:Zone Mean Air Temperature [C](Daily),364.7,31.92,358,362,365,365,0,362,3
2020,40,SG_current_Insul_retrofit_1_TR_retrofit_2_BW_retrofit_4,2.9,4.8,6.7,4.7,0.019875000000000004,24.547618943195918,retained_renamed_boiler_heating_energy_output,1,BLOCK BUILDINGBLOCK1 STOREY 0:Zone Mean Air Temperature [C](Daily),386.7,23.259999999999998,358,362,365,365,0,362,3
2020,41,SG_current_Insul_retrofit_1_TR_retrofit_3_BW_current,2.9,4.8,0.45,8.5,0.024,30.393418960821045,retained_renamed_boiler_heating_energy_output,1,BLOCK BUILDINGBLOCK1 STOREY 0:Zone Mean Air Temperature [C](Daily),160.7,28.5,352,360,363,365,0,360,5
2020,42,SG_current_Insul_retrofit_1_TR_retrofit_3_BW_retrofit_1,2.9,4.8,4.2,8.5,0.022250000000000002,25.646204319450753,retained_renamed_boiler_heating_energy_output,1,BLOCK BUILDINGBLOCK1 STOREY 0:Zone Mean Air Temperature [C](Daily),342.7,37.86,357,362,365,365,0,362,3
2020,43,SG_current_Insul_retrofit_1_TR_retrofit_3_BW_retrofit_2,2.9,4.8,4.4,8.5,0.020500000000000004,24.8169626236094,retained_renamed_boiler_heating_energy_output,1,BLOCK BUILDINGBLOCK1 STOREY 0:Zone Mean Air Temperature [C](Daily),339.7,33.33,357,362,365,365,0,362,3
2020,44,SG_current_Insul_retrofit_1_TR_retrofit_3_BW_retrofit_3,2.9,4.8,6.5,8.5,0.019625000000000004,24.170378797107823,retained_renamed_boiler_heating_energy_output,1,BLOCK BUILDINGBLOCK1 STOREY 0:Zone Mean Air Temperature [C](Daily),360.7,45.66,358,362,365,365,0,362,3
2020,45,SG_current_Insul_retrofit_1_TR_retrofit_3_BW_retrofit_4,2.9,4.8,6.7,8.5,0.019625000000000004,24.11646177463594,retained_renamed_boiler_heating_energy_output,1,BLOCK BUILDINGBLOCK1 STOREY 0:Zone Mean Air Temperature [C](Daily),382.7,37.0,358,362,365,365,0,362,3
2020,46,SG_current_Insul_retrofit_1_TR_retrofit_4_BW_current,2.9,4.8,0.45,8.7,0.024,30.449145438704484,retained_renamed_boiler_heating_energy_output,1,BLOCK BUILDINGBLOCK1 STOREY 0:Zone Mean Air Temperature [C](Daily),198.7,20.68,352,360,363,365,0,360,5
2020,47,SG_current_Insul_retrofit_1_TR_retrofit_4_BW_retrofit_1,2.9,4.8,4.2,8.7,0.022250000000000002,25.696595687767353,retained_renamed_boiler_heating_energy_output,1,BLOCK BUILDINGBLOCK1 STOREY 0:Zone Mean Air Temperature [C](Daily),380.7,30.04,357,362,365,365,0,362,3
2020,48,SG_current_Insul_retrofit_1_TR_retrofit_4_BW_retrofit_2,2.9,4.8,4.4,8.7,0.020500000000000004,24.7995367943571,retained_renamed_boiler_heating_energy_output,1,BLOCK BUILDINGBLOCK1 STOREY 0:Zone Mean Air Temperature [C](Daily),377.7,25.509999999999998,357,362,365,365,0,362,3
2020,49,SG_current_Insul_retrofit_1_TR_retrofit_4_BW_retrofit_3,2.9,4.8,6.5,8.7,0.019625000000000004,24.067860501368312,retained_renamed_boiler_heating_energy_output,1,BLOCK BUILDINGBLOCK1 STOREY 0:Zone Mean Air Temperature [C](Daily),398.7,37.84,358,362,365,365,0,362,3
2020,50,SG_current_Insul_retrofit_1_TR_retrofit_4_BW_retrofit_4,2.9,4.8,6.7,8.7,0.019625000000000004,24.04651474252447,retained_renamed_boiler_heating_energy_output,1,BLOCK BUILDINGBLOCK1 STOREY 0:Zone Mean Air Temperature [C](Daily),420.7,29.18,358,362,365,365,0,362,3
2020,51,SG_current_Insul_retrofit_2_TR_current_BW_current,2.9,5.0,0.45,0.48,0.0245,35.86206418592958,retained_renamed_boiler_heating_energy_output,1,BLOCK BUILDINGBLOCK1 STOREY 0:Zone Mean Air Temperature [C](Daily),77.0,5.92,352,359,361,365,0,359,6
2020,52,SG_current_Insul_retrofit_2_TR_current_BW_retrofit_1,2.9,5.0,4.2,0.48,0.022750000000000003,30.9263223771964,retained_renamed_boiler_heating_energy_output,1,BLOCK BUILDINGBLOCK1 STOREY 0:Zone Mean Air Temperature [C](Daily),259.0,15.28,356,360,364,365,0,360,5
2020,53,SG_current_Insul_retrofit_2_TR_current_BW_retrofit_2,2.9,5.0,4.4,0.48,0.021000000000000005,30.0795432861496,retained_renamed_boiler_heating_energy_output,1,BLOCK BUILDINGBLOCK1 STOREY 0:Zone Mean Air Temperature [C](Daily),256.0,10.75,356,360,364,365,0,360,5
2020,54,SG_current_Insul_retrofit_2_TR_current_BW_retrofit_3,2.9,5.0,6.5,0.48,0.020125000000000004,29.328678905739928,retained_renamed_boiler_heating_energy_output,1,BLOCK BUILDINGBLOCK1 STOREY 0:Zone Mean Air Temperature [C](Daily),277.0,23.08,356,360,364,365,0,360,5
2020,55,SG_current_Insul_retrofit_2_TR_current_BW_retrofit_4,2.9,5.0,6.7,0.48,0.020125000000000004,29.52553273321435,retained_renamed_boiler_heating_energy_output,1,BLOCK BUILDINGBLOCK1 STOREY 0:Zone Mean Air Temperature [C](Daily),299.0,14.42,356,360,364,365,0,360,5
2020,56,SG_current_Insul_retrofit_2_TR_retrofit_1_BW_current,2.9,5.0,0.45,4.5,0.02425,31.0393285088618,retained_renamed_boiler_heating_energy_output,1,BLOCK BUILDINGBLOCK1 STOREY 0:Zone Mean Air Temperature [C](Daily),166.5,29.21,352,359,363,365,0,359,6
2020,57,SG_current_Insul_retrofit_2_TR_retrofit_1_BW_retrofit_1,2.9,5.0,4.2,4.5,0.022500000000000003,26.370435580786705,retained_renamed_boiler_heating_energy_output,1,BLOCK BUILDINGBLOCK1 STOREY 0:Zone Mean Air Temperature [C](Daily),348.5,38.57,356,362,365,365,0,362,3
2020,58,SG_current_Insul_retrofit_2_TR_retrofit_1_BW_retrofit_2,2.9,5.0,4.4,4.5,0.020750000000000005,25.436484011795415,retained_renamed_boiler_heating_energy_output,1,BLOCK BUILDINGBLOCK1 STOREY 0:Zone Mean Air Temperature [C](Daily),345.5,34.04,357,362,365,365,0,362,3
2020,59,SG_current_Insul_retrofit_2_TR_retrofit_1_BW_retrofit_3,2.9,5.0,6.5,4.5,0.019875000000000004,24.912853026362484,retained_renamed_boiler_heating_energy_output,1,BLOCK BUILDINGBLOCK1 STOREY 0:Zone Mean Air Temperature [C](Daily),366.5,46.37,357,362,365,365,0,362,3
2020,60,SG_current_Insul_retrofit_2_TR_retrofit_1_BW_retrofit_4,2.9,5.0,6.7,4.5,0.019875000000000004,24.785807075059562,retained_renamed_boiler_heating_energy_output,1,BLOCK BUILDINGBLOCK1 STOREY 0:Zone Mean Air Temperature [C](Daily),388.5,37.71,357,362,365,365,0,362,3
2020,61,SG_current_Insul_retrofit_2_TR_retrofit_2_BW_current,2.9,5.0,0.45,4.7,0.024,30.744606657660434,retained_renamed_boiler_heating_energy_output,1,BLOCK BUILDINGBLOCK1 STOREY 0:Zone Mean Air Temperature [C](Daily),182.0,10.68,352,359,363,365,0,359,6
2020,62,SG_current_Insul_retrofit_2_TR_retrofit_2_BW_retrofit_1,2.9,5.0,4.2,4.7,0.022250000000000002,26.331296685960655,retained_renamed_boiler_heating_energy_output,1,BLOCK BUILDINGBLOCK1 STOREY 0:Zone Mean Air Temperature [C](Daily),364.0,20.04,356,362,365,365,0,362,3
2020,63,SG_current_Insul_retrofit_2_TR_retrofit_2_BW_retrofit_2,2.9,5.0,4.4,4.7,0.020500000000000004,25.24034139329432,retained_renamed_boiler_heating_energy_output,1,BLOCK BUILDINGBLOCK1 STOREY 0:Zone Mean Air Temperature [C](Daily),361.0,15.51,357,362,365,365,0,362,3
2020,64,SG_current_Insul_retrofit_2_TR_retrofit_2_BW_retrofit_3,2.9,5.0,6.5,4.7,0.019625000000000004,24.67130554109838,retained_renamed_boiler_heating_energy_output,1,BLOCK BUILDINGBLOCK1 STOREY 0:Zone Mean Air Temperature [C](Daily),382.0,27.839999999999996,357,362,365,365,0,362,3
2020,65,SG_current_Insul_retrofit_2_TR_retrofit_2_BW_retrofit_4,2.9,5.0,6.7,4.7,0.019625000000000004,24.623051956176795,retained_renamed_boiler_heating_energy_output,1,BLOCK BUILDINGBLOCK1 STOREY 0:Zone Mean Air Temperature [C](Daily),404.0,19.18,357,362,365,365,0,362,3
2020,66,SG_current_Insul_retrofit_2_TR_retrofit_3_BW_current,2.9,5.0,0.45,8.5,0.02375,30.223471820355506,retained_renamed_boiler_heating_energy_output,1,BLOCK BUILDINGBLOCK1 STOREY 0:Zone Mean Air Temperature [C](Daily),178.0,24.42,352,359,363,365,0,359,6
2020,67,SG_current_Insul_retrofit_2_TR_retrofit_3_BW_retrofit_1,2.9,5.0,4.2,8.5,0.022000000000000002,25.494972917763345,retained_renamed_boiler_heating_energy_output,1,BLOCK BUILDINGBLOCK1 STOREY 0:Zone Mean Air Temperature [C](Daily),360.0,33.78,357,362,365,365,0,362,3
2020,68,SG_current_Insul_retrofit_2_TR_retrofit_3_BW_retrofit_2,2.9,5.0,4.4,8.5,0.020250000000000004,24.608850204149995,retained_renamed_boiler_heating_energy_output,1,BLOCK BUILDINGBLOCK1 STOREY 0:Zone Mean Air Temperature [C](Daily),357.0,29.25,357,362,365,365,0,362,3
2020,69,SG_current_Insul_retrofit_2_TR_retrofit_3_BW_retrofit_3,2.9,5.0,6.5,8.5,0.019375000000000003,23.904007102845465,retained_renamed_boiler_heating_energy_output,1,BLOCK BUILDINGBLOCK1 STOREY 0:Zone Mean Air Temperature [C](Daily),378.0,41.58,358,362,365,365,0,362,3
2020,70,SG_current_Insul_retrofit_2_TR_retrofit_3_BW_retrofit_4,2.9,5.0,6.7,8.5,0.019375000000000003,23.96435455809092,retained_renamed_boiler_heating_energy_output,1,BLOCK BUILDINGBLOCK1 STOREY 0:Zone Mean Air Temperature [C](Daily),400.0,32.92,358,362,365,365,0,362,3
2020,71,SG_current_Insul_retrofit_2_TR_retrofit_4_BW_current,2.9,5.0,0.45,8.7,0.02375,30.277812316181848,retained_renamed_boiler_heating_energy_output,1,BLOCK BUILDINGBLOCK1 STOREY 0:Zone Mean Air Temperature [C](Daily),216.0,16.6,352,360,363,365,0,360,5
2020,72,SG_current_Insul_retrofit_2_TR_retrofit_4_BW_retrofit_1,2.9,5.0,4.2,8.7,0.022000000000000002,25.486557326218545,retained_renamed_boiler_heating_energy_output,1,BLOCK BUILDINGBLOCK1 STOREY 0:Zone Mean Air Temperature [C](Daily),398.0,25.96,357,362,365,365,0,362,3
2020,73,SG_current_Insul_retrofit_2_TR_retrofit_4_BW_retrofit_2,2.9,5.0,4.4,8.7,0.020250000000000004,24.60012535067099,retained_renamed_boiler_heating_energy_output,1,BLOCK BUILDINGBLOCK1 STOREY 0:Zone Mean Air Temperature [C](Daily),395.0,21.43,357,362,365,365,0,362,3
2020,74,SG_current_Insul_retrofit_2_TR_retrofit_4_BW_retrofit_3,2.9,5.0,6.5,8.7,0.019375000000000003,24.060755687768715,retained_renamed_boiler_heating_energy_output,1,BLOCK BUILDINGBLOCK1 STOREY 0:Zone Mean Air Temperature [C](Daily),416.0,33.76,358,362,365,365,0,362,3
2020,75,SG_current_Insul_retrofit_2_TR_retrofit_4_BW_retrofit_4,2.9,5.0,6.7,8.7,0.019375000000000003,23.966646807870774,retained_renamed_boiler_heating_energy_output,1,BLOCK BUILDINGBLOCK1 STOREY 0:Zone Mean Air Temperature [C](Daily),438.0,25.1,358,362,365,365,0,362,3
2020,76,SG_current_Insul_retrofit_3_TR_current_BW_current,2.9,5.5,0.45,0.48,0.02425,35.63924963652139,retained_renamed_boiler_heating_energy_output,1,BLOCK BUILDINGBLOCK1 STOREY 0:Zone Mean Air Temperature [C](Daily),87.9,11.0,352,359,361,365,0,359,6
2020,77,SG_current_Insul_retrofit_3_TR_current_BW_retrofit_1,2.9,5.5,4.2,0.48,0.022500000000000003,30.970828556195634,retained_renamed_boiler_heating_energy_output,1,BLOCK BUILDINGBLOCK1 STOREY 0:Zone Mean Air Temperature [C](Daily),269.9,20.36,355,360,364,365,0,360,5
2020,78,SG_current_Insul_retrofit_3_TR_current_BW_retrofit_2,2.9,5.5,4.4,0.48,0.02075,29.920824333084557,retained_renamed_boiler_heating_energy_output,1,BLOCK BUILDINGBLOCK1 STOREY 0:Zone Mean Air Temperature [C](Daily),266.9,15.83,355,360,364,365,0,360,5
2020,79,SG_current_Insul_retrofit_3_TR_current_BW_retrofit_3,2.9,5.5,6.5,0.48,0.019875000000000004,29.135375543138235,retained_renamed_boiler_heating_energy_output,1,BLOCK BUILDINGBLOCK1 STOREY 0:Zone Mean Air Temperature [C](Daily),287.9,28.16,356,360,364,365,0,360,5
2020,80,SG_current_Insul_retrofit_3_TR_current_BW_retrofit_4,2.9,5.5,6.7,0.48,0.019875000000000004,29.146668711012587,retained_renamed_boiler_heating_energy_output,1,BLOCK BUILDINGBLOCK1 STOREY 0:Zone Mean Air Temperature [C](Daily),309.9,19.5,356,360,364,365,0,360,5
2020,81,SG_current_Insul_retrofit_3_TR_retrofit_1_BW_current,2.9,5.5,0.45,4.5,0.024,30.772685320254237,retained_renamed_boiler_heating_energy_output,1,BLOCK BUILDINGBLOCK1 STOREY 0:Zone Mean Air Temperature [C](Daily),177.4,34.29,352,359,363,365,0,359,6
2020,82,SG_current_Insul_retrofit_3_TR_retrofit_1_BW_retrofit_1,2.9,5.5,4.2,4.5,0.022250000000000002,26.280002657550124,retained_renamed_boiler_heating_energy_output,1,BLOCK BUILDINGBLOCK1 STOREY 0:Zone Mean Air Temperature [C](Daily),359.4,43.65,356,361,365,365,0,361,4
2020,83,SG_current_Insul_retrofit_3_TR_retrofit_1_BW_retrofit_2,2.9,5.5,4.4,4.5,0.020500000000000004,25.307777779407882,retained_renamed_boiler_heating_energy_output,1,BLOCK BUILDINGBLOCK1 STOREY 0:Zone Mean Air Temperature [C](Daily),356.4,39.12,357,362,365,365,0,362,3
2020,84,SG_current_Insul_retrofit_3_TR_retrofit_1_BW_retrofit_3,2.9,5.5,6.5,4.5,0.019625000000000004,24.312812576797935,retained_renamed_boiler_heating_energy_output,1,BLOCK BUILDINGBLOCK1 STOREY 0:Zone Mean Air Temperature [C](Daily),377.4,51.45,357,362,365,365,0,362,3
2020,85,SG_current_Insul_retrofit_3_TR_retrofit_1_BW_retrofit_4,2.9,5.5,6.7,4.5,0.019625000000000004,24.237145288192636,retained_renamed_boiler_heating_energy_output,1,BLOCK BUILDINGBLOCK1 STOREY 0:Zone Mean Air Temperature [C](Daily),399.4,42.79,357,362,365,365,0,362,3
2020,86,SG_current_Insul_retrofit_3_TR_retrofit_2_BW_current,2.9,5.5,0.45,4.7,0.02375,30.71858537727595,retained_renamed_boiler_heating_energy_output,1,BLOCK BUILDINGBLOCK1 STOREY 0:Zone Mean Air Temperature [C](Daily),192.9,15.76,352,359,363,365,0,359,6
2020,87,SG_current_Insul_retrofit_3_TR_retrofit_2_BW_retrofit_1,2.9,5.5,4.2,4.7,0.022000000000000002,25.933332973695794,retained_renamed_boiler_heating_energy_output,1,BLOCK BUILDINGBLOCK1 STOREY 0:Zone Mean Air Temperature [C](Daily),374.9,25.119999999999997,356,362,365,365,0,362,3
2020,88,SG_current_Insul_retrofit_3_TR_retrofit_2_BW_retrofit_2,2.9,5.5,4.4,4.7,0.020250000000000004,25.18350370979724,retained_renamed_boiler_heating_energy_output,1,BLOCK BUILDINGBLOCK1 STOREY 0:Zone Mean Air Temperature [C](Daily),371.9,20.59,357,362,365,365,0,362,3
2020,89,SG_current_Insul_retrofit_3_TR_retrofit_2_BW_retrofit_3,2.9,5.5,6.5,4.7,0.019375000000000003,24.10858476576364,retained_renamed_boiler_heating_energy_output,1,BLOCK BUILDINGBLOCK1 STOREY 0:Zone Mean Air Temperature [C](Daily),392.9,32.92,357,362,365,365,0,362,3
2020,90,SG_current_Insul_retrofit_3_TR_retrofit_2_BW_retrofit_4,2.9,5.5,6.7,4.7,0.019375000000000003,24.167747635323508,retained_renamed_boiler_heating_energy_output,1,BLOCK BUILDINGBLOCK1 STOREY 0:Zone Mean Air Temperature [C](Daily),414.9,24.259999999999998,357,362,365,365,0,362,3
2020,91,SG_current_Insul_retrofit_3_TR_retrofit_3_BW_current,2.9,5.5,0.45,8.5,0.0235,30.215567340565535,retained_renamed_boiler_heating_energy_output,1,BLOCK BUILDINGBLOCK1 STOREY 0:Zone Mean Air Temperature [C](Daily),188.9,29.5,352,359,363,365,0,359,6
2020,92,SG_current_Insul_retrofit_3_TR_retrofit_3_BW_retrofit_1,2.9,5.5,4.2,8.5,0.021750000000000002,25.319307529825608,retained_renamed_boiler_heating_energy_output,1,BLOCK BUILDINGBLOCK1 STOREY 0:Zone Mean Air Temperature [C](Daily),370.9,38.86,357,362,365,365,0,362,3
2020,93,SG_current_Insul_retrofit_3_TR_retrofit_3_BW_retrofit_2,2.9,5.5,4.4,8.5,0.020000000000000004,24.359497501559602,retained_renamed_boiler_heating_energy_output,1,BLOCK BUILDINGBLOCK1 STOREY 0:Zone Mean Air Temperature [C](Daily),367.9,34.33,357,362,365,365,0,362,3
2020,94,SG_current_Insul_retrofit_3_TR_retrofit_3_BW_retrofit_3,2.9,5.5,6.5,8.5,0.019125000000000003,23.846371427781968,retained_renamed_boiler_heating_energy_output,1,BLOCK BUILDINGBLOCK1 STOREY 0:Zone Mean Air Temperature [C](Daily),388.9,46.66,357,362,365,365,0,362,3
2020,95,SG_current_Insul_retrofit_3_TR_retrofit_3_BW_retrofit_4,2.9,5.5,6.7,8.5,0.019125000000000003,23.76624182082187,retained_renamed_boiler_heating_energy_output,1,BLOCK BUILDINGBLOCK1 STOREY 0:Zone Mean Air Temperature [C](Daily),410.9,38.0,357,362,365,365,0,362,3
2020,96,SG_current_Insul_retrofit_3_TR_retrofit_4_BW_current,2.9,5.5,0.45,8.7,0.0235,30.02622074624192,retained_renamed_boiler_heating_energy_output,1,BLOCK BUILDINGBLOCK1 STOREY 0:Zone Mean Air Temperature [C](Daily),226.9,21.68,352,359,363,365,0,359,6
2020,97,SG_current_Insul_retrofit_3_TR_retrofit_4_BW_retrofit_1,2.9,5.5,4.2,8.7,0.021750000000000002,25.32458293307384,retained_renamed_boiler_heating_energy_output,1,BLOCK BUILDINGBLOCK1 STOREY 0:Zone Mean Air Temperature [C](Daily),408.9,31.04,357,362,365,365,0,362,3
2020,98,SG_current_Insul_retrofit_3_TR_retrofit_4_BW_retrofit_2,2.9,5.5,4.4,8.7,0.020000000000000004,24.345463568291198,retained_renamed_boiler_heating_energy_output,1,BLOCK BUILDINGBLOCK1 STOREY 0:Zone Mean Air Temperature [C](Daily),405.9,26.509999999999998,357,362,365,365,0,362,3
2020,99,SG_current_Insul_retrofit_3_TR_retrofit_4_BW_retrofit_3,2.9,5.5,6.5,8.7,0.019125000000000003,23.751362129184194,retained_renamed_boiler_heating_energy_output,1,BLOCK BUILDINGBLOCK1 STOREY 0:Zone Mean Air Temperature [C](Daily),426.9,38.84,357,362,365,365,0,362,3
2020,100,SG_current_Insul_retrofit_3_TR_retrofit_4_BW_retrofit_4,2.9,5.5,6.7,8.7,0.019125000000000003,23.80622906048445,retained_renamed_boiler_heating_energy_output,1,BLOCK BUILDINGBLOCK1 STOREY 0:Zone Mean Air Temperature [C](Daily),448.9,30.18,357,362,365,365,0,362,3
2020,101,SG_current_Insul_retrofit_4_TR_current_BW_current,2.9,5.6,0.45,0.48,0.02425,35.521341059357916,retained_renamed_boiler_heating_energy_output,1,BLOCK BUILDINGBLOCK1 STOREY 0:Zone Mean Air Temperature [C](Daily),108.0,7.0,352,359,361,365,0,359,6
2020,102,SG_current_Insul_retrofit_4_TR_current_BW_retrofit_1,2.9,5.6,4.2,0.48,0.022500000000000003,30.89196860663144,retained_renamed_boiler_heating_energy_output,1,BLOCK BUILDINGBLOCK1 STOREY 0:Zone Mean Air Temperature [C](Daily),290.0,16.36,355,360,364,365,0,360,5
2020,103,SG_current_Insul_retrofit_4_TR_current_BW_retrofit_2,2.9,5.6,4.4,0.48,0.02075,29.895167252834586,retained_renamed_boiler_heating_energy_output,1,BLOCK BUILDINGBLOCK1 STOREY 0:Zone Mean Air Temperature [C](Daily),287.0,11.83,356,360,364,365,0,360,5
2020,104,SG_current_Insul_retrofit_4_TR_current_BW_retrofit_3,2.9,5.6,6.5,0.48,0.019875000000000004,29.197146750902622,retained_renamed_boiler_heating_energy_output,1,BLOCK BUILDINGBLOCK1 STOREY 0:Zone Mean Air Temperature [C](Daily),308.0,24.16,356,360,364,365,0,360,5
2020,105,SG_current_Insul_retrofit_4_TR_current_BW_retrofit_4,2.9,5.6,6.7,0.48,0.019875000000000004,29.322773628564644,retained_renamed_boiler_heating_energy_output,1,BLOCK BUILDINGBLOCK1 STOREY 0:Zone Mean Air Temperature [C](Daily),330.0,15.5,356,360,364,365,0,360,5
2020,106,SG_current_Insul_retrofit_4_TR_retrofit_1_BW_current,2.9,5.6,0.45,4.5,0.024,30.8392753037672,retained_renamed_boiler_heating_energy_output,1,BLOCK BUILDINGBLOCK1 STOREY 0:Zone Mean Air Temperature [C](Daily),197.5,30.29,352,359,363,365,0,359,6
2020,107,SG_current_Insul_retrofit_4_TR_retrofit_1_BW_retrofit_1,2.9,5.6,4.2,4.5,0.022250000000000002,26.19940727064543,retained_renamed_boiler_heating_energy_output,1,BLOCK BUILDINGBLOCK1 STOREY 0:Zone Mean Air Temperature [C](Daily),379.5,39.65,356,362,365,365,0,362,3
2020,108,SG_current_Insul_retrofit_4_TR_retrofit_1_BW_retrofit_2,2.9,5.6,4.4,4.5,0.020500000000000004,25.173133489139556,retained_renamed_boiler_heating_energy_output,1,BLOCK BUILDINGBLOCK1 STOREY 0:Zone Mean Air Temperature [C](Daily),376.5,35.12,356,362,365,365,0,362,3
2020,109,SG_current_Insul_retrofit_4_TR_retrofit_1_BW_retrofit_3,2.9,5.6,6.5,4.5,0.019625000000000004,24.718198014899002,retained_renamed_boiler_heating_energy_output,1,BLOCK BUILDINGBLOCK1 STOREY 0:Zone Mean Air Temperature [C](Daily),397.5,47.45,357,362,365,365,0,362,3
2020,110,SG_current_Insul_retrofit_4_TR_retrofit_1_BW_retrofit_4,2.9,5.6,6.7,4.5,0.019625000000000004,24.676649269019453,retained_renamed_boiler_heating_energy_output,1,BLOCK BUILDINGBLOCK1 STOREY 0:Zone Mean Air Temperature [C](Daily),419.5,38.79,357,362,365,365,0,362,3
2020,111,SG_current_Insul_retrofit_4_TR_retrofit_2_BW_current,2.9,5.6,0.45,4.7,0.02375,30.70930361053411,retained_renamed_boiler_heating_energy_output,1,BLOCK BUILDINGBLOCK1 STOREY 0:Zone Mean Air Temperature [C](Daily),213.0,11.76,352,359,363,365,0,359,6
2020,112,SG_current_Insul_retrofit_4_TR_retrofit_2_BW_retrofit_1,2.9,5.6,4.2,4.7,0.022000000000000002,26.113485480830718,retained_renamed_boiler_heating_energy_output,1,BLOCK BUILDINGBLOCK1 STOREY 0:Zone Mean Air Temperature [C](Daily),395.0,21.119999999999997,356,362,365,365,0,362,3
2020,113,SG_current_Insul_retrofit_4_TR_retrofit_2_BW_retrofit_2,2.9,5.6,4.4,4.7,0.020250000000000004,25.031468946898606,retained_renamed_boiler_heating_energy_output,1,BLOCK BUILDINGBLOCK1 STOREY 0:Zone Mean Air Temperature [C](Daily),392.0,16.59,357,362,365,365,0,362,3
2020,114,SG_current_Insul_retrofit_4_TR_retrofit_2_BW_retrofit_3,2.9,5.6,6.5,4.7,0.019375000000000003,24.44015987547397,retained_renamed_boiler_heating_energy_output,1,BLOCK BUILDINGBLOCK1 STOREY 0:Zone Mean Air Temperature [C](Daily),413.0,28.92,357,362,365,365,0,362,3
2020,115,SG_current_Insul_retrofit_4_TR_retrofit_2_BW_retrofit_4,2.9,5.6,6.7,4.7,0.019375000000000003,24.411477764217896,retained_renamed_boiler_heating_energy_output,1,BLOCK BUILDINGBLOCK1 STOREY 0:Zone Mean Air Temperature [C](Daily),435.0,20.259999999999998,357,362,365,365,0,362,3
2020,116,SG_current_Insul_retrofit_4_TR_retrofit_3_BW_current,2.9,5.6,0.45,8.5,0.0235,30.16425193803263,retained_renamed_boiler_heating_energy_output,1,BLOCK BUILDINGBLOCK1 STOREY 0:Zone Mean Air Temperature [C](Daily),209.0,25.5,352,359,363,365,0,359,6
2020,117,SG_current_Insul_retrofit_4_TR_retrofit_3_BW_retrofit_1,2.9,5.6,4.2,8.5,0.021750000000000002,25.402106572600708,retained_renamed_boiler_heating_energy_output,1,BLOCK BUILDINGBLOCK1 STOREY 0:Zone Mean Air Temperature [C](Daily),391.0,34.86,356,362,365,365,0,362,3
2020,118,SG_current_Insul_retrofit_4_TR_retrofit_3_BW_retrofit_2,2.9,5.6,4.4,8.5,0.020000000000000004,24.434813850809714,retained_renamed_boiler_heating_energy_output,1,BLOCK BUILDINGBLOCK1 STOREY 0:Zone Mean Air Temperature [C](Daily),388.0,30.33,357,362,365,365,0,362,3
2020,119,SG_current_Insul_retrofit_4_TR_retrofit_3_BW_retrofit_3,2.9,5.6,6.5,8.5,0.019125000000000003,23.83102240698011,retained_renamed_boiler_heating_energy_output,1,BLOCK BUILDINGBLOCK1 STOREY 0:Zone Mean Air Temperature [C](Daily),409.0,42.66,357,362,365,365,0,362,3
2020,120,SG_current_Insul_retrofit_4_TR_retrofit_3_BW_retrofit_4,2.9,5.6,6.7,8.5,0.019125000000000003,23.8734606810166,retained_renamed_boiler_heating_energy_output,1,BLOCK BUILDINGBLOCK1 STOREY 0:Zone Mean Air Temperature [C](Daily),431.0,34.0,357,362,365,365,0,362,3
2020,121,SG_current_Insul_retrofit_4_TR_retrofit_4_BW_current,2.9,5.6,0.45,8.7,0.0235,30.07813504507507,retained_renamed_boiler_heating_energy_output,1,BLOCK BUILDINGBLOCK1 STOREY 0:Zone Mean Air Temperature [C](Daily),247.0,17.68,352,359,363,365,0,359,6
2020,122,SG_current_Insul_retrofit_4_TR_retrofit_4_BW_retrofit_1,2.9,5.6,4.2,8.7,0.021750000000000002,25.37268195406867,retained_renamed_boiler_heating_energy_output,1,BLOCK BUILDINGBLOCK1 STOREY 0:Zone Mean Air Temperature [C](Daily),429.0,27.04,356,362,365,365,0,362,3
2020,123,SG_current_Insul_retrofit_4_TR_retrofit_4_BW_retrofit_2,2.9,5.6,4.4,8.7,0.020000000000000004,24.532652950662545,retained_renamed_boiler_heating_energy_output,1,BLOCK BUILDINGBLOCK1 STOREY 0:Zone Mean Air Temperature [C](Daily),426.0,22.509999999999998,357,362,365,365,0,362,3
2020,124,SG_current_Insul_retrofit_4_TR_retrofit_4_BW_retrofit_3,2.9,5.6,6.5,8.7,0.019125000000000003,23.797338470595825,retained_renamed_boiler_heating_energy_output,1,BLOCK BUILDINGBLOCK1 STOREY 0:Zone Mean Air Temperature [C](Daily),447.0,34.84,357,362,365,365,0,362,3
2020,125,SG_current_Insul_retrofit_4_TR_retrofit_4_BW_retrofit_4,2.9,5.6,6.7,8.7,0.019125000000000003,23.83224589531432,retained_renamed_boiler_heating_energy_output,1,BLOCK BUILDINGBLOCK1 STOREY 0:Zone Mean Air Temperature [C](Daily),469.0,26.18,357,362,365,365,0,362,3
2020,126,SG_retrofit_1_Insul_current_TR_current_BW_current,1.2,0.41,0.45,0.48,0.022750000000000003,34.04047568313083,retained_renamed_boiler_heating_energy_output,1,BLOCK BUILDINGBLOCK1 STOREY 0:Zone Mean Air Temperature [C](Daily),184.0,70.0,359,362,365,365,0,362,3
2020,127,SG_retrofit_1_Insul_current_TR_current_BW_retrofit_1,1.2,0.41,4.2,0.48,0.021000000000000005,29.486334762279878,retained_renamed_boiler_heating_energy_output,1,BLOCK BUILDINGBLOCK1 STOREY 0:Zone Mean Air Temperature [C](Daily),366.0,79.36,360,365,365,365,0,365,0
2020,128,SG_retrofit_1_Insul_current_TR_current_BW_retrofit_2,1.2,0.41,4.4,0.48,0.019250000000000003,28.525638717755914,retained_renamed_boiler_heating_energy_output,1,BLOCK BUILDINGBLOCK1 STOREY 0:Zone Mean Air Temperature [C](Daily),363.0,74.83,362,365,365,365,0,365,0
2020,129,SG_retrofit_1_Insul_current_TR_current_BW_retrofit_3,1.2,0.41,6.5,0.48,0.018375000000000002,27.825649352578296,retained_renamed_boiler_heating_energy_output,1,BLOCK BUILDINGBLOCK1 STOREY 0:Zone Mean Air Temperature [C](Daily),384.0,87.16,362,365,365,365,0,365,0
2020,130,SG_retrofit_1_Insul_current_TR_current_BW_retrofit_4,1.2,0.41,6.7,0.48,0.018375000000000002,27.953805659355584,retained_renamed_boiler_heating_energy_output,1,BLOCK BUILDINGBLOCK1 STOREY 0:Zone Mean Air Temperature [C](Daily),406.0,78.5,362,365,365,365,0,365,0
2020,131,SG_retrofit_1_Insul_current_TR_retrofit_1_BW_current,1.2,0.41,0.45,4.5,0.022500000000000003,29.396923278204024,retained_renamed_boiler_heating_energy_output,1,BLOCK BUILDINGBLOCK1 STOREY 0:Zone Mean Air Temperature [C](Daily),273.5,93.28999999999999,359,362,365,365,0,362,3
2020,132,SG_retrofit_1_Insul_current_TR_retrofit_1_BW_retrofit_1,1.2,0.41,4.2,4.5,0.020750000000000005,25.141387409481354,retained_renamed_boiler_heating_energy_output,1,BLOCK BUILDINGBLOCK1 STOREY 0:Zone Mean Air Temperature [C](Daily),455.5,102.65,362,365,365,365,0,365,0
2020,133,SG_retrofit_1_Insul_current_TR_retrofit_1_BW_retrofit_2,1.2,0.41,4.4,4.5,0.019000000000000003,24.221394926511767,retained_renamed_boiler_heating_energy_output,1,BLOCK BUILDINGBLOCK1 STOREY 0:Zone Mean Air Temperature [C](Daily),452.5,98.12,362,365,365,365,0,365,0
2020,134,SG_retrofit_1_Insul_current_TR_retrofit_1_BW_retrofit_3,1.2,0.41,6.5,4.5,0.018125000000000002,23.21962308016024,retained_renamed_boiler_heating_energy_output,1,BLOCK BUILDINGBLOCK1 STOREY 0:Zone Mean Air Temperature [C](Daily),473.5,110.44999999999999,362,365,365,365,0,365,0
2020,135,SG_retrofit_1_Insul_current_TR_retrofit_1_BW_retrofit_4,1.2,0.41,6.7,4.5,0.018125000000000002,23.280514942662215,retained_renamed_boiler_heating_energy_output,1,BLOCK BUILDINGBLOCK1 STOREY 0:Zone Mean Air Temperature [C](Daily),495.5,101.78999999999999,362,365,365,365,0,365,0
2020,136,SG_retrofit_1_Insul_current_TR_retrofit_2_BW_current,1.2,0.41,0.45,4.7,0.022250000000000002,29.211234478950573,retained_renamed_boiler_heating_energy_output,1,BLOCK BUILDINGBLOCK1 STOREY 0:Zone Mean Air Temperature [C](Daily),289.0,74.76,359,362,365,365,0,362,3
2020,137,SG_retrofit_1_Insul_current_TR_retrofit_2_BW_retrofit_1,1.2,0.41,4.2,4.7,0.020500000000000004,24.87929336645336,retained_renamed_boiler_heating_energy_output,1,BLOCK BUILDINGBLOCK1 STOREY 0:Zone Mean Air Temperature [C](Daily),471.0,84.12,362,365,365,365,0,365,0
2020,138,SG_retrofit_1_Insul_current_TR_retrofit_2_BW_retrofit_2,1.2,0.41,4.4,4.7,0.018750000000000003,24.071699302732046,retained_renamed_boiler_heating_energy_output,1,BLOCK BUILDINGBLOCK1 STOREY 0:Zone Mean Air Temperature [C](Daily),468.0,79.59,362,365,365,365,0,365,0
2020,139,SG_retrofit_1_Insul_current_TR_retrofit_2_BW_retrofit_3,1.2,0.41,6.5,4.7,0.017875000000000002,23.060240410025372,retained_renamed_boiler_heating_energy_output,1,BLOCK BUILDINGBLOCK1 STOREY 0:Zone Mean Air Temperature [C](Daily),489.0,91.92,362,365,365,365,0,365,0
2020,140,SG_retrofit_1_Insul_current_TR_retrofit_2_BW_retrofit_4,1.2,0.41,6.7,4.7,0.017875000000000002,23.07559044803025,retained_renamed_boiler_heating_energy_output,1,BLOCK BUILDINGBLOCK1 STOREY 0:Zone Mean Air Temperature [C](Daily),511.0,83.26,362,365,365,365,0,365,0
2020,141,SG_retrofit_1_Insul_current_TR_retrofit_3_BW_current,1.2,0.41,0.45,8.5,0.022000000000000002,28.771275680997196,retained_renamed_boiler_heating_energy_output,1,BLOCK BUILDINGBLOCK1 STOREY 0:Zone Mean Air Temperature [C](Daily),285.0,88.5,359,362,365,365,0,362,3
2020,142,SG_retrofit_1_Insul_current_TR_retrofit_3_BW_retrofit_1,1.2,0.41,4.2,8.5,0.020250000000000004,24.183804926800715,retained_renamed_boiler_heating_energy_output,1,BLOCK BUILDINGBLOCK1 STOREY 0:Zone Mean Air Temperature [C](Daily),467.0,97.86,362,365,365,365,0,365,0
2020,143,SG_retrofit_1_Insul_current_TR_retrofit_3_BW_retrofit_2,1.2,0.41,4.4,8.5,0.0185,23.31141642821773,retained_renamed_boiler_heating_energy_output,1,BLOCK BUILDINGBLOCK1 STOREY 0:Zone Mean Air Temperature [C](Daily),464.0,93.33,362,365,365,365,0,365,0
2020,144,SG_retrofit_1_Insul_current_TR_retrofit_3_BW_retrofit_3,1.2,0.41,6.5,8.5,0.017625000000000002,22.767989885669486,retained_renamed_boiler_heating_energy_output,1,BLOCK BUILDINGBLOCK1 STOREY 0:Zone Mean Air Temperature [C](Daily),485.0,105.66,362,365,365,365,0,365,0
2020,145,SG_retrofit_1_Insul_current_TR_retrofit_3_BW_retrofit_4,1.2,0.41,6.7,8.5,0.017625000000000002,22.712137826192265,retained_renamed_boiler_heating_energy_output,1,BLOCK BUILDINGBLOCK1 STOREY 0:Zone Mean Air Temperature [C](Daily),507.0,97.0,362,365,365,365,0,365,0
2020,146,SG_retrofit_1_Insul_current_TR_retrofit_4_BW_current,1.2,0.41,0.45,8.7,0.022000000000000002,28.697758124037993,retained_renamed_boiler_heating_energy_output,1,BLOCK BUILDINGBLOCK1 STOREY 0:Zone Mean Air Temperature [C](Daily),323.0,80.68,359,362,365,365,0,362,3
2020,147,SG_retrofit_1_Insul_current_TR_retrofit_4_BW_retrofit_1,1.2,0.41,4.2,8.7,0.020250000000000004,24.21622834621833,retained_renamed_boiler_heating_energy_output,1,BLOCK BUILDINGBLOCK1 STOREY 0:Zone Mean Air Temperature [C](Daily),505.0,90.03999999999999,362,365,365,365,0,365,0
2020,148,SG_retrofit_1_Insul_current_TR_retrofit_4_BW_retrofit_2,1.2,0.41,4.4,8.7,0.0185,23.35850847445019,retained_renamed_boiler_heating_energy_output,1,BLOCK BUILDINGBLOCK1 STOREY 0:Zone Mean Air Temperature [C](Daily),502.0,85.50999999999999,362,365,365,365,0,365,0
2020,149,SG_retrofit_1_Insul_current_TR_retrofit_4_BW_retrofit_3,1.2,0.41,6.5,8.7,0.017625000000000002,22.771377206599038,retained_renamed_boiler_heating_energy_output,1,BLOCK BUILDINGBLOCK1 STOREY 0:Zone Mean Air Temperature [C](Daily),523.0,97.84,362,365,365,365,0,365,0
2020,150,SG_retrofit_1_Insul_current_TR_retrofit_4_BW_retrofit_4,1.2,0.41,6.7,8.7,0.017625000000000002,22.840289371409106,retained_renamed_boiler_heating_energy_output,1,BLOCK BUILDINGBLOCK1 STOREY 0:Zone Mean Air Temperature [C](Daily),545.0,89.18,362,365,365,365,0,365,0
2020,151,SG_retrofit_1_Insul_retrofit_1_TR_current_BW_current,1.2,4.8,0.45,0.48,0.022500000000000003,32.011384431009745,retained_renamed_boiler_heating_energy_output,1,BLOCK BUILDINGBLOCK1 STOREY 0:Zone Mean Air Temperature [C](Daily),243.7,80.0,352,360,363,365,0,360,5
2020,152,SG_retrofit_1_Insul_retrofit_1_TR_current_BW_retrofit_1,1.2,4.8,4.2,0.48,0.020750000000000005,27.29779306786931,retained_renamed_boiler_heating_energy_output,1,BLOCK BUILDINGBLOCK1 STOREY 0:Zone Mean Air Temperature [C](Daily),425.7,89.36,356,361,365,365,0,361,4
2020,153,SG_retrofit_1_Insul_retrofit_1_TR_current_BW_retrofit_2,1.2,4.8,4.4,0.48,0.019000000000000003,26.387366295421128,retained_renamed_boiler_heating_energy_output,1,BLOCK BUILDINGBLOCK1 STOREY 0:Zone Mean Air Temperature [C](Daily),422.7,84.83,356,361,365,365,0,361,4
2020,154,SG_retrofit_1_Insul_retrofit_1_TR_current_BW_retrofit_3,1.2,4.8,6.5,0.48,0.018125000000000002,25.41461690889232,retained_renamed_boiler_heating_energy_output,1,BLOCK BUILDINGBLOCK1 STOREY 0:Zone Mean Air Temperature [C](Daily),443.7,97.16,356,361,365,365,0,361,4
2020,155,SG_retrofit_1_Insul_retrofit_1_TR_current_BW_retrofit_4,1.2,4.8,6.7,0.48,0.018125000000000002,25.533203862907847,retained_renamed_boiler_heating_energy_output,1,BLOCK BUILDINGBLOCK1 STOREY 0:Zone Mean Air Temperature [C](Daily),465.7,88.5,356,361,365,365,0,361,4
2020,156,SG_retrofit_1_Insul_retrofit_1_TR_retrofit_1_BW_current,1.2,4.8,0.45,4.5,0.022250000000000002,27.275255685340507,retained_renamed_boiler_heating_energy_output,1,BLOCK BUILDINGBLOCK1 STOREY 0:Zone Mean Air Temperature [C](Daily),333.2,103.28999999999999,352,360,363,365,0,360,5
2020,157,SG_retrofit_1_Insul_retrofit_1_TR_retrofit_1_BW_retrofit_1,1.2,4.8,4.2,4.5,0.020500000000000004,22.65151974955893,retained_renamed_boiler_heating_energy_output,1,BLOCK BUILDINGBLOCK1 STOREY 0:Zone Mean Air Temperature [C](Daily),515.2,112.65,358,362,365,365,0,362,3
2020,158,SG_retrofit_1_Insul_retrofit_1_TR_retrofit_1_BW_retrofit_2,1.2,4.8,4.4,4.5,0.018750000000000003,21.71759373719535,retained_renamed_boiler_heating_energy_output,1,BLOCK BUILDINGBLOCK1 STOREY 0:Zone Mean Air Temperature [C](Daily),512.2,108.12,358,362,365,365,0,362,3
2020,159,SG_retrofit_1_Insul_retrofit_1_TR_retrofit_1_BW_retrofit_3,1.2,4.8,6.5,4.5,0.017875000000000002,21.145480100984503,retained_renamed_boiler_heating_energy_output,1,BLOCK BUILDINGBLOCK1 STOREY 0:Zone Mean Air Temperature [C](Daily),533.2,120.44999999999999,358,362,365,365,0,362,3
2020,160,SG_retrofit_1_Insul_retrofit_1_TR_retrofit_1_BW_retrofit_4,1.2,4.8,6.7,4.5,0.017875000000000002,21.062137186431404,retained_renamed_boiler_heating_energy_output,1,BLOCK BUILDINGBLOCK1 STOREY 0:Zone Mean Air Temperature [C](Daily),555.2,111.78999999999999,358,362,365,365,0,362,3
2020,161,SG_retrofit_1_Insul_retrofit_1_TR_retrofit_2_BW_current,1.2,4.8,0.45,4.7,0.022000000000000002,27.057901330863274,retained_renamed_boiler_heating_energy_output,1,BLOCK BUILDINGBLOCK1 STOREY 0:Zone Mean Air Temperature [C](Daily),348.7,84.76,352,360,363,365,0,360,5
2020,162,SG_retrofit_1_Insul_retrofit_1_TR_retrofit_2_BW_retrofit_1,1.2,4.8,4.2,4.7,0.020250000000000004,22.471549317950505,retained_renamed_boiler_heating_energy_output,1,BLOCK BUILDINGBLOCK1 STOREY 0:Zone Mean Air Temperature [C](Daily),530.7,94.12,358,362,365,365,0,362,3
2020,163,SG_retrofit_1_Insul_retrofit_1_TR_retrofit_2_BW_retrofit_2,1.2,4.8,4.4,4.7,0.018500000000000003,21.77982937314996,retained_renamed_boiler_heating_energy_output,1,BLOCK BUILDINGBLOCK1 STOREY 0:Zone Mean Air Temperature [C](Daily),527.7,89.59,358,362,365,365,0,362,3
2020,164,SG_retrofit_1_Insul_retrofit_1_TR_retrofit_2_BW_retrofit_3,1.2,4.8,6.5,4.7,0.017625000000000002,21.05454065445698,retained_renamed_boiler_heating_energy_output,1,BLOCK BUILDINGBLOCK1 STOREY 0:Zone Mean Air Temperature [C](Daily),548.7,101.92,358,362,365,365,0,362,3
2020,165,SG_retrofit_1_Insul_retrofit_1_TR_retrofit_2_BW_retrofit_4,1.2,4.8,6.7,4.7,0.017625000000000002,20.996270999664667,retained_renamed_boiler_heating_energy_output,1,BLOCK BUILDINGBLOCK1 STOREY 0:Zone Mean Air Temperature [C](Daily),570.7,93.26,358,362,365,365,0,362,3
2020,166,SG_retrofit_1_Insul_retrofit_1_TR_retrofit_3_BW_current,1.2,4.8,0.45,8.5,0.021750000000000002,26.66824713691858,retained_renamed_boiler_heating_energy_output,1,BLOCK BUILDINGBLOCK1 STOREY 0:Zone Mean Air Temperature [C](Daily),344.7,98.5,352,360,363,365,0,360,5
2020,167,SG_retrofit_1_Insul_retrofit_1_TR_retrofit_3_BW_retrofit_1,1.2,4.8,4.2,8.5,0.020000000000000004,22.10764777826435,retained_renamed_boiler_heating_energy_output,1,BLOCK BUILDINGBLOCK1 STOREY 0:Zone Mean Air Temperature [C](Daily),526.7,107.86,358,362,365,365,0,362,3
2020,168,SG_retrofit_1_Insul_retrofit_1_TR_retrofit_3_BW_retrofit_2,1.2,4.8,4.4,8.5,0.01825,21.13072764966613,retained_renamed_boiler_heating_energy_output,1,BLOCK BUILDINGBLOCK1 STOREY 0:Zone Mean Air Temperature [C](Daily),523.7,103.33,358,362,365,365,0,362,3
2020,169,SG_retrofit_1_Insul_retrofit_1_TR_retrofit_3_BW_retrofit_3,1.2,4.8,6.5,8.5,0.017375,20.553248154994307,retained_renamed_boiler_heating_energy_output,1,BLOCK BUILDINGBLOCK1 STOREY 0:Zone Mean Air Temperature [C](Daily),544.7,115.66,358,362,365,365,0,362,3
2020,170,SG_retrofit_1_Insul_retrofit_1_TR_retrofit_3_BW_retrofit_4,1.2,4.8,6.7,8.5,0.017375,20.658667182373627,retained_renamed_boiler_heating_energy_output,1,BLOCK BUILDINGBLOCK1 STOREY 0:Zone Mean Air Temperature [C](Daily),566.7,107.0,358,362,365,365,0,362,3
2020,171,SG_retrofit_1_Insul_retrofit_1_TR_retrofit_4_BW_current,1.2,4.8,0.45,8.7,0.021750000000000002,26.673404499719208,retained_renamed_boiler_heating_energy_output,1,BLOCK BUILDINGBLOCK1 STOREY 0:Zone Mean Air Temperature [C](Daily),382.7,90.68,352,360,363,365,0,360,5
2020,172,SG_retrofit_1_Insul_retrofit_1_TR_retrofit_4_BW_retrofit_1,1.2,4.8,4.2,8.7,0.020000000000000004,22.01256162726175,retained_renamed_boiler_heating_energy_output,1,BLOCK BUILDINGBLOCK1 STOREY 0:Zone Mean Air Temperature [C](Daily),564.7,100.03999999999999,358,362,365,365,0,362,3
2020,173,SG_retrofit_1_Insul_retrofit_1_TR_retrofit_4_BW_retrofit_2,1.2,4.8,4.4,8.7,0.01825,21.18510571250865,retained_renamed_boiler_heating_energy_output,1,BLOCK BUILDINGBLOCK1 STOREY 0:Zone Mean Air Temperature [C](Daily),561.7,95.50999999999999,358,362,365,365,0,362,3
2020,174,SG_retrofit_1_Insul_retrofit_1_TR_retrofit_4_BW_retrofit_3,1.2,4.8,6.5,8.7,0.017375,20.557108132728494,retained_renamed_boiler_heating_energy_output,1,BLOCK BUILDINGBLOCK1 STOREY 0:Zone Mean Air Temperature [C](Daily),582.7,107.84,358,362,365,365,0,362,3
2020,175,SG_retrofit_1_Insul_retrofit_1_TR_retrofit_4_BW_retrofit_4,1.2,4.8,6.7,8.7,0.017375,20.535580605980062,retained_renamed_boiler_heating_energy_output,1,BLOCK BUILDINGBLOCK1 STOREY 0:Zone Mean Air Temperature [C](Daily),604.7,99.18,358,362,365,365,0,362,3
2020,176,SG_retrofit_1_Insul_retrofit_2_TR_current_BW_current,1.2,5.0,0.45,0.48,0.022250000000000002,32.07540520642513,retained_renamed_boiler_heating_energy_output,1,BLOCK BUILDINGBLOCK1 STOREY 0:Zone Mean Air Temperature [C](Daily),261.0,75.92,351,360,363,365,0,360,5
2020,177,SG_retrofit_1_Insul_retrofit_2_TR_current_BW_retrofit_1,1.2,5.0,4.2,0.48,0.020500000000000004,26.8685416867417,retained_renamed_boiler_heating_energy_output,1,BLOCK BUILDINGBLOCK1 STOREY 0:Zone Mean Air Temperature [C](Daily),443.0,85.28,356,361,365,365,0,361,4
2020,178,SG_retrofit_1_Insul_retrofit_2_TR_current_BW_retrofit_2,1.2,5.0,4.4,0.48,0.018750000000000003,26.187432566166777,retained_renamed_boiler_heating_energy_output,1,BLOCK BUILDINGBLOCK1 STOREY 0:Zone Mean Air Temperature [C](Daily),440.0,80.75,355,361,365,365,0,361,4
2020,179,SG_retrofit_1_Insul_retrofit_2_TR_current_BW_retrofit_3,1.2,5.0,6.5,0.48,0.017875000000000002,25.259622232891395,retained_renamed_boiler_heating_energy_output,1,BLOCK BUILDINGBLOCK1 STOREY 0:Zone Mean Air Temperature [C](Daily),461.0,93.08,355,361,365,365,0,361,4
2020,180,SG_retrofit_1_Insul_retrofit_2_TR_current_BW_retrofit_4,1.2,5.0,6.7,0.48,0.017875000000000002,25.239264373146224,retained_renamed_boiler_heating_energy_output,1,BLOCK BUILDINGBLOCK1 STOREY 0:Zone Mean Air Temperature [C](Daily),483.0,84.42,355,361,365,365,0,361,4
2020,181,SG_retrofit_1_Insul_retrofit_2_TR_retrofit_1_BW_current,1.2,5.0,0.45,4.5,0.022000000000000002,27.163699438110356,retained_renamed_boiler_heating_energy_output,1,BLOCK BUILDINGBLOCK1 STOREY 0:Zone Mean Air Temperature [C](Daily),350.5,99.21000000000001,352,360,363,365,0,360,5
2020,182,SG_retrofit_1_Insul_retrofit_2_TR_retrofit_1_BW_retrofit_1,1.2,5.0,4.2,4.5,0.020250000000000004,22.40222170215082,retained_renamed_boiler_heating_energy_output,1,BLOCK BUILDINGBLOCK1 STOREY 0:Zone Mean Air Temperature [C](Daily),532.5,108.57,358,362,365,365,0,362,3
2020,183,SG_retrofit_1_Insul_retrofit_2_TR_retrofit_1_BW_retrofit_2,1.2,5.0,4.4,4.5,0.018500000000000003,21.548568782532403,retained_renamed_boiler_heating_energy_output,1,BLOCK BUILDINGBLOCK1 STOREY 0:Zone Mean Air Temperature [C](Daily),529.5,104.03999999999999,358,362,365,365,0,362,3
2020,184,SG_retrofit_1_Insul_retrofit_2_TR_retrofit_1_BW_retrofit_3,1.2,5.0,6.5,4.5,0.017625000000000002,20.884218473422735,retained_renamed_boiler_heating_energy_output,1,BLOCK BUILDINGBLOCK1 STOREY 0:Zone Mean Air Temperature [C](Daily),550.5,116.37,358,362,365,365,0,362,3
2020,185,SG_retrofit_1_Insul_retrofit_2_TR_retrofit_1_BW_retrofit_4,1.2,5.0,6.7,4.5,0.017625000000000002,20.90322947517354,retained_renamed_boiler_heating_energy_output,1,BLOCK BUILDINGBLOCK1 STOREY 0:Zone Mean Air Temperature [C](Daily),572.5,107.71000000000001,358,362,365,365,0,362,3
2020,186,SG_retrofit_1_Insul_retrofit_2_TR_retrofit_2_BW_current,1.2,5.0,0.45,4.7,0.021750000000000005,26.978935449207565,retained_renamed_boiler_heating_energy_output,1,BLOCK BUILDINGBLOCK1 STOREY 0:Zone Mean Air Temperature [C](Daily),366.0,80.68,352,360,363,365,0,360,5
2020,187,SG_retrofit_1_Insul_retrofit_2_TR_retrofit_2_BW_retrofit_1,1.2,5.0,4.2,4.7,0.020000000000000004,22.259145277153696,retained_renamed_boiler_heating_energy_output,1,BLOCK BUILDINGBLOCK1 STOREY 0:Zone Mean Air Temperature [C](Daily),548.0,90.04,358,362,365,365,0,362,3
2020,188,SG_retrofit_1_Insul_retrofit_2_TR_retrofit_2_BW_retrofit_2,1.2,5.0,4.4,4.7,0.018250000000000002,21.49262701391103,retained_renamed_boiler_heating_energy_output,1,BLOCK BUILDINGBLOCK1 STOREY 0:Zone Mean Air Temperature [C](Daily),545.0,85.51,358,362,365,365,0,362,3
2020,189,SG_retrofit_1_Insul_retrofit_2_TR_retrofit_2_BW_retrofit_3,1.2,5.0,6.5,4.7,0.017375,20.773640262752775,retained_renamed_boiler_heating_energy_output,1,BLOCK BUILDINGBLOCK1 STOREY 0:Zone Mean Air Temperature [C](Daily),566.0,97.84,358,362,365,365,0,362,3
2020,190,SG_retrofit_1_Insul_retrofit_2_TR_retrofit_2_BW_retrofit_4,1.2,5.0,6.7,4.7,0.017375,20.6675333675825,retained_renamed_boiler_heating_energy_output,1,BLOCK BUILDINGBLOCK1 STOREY 0:Zone Mean Air Temperature [C](Daily),588.0,89.18,358,362,365,365,0,362,3
2020,191,SG_retrofit_1_Insul_retrofit_2_TR_retrofit_3_BW_current,1.2,5.0,0.45,8.5,0.021500000000000002,26.42468708902481,retained_renamed_boiler_heating_energy_output,1,BLOCK BUILDINGBLOCK1 STOREY 0:Zone Mean Air Temperature [C](Daily),362.0,94.42,352,360,363,365,0,360,5
2020,192,SG_retrofit_1_Insul_retrofit_2_TR_retrofit_3_BW_retrofit_1,1.2,5.0,4.2,8.5,0.019750000000000004,21.970256674062718,retained_renamed_boiler_heating_energy_output,1,BLOCK BUILDINGBLOCK1 STOREY 0:Zone Mean Air Temperature [C](Daily),544.0,103.78,358,362,365,365,0,362,3
2020,193,SG_retrofit_1_Insul_retrofit_2_TR_retrofit_3_BW_retrofit_2,1.2,5.0,4.4,8.5,0.018000000000000002,21.057190032514413,retained_renamed_boiler_heating_energy_output,1,BLOCK BUILDINGBLOCK1 STOREY 0:Zone Mean Air Temperature [C](Daily),541.0,99.25,358,362,365,365,0,362,3
2020,194,SG_retrofit_1_Insul_retrofit_2_TR_retrofit_3_BW_retrofit_3,1.2,5.0,6.5,8.5,0.017125,20.39804195558646,retained_renamed_boiler_heating_energy_output,1,BLOCK BUILDINGBLOCK1 STOREY 0:Zone Mean Air Temperature [C](Daily),562.0,111.58,358,362,365,365,0,362,3
2020,195,SG_retrofit_1_Insul_retrofit_2_TR_retrofit_3_BW_retrofit_4,1.2,5.0,6.7,8.5,0.017125,20.430903394171615,retained_renamed_boiler_heating_energy_output,1,BLOCK BUILDINGBLOCK1 STOREY 0:Zone Mean Air Temperature [C](Daily),584.0,102.92,358,362,365,365,0,362,3
2020,196,SG_retrofit_1_Insul_retrofit_2_TR_retrofit_4_BW_current,1.2,5.0,0.45,8.7,0.021500000000000002,26.51195767860801,retained_renamed_boiler_heating_energy_output,1,BLOCK BUILDINGBLOCK1 STOREY 0:Zone Mean Air Temperature [C](Daily),400.0,86.6,352,360,363,365,0,360,5
2020,197,SG_retrofit_1_Insul_retrofit_2_TR_retrofit_4_BW_retrofit_1,1.2,5.0,4.2,8.7,0.019750000000000004,21.95381452570366,retained_renamed_boiler_heating_energy_output,1,BLOCK BUILDINGBLOCK1 STOREY 0:Zone Mean Air Temperature [C](Daily),582.0,95.96000000000001,358,362,365,365,0,362,3
2020,198,SG_retrofit_1_Insul_retrofit_2_TR_retrofit_4_BW_retrofit_2,1.2,5.0,4.4,8.7,0.018000000000000002,20.958768618350824,retained_renamed_boiler_heating_energy_output,1,BLOCK BUILDINGBLOCK1 STOREY 0:Zone Mean Air Temperature [C](Daily),579.0,91.43,358,362,365,365,0,362,3
2020,199,SG_retrofit_1_Insul_retrofit_2_TR_retrofit_4_BW_retrofit_3,1.2,5.0,6.5,8.7,0.017125,20.42785987964202,retained_renamed_boiler_heating_energy_output,1,BLOCK BUILDINGBLOCK1 STOREY 0:Zone Mean Air Temperature [C](Daily),600.0,103.75999999999999,358,362,365,365,0,362,3
2020,200,SG_retrofit_1_Insul_retrofit_2_TR_retrofit_4_BW_retrofit_4,1.2,5.0,6.7,8.7,0.017125,20.316812979254944,retained_renamed_boiler_heating_energy_output,1,BLOCK BUILDINGBLOCK1 STOREY 0:Zone Mean Air Temperature [C](Daily),622.0,95.1,358,362,365,365,0,362,3
2020,201,SG_retrofit_1_Insul_retrofit_3_TR_current_BW_current,1.2,5.5,0.45,0.48,0.022000000000000002,31.853731274667542,retained_renamed_boiler_heating_energy_output,1,BLOCK BUILDINGBLOCK1 STOREY 0:Zone Mean Air Temperature [C](Daily),271.9,81.0,350,359,363,365,0,359,6
2020,202,SG_retrofit_1_Insul_retrofit_3_TR_current_BW_retrofit_1,1.2,5.5,4.2,0.48,0.020250000000000004,26.818454063920846,retained_renamed_boiler_heating_energy_output,1,BLOCK BUILDINGBLOCK1 STOREY 0:Zone Mean Air Temperature [C](Daily),453.9,90.36,355,361,365,365,0,361,4
2020,203,SG_retrofit_1_Insul_retrofit_3_TR_current_BW_retrofit_2,1.2,5.5,4.4,0.48,0.0185,25.915591825650647,retained_renamed_boiler_heating_energy_output,1,BLOCK BUILDINGBLOCK1 STOREY 0:Zone Mean Air Temperature [C](Daily),450.9,85.83,355,361,365,365,0,361,4
2020,204,SG_retrofit_1_Insul_retrofit_3_TR_current_BW_retrofit_3,1.2,5.5,6.5,0.48,0.017625000000000002,25.24399070360247,retained_renamed_boiler_heating_energy_output,1,BLOCK BUILDINGBLOCK1 STOREY 0:Zone Mean Air Temperature [C](Daily),471.9,98.16,355,361,365,365,0,361,4
2020,205,SG_retrofit_1_Insul_retrofit_3_TR_current_BW_retrofit_4,1.2,5.5,6.7,0.48,0.017625000000000002,25.228016606007362,retained_renamed_boiler_heating_energy_output,1,BLOCK BUILDINGBLOCK1 STOREY 0:Zone Mean Air Temperature [C](Daily),493.9,89.5,355,361,365,365,0,361,4
2020,206,SG_retrofit_1_Insul_retrofit_3_TR_retrofit_1_BW_current,1.2,5.5,0.45,4.5,0.021750000000000002,26.99964243209418,retained_renamed_boiler_heating_energy_output,1,BLOCK BUILDINGBLOCK1 STOREY 0:Zone Mean Air Temperature [C](Daily),361.4,104.28999999999999,352,360,363,365,0,360,5
2020,207,SG_retrofit_1_Insul_retrofit_3_TR_retrofit_1_BW_retrofit_1,1.2,5.5,4.2,4.5,0.020000000000000004,22.324333324430008,retained_renamed_boiler_heating_energy_output,1,BLOCK BUILDINGBLOCK1 STOREY 0:Zone Mean Air Temperature [C](Daily),543.4,113.65,358,362,365,365,0,362,3
2020,208,SG_retrofit_1_Insul_retrofit_3_TR_retrofit_1_BW_retrofit_2,1.2,5.5,4.4,4.5,0.01825,21.449221057958443,retained_renamed_boiler_heating_energy_output,1,BLOCK BUILDINGBLOCK1 STOREY 0:Zone Mean Air Temperature [C](Daily),540.4,109.12,358,362,365,365,0,362,3
2020,209,SG_retrofit_1_Insul_retrofit_3_TR_retrofit_1_BW_retrofit_3,1.2,5.5,6.5,4.5,0.017375,20.754645973646248,retained_renamed_boiler_heating_energy_output,1,BLOCK BUILDINGBLOCK1 STOREY 0:Zone Mean Air Temperature [C](Daily),561.4,121.44999999999999,358,362,365,365,0,362,3
2020,210,SG_retrofit_1_Insul_retrofit_3_TR_retrofit_1_BW_retrofit_4,1.2,5.5,6.7,4.5,0.017375,20.753600676568183,retained_renamed_boiler_heating_energy_output,1,BLOCK BUILDINGBLOCK1 STOREY 0:Zone Mean Air Temperature [C](Daily),583.4,112.78999999999999,358,362,365,365,0,362,3
2020,211,SG_retrofit_1_Insul_retrofit_3_TR_retrofit_2_BW_current,1.2,5.5,0.45,4.7,0.021500000000000002,26.697984241705857,retained_renamed_boiler_heating_energy_output,1,BLOCK BUILDINGBLOCK1 STOREY 0:Zone Mean Air Temperature [C](Daily),376.9,85.76,352,360,363,365,0,360,5
2020,212,SG_retrofit_1_Insul_retrofit_3_TR_retrofit_2_BW_retrofit_1,1.2,5.5,4.2,4.7,0.019750000000000004,22.188584305699898,retained_renamed_boiler_heating_energy_output,1,BLOCK BUILDINGBLOCK1 STOREY 0:Zone Mean Air Temperature [C](Daily),558.9,95.12,358,362,365,365,0,362,3
2020,213,SG_retrofit_1_Insul_retrofit_3_TR_retrofit_2_BW_retrofit_2,1.2,5.5,4.4,4.7,0.018000000000000002,21.276537354577457,retained_renamed_boiler_heating_energy_output,1,BLOCK BUILDINGBLOCK1 STOREY 0:Zone Mean Air Temperature [C](Daily),555.9,90.59,358,362,365,365,0,362,3
2020,214,SG_retrofit_1_Insul_retrofit_3_TR_retrofit_2_BW_retrofit_3,1.2,5.5,6.5,4.7,0.017125,20.627390033649824,retained_renamed_boiler_heating_energy_output,1,BLOCK BUILDINGBLOCK1 STOREY 0:Zone Mean Air Temperature [C](Daily),576.9,102.92,358,362,365,365,0,362,3
2020,215,SG_retrofit_1_Insul_retrofit_3_TR_retrofit_2_BW_retrofit_4,1.2,5.5,6.7,4.7,0.017125,20.61464275317559,retained_renamed_boiler_heating_energy_output,1,BLOCK BUILDINGBLOCK1 STOREY 0:Zone Mean Air Temperature [C](Daily),598.9,94.26,358,362,365,365,0,362,3
2020,216,SG_retrofit_1_Insul_retrofit_3_TR_retrofit_3_BW_current,1.2,5.5,0.45,8.5,0.02125,26.309625629803868,retained_renamed_boiler_heating_energy_output,1,BLOCK BUILDINGBLOCK1 STOREY 0:Zone Mean Air Temperature [C](Daily),372.9,99.5,352,360,363,365,0,360,5
2020,217,SG_retrofit_1_Insul_retrofit_3_TR_retrofit_3_BW_retrofit_1,1.2,5.5,4.2,8.5,0.019500000000000003,21.859229656587004,retained_renamed_boiler_heating_energy_output,1,BLOCK BUILDINGBLOCK1 STOREY 0:Zone Mean Air Temperature [C](Daily),554.9,108.86,358,362,365,365,0,362,3
2020,218,SG_retrofit_1_Insul_retrofit_3_TR_retrofit_3_BW_retrofit_2,1.2,5.5,4.4,8.5,0.01775,20.802902527643237,retained_renamed_boiler_heating_energy_output,1,BLOCK BUILDINGBLOCK1 STOREY 0:Zone Mean Air Temperature [C](Daily),551.9,104.33,358,362,365,365,0,362,3
2020,219,SG_retrofit_1_Insul_retrofit_3_TR_retrofit_3_BW_retrofit_3,1.2,5.5,6.5,8.5,0.016875,20.216156931481493,retained_renamed_boiler_heating_energy_output,1,BLOCK BUILDINGBLOCK1 STOREY 0:Zone Mean Air Temperature [C](Daily),572.9,116.66,358,362,365,365,0,362,3
2020,220,SG_retrofit_1_Insul_retrofit_3_TR_retrofit_3_BW_retrofit_4,1.2,5.5,6.7,8.5,0.016875,20.233727283423967,retained_renamed_boiler_heating_energy_output,1,BLOCK BUILDINGBLOCK1 STOREY 0:Zone Mean Air Temperature [C](Daily),594.9,108.0,358,362,365,365,0,362,3
2020,221,SG_retrofit_1_Insul_retrofit_3_TR_retrofit_4_BW_current,1.2,5.5,0.45,8.7,0.02125,26.21781735327806,retained_renamed_boiler_heating_energy_output,1,BLOCK BUILDINGBLOCK1 STOREY 0:Zone Mean Air Temperature [C](Daily),410.9,91.68,352,360,363,365,0,360,5
2020,222,SG_retrofit_1_Insul_retrofit_3_TR_retrofit_4_BW_retrofit_1,1.2,5.5,4.2,8.7,0.019500000000000003,21.66490096095114,retained_renamed_boiler_heating_energy_output,1,BLOCK BUILDINGBLOCK1 STOREY 0:Zone Mean Air Temperature [C](Daily),592.9,101.03999999999999,358,362,365,365,0,362,3
2020,223,SG_retrofit_1_Insul_retrofit_3_TR_retrofit_4_BW_retrofit_2,1.2,5.5,4.4,8.7,0.01775,20.73555463798949,retained_renamed_boiler_heating_energy_output,1,BLOCK BUILDINGBLOCK1 STOREY 0:Zone Mean Air Temperature [C](Daily),589.9,96.50999999999999,358,362,365,365,0,362,3
2020,224,SG_retrofit_1_Insul_retrofit_3_TR_retrofit_4_BW_retrofit_3,1.2,5.5,6.5,8.7,0.016875,20.186427495452577,retained_renamed_boiler_heating_energy_output,1,BLOCK BUILDINGBLOCK1 STOREY 0:Zone Mean Air Temperature [C](Daily),610.9,108.84,358,362,365,365,0,362,3
2020,225,SG_retrofit_1_Insul_retrofit_3_TR_retrofit_4_BW_retrofit_4,1.2,5.5,6.7,8.7,0.016875,20.204077340865965,retained_renamed_boiler_heating_energy_output,1,BLOCK BUILDINGBLOCK1 STOREY 0:Zone Mean Air Temperature [C](Daily),632.9,100.18,358,362,365,365,0,362,3
2020,226,SG_retrofit_1_Insul_retrofit_4_TR_current_BW_current,1.2,5.6,0.45,0.48,0.022000000000000002,31.764894343210997,retained_renamed_boiler_heating_energy_output,1,BLOCK BUILDINGBLOCK1 STOREY 0:Zone Mean Air Temperature [C](Daily),292.0,77.0,350,359,363,365,0,359,6
2020,227,SG_retrofit_1_Insul_retrofit_4_TR_current_BW_retrofit_1,1.2,5.6,4.2,0.48,0.020250000000000004,26.796656777291787,retained_renamed_boiler_heating_energy_output,1,BLOCK BUILDINGBLOCK1 STOREY 0:Zone Mean Air Temperature [C](Daily),474.0,86.36,355,361,365,365,0,361,4
2020,228,SG_retrofit_1_Insul_retrofit_4_TR_current_BW_retrofit_2,1.2,5.6,4.4,0.48,0.0185,25.835708280036087,retained_renamed_boiler_heating_energy_output,1,BLOCK BUILDINGBLOCK1 STOREY 0:Zone Mean Air Temperature [C](Daily),471.0,81.83,355,361,365,365,0,361,4
2020,229,SG_retrofit_1_Insul_retrofit_4_TR_current_BW_retrofit_3,1.2,5.6,6.5,0.48,0.017625000000000002,25.129212965074103,retained_renamed_boiler_heating_energy_output,1,BLOCK BUILDINGBLOCK1 STOREY 0:Zone Mean Air Temperature [C](Daily),492.0,94.16,355,361,365,365,0,361,4
2020,230,SG_retrofit_1_Insul_retrofit_4_TR_current_BW_retrofit_4,1.2,5.6,6.7,0.48,0.017625000000000002,25.200686187333755,retained_renamed_boiler_heating_energy_output,1,BLOCK BUILDINGBLOCK1 STOREY 0:Zone Mean Air Temperature [C](Daily),514.0,85.5,355,361,365,365,0,361,4
2020,231,SG_retrofit_1_Insul_retrofit_4_TR_retrofit_1_BW_current,1.2,5.6,0.45,4.5,0.021750000000000002,26.95719582623909,retained_renamed_boiler_heating_energy_output,1,BLOCK BUILDINGBLOCK1 STOREY 0:Zone Mean Air Temperature [C](Daily),381.5,100.28999999999999,352,360,363,365,0,360,5
2020,232,SG_retrofit_1_Insul_retrofit_4_TR_retrofit_1_BW_retrofit_1,1.2,5.6,4.2,4.5,0.020000000000000004,22.28497163609666,retained_renamed_boiler_heating_energy_output,1,BLOCK BUILDINGBLOCK1 STOREY 0:Zone Mean Air Temperature [C](Daily),563.5,109.65,358,362,365,365,0,362,3
2020,233,SG_retrofit_1_Insul_retrofit_4_TR_retrofit_1_BW_retrofit_2,1.2,5.6,4.4,4.5,0.01825,21.437916238473075,retained_renamed_boiler_heating_energy_output,1,BLOCK BUILDINGBLOCK1 STOREY 0:Zone Mean Air Temperature [C](Daily),560.5,105.12,358,362,365,365,0,362,3
2020,234,SG_retrofit_1_Insul_retrofit_4_TR_retrofit_1_BW_retrofit_3,1.2,5.6,6.5,4.5,0.017375,20.837740689702162,retained_renamed_boiler_heating_energy_output,1,BLOCK BUILDINGBLOCK1 STOREY 0:Zone Mean Air Temperature [C](Daily),581.5,117.44999999999999,358,362,365,365,0,362,3
2020,235,SG_retrofit_1_Insul_retrofit_4_TR_retrofit_1_BW_retrofit_4,1.2,5.6,6.7,4.5,0.017375,20.67533472504368,retained_renamed_boiler_heating_energy_output,1,BLOCK BUILDINGBLOCK1 STOREY 0:Zone Mean Air Temperature [C](Daily),603.5,108.78999999999999,358,362,365,365,0,362,3
2020,236,SG_retrofit_1_Insul_retrofit_4_TR_retrofit_2_BW_current,1.2,5.6,0.45,4.7,0.021500000000000002,26.627930693970264,retained_renamed_boiler_heating_energy_output,1,BLOCK BUILDINGBLOCK1 STOREY 0:Zone Mean Air Temperature [C](Daily),397.0,81.76,352,360,363,365,0,360,5
2020,237,SG_retrofit_1_Insul_retrofit_4_TR_retrofit_2_BW_retrofit_1,1.2,5.6,4.2,4.7,0.019750000000000004,22.17813187145016,retained_renamed_boiler_heating_energy_output,1,BLOCK BUILDINGBLOCK1 STOREY 0:Zone Mean Air Temperature [C](Daily),579.0,91.12,358,362,365,365,0,362,3
2020,238,SG_retrofit_1_Insul_retrofit_4_TR_retrofit_2_BW_retrofit_2,1.2,5.6,4.4,4.7,0.018000000000000002,21.21972913252075,retained_renamed_boiler_heating_energy_output,1,BLOCK BUILDINGBLOCK1 STOREY 0:Zone Mean Air Temperature [C](Daily),576.0,86.59,358,362,365,365,0,362,3
2020,239,SG_retrofit_1_Insul_retrofit_4_TR_retrofit_2_BW_retrofit_3,1.2,5.6,6.5,4.7,0.017125,20.617734331531093,retained_renamed_boiler_heating_energy_output,1,BLOCK BUILDINGBLOCK1 STOREY 0:Zone Mean Air Temperature [C](Daily),597.0,98.92,358,362,365,365,0,362,3
2020,240,SG_retrofit_1_Insul_retrofit_4_TR_retrofit_2_BW_retrofit_4,1.2,5.6,6.7,4.7,0.017125,20.60016612894131,retained_renamed_boiler_heating_energy_output,1,BLOCK BUILDINGBLOCK1 STOREY 0:Zone Mean Air Temperature [C](Daily),619.0,90.26,358,362,365,365,0,362,3
2020,241,SG_retrofit_1_Insul_retrofit_4_TR_retrofit_3_BW_current,1.2,5.6,0.45,8.5,0.02125,26.362056250106697,retained_renamed_boiler_heating_energy_output,1,BLOCK BUILDINGBLOCK1 STOREY 0:Zone Mean Air Temperature [C](Daily),393.0,95.5,352,360,363,365,0,360,5
2020,242,SG_retrofit_1_Insul_retrofit_4_TR_retrofit_3_BW_retrofit_1,1.2,5.6,4.2,8.5,0.019500000000000003,21.85783427381003,retained_renamed_boiler_heating_energy_output,1,BLOCK BUILDINGBLOCK1 STOREY 0:Zone Mean Air Temperature [C](Daily),575.0,104.86,358,362,365,365,0,362,3
2020,243,SG_retrofit_1_Insul_retrofit_4_TR_retrofit_3_BW_retrofit_2,1.2,5.6,4.4,8.5,0.01775,20.836386364844078,retained_renamed_boiler_heating_energy_output,1,BLOCK BUILDINGBLOCK1 STOREY 0:Zone Mean Air Temperature [C](Daily),572.0,100.33,358,362,365,365,0,362,3
2020,244,SG_retrofit_1_Insul_retrofit_4_TR_retrofit_3_BW_retrofit_3,1.2,5.6,6.5,8.5,0.016875,20.20552124492679,retained_renamed_boiler_heating_energy_output,1,BLOCK BUILDINGBLOCK1 STOREY 0:Zone Mean Air Temperature [C](Daily),593.0,112.66,358,362,365,365,0,362,3
2020,245,SG_retrofit_1_Insul_retrofit_4_TR_retrofit_3_BW_retrofit_4,1.2,5.6,6.7,8.5,0.016875,20.230265798542074,retained_renamed_boiler_heating_energy_output,1,BLOCK BUILDINGBLOCK1 STOREY 0:Zone Mean Air Temperature [C](Daily),615.0,104.0,358,362,365,365,0,362,3
2020,246,SG_retrofit_1_Insul_retrofit_4_TR_retrofit_4_BW_current,1.2,5.6,0.45,8.7,0.02125,26.246036390968747,retained_renamed_boiler_heating_energy_output,1,BLOCK BUILDINGBLOCK1 STOREY 0:Zone Mean Air Temperature [C](Daily),431.0,87.68,352,360,363,365,0,360,5
2020,247,SG_retrofit_1_Insul_retrofit_4_TR_retrofit_4_BW_retrofit_1,1.2,5.6,4.2,8.7,0.019500000000000003,21.685287695201524,retained_renamed_boiler_heating_energy_output,1,BLOCK BUILDINGBLOCK1 STOREY 0:Zone Mean Air Temperature [C](Daily),613.0,97.03999999999999,358,362,365,365,0,362,3
2020,248,SG_retrofit_1_Insul_retrofit_4_TR_retrofit_4_BW_retrofit_2,1.2,5.6,4.4,8.7,0.01775,20.83080174749428,retained_renamed_boiler_heating_energy_output,1,BLOCK BUILDINGBLOCK1 STOREY 0:Zone Mean Air Temperature [C](Daily),610.0,92.50999999999999,358,362,365,365,0,362,3
2020,249,SG_retrofit_1_Insul_retrofit_4_TR_retrofit_4_BW_retrofit_3,1.2,5.6,6.5,8.7,0.016875,20.14886499474875,retained_renamed_boiler_heating_energy_output,1,BLOCK BUILDINGBLOCK1 STOREY 0:Zone Mean Air Temperature [C](Daily),631.0,104.84,358,362,365,365,0,362,3
2020,250,SG_retrofit_1_Insul_retrofit_4_TR_retrofit_4_BW_retrofit_4,1.2,5.6,6.7,8.7,0.016875,20.21859885300492,retained_renamed_boiler_heating_energy_output,1,BLOCK BUILDINGBLOCK1 STOREY 0:Zone Mean Air Temperature [C](Daily),653.0,96.18,358,362,365,365,0,362,3
2020,251,SG_retrofit_2_Insul_current_TR_current_BW_current,1.21,0.41,0.45,0.48,0.021625000000000002,33.40748976628762,retained_renamed_boiler_heating_energy_output,1,BLOCK BUILDINGBLOCK1 STOREY 0:Zone Mean Air Temperature [C](Daily),485.0,50.0,359,362,365,365,0,362,3
2020,252,SG_retrofit_2_Insul_current_TR_current_BW_retrofit_1,1.21,0.41,4.2,0.48,0.019875,28.899833420423708,retained_renamed_boiler_heating_energy_output,1,BLOCK BUILDINGBLOCK1 STOREY 0:Zone Mean Air Temperature [C](Daily),667.0,59.36,361,365,365,365,0,365,0
2020,253,SG_retrofit_2_Insul_current_TR_current_BW_retrofit_2,1.21,0.41,4.4,0.48,0.018125,27.894142812423706,retained_renamed_boiler_heating_energy_output,1,BLOCK BUILDINGBLOCK1 STOREY 0:Zone Mean Air Temperature [C](Daily),664.0,54.83,362,365,365,365,0,365,0
2020,254,SG_retrofit_2_Insul_current_TR_current_BW_retrofit_3,1.21,0.41,6.5,0.48,0.017249999999999998,27.355032405972473,retained_renamed_boiler_heating_energy_output,1,BLOCK BUILDINGBLOCK1 STOREY 0:Zone Mean Air Temperature [C](Daily),685.0,67.16,362,365,365,365,0,365,0
2020,255,SG_retrofit_2_Insul_current_TR_current_BW_retrofit_4,1.21,0.41,6.7,0.48,0.017249999999999998,27.381459329797693,retained_renamed_boiler_heating_energy_output,1,BLOCK BUILDINGBLOCK1 STOREY 0:Zone Mean Air Temperature [C](Daily),707.0,58.5,362,365,365,365,0,365,0
2020,256,SG_retrofit_2_Insul_current_TR_retrofit_1_BW_current,1.21,0.41,0.45,4.5,0.021375,28.8335854929,retained_renamed_boiler_heating_energy_output,1,BLOCK BUILDINGBLOCK1 STOREY 0:Zone Mean Air Temperature [C](Daily),574.5,73.28999999999999,359,362,365,365,0,362,3
2020,257,SG_retrofit_2_Insul_current_TR_retrofit_1_BW_retrofit_1,1.21,0.41,4.2,4.5,0.019625000000000004,24.729294614297547,retained_renamed_boiler_heating_energy_output,1,BLOCK BUILDINGBLOCK1 STOREY 0:Zone Mean Air Temperature [C](Daily),756.5,82.65,362,365,365,365,0,365,0
2020,258,SG_retrofit_2_Insul_current_TR_retrofit_1_BW_retrofit_2,1.21,0.41,4.4,4.5,0.017875,23.68778551819631,retained_renamed_boiler_heating_energy_output,1,BLOCK BUILDINGBLOCK1 STOREY 0:Zone Mean Air Temperature [C](Daily),753.5,78.12,362,365,365,365,0,365,0
2020,259,SG_retrofit_2_Insul_current_TR_retrofit_1_BW_retrofit_3,1.21,0.41,6.5,4.5,0.017,23.076049505622397,retained_renamed_boiler_heating_energy_output,1,BLOCK BUILDINGBLOCK1 STOREY 0:Zone Mean Air Temperature [C](Daily),774.5,90.44999999999999,362,365,365,365,0,365,0
2020,260,SG_retrofit_2_Insul_current_TR_retrofit_1_BW_retrofit_4,1.21,0.41,6.7,4.5,0.017,22.6299618750393,retained_renamed_boiler_heating_energy_output,1,BLOCK BUILDINGBLOCK1 STOREY 0:Zone Mean Air Temperature [C](Daily),796.5,81.78999999999999,362,365,365,365,0,365,0
2020,261,SG_retrofit_2_Insul_current_TR_retrofit_2_BW_current,1.21,0.41,0.45,4.7,0.021125,28.608447926434867,retained_renamed_boiler_heating_energy_output,1,BLOCK BUILDINGBLOCK1 STOREY 0:Zone Mean Air Temperature [C](Daily),590.0,54.76,359,362,365,365,0,362,3
2020,262,SG_retrofit_2_Insul_current_TR_retrofit_2_BW_retrofit_1,1.21,0.41,4.2,4.7,0.019375000000000003,24.35289599329559,retained_renamed_boiler_heating_energy_output,1,BLOCK BUILDINGBLOCK1 STOREY 0:Zone Mean Air Temperature [C](Daily),772.0,64.12,362,365,365,365,0,365,0
2020,263,SG_retrofit_2_Insul_current_TR_retrofit_2_BW_retrofit_2,1.21,0.41,4.4,4.7,0.017625000000000002,23.43464820006105,retained_renamed_boiler_heating_energy_output,1,BLOCK BUILDINGBLOCK1 STOREY 0:Zone Mean Air Temperature [C](Daily),769.0,59.589999999999996,362,365,365,365,0,365,0
2020,264,SG_retrofit_2_Insul_current_TR_retrofit_2_BW_retrofit_3,1.21,0.41,6.5,4.7,0.01675,22.591834473203065,retained_renamed_boiler_heating_energy_output,1,BLOCK BUILDINGBLOCK1 STOREY 0:Zone Mean Air Temperature [C](Daily),790.0,71.92,362,365,365,365,0,365,0
2020,265,SG_retrofit_2_Insul_current_TR_retrofit_2_BW_retrofit_4,1.21,0.41,6.7,4.7,0.01675,22.55183457584212,retained_renamed_boiler_heating_energy_output,1,BLOCK BUILDINGBLOCK1 STOREY 0:Zone Mean Air Temperature [C](Daily),812.0,63.26,362,365,365,365,0,365,0
2020,266,SG_retrofit_2_Insul_current_TR_retrofit_3_BW_current,1.21,0.41,0.45,8.5,0.020875,28.174778782786454,retained_renamed_boiler_heating_energy_output,1,BLOCK BUILDINGBLOCK1 STOREY 0:Zone Mean Air Temperature [C](Daily),586.0,68.5,359,362,365,365,0,362,3
2020,267,SG_retrofit_2_Insul_current_TR_retrofit_3_BW_retrofit_1,1.21,0.41,4.2,8.5,0.019125000000000003,23.65429502630032,retained_renamed_boiler_heating_energy_output,1,BLOCK BUILDINGBLOCK1 STOREY 0:Zone Mean Air Temperature [C](Daily),768.0,77.86,362,365,365,365,0,365,0
2020,268,SG_retrofit_2_Insul_current_TR_retrofit_3_BW_retrofit_2,1.21,0.41,4.4,8.5,0.017374999999999998,22.754168138334684,retained_renamed_boiler_heating_energy_output,1,BLOCK BUILDINGBLOCK1 STOREY 0:Zone Mean Air Temperature [C](Daily),765.0,73.33,362,365,365,365,0,365,0
2020,269,SG_retrofit_2_Insul_current_TR_retrofit_3_BW_retrofit_3,1.21,0.41,6.5,8.5,0.0165,22.210991516541824,retained_renamed_boiler_heating_energy_output,1,BLOCK BUILDINGBLOCK1 STOREY 0:Zone Mean Air Temperature [C](Daily),786.0,85.66,362,365,365,365,0,365,0
2020,270,SG_retrofit_2_Insul_current_TR_retrofit_3_BW_retrofit_4,1.21,0.41,6.7,8.5,0.0165,22.05692306041759,retained_renamed_boiler_heating_energy_output,1,BLOCK BUILDINGBLOCK1 STOREY 0:Zone Mean Air Temperature [C](Daily),808.0,77.0,362,365,365,365,0,365,0
2020,271,SG_retrofit_2_Insul_current_TR_retrofit_4_BW_current,1.21,0.41,0.45,8.7,0.020875,28.213428352797038,retained_renamed_boiler_heating_energy_output,1,BLOCK BUILDINGBLOCK1 STOREY 0:Zone Mean Air Temperature [C](Daily),624.0,60.68,359,362,365,365,0,362,3
2020,272,SG_retrofit_2_Insul_current_TR_retrofit_4_BW_retrofit_1,1.21,0.41,4.2,8.7,0.019125000000000003,23.625058073620384,retained_renamed_boiler_heating_energy_output,1,BLOCK BUILDINGBLOCK1 STOREY 0:Zone Mean Air Temperature [C](Daily),806.0,70.03999999999999,362,365,365,365,0,365,0
2020,273,SG_retrofit_2_Insul_current_TR_retrofit_4_BW_retrofit_2,1.21,0.41,4.4,8.7,0.017374999999999998,22.830425939334646,retained_renamed_boiler_heating_energy_output,1,BLOCK BUILDINGBLOCK1 STOREY 0:Zone Mean Air Temperature [C](Daily),803.0,65.50999999999999,362,365,365,365,0,365,0
2020,274,SG_retrofit_2_Insul_current_TR_retrofit_4_BW_retrofit_3,1.21,0.41,6.5,8.7,0.0165,22.240921042405525,retained_renamed_boiler_heating_energy_output,1,BLOCK BUILDINGBLOCK1 STOREY 0:Zone Mean Air Temperature [C](Daily),824.0,77.84,362,365,365,365,0,365,0
2020,275,SG_retrofit_2_Insul_current_TR_retrofit_4_BW_retrofit_4,1.21,0.41,6.7,8.7,0.0165,22.249044228181614,retained_renamed_boiler_heating_energy_output,1,BLOCK BUILDINGBLOCK1 STOREY 0:Zone Mean Air Temperature [C](Daily),846.0,69.18,362,365,365,365,0,365,0
2020,276,SG_retrofit_2_Insul_retrofit_1_TR_current_BW_current,1.21,4.8,0.45,0.48,0.021375,31.620934679099474,retained_renamed_boiler_heating_energy_output,1,BLOCK BUILDINGBLOCK1 STOREY 0:Zone Mean Air Temperature [C](Daily),544.7,60.0,351,360,363,365,0,360,5
2020,277,SG_retrofit_2_Insul_retrofit_1_TR_current_BW_retrofit_1,1.21,4.8,4.2,0.48,0.019625000000000004,26.593802153363608,retained_renamed_boiler_heating_energy_output,1,BLOCK BUILDINGBLOCK1 STOREY 0:Zone Mean Air Temperature [C](Daily),726.7,69.36,356,361,365,365,0,361,4
2020,278,SG_retrofit_2_Insul_retrofit_1_TR_current_BW_retrofit_2,1.21,4.8,4.4,0.48,0.017875,25.905356933828315,retained_renamed_boiler_heating_energy_output,1,BLOCK BUILDINGBLOCK1 STOREY 0:Zone Mean Air Temperature [C](Daily),723.7,64.83,355,361,365,365,0,361,4
2020,279,SG_retrofit_2_Insul_retrofit_1_TR_current_BW_retrofit_3,1.21,4.8,6.5,0.48,0.017,25.07809332112785,retained_renamed_boiler_heating_energy_output,1,BLOCK BUILDINGBLOCK1 STOREY 0:Zone Mean Air Temperature [C](Daily),744.7,77.16,356,361,365,365,0,361,4
2020,280,SG_retrofit_2_Insul_retrofit_1_TR_current_BW_retrofit_4,1.21,4.8,6.7,0.48,0.017,25.00377413971602,retained_renamed_boiler_heating_energy_output,1,BLOCK BUILDINGBLOCK1 STOREY 0:Zone Mean Air Temperature [C](Daily),766.7,68.5,356,361,365,365,0,361,4
2020,281,SG_retrofit_2_Insul_retrofit_1_TR_retrofit_1_BW_current,1.21,4.8,0.45,4.5,0.021125,26.835039127381858,retained_renamed_boiler_heating_energy_output,1,BLOCK BUILDINGBLOCK1 STOREY 0:Zone Mean Air Temperature [C](Daily),634.2,83.28999999999999,352,360,363,365,0,360,5
2020,282,SG_retrofit_2_Insul_retrofit_1_TR_retrofit_1_BW_retrofit_1,1.21,4.8,4.2,4.5,0.019375000000000003,22.09535943848386,retained_renamed_boiler_heating_energy_output,1,BLOCK BUILDINGBLOCK1 STOREY 0:Zone Mean Air Temperature [C](Daily),816.2,92.65,358,362,365,365,0,362,3
2020,283,SG_retrofit_2_Insul_retrofit_1_TR_retrofit_1_BW_retrofit_2,1.21,4.8,4.4,4.5,0.017625000000000002,21.311008966833587,retained_renamed_boiler_heating_energy_output,1,BLOCK BUILDINGBLOCK1 STOREY 0:Zone Mean Air Temperature [C](Daily),813.2,88.12,358,362,365,365,0,362,3
2020,284,SG_retrofit_2_Insul_retrofit_1_TR_retrofit_1_BW_retrofit_3,1.21,4.8,6.5,4.5,0.01675,20.636644535715515,retained_renamed_boiler_heating_energy_output,1,BLOCK BUILDINGBLOCK1 STOREY 0:Zone Mean Air Temperature [C](Daily),834.2,100.44999999999999,358,362,365,365,0,362,3
2020,285,SG_retrofit_2_Insul_retrofit_1_TR_retrofit_1_BW_retrofit_4,1.21,4.8,6.7,4.5,0.01675,20.568146526840287,retained_renamed_boiler_heating_energy_output,1,BLOCK BUILDINGBLOCK1 STOREY 0:Zone Mean Air Temperature [C](Daily),856.2,91.78999999999999,358,362,365,365,0,362,3
2020,286,SG_retrofit_2_Insul_retrofit_1_TR_retrofit_2_BW_current,1.21,4.8,0.45,4.7,0.020875,26.479490821222367,retained_renamed_boiler_heating_energy_output,1,BLOCK BUILDINGBLOCK1 STOREY 0:Zone Mean Air Temperature [C](Daily),649.7,64.76,352,360,363,365,0,360,5
2020,287,SG_retrofit_2_Insul_retrofit_1_TR_retrofit_2_BW_retrofit_1,1.21,4.8,4.2,4.7,0.019125000000000003,21.97051765392438,retained_renamed_boiler_heating_energy_output,1,BLOCK BUILDINGBLOCK1 STOREY 0:Zone Mean Air Temperature [C](Daily),831.7,74.12,358,362,365,365,0,362,3
2020,288,SG_retrofit_2_Insul_retrofit_1_TR_retrofit_2_BW_retrofit_2,1.21,4.8,4.4,4.7,0.017375,21.0959159641207,retained_renamed_boiler_heating_energy_output,1,BLOCK BUILDINGBLOCK1 STOREY 0:Zone Mean Air Temperature [C](Daily),828.7,69.59,358,362,365,365,0,362,3
2020,289,SG_retrofit_2_Insul_retrofit_1_TR_retrofit_2_BW_retrofit_3,1.21,4.8,6.5,4.7,0.0165,20.50764040505075,retained_renamed_boiler_heating_energy_output,1,BLOCK BUILDINGBLOCK1 STOREY 0:Zone Mean Air Temperature [C](Daily),849.7,81.92,358,362,365,365,0,362,3
2020,290,SG_retrofit_2_Insul_retrofit_1_TR_retrofit_2_BW_retrofit_4,1.21,4.8,6.7,4.7,0.0165,20.469349801118888,retained_renamed_boiler_heating_energy_output,1,BLOCK BUILDINGBLOCK1 STOREY 0:Zone Mean Air Temperature [C](Daily),871.7,73.26,358,362,365,365,0,362,3
2020,291,SG_retrofit_2_Insul_retrofit_1_TR_retrofit_3_BW_current,1.21,4.8,0.45,8.5,0.020625,26.020759850255264,retained_renamed_boiler_heating_energy_output,1,BLOCK BUILDINGBLOCK1 STOREY 0:Zone Mean Air Temperature [C](Daily),645.7,78.5,352,360,363,365,0,360,5
2020,292,SG_retrofit_2_Insul_retrofit_1_TR_retrofit_3_BW_retrofit_1,1.21,4.8,4.2,8.5,0.018875000000000003,21.530398919141696,retained_renamed_boiler_heating_energy_output,1,BLOCK BUILDINGBLOCK1 STOREY 0:Zone Mean Air Temperature [C](Daily),827.7,87.86,358,362,365,365,0,362,3
2020,293,SG_retrofit_2_Insul_retrofit_1_TR_retrofit_3_BW_retrofit_2,1.21,4.8,4.4,8.5,0.017125,20.71548385780884,retained_renamed_boiler_heating_energy_output,1,BLOCK BUILDINGBLOCK1 STOREY 0:Zone Mean Air Temperature [C](Daily),824.7,83.33,358,362,365,365,0,362,3
2020,294,SG_retrofit_2_Insul_retrofit_1_TR_retrofit_3_BW_retrofit_3,1.21,4.8,6.5,8.5,0.01625,20.054424698227287,retained_renamed_boiler_heating_energy_output,1,BLOCK BUILDINGBLOCK1 STOREY 0:Zone Mean Air Temperature [C](Daily),845.7,95.66,358,362,365,365,0,362,3
2020,295,SG_retrofit_2_Insul_retrofit_1_TR_retrofit_3_BW_retrofit_4,1.21,4.8,6.7,8.5,0.01625,20.0629167518811,retained_renamed_boiler_heating_energy_output,1,BLOCK BUILDINGBLOCK1 STOREY 0:Zone Mean Air Temperature [C](Daily),867.7,87.0,358,363,365,365,0,363,2
2020,296,SG_retrofit_2_Insul_retrofit_1_TR_retrofit_4_BW_current,1.21,4.8,0.45,8.7,0.020625,26.079721496058852,retained_renamed_boiler_heating_energy_output,1,BLOCK BUILDINGBLOCK1 STOREY 0:Zone Mean Air Temperature [C](Daily),683.7,70.68,352,360,363,365,0,360,5
2020,297,SG_retrofit_2_Insul_retrofit_1_TR_retrofit_4_BW_retrofit_1,1.21,4.8,4.2,8.7,0.018875000000000003,21.550797654481514,retained_renamed_boiler_heating_energy_output,1,BLOCK BUILDINGBLOCK1 STOREY 0:Zone Mean Air Temperature [C](Daily),865.7,80.03999999999999,358,362,365,365,0,362,3
2020,298,SG_retrofit_2_Insul_retrofit_1_TR_retrofit_4_BW_retrofit_2,1.21,4.8,4.4,8.7,0.017125,20.697735613065642,retained_renamed_boiler_heating_energy_output,1,BLOCK BUILDINGBLOCK1 STOREY 0:Zone Mean Air Temperature [C](Daily),862.7,75.50999999999999,358,362,365,365,0,362,3
2020,299,SG_retrofit_2_Insul_retrofit_1_TR_retrofit_4_BW_retrofit_3,1.21,4.8,6.5,8.7,0.01625,19.74366297691095,retained_renamed_boiler_heating_energy_output,1,BLOCK BUILDINGBLOCK1 STOREY 0:Zone Mean Air Temperature [C](Daily),883.7,87.84,358,362,365,365,0,362,3
2020,300,SG_retrofit_2_Insul_retrofit_1_TR_retrofit_4_BW_retrofit_4,1.21,4.8,6.7,8.7,0.01625,19.772827463618746,retained_renamed_boiler_heating_energy_output,1,BLOCK BUILDINGBLOCK1 STOREY 0:Zone Mean Air Temperature [C](Daily),905.7,79.18,358,363,365,365,0,363,2
2020,301,SG_retrofit_2_Insul_retrofit_2_TR_current_BW_current,1.21,5.0,0.45,0.48,0.021125,31.360554741914807,retained_renamed_boiler_heating_energy_output,1,BLOCK BUILDINGBLOCK1 STOREY 0:Zone Mean Air Temperature [C](Daily),562.0,55.92,350,360,363,365,0,360,5
2020,302,SG_retrofit_2_Insul_retrofit_2_TR_current_BW_retrofit_1,1.21,5.0,4.2,0.48,0.019375000000000003,26.45302363614621,retained_renamed_boiler_heating_energy_output,1,BLOCK BUILDINGBLOCK1 STOREY 0:Zone Mean Air Temperature [C](Daily),744.0,65.28,355,361,365,365,0,361,4
2020,303,SG_retrofit_2_Insul_retrofit_2_TR_current_BW_retrofit_2,1.21,5.0,4.4,0.48,0.017625000000000002,25.573036225646835,retained_renamed_boiler_heating_energy_output,1,BLOCK BUILDINGBLOCK1 STOREY 0:Zone Mean Air Temperature [C](Daily),741.0,60.75,355,361,365,365,0,361,4
2020,304,SG_retrofit_2_Insul_retrofit_2_TR_current_BW_retrofit_3,1.21,5.0,6.5,0.48,0.01675,25.13727111817722,retained_renamed_boiler_heating_energy_output,1,BLOCK BUILDINGBLOCK1 STOREY 0:Zone Mean Air Temperature [C](Daily),762.0,73.08,355,361,365,365,0,361,4
2020,305,SG_retrofit_2_Insul_retrofit_2_TR_current_BW_retrofit_4,1.21,5.0,6.7,0.48,0.01675,25.104549881106788,retained_renamed_boiler_heating_energy_output,1,BLOCK BUILDINGBLOCK1 STOREY 0:Zone Mean Air Temperature [C](Daily),784.0,64.42,355,361,365,365,0,361,4
2020,306,SG_retrofit_2_Insul_retrofit_2_TR_retrofit_1_BW_current,1.21,5.0,0.45,4.5,0.020875,26.39475748252128,retained_renamed_boiler_heating_energy_output,1,BLOCK BUILDINGBLOCK1 STOREY 0:Zone Mean Air Temperature [C](Daily),651.5,79.21000000000001,352,360,363,365,0,360,5
2020,307,SG_retrofit_2_Insul_retrofit_2_TR_retrofit_1_BW_retrofit_1,1.21,5.0,4.2,4.5,0.019125000000000003,21.945874457406223,retained_renamed_boiler_heating_energy_output,1,BLOCK BUILDINGBLOCK1 STOREY 0:Zone Mean Air Temperature [C](Daily),833.5,88.57,358,362,365,365,0,362,3
2020,308,SG_retrofit_2_Insul_retrofit_2_TR_retrofit_1_BW_retrofit_2,1.21,5.0,4.4,4.5,0.017375,21.091500406182654,retained_renamed_boiler_heating_energy_output,1,BLOCK BUILDINGBLOCK1 STOREY 0:Zone Mean Air Temperature [C](Daily),830.5,84.03999999999999,358,362,365,365,0,362,3
2020,309,SG_retrofit_2_Insul_retrofit_2_TR_retrofit_1_BW_retrofit_3,1.21,5.0,6.5,4.5,0.0165,20.31335890830173,retained_renamed_boiler_heating_energy_output,1,BLOCK BUILDINGBLOCK1 STOREY 0:Zone Mean Air Temperature [C](Daily),851.5,96.37,358,362,365,365,0,362,3
2020,310,SG_retrofit_2_Insul_retrofit_2_TR_retrofit_1_BW_retrofit_4,1.21,5.0,6.7,4.5,0.0165,20.423716647931165,retained_renamed_boiler_heating_energy_output,1,BLOCK BUILDINGBLOCK1 STOREY 0:Zone Mean Air Temperature [C](Daily),873.5,87.71000000000001,358,362,365,365,0,362,3
2020,311,SG_retrofit_2_Insul_retrofit_2_TR_retrofit_2_BW_current,1.21,5.0,0.45,4.7,0.020625,26.448499672994735,retained_renamed_boiler_heating_energy_output,1,BLOCK BUILDINGBLOCK1 STOREY 0:Zone Mean Air Temperature [C](Daily),667.0,60.68,351,360,363,365,0,360,5
2020,312,SG_retrofit_2_Insul_retrofit_2_TR_retrofit_2_BW_retrofit_1,1.21,5.0,4.2,4.7,0.018875000000000003,21.798569424352973,retained_renamed_boiler_heating_energy_output,1,BLOCK BUILDINGBLOCK1 STOREY 0:Zone Mean Air Temperature [C](Daily),849.0,70.04,358,362,365,365,0,362,3
2020,313,SG_retrofit_2_Insul_retrofit_2_TR_retrofit_2_BW_retrofit_2,1.21,5.0,4.4,4.7,0.017125,20.830741656309424,retained_renamed_boiler_heating_energy_output,1,BLOCK BUILDINGBLOCK1 STOREY 0:Zone Mean Air Temperature [C](Daily),846.0,65.51,358,362,365,365,0,362,3
2020,314,SG_retrofit_2_Insul_retrofit_2_TR_retrofit_2_BW_retrofit_3,1.21,5.0,6.5,4.7,0.01625,20.195017796272474,retained_renamed_boiler_heating_energy_output,1,BLOCK BUILDINGBLOCK1 STOREY 0:Zone Mean Air Temperature [C](Daily),867.0,77.84,358,362,365,365,0,362,3
2020,315,SG_retrofit_2_Insul_retrofit_2_TR_retrofit_2_BW_retrofit_4,1.21,5.0,6.7,4.7,0.01625,20.20113168280606,retained_renamed_boiler_heating_energy_output,1,BLOCK BUILDINGBLOCK1 STOREY 0:Zone Mean Air Temperature [C](Daily),889.0,69.18,358,362,365,365,0,362,3
2020,316,SG_retrofit_2_Insul_retrofit_2_TR_retrofit_3_BW_current,1.21,5.0,0.45,8.5,0.020375,25.889610877697013,retained_renamed_boiler_heating_energy_output,1,BLOCK BUILDINGBLOCK1 STOREY 0:Zone Mean Air Temperature [C](Daily),663.0,74.42,352,360,363,365,0,360,5
2020,317,SG_retrofit_2_Insul_retrofit_2_TR_retrofit_3_BW_retrofit_1,1.21,5.0,4.2,8.5,0.018625,21.298781079206645,retained_renamed_boiler_heating_energy_output,1,BLOCK BUILDINGBLOCK1 STOREY 0:Zone Mean Air Temperature [C](Daily),845.0,83.78,358,362,365,365,0,362,3
2020,318,SG_retrofit_2_Insul_retrofit_2_TR_retrofit_3_BW_retrofit_2,1.21,5.0,4.4,8.5,0.016875,20.49240073033362,retained_renamed_boiler_heating_energy_output,1,BLOCK BUILDINGBLOCK1 STOREY 0:Zone Mean Air Temperature [C](Daily),842.0,79.25,358,362,365,365,0,362,3
2020,319,SG_retrofit_2_Insul_retrofit_2_TR_retrofit_3_BW_retrofit_3,1.21,5.0,6.5,8.5,0.016,19.55866013133429,retained_renamed_boiler_heating_energy_output,1,BLOCK BUILDINGBLOCK1 STOREY 0:Zone Mean Air Temperature [C](Daily),863.0,91.58,358,362,365,365,0,362,3
2020,320,SG_retrofit_2_Insul_retrofit_2_TR_retrofit_3_BW_retrofit_4,1.21,5.0,6.7,8.5,0.016,19.580674651418004,retained_renamed_boiler_heating_energy_output,1,BLOCK BUILDINGBLOCK1 STOREY 0:Zone Mean Air Temperature [C](Daily),885.0,82.92,358,362,365,365,0,362,3
2020,321,SG_retrofit_2_Insul_retrofit_2_TR_retrofit_4_BW_current,1.21,5.0,0.45,8.7,0.020375,25.840136401362695,retained_renamed_boiler_heating_energy_output,1,BLOCK BUILDINGBLOCK1 STOREY 0:Zone Mean Air Temperature [C](Daily),701.0,66.6,352,360,363,365,0,360,5
2020,322,SG_retrofit_2_Insul_retrofit_2_TR_retrofit_4_BW_retrofit_1,1.21,5.0,4.2,8.7,0.018625,21.32659025199371,retained_renamed_boiler_heating_energy_output,1,BLOCK BUILDINGBLOCK1 STOREY 0:Zone Mean Air Temperature [C](Daily),883.0,75.96000000000001,358,362,365,365,0,362,3
2020,323,SG_retrofit_2_Insul_retrofit_2_TR_retrofit_4_BW_retrofit_2,1.21,5.0,4.4,8.7,0.016875,20.461528326268756,retained_renamed_boiler_heating_energy_output,1,BLOCK BUILDINGBLOCK1 STOREY 0:Zone Mean Air Temperature [C](Daily),880.0,71.43,358,362,365,365,0,362,3
2020,324,SG_retrofit_2_Insul_retrofit_2_TR_retrofit_4_BW_retrofit_3,1.21,5.0,6.5,8.7,0.016,19.60868001909981,retained_renamed_boiler_heating_energy_output,1,BLOCK BUILDINGBLOCK1 STOREY 0:Zone Mean Air Temperature [C](Daily),901.0,83.75999999999999,358,362,365,365,0,362,3
2020,325,SG_retrofit_2_Insul_retrofit_2_TR_retrofit_4_BW_retrofit_4,1.21,5.0,6.7,8.7,0.016,19.517323905625616,retained_renamed_boiler_heating_energy_output,1,BLOCK BUILDINGBLOCK1 STOREY 0:Zone Mean Air Temperature [C](Daily),923.0,75.1,358,362,365,365,0,362,3
2020,326,SG_retrofit_2_Insul_retrofit_3_TR_current_BW_current,1.21,5.5,0.45,0.48,0.020875,31.174425152635003,retained_renamed_boiler_heating_energy_output,1,BLOCK BUILDINGBLOCK1 STOREY 0:Zone Mean Air Temperature [C](Daily),572.9,61.0,350,359,363,365,0,359,6
2020,327,SG_retrofit_2_Insul_retrofit_3_TR_current_BW_retrofit_1,1.21,5.5,4.2,0.48,0.019125000000000003,26.37028667997187,retained_renamed_boiler_heating_energy_output,1,BLOCK BUILDINGBLOCK1 STOREY 0:Zone Mean Air Temperature [C](Daily),754.9,70.36,355,361,365,365,0,361,4
2020,328,SG_retrofit_2_Insul_retrofit_3_TR_current_BW_retrofit_2,1.21,5.5,4.4,0.48,0.017374999999999998,25.484092293860122,retained_renamed_boiler_heating_energy_output,1,BLOCK BUILDINGBLOCK1 STOREY 0:Zone Mean Air Temperature [C](Daily),751.9,65.83,355,361,365,365,0,361,4
2020,329,SG_retrofit_2_Insul_retrofit_3_TR_current_BW_retrofit_3,1.21,5.5,6.5,0.48,0.0165,24.85217944371864,retained_renamed_boiler_heating_energy_output,1,BLOCK BUILDINGBLOCK1 STOREY 0:Zone Mean Air Temperature [C](Daily),772.9,78.16,355,361,365,365,0,361,4
2020,330,SG_retrofit_2_Insul_retrofit_3_TR_current_BW_retrofit_4,1.21,5.5,6.7,0.48,0.0165,24.901511915017753,retained_renamed_boiler_heating_energy_output,1,BLOCK BUILDINGBLOCK1 STOREY 0:Zone Mean Air Temperature [C](Daily),794.9,69.5,355,361,365,365,0,361,4
2020,331,SG_retrofit_2_Insul_retrofit_3_TR_retrofit_1_BW_current,1.21,5.5,0.45,4.5,0.020625,26.260155257141335,retained_renamed_boiler_heating_energy_output,1,BLOCK BUILDINGBLOCK1 STOREY 0:Zone Mean Air Temperature [C](Daily),662.4,84.28999999999999,351,360,363,365,0,360,5
2020,332,SG_retrofit_2_Insul_retrofit_3_TR_retrofit_1_BW_retrofit_1,1.21,5.5,4.2,4.5,0.018875000000000003,21.82378283933962,retained_renamed_boiler_heating_energy_output,1,BLOCK BUILDINGBLOCK1 STOREY 0:Zone Mean Air Temperature [C](Daily),844.4,93.65,358,362,365,365,0,362,3
2020,333,SG_retrofit_2_Insul_retrofit_3_TR_retrofit_1_BW_retrofit_2,1.21,5.5,4.4,4.5,0.017125,20.907567180536745,retained_renamed_boiler_heating_energy_output,1,BLOCK BUILDINGBLOCK1 STOREY 0:Zone Mean Air Temperature [C](Daily),841.4,89.12,358,362,365,365,0,362,3
2020,334,SG_retrofit_2_Insul_retrofit_3_TR_retrofit_1_BW_retrofit_3,1.21,5.5,6.5,4.5,0.01625,20.245038410832656,retained_renamed_boiler_heating_energy_output,1,BLOCK BUILDINGBLOCK1 STOREY 0:Zone Mean Air Temperature [C](Daily),862.4,101.44999999999999,358,362,365,365,0,362,3
2020,335,SG_retrofit_2_Insul_retrofit_3_TR_retrofit_1_BW_retrofit_4,1.21,5.5,6.7,4.5,0.01625,20.173133557433857,retained_renamed_boiler_heating_energy_output,1,BLOCK BUILDINGBLOCK1 STOREY 0:Zone Mean Air Temperature [C](Daily),884.4,92.78999999999999,358,362,365,365,0,362,3
2020,336,SG_retrofit_2_Insul_retrofit_3_TR_retrofit_2_BW_current,1.21,5.5,0.45,4.7,0.020375,26.208203842138598,retained_renamed_boiler_heating_energy_output,1,BLOCK BUILDINGBLOCK1 STOREY 0:Zone Mean Air Temperature [C](Daily),677.9,65.76,351,360,363,365,0,360,5
2020,337,SG_retrofit_2_Insul_retrofit_3_TR_retrofit_2_BW_retrofit_1,1.21,5.5,4.2,4.7,0.018625,21.63488355822444,retained_renamed_boiler_heating_energy_output,1,BLOCK BUILDINGBLOCK1 STOREY 0:Zone Mean Air Temperature [C](Daily),859.9,75.12,358,362,365,365,0,362,3
2020,338,SG_retrofit_2_Insul_retrofit_3_TR_retrofit_2_BW_retrofit_2,1.21,5.5,4.4,4.7,0.016875,20.565445862354114,retained_renamed_boiler_heating_energy_output,1,BLOCK BUILDINGBLOCK1 STOREY 0:Zone Mean Air Temperature [C](Daily),856.9,70.59,358,362,365,365,0,362,3
2020,339,SG_retrofit_2_Insul_retrofit_3_TR_retrofit_2_BW_retrofit_3,1.21,5.5,6.5,4.7,0.016,20.079805685983043,retained_renamed_boiler_heating_energy_output,1,BLOCK BUILDINGBLOCK1 STOREY 0:Zone Mean Air Temperature [C](Daily),877.9,82.92,358,362,365,365,0,362,3
2020,340,SG_retrofit_2_Insul_retrofit_3_TR_retrofit_2_BW_retrofit_4,1.21,5.5,6.7,4.7,0.016,19.983427229150436,retained_renamed_boiler_heating_energy_output,1,BLOCK BUILDINGBLOCK1 STOREY 0:Zone Mean Air Temperature [C](Daily),899.9,74.26,358,362,365,365,0,362,3
2020,341,SG_retrofit_2_Insul_retrofit_3_TR_retrofit_3_BW_current,1.21,5.5,0.45,8.5,0.020125,25.732935459310678,retained_renamed_boiler_heating_energy_output,1,BLOCK BUILDINGBLOCK1 STOREY 0:Zone Mean Air Temperature [C](Daily),673.9,79.5,351,360,363,365,0,360,5
2020,342,SG_retrofit_2_Insul_retrofit_3_TR_retrofit_3_BW_retrofit_1,1.21,5.5,4.2,8.5,0.018375,21.254171683597406,retained_renamed_boiler_heating_energy_output,1,BLOCK BUILDINGBLOCK1 STOREY 0:Zone Mean Air Temperature [C](Daily),855.9,88.86,358,362,365,365,0,362,3
2020,343,SG_retrofit_2_Insul_retrofit_3_TR_retrofit_3_BW_retrofit_2,1.21,5.5,4.4,8.5,0.016625,20.337723354780227,retained_renamed_boiler_heating_energy_output,1,BLOCK BUILDINGBLOCK1 STOREY 0:Zone Mean Air Temperature [C](Daily),852.9,84.33,358,362,365,365,0,362,3
2020,344,SG_retrofit_2_Insul_retrofit_3_TR_retrofit_3_BW_retrofit_3,1.21,5.5,6.5,8.5,0.01575,19.733503070145414,retained_renamed_boiler_heating_energy_output,1,BLOCK BUILDINGBLOCK1 STOREY 0:Zone Mean Air Temperature [C](Daily),873.9,96.66,358,362,365,365,0,362,3
2020,345,SG_retrofit_2_Insul_retrofit_3_TR_retrofit_3_BW_retrofit_4,1.21,5.5,6.7,8.5,0.01575,19.407670105006762,retained_renamed_boiler_heating_energy_output,1,BLOCK BUILDINGBLOCK1 STOREY 0:Zone Mean Air Temperature [C](Daily),895.9,88.0,358,362,365,365,0,362,3
2020,346,SG_retrofit_2_Insul_retrofit_3_TR_retrofit_4_BW_current,1.21,5.5,0.45,8.7,0.020125,25.684278783770836,retained_renamed_boiler_heating_energy_output,1,BLOCK BUILDINGBLOCK1 STOREY 0:Zone Mean Air Temperature [C](Daily),711.9,71.68,351,360,363,365,0,360,5
2020,347,SG_retrofit_2_Insul_retrofit_3_TR_retrofit_4_BW_retrofit_1,1.21,5.5,4.2,8.7,0.018375,21.207036785276244,retained_renamed_boiler_heating_energy_output,1,BLOCK BUILDINGBLOCK1 STOREY 0:Zone Mean Air Temperature [C](Daily),893.9,81.03999999999999,358,362,365,365,0,362,3
2020,348,SG_retrofit_2_Insul_retrofit_3_TR_retrofit_4_BW_retrofit_2,1.21,5.5,4.4,8.7,0.016625,20.316691839470963,retained_renamed_boiler_heating_energy_output,1,BLOCK BUILDINGBLOCK1 STOREY 0:Zone Mean Air Temperature [C](Daily),890.9,76.50999999999999,358,362,365,365,0,362,3
2020,349,SG_retrofit_2_Insul_retrofit_3_TR_retrofit_4_BW_retrofit_3,1.21,5.5,6.5,8.7,0.01575,19.433047261382857,retained_renamed_boiler_heating_energy_output,1,BLOCK BUILDINGBLOCK1 STOREY 0:Zone Mean Air Temperature [C](Daily),911.9,88.84,358,362,365,365,0,362,3
2020,350,SG_retrofit_2_Insul_retrofit_3_TR_retrofit_4_BW_retrofit_4,1.21,5.5,6.7,8.7,0.01575,19.407322651939293,retained_renamed_boiler_heating_energy_output,1,BLOCK BUILDINGBLOCK1 STOREY 0:Zone Mean Air Temperature [C](Daily),933.9,80.18,358,362,365,365,0,362,3
2020,351,SG_retrofit_2_Insul_retrofit_4_TR_current_BW_current,1.21,5.6,0.45,0.48,0.020875,31.28084611543112,retained_renamed_boiler_heating_energy_output,1,BLOCK BUILDINGBLOCK1 STOREY 0:Zone Mean Air Temperature [C](Daily),593.0,57.0,350,360,363,365,0,360,5
2020,352,SG_retrofit_2_Insul_retrofit_4_TR_current_BW_retrofit_1,1.21,5.6,4.2,0.48,0.019125000000000003,26.286676716578775,retained_renamed_boiler_heating_energy_output,1,BLOCK BUILDINGBLOCK1 STOREY 0:Zone Mean Air Temperature [C](Daily),775.0,66.36,355,361,365,365,0,361,4
2020,353,SG_retrofit_2_Insul_retrofit_4_TR_current_BW_retrofit_2,1.21,5.6,4.4,0.48,0.017374999999999998,25.424598883166734,retained_renamed_boiler_heating_energy_output,1,BLOCK BUILDINGBLOCK1 STOREY 0:Zone Mean Air Temperature [C](Daily),772.0,61.83,355,361,365,365,0,361,4
2020,354,SG_retrofit_2_Insul_retrofit_4_TR_current_BW_retrofit_3,1.21,5.6,6.5,0.48,0.0165,25.031948769563073,retained_renamed_boiler_heating_energy_output,1,BLOCK BUILDINGBLOCK1 STOREY 0:Zone Mean Air Temperature [C](Daily),793.0,74.16,355,361,365,365,0,361,4
2020,355,SG_retrofit_2_Insul_retrofit_4_TR_current_BW_retrofit_4,1.21,5.6,6.7,0.48,0.0165,25.010309471091517,retained_renamed_boiler_heating_energy_output,1,BLOCK BUILDINGBLOCK1 STOREY 0:Zone Mean Air Temperature [C](Daily),815.0,65.5,355,361,365,365,0,361,4
2020,356,SG_retrofit_2_Insul_retrofit_4_TR_retrofit_1_BW_current,1.21,5.6,0.45,4.5,0.020625,26.303482468482276,retained_renamed_boiler_heating_energy_output,1,BLOCK BUILDINGBLOCK1 STOREY 0:Zone Mean Air Temperature [C](Daily),682.5,80.28999999999999,351,360,363,365,0,360,5
2020,357,SG_retrofit_2_Insul_retrofit_4_TR_retrofit_1_BW_retrofit_1,1.21,5.6,4.2,4.5,0.018875000000000003,21.797395109744233,retained_renamed_boiler_heating_energy_output,1,BLOCK BUILDINGBLOCK1 STOREY 0:Zone Mean Air Temperature [C](Daily),864.5,89.65,358,362,365,365,0,362,3
2020,358,SG_retrofit_2_Insul_retrofit_4_TR_retrofit_1_BW_retrofit_2,1.21,5.6,4.4,4.5,0.017125,20.822595788695015,retained_renamed_boiler_heating_energy_output,1,BLOCK BUILDINGBLOCK1 STOREY 0:Zone Mean Air Temperature [C](Daily),861.5,85.12,358,362,365,365,0,362,3
2020,359,SG_retrofit_2_Insul_retrofit_4_TR_retrofit_1_BW_retrofit_3,1.21,5.6,6.5,4.5,0.01625,20.2992366720981,retained_renamed_boiler_heating_energy_output,1,BLOCK BUILDINGBLOCK1 STOREY 0:Zone Mean Air Temperature [C](Daily),882.5,97.44999999999999,358,362,365,365,0,362,3
2020,360,SG_retrofit_2_Insul_retrofit_4_TR_retrofit_1_BW_retrofit_4,1.21,5.6,6.7,4.5,0.01625,20.178719740115426,retained_renamed_boiler_heating_energy_output,1,BLOCK BUILDINGBLOCK1 STOREY 0:Zone Mean Air Temperature [C](Daily),904.5,88.78999999999999,358,362,365,365,0,362,3
2020,361,SG_retrofit_2_Insul_retrofit_4_TR_retrofit_2_BW_current,1.21,5.6,0.45,4.7,0.020375,26.205896603926682,retained_renamed_boiler_heating_energy_output,1,BLOCK BUILDINGBLOCK1 STOREY 0:Zone Mean Air Temperature [C](Daily),698.0,61.76,351,360,363,365,0,360,5
2020,362,SG_retrofit_2_Insul_retrofit_4_TR_retrofit_2_BW_retrofit_1,1.21,5.6,4.2,4.7,0.018625,21.672144155637866,retained_renamed_boiler_heating_energy_output,1,BLOCK BUILDINGBLOCK1 STOREY 0:Zone Mean Air Temperature [C](Daily),880.0,71.12,358,362,365,365,0,362,3
2020,363,SG_retrofit_2_Insul_retrofit_4_TR_retrofit_2_BW_retrofit_2,1.21,5.6,4.4,4.7,0.016875,20.6895184092293,retained_renamed_boiler_heating_energy_output,1,BLOCK BUILDINGBLOCK1 STOREY 0:Zone Mean Air Temperature [C](Daily),877.0,66.59,357,362,365,365,0,362,3
2020,364,SG_retrofit_2_Insul_retrofit_4_TR_retrofit_2_BW_retrofit_3,1.21,5.6,6.5,4.7,0.016,20.045632103815766,retained_renamed_boiler_heating_energy_output,1,BLOCK BUILDINGBLOCK1 STOREY 0:Zone Mean Air Temperature [C](Daily),898.0,78.92,358,362,365,365,0,362,3
2020,365,SG_retrofit_2_Insul_retrofit_4_TR_retrofit_2_BW_retrofit_4,1.21,5.6,6.7,4.7,0.016,20.05620320154413,retained_renamed_boiler_heating_energy_output,1,BLOCK BUILDINGBLOCK1 STOREY 0:Zone Mean Air Temperature [C](Daily),920.0,70.26,358,362,365,365,0,362,3
2020,366,SG_retrofit_2_Insul_retrofit_4_TR_retrofit_3_BW_current,1.21,5.6,0.45,8.5,0.020125,25.61498866552712,retained_renamed_boiler_heating_energy_output,1,BLOCK BUILDINGBLOCK1 STOREY 0:Zone Mean Air Temperature [C](Daily),694.0,75.5,351,360,363,365,0,360,5
2020,367,SG_retrofit_2_Insul_retrofit_4_TR_retrofit_3_BW_retrofit_1,1.21,5.6,4.2,8.5,0.018375,21.23161227459738,retained_renamed_boiler_heating_energy_output,1,BLOCK BUILDINGBLOCK1 STOREY 0:Zone Mean Air Temperature [C](Daily),876.0,84.86,358,362,365,365,0,362,3
2020,368,SG_retrofit_2_Insul_retrofit_4_TR_retrofit_3_BW_retrofit_2,1.21,5.6,4.4,8.5,0.016625,20.370229171888962,retained_renamed_boiler_heating_energy_output,1,BLOCK BUILDINGBLOCK1 STOREY 0:Zone Mean Air Temperature [C](Daily),873.0,80.33,358,362,365,365,0,362,3
2020,369,SG_retrofit_2_Insul_retrofit_4_TR_retrofit_3_BW_retrofit_3,1.21,5.6,6.5,8.5,0.01575,19.68474222092142,retained_renamed_boiler_heating_energy_output,1,BLOCK BUILDINGBLOCK1 STOREY 0:Zone Mean Air Temperature [C](Daily),894.0,92.66,358,362,365,365,0,362,3
2020,370,SG_retrofit_2_Insul_retrofit_4_TR_retrofit_3_BW_retrofit_4,1.21,5.6,6.7,8.5,0.01575,19.390433136319665,retained_renamed_boiler_heating_energy_output,1,BLOCK BUILDINGBLOCK1 STOREY 0:Zone Mean Air Temperature [C](Daily),916.0,84.0,358,362,365,365,0,362,3
2020,371,SG_retrofit_2_Insul_retrofit_4_TR_retrofit_4_BW_current,1.21,5.6,0.45,8.7,0.020125,25.73108710722319,retained_renamed_boiler_heating_energy_output,1,BLOCK BUILDINGBLOCK1 STOREY 0:Zone Mean Air Temperature [C](Daily),732.0,67.68,351,360,363,365,0,360,5
2020,372,SG_retrofit_2_Insul_retrofit_4_TR_retrofit_4_BW_retrofit_1,1.21,5.6,4.2,8.7,0.018375,21.170154741656017,retained_renamed_boiler_heating_energy_output,1,BLOCK BUILDINGBLOCK1 STOREY 0:Zone Mean Air Temperature [C](Daily),914.0,77.03999999999999,358,362,365,365,0,362,3
2020,373,SG_retrofit_2_Insul_retrofit_4_TR_retrofit_4_BW_retrofit_2,1.21,5.6,4.4,8.7,0.016625,20.296148044364486,retained_renamed_boiler_heating_energy_output,1,BLOCK BUILDINGBLOCK1 STOREY 0:Zone Mean Air Temperature [C](Daily),911.0,72.50999999999999,358,362,365,365,0,362,3
2020,374,SG_retrofit_2_Insul_retrofit_4_TR_retrofit_4_BW_retrofit_3,1.21,5.6,6.5,8.7,0.01575,19.407832386247087,retained_renamed_boiler_heating_energy_output,1,BLOCK BUILDINGBLOCK1 STOREY 0:Zone Mean Air Temperature [C](Daily),932.0,84.84,358,362,365,365,0,362,3
2020,375,SG_retrofit_2_Insul_retrofit_4_TR_retrofit_4_BW_retrofit_4,1.21,5.6,6.7,8.7,0.01575,19.402370434613918,retained_renamed_boiler_heating_energy_output,1,BLOCK BUILDINGBLOCK1 STOREY 0:Zone Mean Air Temperature [C](Daily),954.0,76.18,358,362,365,365,0,362,3
2020,376,SG_retrofit_3_Insul_current_TR_current_BW_current,0.8,0.41,0.45,0.48,0.020500000000000004,32.10744325093396,retained_renamed_boiler_heating_energy_output,1,BLOCK BUILDINGBLOCK1 STOREY 0:Zone Mean Air Temperature [C](Daily),295.0,150.0,359,362,365,365,0,362,3
2020,377,SG_retrofit_3_Insul_current_TR_current_BW_retrofit_1,0.8,0.41,4.2,0.48,0.018750000000000003,27.582414978798248,retained_renamed_boiler_heating_energy_output,1,BLOCK BUILDINGBLOCK1 STOREY 0:Zone Mean Air Temperature [C](Daily),477.0,159.36,362,365,365,365,0,365,0
2020,378,SG_retrofit_3_Insul_current_TR_current_BW_retrofit_2,0.8,0.41,4.4,0.48,0.017,26.631433417817778,retained_renamed_boiler_heating_energy_output,1,BLOCK BUILDINGBLOCK1 STOREY 0:Zone Mean Air Temperature [C](Daily),474.0,154.83,362,365,365,365,0,365,0
2020,379,SG_retrofit_3_Insul_current_TR_current_BW_retrofit_3,0.8,0.41,6.5,0.48,0.016125,26.10239430520057,retained_renamed_boiler_heating_energy_output,1,BLOCK BUILDINGBLOCK1 STOREY 0:Zone Mean Air Temperature [C](Daily),495.0,167.16,362,365,365,365,0,365,0
2020,380,SG_retrofit_3_Insul_current_TR_current_BW_retrofit_4,0.8,0.41,6.7,0.48,0.016125,26.023614050798432,retained_renamed_boiler_heating_energy_output,1,BLOCK BUILDINGBLOCK1 STOREY 0:Zone Mean Air Temperature [C](Daily),517.0,158.5,362,365,365,365,0,365,0
2020,381,SG_retrofit_3_Insul_current_TR_retrofit_1_BW_current,0.8,0.41,0.45,4.5,0.020250000000000004,27.583846824195664,retained_renamed_boiler_heating_energy_output,1,BLOCK BUILDINGBLOCK1 STOREY 0:Zone Mean Air Temperature [C](Daily),384.5,173.29,359,363,365,365,0,363,2
2020,382,SG_retrofit_3_Insul_current_TR_retrofit_1_BW_retrofit_1,0.8,0.41,4.2,4.5,0.0185,23.30131316899487,retained_renamed_boiler_heating_energy_output,1,BLOCK BUILDINGBLOCK1 STOREY 0:Zone Mean Air Temperature [C](Daily),566.5,182.65,362,365,365,365,0,365,0
2020,383,SG_retrofit_3_Insul_current_TR_retrofit_1_BW_retrofit_2,0.8,0.41,4.4,4.5,0.01675,22.46532317632234,retained_renamed_boiler_heating_energy_output,1,BLOCK BUILDINGBLOCK1 STOREY 0:Zone Mean Air Temperature [C](Daily),563.5,178.12,362,365,365,365,0,365,0
2020,384,SG_retrofit_3_Insul_current_TR_retrofit_1_BW_retrofit_3,0.8,0.41,6.5,4.5,0.015875,21.51118946482596,retained_renamed_boiler_heating_energy_output,1,BLOCK BUILDINGBLOCK1 STOREY 0:Zone Mean Air Temperature [C](Daily),584.5,190.45,362,365,365,365,0,365,0
2020,385,SG_retrofit_3_Insul_current_TR_retrofit_1_BW_retrofit_4,0.8,0.41,6.7,4.5,0.015875,21.479261085599937,retained_renamed_boiler_heating_energy_output,1,BLOCK BUILDINGBLOCK1 STOREY 0:Zone Mean Air Temperature [C](Daily),606.5,181.79,362,365,365,365,0,365,0
2020,386,SG_retrofit_3_Insul_current_TR_retrofit_2_BW_current,0.8,0.41,0.45,4.7,0.020000000000000004,27.424555911978256,retained_renamed_boiler_heating_energy_output,1,BLOCK BUILDINGBLOCK1 STOREY 0:Zone Mean Air Temperature [C](Daily),400.0,154.76,359,363,365,365,0,363,2
2020,387,SG_retrofit_3_Insul_current_TR_retrofit_2_BW_retrofit_1,0.8,0.41,4.2,4.7,0.01825,23.190442237020097,retained_renamed_boiler_heating_energy_output,1,BLOCK BUILDINGBLOCK1 STOREY 0:Zone Mean Air Temperature [C](Daily),582.0,164.12,362,365,365,365,0,365,0
2020,388,SG_retrofit_3_Insul_current_TR_retrofit_2_BW_retrofit_2,0.8,0.41,4.4,4.7,0.0165,22.23709685491678,retained_renamed_boiler_heating_energy_output,1,BLOCK BUILDINGBLOCK1 STOREY 0:Zone Mean Air Temperature [C](Daily),579.0,159.59,362,365,365,365,0,365,0
2020,389,SG_retrofit_3_Insul_current_TR_retrofit_2_BW_retrofit_3,0.8,0.41,6.5,4.7,0.015625,21.30652769218778,retained_renamed_boiler_heating_energy_output,1,BLOCK BUILDINGBLOCK1 STOREY 0:Zone Mean Air Temperature [C](Daily),600.0,171.92,362,365,365,365,0,365,0
2020,390,SG_retrofit_3_Insul_current_TR_retrofit_2_BW_retrofit_4,0.8,0.41,6.7,4.7,0.015625,21.3622456758593,retained_renamed_boiler_heating_energy_output,1,BLOCK BUILDINGBLOCK1 STOREY 0:Zone Mean Air Temperature [C](Daily),622.0,163.26,362,365,365,365,0,365,0
2020,391,SG_retrofit_3_Insul_current_TR_retrofit_3_BW_current,0.8,0.41,0.45,8.5,0.019750000000000004,26.84739550871077,retained_renamed_boiler_heating_energy_output,1,BLOCK BUILDINGBLOCK1 STOREY 0:Zone Mean Air Temperature [C](Daily),396.0,168.5,359,363,365,365,0,363,2
2020,392,SG_retrofit_3_Insul_current_TR_retrofit_3_BW_retrofit_1,0.8,0.41,4.2,8.5,0.018,22.428854813816166,retained_renamed_boiler_heating_energy_output,1,BLOCK BUILDINGBLOCK1 STOREY 0:Zone Mean Air Temperature [C](Daily),578.0,177.86,362,365,365,365,0,365,0
2020,393,SG_retrofit_3_Insul_current_TR_retrofit_3_BW_retrofit_2,0.8,0.41,4.4,8.5,0.01625,21.59924289377017,retained_renamed_boiler_heating_energy_output,1,BLOCK BUILDINGBLOCK1 STOREY 0:Zone Mean Air Temperature [C](Daily),575.0,173.33,362,365,365,365,0,365,0
2020,394,SG_retrofit_3_Insul_current_TR_retrofit_3_BW_retrofit_3,0.8,0.41,6.5,8.5,0.015375,20.89420593547883,retained_renamed_boiler_heating_energy_output,1,BLOCK BUILDINGBLOCK1 STOREY 0:Zone Mean Air Temperature [C](Daily),596.0,185.66,362,365,365,365,0,365,0
2020,395,SG_retrofit_3_Insul_current_TR_retrofit_3_BW_retrofit_4,0.8,0.41,6.7,8.5,0.015375,20.919305593197276,retained_renamed_boiler_heating_energy_output,1,BLOCK BUILDINGBLOCK1 STOREY 0:Zone Mean Air Temperature [C](Daily),618.0,177.0,362,365,365,365,0,365,0
2020,396,SG_retrofit_3_Insul_current_TR_retrofit_4_BW_current,0.8,0.41,0.45,8.7,0.019750000000000004,26.90404632885538,retained_renamed_boiler_heating_energy_output,1,BLOCK BUILDINGBLOCK1 STOREY 0:Zone Mean Air Temperature [C](Daily),434.0,160.68,359,363,365,365,0,363,2
2020,397,SG_retrofit_3_Insul_current_TR_retrofit_4_BW_retrofit_1,0.8,0.41,4.2,8.7,0.018,22.479324663322608,retained_renamed_boiler_heating_energy_output,1,BLOCK BUILDINGBLOCK1 STOREY 0:Zone Mean Air Temperature [C](Daily),616.0,170.04000000000002,362,365,365,365,0,365,0
2020,398,SG_retrofit_3_Insul_current_TR_retrofit_4_BW_retrofit_2,0.8,0.41,4.4,8.7,0.01625,21.57391385093092,retained_renamed_boiler_heating_energy_output,1,BLOCK BUILDINGBLOCK1 STOREY 0:Zone Mean Air Temperature [C](Daily),613.0,165.51000000000002,362,365,365,365,0,365,0
2020,399,SG_retrofit_3_Insul_current_TR_retrofit_4_BW_retrofit_3,0.8,0.41,6.5,8.7,0.015375,20.88414625543464,retained_renamed_boiler_heating_energy_output,1,BLOCK BUILDINGBLOCK1 STOREY 0:Zone Mean Air Temperature [C](Daily),634.0,177.84,362,365,365,365,0,365,0
2020,400,SG_retrofit_3_Insul_current_TR_retrofit_4_BW_retrofit_4,0.8,0.41,6.7,8.7,0.015375,20.894019807834763,retained_renamed_boiler_heating_energy_output,1,BLOCK BUILDINGBLOCK1 STOREY 0:Zone Mean Air Temperature [C](Daily),656.0,169.18,362,365,365,365,0,365,0
2020,401,SG_retrofit_3_Insul_retrofit_1_TR_current_BW_current,0.8,4.8,0.45,0.48,0.020250000000000004,30.459279353876035,retained_renamed_boiler_heating_energy_output,1,BLOCK BUILDINGBLOCK1 STOREY 0:Zone Mean Air Temperature [C](Daily),354.7,160.0,350,360,363,365,0,360,5
2020,402,SG_retrofit_3_Insul_retrofit_1_TR_current_BW_retrofit_1,0.8,4.8,4.2,0.48,0.0185,25.379044931197235,retained_renamed_boiler_heating_energy_output,1,BLOCK BUILDINGBLOCK1 STOREY 0:Zone Mean Air Temperature [C](Daily),536.7,169.36,355,361,365,365,0,361,4
2020,403,SG_retrofit_3_Insul_retrofit_1_TR_current_BW_retrofit_2,0.8,4.8,4.4,0.48,0.01675,24.576943783451124,retained_renamed_boiler_heating_energy_output,1,BLOCK BUILDINGBLOCK1 STOREY 0:Zone Mean Air Temperature [C](Daily),533.7,164.83,355,361,365,365,0,361,4
2020,404,SG_retrofit_3_Insul_retrofit_1_TR_current_BW_retrofit_3,0.8,4.8,6.5,0.48,0.015875,23.662569830650977,retained_renamed_boiler_heating_energy_output,1,BLOCK BUILDINGBLOCK1 STOREY 0:Zone Mean Air Temperature [C](Daily),554.7,177.16,355,361,365,365,0,361,4
2020,405,SG_retrofit_3_Insul_retrofit_1_TR_current_BW_retrofit_4,0.8,4.8,6.7,0.48,0.015875,23.674060171044708,retained_renamed_boiler_heating_energy_output,1,BLOCK BUILDINGBLOCK1 STOREY 0:Zone Mean Air Temperature [C](Daily),576.7,168.5,355,361,365,365,0,361,4
2020,406,SG_retrofit_3_Insul_retrofit_1_TR_retrofit_1_BW_current,0.8,4.8,0.45,4.5,0.020000000000000004,25.440272993911233,retained_renamed_boiler_heating_energy_output,1,BLOCK BUILDINGBLOCK1 STOREY 0:Zone Mean Air Temperature [C](Daily),444.2,183.29,351,360,363,365,0,360,5
2020,407,SG_retrofit_3_Insul_retrofit_1_TR_retrofit_1_BW_retrofit_1,0.8,4.8,4.2,4.5,0.01825,20.784893497439793,retained_renamed_boiler_heating_energy_output,1,BLOCK BUILDINGBLOCK1 STOREY 0:Zone Mean Air Temperature [C](Daily),626.2,192.65,358,362,365,365,0,362,3
2020,408,SG_retrofit_3_Insul_retrofit_1_TR_retrofit_1_BW_retrofit_2,0.8,4.8,4.4,4.5,0.0165,19.88989315229744,retained_renamed_boiler_heating_energy_output,1,BLOCK BUILDINGBLOCK1 STOREY 0:Zone Mean Air Temperature [C](Daily),623.2,188.12,358,362,365,365,0,362,3
2020,409,SG_retrofit_3_Insul_retrofit_1_TR_retrofit_1_BW_retrofit_3,0.8,4.8,6.5,4.5,0.015625,19.338126191014332,retained_renamed_boiler_heating_energy_output,1,BLOCK BUILDINGBLOCK1 STOREY 0:Zone Mean Air Temperature [C](Daily),644.2,200.45,358,362,365,365,0,362,3
2020,410,SG_retrofit_3_Insul_retrofit_1_TR_retrofit_1_BW_retrofit_4,0.8,4.8,6.7,4.5,0.015625,19.31713718092456,retained_renamed_boiler_heating_energy_output,1,BLOCK BUILDINGBLOCK1 STOREY 0:Zone Mean Air Temperature [C](Daily),666.2,191.79,358,363,365,365,0,363,2
2020,411,SG_retrofit_3_Insul_retrofit_1_TR_retrofit_2_BW_current,0.8,4.8,0.45,4.7,0.019750000000000004,25.25579497478662,retained_renamed_boiler_heating_energy_output,1,BLOCK BUILDINGBLOCK1 STOREY 0:Zone Mean Air Temperature [C](Daily),459.7,164.76,351,360,363,365,0,360,5
2020,412,SG_retrofit_3_Insul_retrofit_1_TR_retrofit_2_BW_retrofit_1,0.8,4.8,4.2,4.7,0.018,20.656196848473737,retained_renamed_boiler_heating_energy_output,1,BLOCK BUILDINGBLOCK1 STOREY 0:Zone Mean Air Temperature [C](Daily),641.7,174.12,358,362,365,365,0,362,3
2020,413,SG_retrofit_3_Insul_retrofit_1_TR_retrofit_2_BW_retrofit_2,0.8,4.8,4.4,4.7,0.01625,19.78648526428157,retained_renamed_boiler_heating_energy_output,1,BLOCK BUILDINGBLOCK1 STOREY 0:Zone Mean Air Temperature [C](Daily),638.7,169.59,358,362,365,365,0,362,3
2020,414,SG_retrofit_3_Insul_retrofit_1_TR_retrofit_2_BW_retrofit_3,0.8,4.8,6.5,4.7,0.015375,19.122370672748698,retained_renamed_boiler_heating_energy_output,1,BLOCK BUILDINGBLOCK1 STOREY 0:Zone Mean Air Temperature [C](Daily),659.7,181.92,358,363,365,365,0,363,2
2020,415,SG_retrofit_3_Insul_retrofit_1_TR_retrofit_2_BW_retrofit_4,0.8,4.8,6.7,4.7,0.015375,19.051596161666996,retained_renamed_boiler_heating_energy_output,1,BLOCK BUILDINGBLOCK1 STOREY 0:Zone Mean Air Temperature [C](Daily),681.7,173.26,358,363,365,365,0,363,2
2020,416,SG_retrofit_3_Insul_retrofit_1_TR_retrofit_3_BW_current,0.8,4.8,0.45,8.5,0.019500000000000003,24.848851000772232,retained_renamed_boiler_heating_energy_output,1,BLOCK BUILDINGBLOCK1 STOREY 0:Zone Mean Air Temperature [C](Daily),455.7,178.5,352,360,363,365,0,360,5
2020,417,SG_retrofit_3_Insul_retrofit_1_TR_retrofit_3_BW_retrofit_1,0.8,4.8,4.2,8.5,0.01775,20.24667596414977,retained_renamed_boiler_heating_energy_output,1,BLOCK BUILDINGBLOCK1 STOREY 0:Zone Mean Air Temperature [C](Daily),637.7,187.86,358,362,365,365,0,362,3
2020,418,SG_retrofit_3_Insul_retrofit_1_TR_retrofit_3_BW_retrofit_2,0.8,4.8,4.4,8.5,0.016,19.35588068083935,retained_renamed_boiler_heating_energy_output,1,BLOCK BUILDINGBLOCK1 STOREY 0:Zone Mean Air Temperature [C](Daily),634.7,183.33,358,363,365,365,0,363,2
2020,419,SG_retrofit_3_Insul_retrofit_1_TR_retrofit_3_BW_retrofit_3,0.8,4.8,6.5,8.5,0.015125,18.34778510764866,retained_renamed_boiler_heating_energy_output,1,BLOCK BUILDINGBLOCK1 STOREY 0:Zone Mean Air Temperature [C](Daily),655.7,195.66,358,363,365,365,0,363,2
2020,420,SG_retrofit_3_Insul_retrofit_1_TR_retrofit_3_BW_retrofit_4,0.8,4.8,6.7,8.5,0.015125,18.369205605569075,retained_renamed_boiler_heating_energy_output,1,BLOCK BUILDINGBLOCK1 STOREY 0:Zone Mean Air Temperature [C](Daily),677.7,187.0,358,363,365,365,0,363,2
2020,421,SG_retrofit_3_Insul_retrofit_1_TR_retrofit_4_BW_current,0.8,4.8,0.45,8.7,0.019500000000000003,24.872475643712143,retained_renamed_boiler_heating_energy_output,1,BLOCK BUILDINGBLOCK1 STOREY 0:Zone Mean Air Temperature [C](Daily),493.7,170.68,352,360,363,365,0,360,5
2020,422,SG_retrofit_3_Insul_retrofit_1_TR_retrofit_4_BW_retrofit_1,0.8,4.8,4.2,8.7,0.01775,20.196424109082187,retained_renamed_boiler_heating_energy_output,1,BLOCK BUILDINGBLOCK1 STOREY 0:Zone Mean Air Temperature [C](Daily),675.7,180.04000000000002,358,362,365,365,0,362,3
2020,423,SG_retrofit_3_Insul_retrofit_1_TR_retrofit_4_BW_retrofit_2,0.8,4.8,4.4,8.7,0.016,19.348678410040964,retained_renamed_boiler_heating_energy_output,1,BLOCK BUILDINGBLOCK1 STOREY 0:Zone Mean Air Temperature [C](Daily),672.7,175.51000000000002,358,363,365,365,0,363,2
2020,424,SG_retrofit_3_Insul_retrofit_1_TR_retrofit_4_BW_retrofit_3,0.8,4.8,6.5,8.7,0.015125,18.435566722551734,retained_renamed_boiler_heating_energy_output,1,BLOCK BUILDINGBLOCK1 STOREY 0:Zone Mean Air Temperature [C](Daily),693.7,187.84,358,363,365,365,0,363,2
2020,425,SG_retrofit_3_Insul_retrofit_1_TR_retrofit_4_BW_retrofit_4,0.8,4.8,6.7,8.7,0.015125,18.414233163223432,retained_renamed_boiler_heating_energy_output,1,BLOCK BUILDINGBLOCK1 STOREY 0:Zone Mean Air Temperature [C](Daily),715.7,179.18,358,363,365,365,0,363,2
2020,426,SG_retrofit_3_Insul_retrofit_2_TR_current_BW_current,0.8,5.0,0.45,0.48,0.020000000000000004,30.132524243960262,retained_renamed_boiler_heating_energy_output,1,BLOCK BUILDINGBLOCK1 STOREY 0:Zone Mean Air Temperature [C](Daily),372.0,155.92,350,360,363,365,0,360,5
2020,427,SG_retrofit_3_Insul_retrofit_2_TR_current_BW_retrofit_1,0.8,5.0,4.2,0.48,0.01825,25.253490628048713,retained_renamed_boiler_heating_energy_output,1,BLOCK BUILDINGBLOCK1 STOREY 0:Zone Mean Air Temperature [C](Daily),554.0,165.27999999999997,355,361,365,365,0,361,4
2020,428,SG_retrofit_3_Insul_retrofit_2_TR_current_BW_retrofit_2,0.8,5.0,4.4,0.48,0.0165,24.064032214299786,retained_renamed_boiler_heating_energy_output,1,BLOCK BUILDINGBLOCK1 STOREY 0:Zone Mean Air Temperature [C](Daily),551.0,160.75,355,361,365,365,0,361,4
2020,429,SG_retrofit_3_Insul_retrofit_2_TR_current_BW_retrofit_3,0.8,5.0,6.5,0.48,0.015625,23.459149301237016,retained_renamed_boiler_heating_energy_output,1,BLOCK BUILDINGBLOCK1 STOREY 0:Zone Mean Air Temperature [C](Daily),572.0,173.07999999999998,355,361,365,365,0,361,4
2020,430,SG_retrofit_3_Insul_retrofit_2_TR_current_BW_retrofit_4,0.8,5.0,6.7,0.48,0.015625,23.506527598955373,retained_renamed_boiler_heating_energy_output,1,BLOCK BUILDINGBLOCK1 STOREY 0:Zone Mean Air Temperature [C](Daily),594.0,164.42,355,361,365,365,0,361,4
2020,431,SG_retrofit_3_Insul_retrofit_2_TR_retrofit_1_BW_current,0.8,5.0,0.45,4.5,0.019750000000000004,25.165764140527436,retained_renamed_boiler_heating_energy_output,1,BLOCK BUILDINGBLOCK1 STOREY 0:Zone Mean Air Temperature [C](Daily),461.5,179.20999999999998,350,360,363,365,0,360,5
2020,432,SG_retrofit_3_Insul_retrofit_2_TR_retrofit_1_BW_retrofit_1,0.8,5.0,4.2,4.5,0.018,20.63508993404811,retained_renamed_boiler_heating_energy_output,1,BLOCK BUILDINGBLOCK1 STOREY 0:Zone Mean Air Temperature [C](Daily),643.5,188.56999999999996,357,362,365,365,0,362,3
2020,433,SG_retrofit_3_Insul_retrofit_2_TR_retrofit_1_BW_retrofit_2,0.8,5.0,4.4,4.5,0.01625,19.71252730930502,retained_renamed_boiler_heating_energy_output,1,BLOCK BUILDINGBLOCK1 STOREY 0:Zone Mean Air Temperature [C](Daily),640.5,184.04,357,362,365,365,0,362,3
2020,434,SG_retrofit_3_Insul_retrofit_2_TR_retrofit_1_BW_retrofit_3,0.8,5.0,6.5,4.5,0.015375,18.99492038131395,retained_renamed_boiler_heating_energy_output,1,BLOCK BUILDINGBLOCK1 STOREY 0:Zone Mean Air Temperature [C](Daily),661.5,196.36999999999998,356,362,365,365,0,362,3
2020,435,SG_retrofit_3_Insul_retrofit_2_TR_retrofit_1_BW_retrofit_4,0.8,5.0,6.7,4.5,0.015375,19.03614406474048,retained_renamed_boiler_heating_energy_output,1,BLOCK BUILDINGBLOCK1 STOREY 0:Zone Mean Air Temperature [C](Daily),683.5,187.70999999999998,357,362,365,365,0,362,3
2020,436,SG_retrofit_3_Insul_retrofit_2_TR_retrofit_2_BW_current,0.8,5.0,0.45,4.7,0.019500000000000003,25.095709121492593,retained_renamed_boiler_heating_energy_output,1,BLOCK BUILDINGBLOCK1 STOREY 0:Zone Mean Air Temperature [C](Daily),477.0,160.67999999999998,350,360,363,365,0,360,5
2020,437,SG_retrofit_3_Insul_retrofit_2_TR_retrofit_2_BW_retrofit_1,0.8,5.0,4.2,4.7,0.01775,20.420956375052363,retained_renamed_boiler_heating_energy_output,1,BLOCK BUILDINGBLOCK1 STOREY 0:Zone Mean Air Temperature [C](Daily),659.0,170.03999999999996,357,362,365,365,0,362,3
2020,438,SG_retrofit_3_Insul_retrofit_2_TR_retrofit_2_BW_retrofit_2,0.8,5.0,4.4,4.7,0.016,19.603580970694544,retained_renamed_boiler_heating_energy_output,1,BLOCK BUILDINGBLOCK1 STOREY 0:Zone Mean Air Temperature [C](Daily),656.0,165.51,357,362,365,365,0,362,3
2020,439,SG_retrofit_3_Insul_retrofit_2_TR_retrofit_2_BW_retrofit_3,0.8,5.0,6.5,4.7,0.015125,18.865440645266506,retained_renamed_boiler_heating_energy_output,1,BLOCK BUILDINGBLOCK1 STOREY 0:Zone Mean Air Temperature [C](Daily),677.0,177.83999999999997,357,362,365,365,0,362,3
2020,440,SG_retrofit_3_Insul_retrofit_2_TR_retrofit_2_BW_retrofit_4,0.8,5.0,6.7,4.7,0.015125,18.888981511921337,retained_renamed_boiler_heating_energy_output,1,BLOCK BUILDINGBLOCK1 STOREY 0:Zone Mean Air Temperature [C](Daily),699.0,169.17999999999998,357,362,365,365,0,362,3
2020,441,SG_retrofit_3_Insul_retrofit_2_TR_retrofit_3_BW_current,0.8,5.0,0.45,8.5,0.019250000000000003,24.80701036651626,retained_renamed_boiler_heating_energy_output,1,BLOCK BUILDINGBLOCK1 STOREY 0:Zone Mean Air Temperature [C](Daily),473.0,174.42,351,360,363,365,0,360,5
2020,442,SG_retrofit_3_Insul_retrofit_2_TR_retrofit_3_BW_retrofit_1,0.8,5.0,4.2,8.5,0.017499999999999998,20.047611959255388,retained_renamed_boiler_heating_energy_output,1,BLOCK BUILDINGBLOCK1 STOREY 0:Zone Mean Air Temperature [C](Daily),655.0,183.77999999999997,358,362,365,365,0,362,3
2020,443,SG_retrofit_3_Insul_retrofit_2_TR_retrofit_3_BW_retrofit_2,0.8,5.0,4.4,8.5,0.01575,19.18888165366874,retained_renamed_boiler_heating_energy_output,1,BLOCK BUILDINGBLOCK1 STOREY 0:Zone Mean Air Temperature [C](Daily),652.0,179.25,357,362,365,365,0,362,3
2020,444,SG_retrofit_3_Insul_retrofit_2_TR_retrofit_3_BW_retrofit_3,0.8,5.0,6.5,8.5,0.014875,18.19371156079474,retained_renamed_boiler_heating_energy_output,1,BLOCK BUILDINGBLOCK1 STOREY 0:Zone Mean Air Temperature [C](Daily),673.0,191.57999999999998,357,362,365,365,0,362,3
2020,445,SG_retrofit_3_Insul_retrofit_2_TR_retrofit_3_BW_retrofit_4,0.8,5.0,6.7,8.5,0.014875,18.215114603341107,retained_renamed_boiler_heating_energy_output,1,BLOCK BUILDINGBLOCK1 STOREY 0:Zone Mean Air Temperature [C](Daily),695.0,182.92,357,362,365,365,0,362,3
2020,446,SG_retrofit_3_Insul_retrofit_2_TR_retrofit_4_BW_current,0.8,5.0,0.45,8.7,0.019250000000000003,24.624047674789367,retained_renamed_boiler_heating_energy_output,1,BLOCK BUILDINGBLOCK1 STOREY 0:Zone Mean Air Temperature [C](Daily),511.0,166.6,351,360,363,365,0,360,5
2020,447,SG_retrofit_3_Insul_retrofit_2_TR_retrofit_4_BW_retrofit_1,0.8,5.0,4.2,8.7,0.017499999999999998,20.098354554811944,retained_renamed_boiler_heating_energy_output,1,BLOCK BUILDINGBLOCK1 STOREY 0:Zone Mean Air Temperature [C](Daily),693.0,175.95999999999998,358,362,365,365,0,362,3
2020,448,SG_retrofit_3_Insul_retrofit_2_TR_retrofit_4_BW_retrofit_2,0.8,5.0,4.4,8.7,0.01575,19.20858630021467,retained_renamed_boiler_heating_energy_output,1,BLOCK BUILDINGBLOCK1 STOREY 0:Zone Mean Air Temperature [C](Daily),690.0,171.43,357,362,365,365,0,362,3
2020,449,SG_retrofit_3_Insul_retrofit_2_TR_retrofit_4_BW_retrofit_3,0.8,5.0,6.5,8.7,0.014875,18.196803321781246,retained_renamed_boiler_heating_energy_output,1,BLOCK BUILDINGBLOCK1 STOREY 0:Zone Mean Air Temperature [C](Daily),711.0,183.76,357,362,365,365,0,362,3
2020,450,SG_retrofit_3_Insul_retrofit_2_TR_retrofit_4_BW_retrofit_4,0.8,5.0,6.7,8.7,0.014875,18.216233233352334,retained_renamed_boiler_heating_energy_output,1,BLOCK BUILDINGBLOCK1 STOREY 0:Zone Mean Air Temperature [C](Daily),733.0,175.1,357,362,365,365,0,362,3
2020,451,SG_retrofit_3_Insul_retrofit_3_TR_current_BW_current,0.8,5.5,0.45,0.48,0.019750000000000004,29.945646693002814,retained_renamed_boiler_heating_energy_output,1,BLOCK BUILDINGBLOCK1 STOREY 0:Zone Mean Air Temperature [C](Daily),382.9,161.0,350,359,363,365,0,359,6
2020,452,SG_retrofit_3_Insul_retrofit_3_TR_current_BW_retrofit_1,0.8,5.5,4.2,0.48,0.018,25.05845689273348,retained_renamed_boiler_heating_energy_output,1,BLOCK BUILDINGBLOCK1 STOREY 0:Zone Mean Air Temperature [C](Daily),564.9,170.36,355,361,365,365,0,361,4
2020,453,SG_retrofit_3_Insul_retrofit_3_TR_current_BW_retrofit_2,0.8,5.5,4.4,0.48,0.01625,24.283628216172833,retained_renamed_boiler_heating_energy_output,1,BLOCK BUILDINGBLOCK1 STOREY 0:Zone Mean Air Temperature [C](Daily),561.9,165.83,355,361,365,365,0,361,4
2020,454,SG_retrofit_3_Insul_retrofit_3_TR_current_BW_retrofit_3,0.8,5.5,6.5,0.48,0.015375,23.240024156686218,retained_renamed_boiler_heating_energy_output,1,BLOCK BUILDINGBLOCK1 STOREY 0:Zone Mean Air Temperature [C](Daily),582.9,178.16,355,361,365,365,0,361,4
2020,455,SG_retrofit_3_Insul_retrofit_3_TR_current_BW_retrofit_4,0.8,5.5,6.7,0.48,0.015375,23.301166245822053,retained_renamed_boiler_heating_energy_output,1,BLOCK BUILDINGBLOCK1 STOREY 0:Zone Mean Air Temperature [C](Daily),604.9,169.5,355,361,365,365,0,361,4
2020,456,SG_retrofit_3_Insul_retrofit_3_TR_retrofit_1_BW_current,0.8,5.5,0.45,4.5,0.019500000000000003,25.010031245851426,retained_renamed_boiler_heating_energy_output,1,BLOCK BUILDINGBLOCK1 STOREY 0:Zone Mean Air Temperature [C](Daily),472.4,184.29,350,360,363,365,0,360,5
2020,457,SG_retrofit_3_Insul_retrofit_3_TR_retrofit_1_BW_retrofit_1,0.8,5.5,4.2,4.5,0.01775,20.47570819290066,retained_renamed_boiler_heating_energy_output,1,BLOCK BUILDINGBLOCK1 STOREY 0:Zone Mean Air Temperature [C](Daily),654.4,193.65,356,362,365,365,0,362,3
2020,458,SG_retrofit_3_Insul_retrofit_3_TR_retrofit_1_BW_retrofit_2,0.8,5.5,4.4,4.5,0.016,19.57677856064056,retained_renamed_boiler_heating_energy_output,1,BLOCK BUILDINGBLOCK1 STOREY 0:Zone Mean Air Temperature [C](Daily),651.4,189.12,356,362,365,365,0,362,3
2020,459,SG_retrofit_3_Insul_retrofit_3_TR_retrofit_1_BW_retrofit_3,0.8,5.5,6.5,4.5,0.015125,18.817639157981645,retained_renamed_boiler_heating_energy_output,1,BLOCK BUILDINGBLOCK1 STOREY 0:Zone Mean Air Temperature [C](Daily),672.4,201.45,356,362,365,365,0,362,3
2020,460,SG_retrofit_3_Insul_retrofit_3_TR_retrofit_1_BW_retrofit_4,0.8,5.5,6.7,4.5,0.015125,18.87008801403071,retained_renamed_boiler_heating_energy_output,1,BLOCK BUILDINGBLOCK1 STOREY 0:Zone Mean Air Temperature [C](Daily),694.4,192.79,356,362,365,365,0,362,3
2020,461,SG_retrofit_3_Insul_retrofit_3_TR_retrofit_2_BW_current,0.8,5.5,0.45,4.7,0.019250000000000003,24.87589849255841,retained_renamed_boiler_heating_energy_output,1,BLOCK BUILDINGBLOCK1 STOREY 0:Zone Mean Air Temperature [C](Daily),487.9,165.76,350,360,363,365,0,360,5
2020,462,SG_retrofit_3_Insul_retrofit_3_TR_retrofit_2_BW_retrofit_1,0.8,5.5,4.2,4.7,0.017499999999999998,20.239790301968604,retained_renamed_boiler_heating_energy_output,1,BLOCK BUILDINGBLOCK1 STOREY 0:Zone Mean Air Temperature [C](Daily),669.9,175.12,356,362,365,365,0,362,3
2020,463,SG_retrofit_3_Insul_retrofit_3_TR_retrofit_2_BW_retrofit_2,0.8,5.5,4.4,4.7,0.01575,19.37927803713319,retained_renamed_boiler_heating_energy_output,1,BLOCK BUILDINGBLOCK1 STOREY 0:Zone Mean Air Temperature [C](Daily),666.9,170.59,357,362,365,365,0,362,3
2020,464,SG_retrofit_3_Insul_retrofit_3_TR_retrofit_2_BW_retrofit_3,0.8,5.5,6.5,4.7,0.014875,18.717935207077904,retained_renamed_boiler_heating_energy_output,1,BLOCK BUILDINGBLOCK1 STOREY 0:Zone Mean Air Temperature [C](Daily),687.9,182.92,356,362,365,365,0,362,3
2020,465,SG_retrofit_3_Insul_retrofit_3_TR_retrofit_2_BW_retrofit_4,0.8,5.5,6.7,4.7,0.014875,18.71236118795274,retained_renamed_boiler_heating_energy_output,1,BLOCK BUILDINGBLOCK1 STOREY 0:Zone Mean Air Temperature [C](Daily),709.9,174.26,356,362,365,365,0,362,3
2020,466,SG_retrofit_3_Insul_retrofit_3_TR_retrofit_3_BW_current,0.8,5.5,0.45,8.5,0.019000000000000003,24.5553178698615,retained_renamed_boiler_heating_energy_output,1,BLOCK BUILDINGBLOCK1 STOREY 0:Zone Mean Air Temperature [C](Daily),483.9,179.5,350,360,363,365,0,360,5
2020,467,SG_retrofit_3_Insul_retrofit_3_TR_retrofit_3_BW_retrofit_1,0.8,5.5,4.2,8.5,0.017249999999999998,19.930875398713038,retained_renamed_boiler_heating_energy_output,1,BLOCK BUILDINGBLOCK1 STOREY 0:Zone Mean Air Temperature [C](Daily),665.9,188.86,357,362,365,365,0,362,3
2020,468,SG_retrofit_3_Insul_retrofit_3_TR_retrofit_3_BW_retrofit_2,0.8,5.5,4.4,8.5,0.0155,19.02269665340067,retained_renamed_boiler_heating_energy_output,1,BLOCK BUILDINGBLOCK1 STOREY 0:Zone Mean Air Temperature [C](Daily),662.9,184.33,357,362,365,365,0,362,3
2020,469,SG_retrofit_3_Insul_retrofit_3_TR_retrofit_3_BW_retrofit_3,0.8,5.5,6.5,8.5,0.014624999999999999,17.94557922343332,retained_renamed_boiler_heating_energy_output,1,BLOCK BUILDINGBLOCK1 STOREY 0:Zone Mean Air Temperature [C](Daily),683.9,196.66,357,362,365,365,0,362,3
2020,470,SG_retrofit_3_Insul_retrofit_3_TR_retrofit_3_BW_retrofit_4,0.8,5.5,6.7,8.5,0.014624999999999999,18.01612488582695,retained_renamed_boiler_heating_energy_output,1,BLOCK BUILDINGBLOCK1 STOREY 0:Zone Mean Air Temperature [C](Daily),705.9,188.0,357,362,365,365,0,362,3
2020,471,SG_retrofit_3_Insul_retrofit_3_TR_retrofit_4_BW_current,0.8,5.5,0.45,8.7,0.019000000000000003,24.51671954426773,retained_renamed_boiler_heating_energy_output,1,BLOCK BUILDINGBLOCK1 STOREY 0:Zone Mean Air Temperature [C](Daily),521.9,171.68,350,360,363,365,0,360,5
2020,472,SG_retrofit_3_Insul_retrofit_3_TR_retrofit_4_BW_retrofit_1,0.8,5.5,4.2,8.7,0.017249999999999998,19.824140597919406,retained_renamed_boiler_heating_energy_output,1,BLOCK BUILDINGBLOCK1 STOREY 0:Zone Mean Air Temperature [C](Daily),703.9,181.04000000000002,357,362,365,365,0,362,3
2020,473,SG_retrofit_3_Insul_retrofit_3_TR_retrofit_4_BW_retrofit_2,0.8,5.5,4.4,8.7,0.0155,19.026747070173293,retained_renamed_boiler_heating_energy_output,1,BLOCK BUILDINGBLOCK1 STOREY 0:Zone Mean Air Temperature [C](Daily),700.9,176.51000000000002,357,362,365,365,0,362,3
2020,474,SG_retrofit_3_Insul_retrofit_3_TR_retrofit_4_BW_retrofit_3,0.8,5.5,6.5,8.7,0.014624999999999999,18.074487924172537,retained_renamed_boiler_heating_energy_output,1,BLOCK BUILDINGBLOCK1 STOREY 0:Zone Mean Air Temperature [C](Daily),721.9,188.84,357,362,365,365,0,362,3
2020,475,SG_retrofit_3_Insul_retrofit_3_TR_retrofit_4_BW_retrofit_4,0.8,5.5,6.7,8.7,0.014624999999999999,18.20939468782382,retained_renamed_boiler_heating_energy_output,1,BLOCK BUILDINGBLOCK1 STOREY 0:Zone Mean Air Temperature [C](Daily),743.9,180.18,357,362,365,365,0,362,3
2020,476,SG_retrofit_3_Insul_retrofit_4_TR_current_BW_current,0.8,5.6,0.45,0.48,0.019750000000000004,30.03757889249296,retained_renamed_boiler_heating_energy_output,1,BLOCK BUILDINGBLOCK1 STOREY 0:Zone Mean Air Temperature [C](Daily),403.0,157.0,350,359,363,365,0,359,6
2020,477,SG_retrofit_3_Insul_retrofit_4_TR_current_BW_retrofit_1,0.8,5.6,4.2,0.48,0.018,24.985441240603166,retained_renamed_boiler_heating_energy_output,1,BLOCK BUILDINGBLOCK1 STOREY 0:Zone Mean Air Temperature [C](Daily),585.0,166.36,355,361,365,365,0,361,4
2020,478,SG_retrofit_3_Insul_retrofit_4_TR_current_BW_retrofit_2,0.8,5.6,4.4,0.48,0.01625,24.11791467261366,retained_renamed_boiler_heating_energy_output,1,BLOCK BUILDINGBLOCK1 STOREY 0:Zone Mean Air Temperature [C](Daily),582.0,161.83,355,361,365,365,0,361,4
2020,479,SG_retrofit_3_Insul_retrofit_4_TR_current_BW_retrofit_3,0.8,5.6,6.5,0.48,0.015375,23.17997218424443,retained_renamed_boiler_heating_energy_output,1,BLOCK BUILDINGBLOCK1 STOREY 0:Zone Mean Air Temperature [C](Daily),603.0,174.16,355,361,365,365,0,361,4
2020,480,SG_retrofit_3_Insul_retrofit_4_TR_current_BW_retrofit_4,0.8,5.6,6.7,0.48,0.015375,23.274293797520286,retained_renamed_boiler_heating_energy_output,1,BLOCK BUILDINGBLOCK1 STOREY 0:Zone Mean Air Temperature [C](Daily),625.0,165.5,355,361,365,365,0,361,4
2020,481,SG_retrofit_3_Insul_retrofit_4_TR_retrofit_1_BW_current,0.8,5.6,0.45,4.5,0.019500000000000003,25.15175403724625,retained_renamed_boiler_heating_energy_output,1,BLOCK BUILDINGBLOCK1 STOREY 0:Zone Mean Air Temperature [C](Daily),492.5,180.29,350,360,363,365,0,360,5
2020,482,SG_retrofit_3_Insul_retrofit_4_TR_retrofit_1_BW_retrofit_1,0.8,5.6,4.2,4.5,0.01775,20.46931249230889,retained_renamed_boiler_heating_energy_output,1,BLOCK BUILDINGBLOCK1 STOREY 0:Zone Mean Air Temperature [C](Daily),674.5,189.65,356,362,365,365,0,362,3
2020,483,SG_retrofit_3_Insul_retrofit_4_TR_retrofit_1_BW_retrofit_2,0.8,5.6,4.4,4.5,0.016,19.56402756941199,retained_renamed_boiler_heating_energy_output,1,BLOCK BUILDINGBLOCK1 STOREY 0:Zone Mean Air Temperature [C](Daily),671.5,185.12,356,362,365,365,0,362,3
2020,484,SG_retrofit_3_Insul_retrofit_4_TR_retrofit_1_BW_retrofit_3,0.8,5.6,6.5,4.5,0.015125,18.870311058237334,retained_renamed_boiler_heating_energy_output,1,BLOCK BUILDINGBLOCK1 STOREY 0:Zone Mean Air Temperature [C](Daily),692.5,197.45,356,362,365,365,0,362,3
2020,485,SG_retrofit_3_Insul_retrofit_4_TR_retrofit_1_BW_retrofit_4,0.8,5.6,6.7,4.5,0.015125,18.91842135033402,retained_renamed_boiler_heating_energy_output,1,BLOCK BUILDINGBLOCK1 STOREY 0:Zone Mean Air Temperature [C](Daily),714.5,188.79,356,362,365,365,0,362,3
2020,486,SG_retrofit_3_Insul_retrofit_4_TR_retrofit_2_BW_current,0.8,5.6,0.45,4.7,0.019250000000000003,24.98493942897102,retained_renamed_boiler_heating_energy_output,1,BLOCK BUILDINGBLOCK1 STOREY 0:Zone Mean Air Temperature [C](Daily),508.0,161.76,350,360,363,365,0,360,5
2020,487,SG_retrofit_3_Insul_retrofit_4_TR_retrofit_2_BW_retrofit_1,0.8,5.6,4.2,4.7,0.017499999999999998,20.302945562766716,retained_renamed_boiler_heating_energy_output,1,BLOCK BUILDINGBLOCK1 STOREY 0:Zone Mean Air Temperature [C](Daily),690.0,171.12,356,362,365,365,0,362,3
2020,488,SG_retrofit_3_Insul_retrofit_4_TR_retrofit_2_BW_retrofit_2,0.8,5.6,4.4,4.7,0.01575,19.388232901819617,retained_renamed_boiler_heating_energy_output,1,BLOCK BUILDINGBLOCK1 STOREY 0:Zone Mean Air Temperature [C](Daily),687.0,166.59,356,362,365,365,0,362,3
2020,489,SG_retrofit_3_Insul_retrofit_4_TR_retrofit_2_BW_retrofit_3,0.8,5.6,6.5,4.7,0.014875,18.722189180328584,retained_renamed_boiler_heating_energy_output,1,BLOCK BUILDINGBLOCK1 STOREY 0:Zone Mean Air Temperature [C](Daily),708.0,178.92,356,362,365,365,0,362,3
2020,490,SG_retrofit_3_Insul_retrofit_4_TR_retrofit_2_BW_retrofit_4,0.8,5.6,6.7,4.7,0.014875,18.678591912404045,retained_renamed_boiler_heating_energy_output,1,BLOCK BUILDINGBLOCK1 STOREY 0:Zone Mean Air Temperature [C](Daily),730.0,170.26,356,362,365,365,0,362,3
2020,491,SG_retrofit_3_Insul_retrofit_4_TR_retrofit_3_BW_current,0.8,5.6,0.45,8.5,0.019000000000000003,24.50849955025021,retained_renamed_boiler_heating_energy_output,1,BLOCK BUILDINGBLOCK1 STOREY 0:Zone Mean Air Temperature [C](Daily),504.0,175.5,350,360,363,365,0,360,5
2020,492,SG_retrofit_3_Insul_retrofit_4_TR_retrofit_3_BW_retrofit_1,0.8,5.6,4.2,8.5,0.017249999999999998,19.88286528549012,retained_renamed_boiler_heating_energy_output,1,BLOCK BUILDINGBLOCK1 STOREY 0:Zone Mean Air Temperature [C](Daily),686.0,184.86,356,362,365,365,0,362,3
2020,493,SG_retrofit_3_Insul_retrofit_4_TR_retrofit_3_BW_retrofit_2,0.8,5.6,4.4,8.5,0.0155,19.10825209768805,retained_renamed_boiler_heating_energy_output,1,BLOCK BUILDINGBLOCK1 STOREY 0:Zone Mean Air Temperature [C](Daily),683.0,180.33,356,362,365,365,0,362,3
2020,494,SG_retrofit_3_Insul_retrofit_4_TR_retrofit_3_BW_retrofit_3,0.8,5.6,6.5,8.5,0.014624999999999999,17.942549820469573,retained_renamed_boiler_heating_energy_output,1,BLOCK BUILDINGBLOCK1 STOREY 0:Zone Mean Air Temperature [C](Daily),704.0,192.66,356,362,365,365,0,362,3
2020,495,SG_retrofit_3_Insul_retrofit_4_TR_retrofit_3_BW_retrofit_4,0.8,5.6,6.7,8.5,0.014624999999999999,18.032162975515195,retained_renamed_boiler_heating_energy_output,1,BLOCK BUILDINGBLOCK1 STOREY 0:Zone Mean Air Temperature [C](Daily),726.0,184.0,356,362,365,365,0,362,3
2020,496,SG_retrofit_3_Insul_retrofit_4_TR_retrofit_4_BW_current,0.8,5.6,0.45,8.7,0.019000000000000003,24.5329972667221,retained_renamed_boiler_heating_energy_output,1,BLOCK BUILDINGBLOCK1 STOREY 0:Zone Mean Air Temperature [C](Daily),542.0,167.68,350,360,363,365,0,360,5
2020,497,SG_retrofit_3_Insul_retrofit_4_TR_retrofit_4_BW_retrofit_1,0.8,5.6,4.2,8.7,0.017249999999999998,19.8628612858005,retained_renamed_boiler_heating_energy_output,1,BLOCK BUILDINGBLOCK1 STOREY 0:Zone Mean Air Temperature [C](Daily),724.0,177.04000000000002,356,362,365,365,0,362,3
2020,498,SG_retrofit_3_Insul_retrofit_4_TR_retrofit_4_BW_retrofit_2,0.8,5.6,4.4,8.7,0.0155,18.997028208073885,retained_renamed_boiler_heating_energy_output,1,BLOCK BUILDINGBLOCK1 STOREY 0:Zone Mean Air Temperature [C](Daily),721.0,172.51000000000002,356,362,365,365,0,362,3
2020,499,SG_retrofit_3_Insul_retrofit_4_TR_retrofit_4_BW_retrofit_3,0.8,5.6,6.5,8.7,0.014624999999999999,17.96808226783268,retained_renamed_boiler_heating_energy_output,1,BLOCK BUILDINGBLOCK1 STOREY 0:Zone Mean Air Temperature [C](Daily),742.0,184.84,356,362,365,365,0,362,3
2020,500,SG_retrofit_3_Insul_retrofit_4_TR_retrofit_4_BW_retrofit_4,0.8,5.6,6.7,8.7,0.014624999999999999,18.29357007676672,retained_renamed_boiler_heating_energy_output,1,BLOCK BUILDINGBLOCK1 STOREY 0:Zone Mean Air Temperature [C](Daily),764.0,176.18,356,362,365,365,0,362,3
2020,501,SG_retrofit_4_Insul_current_TR_current_BW_current,0.81,0.41,0.45,0.48,0.019375000000000003,31.842871813362564,retained_renamed_boiler_heating_energy_output,1,BLOCK BUILDINGBLOCK1 STOREY 0:Zone Mean Air Temperature [C](Daily),622.0,120.0,359,362,365,365,0,362,3
2020,502,SG_retrofit_4_Insul_current_TR_current_BW_retrofit_1,0.81,0.41,4.2,0.48,0.017625,27.086038564687897,retained_renamed_boiler_heating_energy_output,1,BLOCK BUILDINGBLOCK1 STOREY 0:Zone Mean Air Temperature [C](Daily),804.0,129.36,362,365,365,365,0,365,0
2020,503,SG_retrofit_4_Insul_current_TR_current_BW_retrofit_2,0.81,0.41,4.4,0.48,0.015875,26.016243004800582,retained_renamed_boiler_heating_energy_output,1,BLOCK BUILDINGBLOCK1 STOREY 0:Zone Mean Air Temperature [C](Daily),801.0,124.83,362,365,365,365,0,365,0
2020,504,SG_retrofit_4_Insul_current_TR_current_BW_retrofit_3,0.81,0.41,6.5,0.48,0.015,25.386258834225792,retained_renamed_boiler_heating_energy_output,1,BLOCK BUILDINGBLOCK1 STOREY 0:Zone Mean Air Temperature [C](Daily),822.0,137.16,362,365,365,365,0,365,0
2020,505,SG_retrofit_4_Insul_current_TR_current_BW_retrofit_4,0.81,0.41,6.7,0.48,0.015,25.422951123115126,retained_renamed_boiler_heating_energy_output,1,BLOCK BUILDINGBLOCK1 STOREY 0:Zone Mean Air Temperature [C](Daily),844.0,128.5,362,365,365,365,0,365,0
2020,506,SG_retrofit_4_Insul_current_TR_retrofit_1_BW_current,0.81,0.41,0.45,4.5,0.019125000000000003,26.913411272371317,retained_renamed_boiler_heating_energy_output,1,BLOCK BUILDINGBLOCK1 STOREY 0:Zone Mean Air Temperature [C](Daily),711.5,143.29,359,363,365,365,0,363,2
2020,507,SG_retrofit_4_Insul_current_TR_retrofit_1_BW_retrofit_1,0.81,0.41,4.2,4.5,0.017374999999999998,22.73314971590817,retained_renamed_boiler_heating_energy_output,1,BLOCK BUILDINGBLOCK1 STOREY 0:Zone Mean Air Temperature [C](Daily),893.5,152.65,362,365,365,365,0,365,0
2020,508,SG_retrofit_4_Insul_current_TR_retrofit_1_BW_retrofit_2,0.81,0.41,4.4,4.5,0.015625,21.896474912250365,retained_renamed_boiler_heating_energy_output,1,BLOCK BUILDINGBLOCK1 STOREY 0:Zone Mean Air Temperature [C](Daily),890.5,148.12,362,365,365,365,0,365,0
2020,509,SG_retrofit_4_Insul_current_TR_retrofit_1_BW_retrofit_3,0.81,0.41,6.5,4.5,0.01475,20.94628771559644,retained_renamed_boiler_heating_energy_output,1,BLOCK BUILDINGBLOCK1 STOREY 0:Zone Mean Air Temperature [C](Daily),911.5,160.45,362,365,365,365,0,365,0
2020,510,SG_retrofit_4_Insul_current_TR_retrofit_1_BW_retrofit_4,0.81,0.41,6.7,4.5,0.01475,20.95396964941116,retained_renamed_boiler_heating_energy_output,1,BLOCK BUILDINGBLOCK1 STOREY 0:Zone Mean Air Temperature [C](Daily),933.5,151.79,362,365,365,365,0,365,0
2020,511,SG_retrofit_4_Insul_current_TR_retrofit_2_BW_current,0.81,0.41,0.45,4.7,0.018875000000000003,26.69880610604838,retained_renamed_boiler_heating_energy_output,1,BLOCK BUILDINGBLOCK1 STOREY 0:Zone Mean Air Temperature [C](Daily),727.0,124.76,359,363,365,365,0,363,2
2020,512,SG_retrofit_4_Insul_current_TR_retrofit_2_BW_retrofit_1,0.81,0.41,4.2,4.7,0.017125,22.524263129177466,retained_renamed_boiler_heating_energy_output,1,BLOCK BUILDINGBLOCK1 STOREY 0:Zone Mean Air Temperature [C](Daily),909.0,134.12,362,365,365,365,0,365,0
2020,513,SG_retrofit_4_Insul_current_TR_retrofit_2_BW_retrofit_2,0.81,0.41,4.4,4.7,0.015375,21.325200067732585,retained_renamed_boiler_heating_energy_output,1,BLOCK BUILDINGBLOCK1 STOREY 0:Zone Mean Air Temperature [C](Daily),906.0,129.59,362,365,365,365,0,365,0
2020,514,SG_retrofit_4_Insul_current_TR_retrofit_2_BW_retrofit_3,0.81,0.41,6.5,4.7,0.014500000000000002,20.856363359315637,retained_renamed_boiler_heating_energy_output,1,BLOCK BUILDINGBLOCK1 STOREY 0:Zone Mean Air Temperature [C](Daily),927.0,141.92,362,365,365,365,0,365,0
2020,515,SG_retrofit_4_Insul_current_TR_retrofit_2_BW_retrofit_4,0.81,0.41,6.7,4.7,0.014500000000000002,20.777323687774345,retained_renamed_boiler_heating_energy_output,1,BLOCK BUILDINGBLOCK1 STOREY 0:Zone Mean Air Temperature [C](Daily),949.0,133.26,362,365,365,365,0,365,0
2020,516,SG_retrofit_4_Insul_current_TR_retrofit_3_BW_current,0.81,0.41,0.45,8.5,0.018625,26.29546729091278,retained_renamed_boiler_heating_energy_output,1,BLOCK BUILDINGBLOCK1 STOREY 0:Zone Mean Air Temperature [C](Daily),723.0,138.5,359,363,365,365,0,363,2
2020,517,SG_retrofit_4_Insul_current_TR_retrofit_3_BW_retrofit_1,0.81,0.41,4.2,8.5,0.016874999999999998,21.924044206989652,retained_renamed_boiler_heating_energy_output,1,BLOCK BUILDINGBLOCK1 STOREY 0:Zone Mean Air Temperature [C](Daily),905.0,147.86,362,365,365,365,0,365,0
2020,518,SG_retrofit_4_Insul_current_TR_retrofit_3_BW_retrofit_2,0.81,0.41,4.4,8.5,0.015125,21.045009080899902,retained_renamed_boiler_heating_energy_output,1,BLOCK BUILDINGBLOCK1 STOREY 0:Zone Mean Air Temperature [C](Daily),902.0,143.32999999999998,362,365,365,365,0,365,0
2020,519,SG_retrofit_4_Insul_current_TR_retrofit_3_BW_retrofit_3,0.81,0.41,6.5,8.5,0.014249999999999999,20.32875861139746,retained_renamed_boiler_heating_energy_output,1,BLOCK BUILDINGBLOCK1 STOREY 0:Zone Mean Air Temperature [C](Daily),923.0,155.66,362,365,365,365,0,365,0
2020,520,SG_retrofit_4_Insul_current_TR_retrofit_3_BW_retrofit_4,0.81,0.41,6.7,8.5,0.014249999999999999,20.330763690234736,retained_renamed_boiler_heating_energy_output,1,BLOCK BUILDINGBLOCK1 STOREY 0:Zone Mean Air Temperature [C](Daily),945.0,147.0,362,365,365,365,0,365,0
2020,521,SG_retrofit_4_Insul_current_TR_retrofit_4_BW_current,0.81,0.41,0.45,8.7,0.018625,26.249719346392563,retained_renamed_boiler_heating_energy_output,1,BLOCK BUILDINGBLOCK1 STOREY 0:Zone Mean Air Temperature [C](Daily),761.0,130.68,359,363,365,365,0,363,2
2020,522,SG_retrofit_4_Insul_current_TR_retrofit_4_BW_retrofit_1,0.81,0.41,4.2,8.7,0.016874999999999998,21.909721815472228,retained_renamed_boiler_heating_energy_output,1,BLOCK BUILDINGBLOCK1 STOREY 0:Zone Mean Air Temperature [C](Daily),943.0,140.04000000000002,362,365,365,365,0,365,0
2020,523,SG_retrofit_4_Insul_current_TR_retrofit_4_BW_retrofit_2,0.81,0.41,4.4,8.7,0.015125,21.00677795287376,retained_renamed_boiler_heating_energy_output,1,BLOCK BUILDINGBLOCK1 STOREY 0:Zone Mean Air Temperature [C](Daily),940.0,135.51,362,365,365,365,0,365,0
2020,524,SG_retrofit_4_Insul_current_TR_retrofit_4_BW_retrofit_3,0.81,0.41,6.5,8.7,0.014249999999999999,20.375756112804268,retained_renamed_boiler_heating_energy_output,1,BLOCK BUILDINGBLOCK1 STOREY 0:Zone Mean Air Temperature [C](Daily),961.0,147.84,362,365,365,365,0,365,0
2020,525,SG_retrofit_4_Insul_current_TR_retrofit_4_BW_retrofit_4,0.81,0.41,6.7,8.7,0.014249999999999999,20.30703382024961,retained_renamed_boiler_heating_energy_output,1,BLOCK BUILDINGBLOCK1 STOREY 0:Zone Mean Air Temperature [C](Daily),983.0,139.18,362,365,365,365,0,365,0
2020,526,SG_retrofit_4_Insul_retrofit_1_TR_current_BW_current,0.81,4.8,0.45,0.48,0.019125000000000003,29.707721303080223,retained_renamed_boiler_heating_energy_output,1,BLOCK BUILDINGBLOCK1 STOREY 0:Zone Mean Air Temperature [C](Daily),681.7,130.0,350,360,363,365,0,360,5
2020,527,SG_retrofit_4_Insul_retrofit_1_TR_current_BW_retrofit_1,0.81,4.8,4.2,0.48,0.017374999999999998,24.850627068779236,retained_renamed_boiler_heating_energy_output,1,BLOCK BUILDINGBLOCK1 STOREY 0:Zone Mean Air Temperature [C](Daily),863.7,139.36,355,361,365,365,0,361,4
2020,528,SG_retrofit_4_Insul_retrofit_1_TR_current_BW_retrofit_2,0.81,4.8,4.4,0.48,0.015625,24.08362031458151,retained_renamed_boiler_heating_energy_output,1,BLOCK BUILDINGBLOCK1 STOREY 0:Zone Mean Air Temperature [C](Daily),860.7,134.83,355,361,365,365,0,361,4
2020,529,SG_retrofit_4_Insul_retrofit_1_TR_current_BW_retrofit_3,0.81,4.8,6.5,0.48,0.01475,23.065441320991095,retained_renamed_boiler_heating_energy_output,1,BLOCK BUILDINGBLOCK1 STOREY 0:Zone Mean Air Temperature [C](Daily),881.7,147.16,355,361,365,365,0,361,4
2020,530,SG_retrofit_4_Insul_retrofit_1_TR_current_BW_retrofit_4,0.81,4.8,6.7,0.48,0.01475,22.99683766828463,retained_renamed_boiler_heating_energy_output,1,BLOCK BUILDINGBLOCK1 STOREY 0:Zone Mean Air Temperature [C](Daily),903.7,138.5,355,361,365,365,0,361,4
2020,531,SG_retrofit_4_Insul_retrofit_1_TR_retrofit_1_BW_current,0.81,4.8,0.45,4.5,0.018875000000000003,24.867002178848846,retained_renamed_boiler_heating_energy_output,1,BLOCK BUILDINGBLOCK1 STOREY 0:Zone Mean Air Temperature [C](Daily),771.2,153.29,351,360,363,365,0,360,5
2020,532,SG_retrofit_4_Insul_retrofit_1_TR_retrofit_1_BW_retrofit_1,0.81,4.8,4.2,4.5,0.017125,20.26738028359171,retained_renamed_boiler_heating_energy_output,1,BLOCK BUILDINGBLOCK1 STOREY 0:Zone Mean Air Temperature [C](Daily),953.2,162.65,358,362,365,365,0,362,3
2020,533,SG_retrofit_4_Insul_retrofit_1_TR_retrofit_1_BW_retrofit_2,0.81,4.8,4.4,4.5,0.015375,19.399920659059738,retained_renamed_boiler_heating_energy_output,1,BLOCK BUILDINGBLOCK1 STOREY 0:Zone Mean Air Temperature [C](Daily),950.2,158.12,357,363,365,365,0,363,2
2020,534,SG_retrofit_4_Insul_retrofit_1_TR_retrofit_1_BW_retrofit_3,0.81,4.8,6.5,4.5,0.014500000000000002,18.767814690575683,retained_renamed_boiler_heating_energy_output,1,BLOCK BUILDINGBLOCK1 STOREY 0:Zone Mean Air Temperature [C](Daily),971.2,170.45,358,363,365,365,0,363,2
2020,535,SG_retrofit_4_Insul_retrofit_1_TR_retrofit_1_BW_retrofit_4,0.81,4.8,6.7,4.5,0.014500000000000002,18.69532461673407,retained_renamed_boiler_heating_energy_output,1,BLOCK BUILDINGBLOCK1 STOREY 0:Zone Mean Air Temperature [C](Daily),993.2,161.79,358,363,365,365,0,363,2
2020,536,SG_retrofit_4_Insul_retrofit_1_TR_retrofit_2_BW_current,0.81,4.8,0.45,4.7,0.018625,24.77754151299818,retained_renamed_boiler_heating_energy_output,1,BLOCK BUILDINGBLOCK1 STOREY 0:Zone Mean Air Temperature [C](Daily),786.7,134.76,351,360,363,365,0,360,5
2020,537,SG_retrofit_4_Insul_retrofit_1_TR_retrofit_2_BW_retrofit_1,0.81,4.8,4.2,4.7,0.016875,20.056560161073357,retained_renamed_boiler_heating_energy_output,1,BLOCK BUILDINGBLOCK1 STOREY 0:Zone Mean Air Temperature [C](Daily),968.7,144.12,358,362,365,365,0,362,3
2020,538,SG_retrofit_4_Insul_retrofit_1_TR_retrofit_2_BW_retrofit_2,0.81,4.8,4.4,4.7,0.015125,19.26180542305628,retained_renamed_boiler_heating_energy_output,1,BLOCK BUILDINGBLOCK1 STOREY 0:Zone Mean Air Temperature [C](Daily),965.7,139.59,357,363,365,365,0,363,2
2020,539,SG_retrofit_4_Insul_retrofit_1_TR_retrofit_2_BW_retrofit_3,0.81,4.8,6.5,4.7,0.014250000000000002,18.553445588909156,retained_renamed_boiler_heating_energy_output,1,BLOCK BUILDINGBLOCK1 STOREY 0:Zone Mean Air Temperature [C](Daily),986.7,151.92,358,363,365,365,0,363,2
2020,540,SG_retrofit_4_Insul_retrofit_1_TR_retrofit_2_BW_retrofit_4,0.81,4.8,6.7,4.7,0.014250000000000002,18.60182587847288,retained_renamed_boiler_heating_energy_output,1,BLOCK BUILDINGBLOCK1 STOREY 0:Zone Mean Air Temperature [C](Daily),1008.7,143.26,358,363,365,365,0,363,2
2020,541,SG_retrofit_4_Insul_retrofit_1_TR_retrofit_3_BW_current,0.81,4.8,0.45,8.5,0.018375,24.474253174507165,retained_renamed_boiler_heating_energy_output,1,BLOCK BUILDINGBLOCK1 STOREY 0:Zone Mean Air Temperature [C](Daily),782.7,148.5,351,360,363,365,0,360,5
2020,542,SG_retrofit_4_Insul_retrofit_1_TR_retrofit_3_BW_retrofit_1,0.81,4.8,4.2,8.5,0.016625,19.70765802736631,retained_renamed_boiler_heating_energy_output,1,BLOCK BUILDINGBLOCK1 STOREY 0:Zone Mean Air Temperature [C](Daily),964.7,157.86,358,362,365,365,0,362,3
2020,543,SG_retrofit_4_Insul_retrofit_1_TR_retrofit_3_BW_retrofit_2,0.81,4.8,4.4,8.5,0.014875,18.837588075335503,retained_renamed_boiler_heating_energy_output,1,BLOCK BUILDINGBLOCK1 STOREY 0:Zone Mean Air Temperature [C](Daily),961.7,153.33,357,363,365,365,0,363,2
2020,544,SG_retrofit_4_Insul_retrofit_1_TR_retrofit_3_BW_retrofit_3,0.81,4.8,6.5,8.5,0.014000000000000002,18.110415802925857,retained_renamed_boiler_heating_energy_output,1,BLOCK BUILDINGBLOCK1 STOREY 0:Zone Mean Air Temperature [C](Daily),982.7,165.66,358,363,365,365,0,363,2
2020,545,SG_retrofit_4_Insul_retrofit_1_TR_retrofit_3_BW_retrofit_4,0.81,4.8,6.7,8.5,0.014000000000000002,18.145946750608086,retained_renamed_boiler_heating_energy_output,1,BLOCK BUILDINGBLOCK1 STOREY 0:Zone Mean Air Temperature [C](Daily),1004.7,157.0,358,363,365,365,0,363,2
2020,546,SG_retrofit_4_Insul_retrofit_1_TR_retrofit_4_BW_current,0.81,4.8,0.45,8.7,0.018375,24.35089030905805,retained_renamed_boiler_heating_energy_output,1,BLOCK BUILDINGBLOCK1 STOREY 0:Zone Mean Air Temperature [C](Daily),820.7,140.68,351,360,363,365,0,360,5
2020,547,SG_retrofit_4_Insul_retrofit_1_TR_retrofit_4_BW_retrofit_1,0.81,4.8,4.2,8.7,0.016625,19.697341430989418,retained_renamed_boiler_heating_energy_output,1,BLOCK BUILDINGBLOCK1 STOREY 0:Zone Mean Air Temperature [C](Daily),1002.7,150.04000000000002,358,362,365,365,0,362,3
2020,548,SG_retrofit_4_Insul_retrofit_1_TR_retrofit_4_BW_retrofit_2,0.81,4.8,4.4,8.7,0.014875,18.759170187436624,retained_renamed_boiler_heating_energy_output,1,BLOCK BUILDINGBLOCK1 STOREY 0:Zone Mean Air Temperature [C](Daily),999.7,145.51000000000002,357,363,365,365,0,363,2
2020,549,SG_retrofit_4_Insul_retrofit_1_TR_retrofit_4_BW_retrofit_3,0.81,4.8,6.5,8.7,0.014000000000000002,18.215078151201574,retained_renamed_boiler_heating_energy_output,1,BLOCK BUILDINGBLOCK1 STOREY 0:Zone Mean Air Temperature [C](Daily),1020.7,157.84,358,363,365,365,0,363,2
2020,550,SG_retrofit_4_Insul_retrofit_1_TR_retrofit_4_BW_retrofit_4,0.81,4.8,6.7,8.7,0.014000000000000002,17.901343341603532,retained_renamed_boiler_heating_energy_output,1,BLOCK BUILDINGBLOCK1 STOREY 0:Zone Mean Air Temperature [C](Daily),1042.7,149.18,358,363,365,365,0,363,2
2020,551,SG_retrofit_4_Insul_retrofit_2_TR_current_BW_current,0.81,5.0,0.45,0.48,0.018875000000000003,29.677972070574803,retained_renamed_boiler_heating_energy_output,1,BLOCK BUILDINGBLOCK1 STOREY 0:Zone Mean Air Temperature [C](Daily),699.0,125.92,350,359,363,365,0,359,6
2020,552,SG_retrofit_4_Insul_retrofit_2_TR_current_BW_retrofit_1,0.81,5.0,4.2,0.48,0.017125,24.690571146660133,retained_renamed_boiler_heating_energy_output,1,BLOCK BUILDINGBLOCK1 STOREY 0:Zone Mean Air Temperature [C](Daily),881.0,135.28,355,361,365,365,0,361,4
2020,553,SG_retrofit_4_Insul_retrofit_2_TR_current_BW_retrofit_2,0.81,5.0,4.4,0.48,0.015375,23.911668334310907,retained_renamed_boiler_heating_energy_output,1,BLOCK BUILDINGBLOCK1 STOREY 0:Zone Mean Air Temperature [C](Daily),878.0,130.75,355,361,365,365,0,361,4
2020,554,SG_retrofit_4_Insul_retrofit_2_TR_current_BW_retrofit_3,0.81,5.0,6.5,0.48,0.014500000000000002,23.1552198690428,retained_renamed_boiler_heating_energy_output,1,BLOCK BUILDINGBLOCK1 STOREY 0:Zone Mean Air Temperature [C](Daily),899.0,143.08,355,361,365,365,0,361,4
2020,555,SG_retrofit_4_Insul_retrofit_2_TR_current_BW_retrofit_4,0.81,5.0,6.7,0.48,0.014500000000000002,23.02142980197014,retained_renamed_boiler_heating_energy_output,1,BLOCK BUILDINGBLOCK1 STOREY 0:Zone Mean Air Temperature [C](Daily),921.0,134.42000000000002,355,361,365,365,0,361,4
2020,556,SG_retrofit_4_Insul_retrofit_2_TR_retrofit_1_BW_current,0.81,5.0,0.45,4.5,0.018625,24.71306393835326,retained_renamed_boiler_heating_energy_output,1,BLOCK BUILDINGBLOCK1 STOREY 0:Zone Mean Air Temperature [C](Daily),788.5,149.21,351,360,363,365,0,360,5
2020,557,SG_retrofit_4_Insul_retrofit_2_TR_retrofit_1_BW_retrofit_1,0.81,5.0,4.2,4.5,0.016875,20.10628195289219,retained_renamed_boiler_heating_energy_output,1,BLOCK BUILDINGBLOCK1 STOREY 0:Zone Mean Air Temperature [C](Daily),970.5,158.57,357,362,365,365,0,362,3
2020,558,SG_retrofit_4_Insul_retrofit_2_TR_retrofit_1_BW_retrofit_2,0.81,5.0,4.4,4.5,0.015125,19.10979463786116,retained_renamed_boiler_heating_energy_output,1,BLOCK BUILDINGBLOCK1 STOREY 0:Zone Mean Air Temperature [C](Daily),967.5,154.04,357,362,365,365,0,362,3
2020,559,SG_retrofit_4_Insul_retrofit_2_TR_retrofit_1_BW_retrofit_3,0.81,5.0,6.5,4.5,0.014250000000000002,18.546964084172487,retained_renamed_boiler_heating_energy_output,1,BLOCK BUILDINGBLOCK1 STOREY 0:Zone Mean Air Temperature [C](Daily),988.5,166.37,356,362,365,365,0,362,3
2020,560,SG_retrofit_4_Insul_retrofit_2_TR_retrofit_1_BW_retrofit_4,0.81,5.0,6.7,4.5,0.014250000000000002,18.476938616766404,retained_renamed_boiler_heating_energy_output,1,BLOCK BUILDINGBLOCK1 STOREY 0:Zone Mean Air Temperature [C](Daily),1010.5,157.71,357,362,365,365,0,362,3
2020,561,SG_retrofit_4_Insul_retrofit_2_TR_retrofit_2_BW_current,0.81,5.0,0.45,4.7,0.018375,24.57139940041624,retained_renamed_boiler_heating_energy_output,1,BLOCK BUILDINGBLOCK1 STOREY 0:Zone Mean Air Temperature [C](Daily),804.0,130.68,351,360,363,365,0,360,5
2020,562,SG_retrofit_4_Insul_retrofit_2_TR_retrofit_2_BW_retrofit_1,0.81,5.0,4.2,4.7,0.016625,19.84661058998404,retained_renamed_boiler_heating_energy_output,1,BLOCK BUILDINGBLOCK1 STOREY 0:Zone Mean Air Temperature [C](Daily),986.0,140.04,357,362,365,365,0,362,3
2020,563,SG_retrofit_4_Insul_retrofit_2_TR_retrofit_2_BW_retrofit_2,0.81,5.0,4.4,4.7,0.014875,18.99224564759914,retained_renamed_boiler_heating_energy_output,1,BLOCK BUILDINGBLOCK1 STOREY 0:Zone Mean Air Temperature [C](Daily),983.0,135.51,357,362,365,365,0,362,3
2020,564,SG_retrofit_4_Insul_retrofit_2_TR_retrofit_2_BW_retrofit_3,0.81,5.0,6.5,4.7,0.014000000000000002,18.338593827321084,retained_renamed_boiler_heating_energy_output,1,BLOCK BUILDINGBLOCK1 STOREY 0:Zone Mean Air Temperature [C](Daily),1004.0,147.84,356,362,365,365,0,362,3
2020,565,SG_retrofit_4_Insul_retrofit_2_TR_retrofit_2_BW_retrofit_4,0.81,5.0,6.7,4.7,0.014000000000000002,18.364507833478644,retained_renamed_boiler_heating_energy_output,1,BLOCK BUILDINGBLOCK1 STOREY 0:Zone Mean Air Temperature [C](Daily),1026.0,139.18,357,362,365,365,0,362,3
2020,566,SG_retrofit_4_Insul_retrofit_2_TR_retrofit_3_BW_current,0.81,5.0,0.45,8.5,0.018125,24.276248068525046,retained_renamed_boiler_heating_energy_output,1,BLOCK BUILDINGBLOCK1 STOREY 0:Zone Mean Air Temperature [C](Daily),800.0,144.42000000000002,351,360,363,365,0,360,5
2020,567,SG_retrofit_4_Insul_retrofit_2_TR_retrofit_3_BW_retrofit_1,0.81,5.0,4.2,8.5,0.016375,19.556036073119635,retained_renamed_boiler_heating_energy_output,1,BLOCK BUILDINGBLOCK1 STOREY 0:Zone Mean Air Temperature [C](Daily),982.0,153.78,357,362,365,365,0,362,3
2020,568,SG_retrofit_4_Insul_retrofit_2_TR_retrofit_3_BW_retrofit_2,0.81,5.0,4.4,8.5,0.014624999999999999,18.480844395932937,retained_renamed_boiler_heating_energy_output,1,BLOCK BUILDINGBLOCK1 STOREY 0:Zone Mean Air Temperature [C](Daily),979.0,149.25,357,362,365,365,0,362,3
2020,569,SG_retrofit_4_Insul_retrofit_2_TR_retrofit_3_BW_retrofit_3,0.81,5.0,6.5,8.5,0.013750000000000002,17.94421008263449,retained_renamed_boiler_heating_energy_output,1,BLOCK BUILDINGBLOCK1 STOREY 0:Zone Mean Air Temperature [C](Daily),1000.0,161.58,357,362,365,365,0,362,3
2020,570,SG_retrofit_4_Insul_retrofit_2_TR_retrofit_3_BW_retrofit_4,0.81,5.0,6.7,8.5,0.013750000000000002,17.655173534028332,retained_renamed_boiler_heating_energy_output,1,BLOCK BUILDINGBLOCK1 STOREY 0:Zone Mean Air Temperature [C](Daily),1022.0,152.92000000000002,357,362,365,365,0,362,3
2020,571,SG_retrofit_4_Insul_retrofit_2_TR_retrofit_4_BW_current,0.81,5.0,0.45,8.7,0.018125,24.201575846462617,retained_renamed_boiler_heating_energy_output,1,BLOCK BUILDINGBLOCK1 STOREY 0:Zone Mean Air Temperature [C](Daily),838.0,136.6,351,360,363,365,0,360,5
2020,572,SG_retrofit_4_Insul_retrofit_2_TR_retrofit_4_BW_retrofit_1,0.81,5.0,4.2,8.7,0.016375,19.644866096062387,retained_renamed_boiler_heating_energy_output,1,BLOCK BUILDINGBLOCK1 STOREY 0:Zone Mean Air Temperature [C](Daily),1020.0,145.96,357,362,365,365,0,362,3
2020,573,SG_retrofit_4_Insul_retrofit_2_TR_retrofit_4_BW_retrofit_2,0.81,5.0,4.4,8.7,0.014624999999999999,18.530208477560272,retained_renamed_boiler_heating_energy_output,1,BLOCK BUILDINGBLOCK1 STOREY 0:Zone Mean Air Temperature [C](Daily),1017.0,141.43,357,362,365,365,0,362,3
2020,574,SG_retrofit_4_Insul_retrofit_2_TR_retrofit_4_BW_retrofit_3,0.81,5.0,6.5,8.7,0.013750000000000002,18.008359027289373,retained_renamed_boiler_heating_energy_output,1,BLOCK BUILDINGBLOCK1 STOREY 0:Zone Mean Air Temperature [C](Daily),1038.0,153.76000000000002,357,362,365,365,0,362,3
2020,575,SG_retrofit_4_Insul_retrofit_2_TR_retrofit_4_BW_retrofit_4,0.81,5.0,6.7,8.7,0.013750000000000002,17.620988843096328,retained_renamed_boiler_heating_energy_output,1,BLOCK BUILDINGBLOCK1 STOREY 0:Zone Mean Air Temperature [C](Daily),1060.0,145.10000000000002,357,362,365,365,0,362,3
2020,576,SG_retrofit_4_Insul_retrofit_3_TR_current_BW_current,0.81,5.5,0.45,0.48,0.018625,29.40535692289734,retained_renamed_boiler_heating_energy_output,1,BLOCK BUILDINGBLOCK1 STOREY 0:Zone Mean Air Temperature [C](Daily),709.9,131.0,350,359,363,365,0,359,6
2020,577,SG_retrofit_4_Insul_retrofit_3_TR_current_BW_retrofit_1,0.81,5.5,4.2,0.48,0.016874999999999998,24.59485468282865,retained_renamed_boiler_heating_energy_output,1,BLOCK BUILDINGBLOCK1 STOREY 0:Zone Mean Air Temperature [C](Daily),891.9,140.36,355,361,365,365,0,361,4
2020,578,SG_retrofit_4_Insul_retrofit_3_TR_current_BW_retrofit_2,0.81,5.5,4.4,0.48,0.015125,23.710156382402552,retained_renamed_boiler_heating_energy_output,1,BLOCK BUILDINGBLOCK1 STOREY 0:Zone Mean Air Temperature [C](Daily),888.9,135.83,353,361,365,365,0,361,4
2020,579,SG_retrofit_4_Insul_retrofit_3_TR_current_BW_retrofit_3,0.81,5.5,6.5,0.48,0.014249999999999999,22.708397570795814,retained_renamed_boiler_heating_energy_output,1,BLOCK BUILDINGBLOCK1 STOREY 0:Zone Mean Air Temperature [C](Daily),909.9,148.16,354,361,365,365,0,361,4
2020,580,SG_retrofit_4_Insul_retrofit_3_TR_current_BW_retrofit_4,0.81,5.5,6.7,0.48,0.014249999999999999,22.781507433885835,retained_renamed_boiler_heating_energy_output,1,BLOCK BUILDINGBLOCK1 STOREY 0:Zone Mean Air Temperature [C](Daily),931.9,139.5,354,361,365,365,0,361,4
2020,581,SG_retrofit_4_Insul_retrofit_3_TR_retrofit_1_BW_current,0.81,5.5,0.45,4.5,0.018375,24.595930345964284,retained_renamed_boiler_heating_energy_output,1,BLOCK BUILDINGBLOCK1 STOREY 0:Zone Mean Air Temperature [C](Daily),799.4,154.29,350,360,363,365,0,360,5
2020,582,SG_retrofit_4_Insul_retrofit_3_TR_retrofit_1_BW_retrofit_1,0.81,5.5,4.2,4.5,0.016625,19.914492779530242,retained_renamed_boiler_heating_energy_output,1,BLOCK BUILDINGBLOCK1 STOREY 0:Zone Mean Air Temperature [C](Daily),981.4,163.65,356,362,365,365,0,362,3
2020,583,SG_retrofit_4_Insul_retrofit_3_TR_retrofit_1_BW_retrofit_2,0.81,5.5,4.4,4.5,0.014875,18.95535341979322,retained_renamed_boiler_heating_energy_output,1,BLOCK BUILDINGBLOCK1 STOREY 0:Zone Mean Air Temperature [C](Daily),978.4,159.12,356,362,365,365,0,362,3
2020,584,SG_retrofit_4_Insul_retrofit_3_TR_retrofit_1_BW_retrofit_3,0.81,5.5,6.5,4.5,0.014000000000000002,18.3868269909568,retained_renamed_boiler_heating_energy_output,1,BLOCK BUILDINGBLOCK1 STOREY 0:Zone Mean Air Temperature [C](Daily),999.4,171.45,356,362,365,365,0,362,3
2020,585,SG_retrofit_4_Insul_retrofit_3_TR_retrofit_1_BW_retrofit_4,0.81,5.5,6.7,4.5,0.014000000000000002,18.305710622302858,retained_renamed_boiler_heating_energy_output,1,BLOCK BUILDINGBLOCK1 STOREY 0:Zone Mean Air Temperature [C](Daily),1021.4,162.79,356,362,365,365,0,362,3
2020,586,SG_retrofit_4_Insul_retrofit_3_TR_retrofit_2_BW_current,0.81,5.5,0.45,4.7,0.018125,24.35117584245902,retained_renamed_boiler_heating_energy_output,1,BLOCK BUILDINGBLOCK1 STOREY 0:Zone Mean Air Temperature [C](Daily),814.9,135.76,351,360,363,365,0,360,5
2020,587,SG_retrofit_4_Insul_retrofit_3_TR_retrofit_2_BW_retrofit_1,0.81,5.5,4.2,4.7,0.016375,19.696690565064515,retained_renamed_boiler_heating_energy_output,1,BLOCK BUILDINGBLOCK1 STOREY 0:Zone Mean Air Temperature [C](Daily),996.9,145.12,356,362,365,365,0,362,3
2020,588,SG_retrofit_4_Insul_retrofit_3_TR_retrofit_2_BW_retrofit_2,0.81,5.5,4.4,4.7,0.014624999999999999,18.768165646038337,retained_renamed_boiler_heating_energy_output,1,BLOCK BUILDINGBLOCK1 STOREY 0:Zone Mean Air Temperature [C](Daily),993.9,140.59,356,362,365,365,0,362,3
2020,589,SG_retrofit_4_Insul_retrofit_3_TR_retrofit_2_BW_retrofit_3,0.81,5.5,6.5,4.7,0.013750000000000002,18.1975373602333,retained_renamed_boiler_heating_energy_output,1,BLOCK BUILDINGBLOCK1 STOREY 0:Zone Mean Air Temperature [C](Daily),1014.9,152.92,356,362,365,365,0,362,3
2020,590,SG_retrofit_4_Insul_retrofit_3_TR_retrofit_2_BW_retrofit_4,0.81,5.5,6.7,4.7,0.013750000000000002,18.147105136234543,retained_renamed_boiler_heating_energy_output,1,BLOCK BUILDINGBLOCK1 STOREY 0:Zone Mean Air Temperature [C](Daily),1036.9,144.26,356,362,365,365,0,362,3
2020,591,SG_retrofit_4_Insul_retrofit_3_TR_retrofit_3_BW_current,0.81,5.5,0.45,8.5,0.017875,24.00909284693348,retained_renamed_boiler_heating_energy_output,1,BLOCK BUILDINGBLOCK1 STOREY 0:Zone Mean Air Temperature [C](Daily),810.9,149.5,351,360,363,365,0,360,5
2020,592,SG_retrofit_4_Insul_retrofit_3_TR_retrofit_3_BW_retrofit_1,0.81,5.5,4.2,8.5,0.016125,19.35418218976779,retained_renamed_boiler_heating_energy_output,1,BLOCK BUILDINGBLOCK1 STOREY 0:Zone Mean Air Temperature [C](Daily),992.9,158.86,357,362,365,365,0,362,3
2020,593,SG_retrofit_4_Insul_retrofit_3_TR_retrofit_3_BW_retrofit_2,0.81,5.5,4.4,8.5,0.014374999999999999,18.358800851642105,retained_renamed_boiler_heating_energy_output,1,BLOCK BUILDINGBLOCK1 STOREY 0:Zone Mean Air Temperature [C](Daily),989.9,154.33,357,362,365,365,0,362,3
2020,594,SG_retrofit_4_Insul_retrofit_3_TR_retrofit_3_BW_retrofit_3,0.81,5.5,6.5,8.5,0.013500000000000002,17.509182047500207,retained_renamed_boiler_heating_energy_output,1,BLOCK BUILDINGBLOCK1 STOREY 0:Zone Mean Air Temperature [C](Daily),1010.9,166.66,356,362,365,365,0,362,3
2020,595,SG_retrofit_4_Insul_retrofit_3_TR_retrofit_3_BW_retrofit_4,0.81,5.5,6.7,8.5,0.013500000000000002,17.83727122848655,retained_renamed_boiler_heating_energy_output,1,BLOCK BUILDINGBLOCK1 STOREY 0:Zone Mean Air Temperature [C](Daily),1032.9,158.0,357,362,365,365,0,362,3
2020,596,SG_retrofit_4_Insul_retrofit_3_TR_retrofit_4_BW_current,0.81,5.5,0.45,8.7,0.017875,24.040635491490068,retained_renamed_boiler_heating_energy_output,1,BLOCK BUILDINGBLOCK1 STOREY 0:Zone Mean Air Temperature [C](Daily),848.9,141.68,351,360,363,365,0,360,5
2020,597,SG_retrofit_4_Insul_retrofit_3_TR_retrofit_4_BW_retrofit_1,0.81,5.5,4.2,8.7,0.016125,19.397248896411213,retained_renamed_boiler_heating_energy_output,1,BLOCK BUILDINGBLOCK1 STOREY 0:Zone Mean Air Temperature [C](Daily),1030.9,151.04000000000002,357,362,365,365,0,362,3
2020,598,SG_retrofit_4_Insul_retrofit_3_TR_retrofit_4_BW_retrofit_2,0.81,5.5,4.4,8.7,0.014374999999999999,18.349769020319375,retained_renamed_boiler_heating_energy_output,1,BLOCK BUILDINGBLOCK1 STOREY 0:Zone Mean Air Temperature [C](Daily),1027.9,146.51000000000002,357,362,365,365,0,362,3
2020,599,SG_retrofit_4_Insul_retrofit_3_TR_retrofit_4_BW_retrofit_3,0.81,5.5,6.5,8.7,0.013500000000000002,17.53840302631913,retained_renamed_boiler_heating_energy_output,1,BLOCK BUILDINGBLOCK1 STOREY 0:Zone Mean Air Temperature [C](Daily),1048.9,158.84,356,362,365,365,0,362,3
2020,600,SG_retrofit_4_Insul_retrofit_3_TR_retrofit_4_BW_retrofit_4,0.81,5.5,6.7,8.7,0.013500000000000002,17.510920427546772,retained_renamed_boiler_heating_energy_output,1,BLOCK BUILDINGBLOCK1 STOREY 0:Zone Mean Air Temperature [C](Daily),1070.9,150.18,357,362,365,365,0,362,3
2020,601,SG_retrofit_4_Insul_retrofit_4_TR_current_BW_current,0.81,5.6,0.45,0.48,0.018625,29.480448705215835,retained_renamed_boiler_heating_energy_output,1,BLOCK BUILDINGBLOCK1 STOREY 0:Zone Mean Air Temperature [C](Daily),730.0,127.0,350,359,363,365,0,359,6
2020,602,SG_retrofit_4_Insul_retrofit_4_TR_current_BW_retrofit_1,0.81,5.6,4.2,0.48,0.016874999999999998,24.57866979697636,retained_renamed_boiler_heating_energy_output,1,BLOCK BUILDINGBLOCK1 STOREY 0:Zone Mean Air Temperature [C](Daily),912.0,136.36,355,361,365,365,0,361,4
2020,603,SG_retrofit_4_Insul_retrofit_4_TR_current_BW_retrofit_2,0.81,5.6,4.4,0.48,0.015125,23.642930978514954,retained_renamed_boiler_heating_energy_output,1,BLOCK BUILDINGBLOCK1 STOREY 0:Zone Mean Air Temperature [C](Daily),909.0,131.83,354,361,365,365,0,361,4
2020,604,SG_retrofit_4_Insul_retrofit_4_TR_current_BW_retrofit_3,0.81,5.6,6.5,0.48,0.014249999999999999,22.76275871670007,retained_renamed_boiler_heating_energy_output,1,BLOCK BUILDINGBLOCK1 STOREY 0:Zone Mean Air Temperature [C](Daily),930.0,144.16,354,361,365,365,0,361,4
2020,605,SG_retrofit_4_Insul_retrofit_4_TR_current_BW_retrofit_4,0.81,5.6,6.7,0.48,0.014249999999999999,22.6765662190769,retained_renamed_boiler_heating_energy_output,1,BLOCK BUILDINGBLOCK1 STOREY 0:Zone Mean Air Temperature [C](Daily),952.0,135.5,354,361,365,365,0,361,4
2020,606,SG_retrofit_4_Insul_retrofit_4_TR_retrofit_1_BW_current,0.81,5.6,0.45,4.5,0.018375,24.54093870111045,retained_renamed_boiler_heating_energy_output,1,BLOCK BUILDINGBLOCK1 STOREY 0:Zone Mean Air Temperature [C](Daily),819.5,150.29,351,360,363,365,0,360,5
2020,607,SG_retrofit_4_Insul_retrofit_4_TR_retrofit_1_BW_retrofit_1,0.81,5.6,4.2,4.5,0.016625,19.923408647733122,retained_renamed_boiler_heating_energy_output,1,BLOCK BUILDINGBLOCK1 STOREY 0:Zone Mean Air Temperature [C](Daily),1001.5,159.65,356,362,365,365,0,362,3
2020,608,SG_retrofit_4_Insul_retrofit_4_TR_retrofit_1_BW_retrofit_2,0.81,5.6,4.4,4.5,0.014875,18.856880610003984,retained_renamed_boiler_heating_energy_output,1,BLOCK BUILDINGBLOCK1 STOREY 0:Zone Mean Air Temperature [C](Daily),998.5,155.12,356,362,365,365,0,362,3
2020,609,SG_retrofit_4_Insul_retrofit_4_TR_retrofit_1_BW_retrofit_3,0.81,5.6,6.5,4.5,0.014000000000000002,18.30381216306349,retained_renamed_boiler_heating_energy_output,1,BLOCK BUILDINGBLOCK1 STOREY 0:Zone Mean Air Temperature [C](Daily),1019.5,167.45,356,362,365,365,0,362,3
2020,610,SG_retrofit_4_Insul_retrofit_4_TR_retrofit_1_BW_retrofit_4,0.81,5.6,6.7,4.5,0.014000000000000002,18.302879868371505,retained_renamed_boiler_heating_energy_output,1,BLOCK BUILDINGBLOCK1 STOREY 0:Zone Mean Air Temperature [C](Daily),1041.5,158.79,356,362,365,365,0,362,3
2020,611,SG_retrofit_4_Insul_retrofit_4_TR_retrofit_2_BW_current,0.81,5.6,0.45,4.7,0.018125,24.50323753651582,retained_renamed_boiler_heating_energy_output,1,BLOCK BUILDINGBLOCK1 STOREY 0:Zone Mean Air Temperature [C](Daily),835.0,131.76,351,360,363,365,0,360,5
2020,612,SG_retrofit_4_Insul_retrofit_4_TR_retrofit_2_BW_retrofit_1,0.81,5.6,4.2,4.7,0.016375,19.750301390337757,retained_renamed_boiler_heating_energy_output,1,BLOCK BUILDINGBLOCK1 STOREY 0:Zone Mean Air Temperature [C](Daily),1017.0,141.12,356,362,365,365,0,362,3
2020,613,SG_retrofit_4_Insul_retrofit_4_TR_retrofit_2_BW_retrofit_2,0.81,5.6,4.4,4.7,0.014624999999999999,18.819331106487983,retained_renamed_boiler_heating_energy_output,1,BLOCK BUILDINGBLOCK1 STOREY 0:Zone Mean Air Temperature [C](Daily),1014.0,136.59,356,362,365,365,0,362,3
2020,614,SG_retrofit_4_Insul_retrofit_4_TR_retrofit_2_BW_retrofit_3,0.81,5.6,6.5,4.7,0.013750000000000002,18.22222292731004,retained_renamed_boiler_heating_energy_output,1,BLOCK BUILDINGBLOCK1 STOREY 0:Zone Mean Air Temperature [C](Daily),1035.0,148.92,356,362,365,365,0,362,3
2020,615,SG_retrofit_4_Insul_retrofit_4_TR_retrofit_2_BW_retrofit_4,0.81,5.6,6.7,4.7,0.013750000000000002,18.184757500746077,retained_renamed_boiler_heating_energy_output,1,BLOCK BUILDINGBLOCK1 STOREY 0:Zone Mean Air Temperature [C](Daily),1057.0,140.26,356,362,365,365,0,362,3
2020,616,SG_retrofit_4_Insul_retrofit_4_TR_retrofit_3_BW_current,0.81,5.6,0.45,8.5,0.017875,24.064415369469163,retained_renamed_boiler_heating_energy_output,1,BLOCK BUILDINGBLOCK1 STOREY 0:Zone Mean Air Temperature [C](Daily),831.0,145.5,351,360,363,365,0,360,5
2020,617,SG_retrofit_4_Insul_retrofit_4_TR_retrofit_3_BW_retrofit_1,0.81,5.6,4.2,8.5,0.016125,19.372406860834417,retained_renamed_boiler_heating_energy_output,1,BLOCK BUILDINGBLOCK1 STOREY 0:Zone Mean Air Temperature [C](Daily),1013.0,154.86,356,362,365,365,0,362,3
2020,618,SG_retrofit_4_Insul_retrofit_4_TR_retrofit_3_BW_retrofit_2,0.81,5.6,4.4,8.5,0.014374999999999999,18.34283595395481,retained_renamed_boiler_heating_energy_output,1,BLOCK BUILDINGBLOCK1 STOREY 0:Zone Mean Air Temperature [C](Daily),1010.0,150.33,356,362,365,365,0,362,3
2020,619,SG_retrofit_4_Insul_retrofit_4_TR_retrofit_3_BW_retrofit_3,0.81,5.6,6.5,8.5,0.013500000000000002,17.752682700581605,retained_renamed_boiler_heating_energy_output,1,BLOCK BUILDINGBLOCK1 STOREY 0:Zone Mean Air Temperature [C](Daily),1031.0,162.66,356,362,365,365,0,362,3
2020,620,SG_retrofit_4_Insul_retrofit_4_TR_retrofit_3_BW_retrofit_4,0.81,5.6,6.7,8.5,0.013500000000000002,17.54112233271182,retained_renamed_boiler_heating_energy_output,1,BLOCK BUILDINGBLOCK1 STOREY 0:Zone Mean Air Temperature [C](Daily),1053.0,154.0,356,362,365,365,0,362,3
2020,621,SG_retrofit_4_Insul_retrofit_4_TR_retrofit_4_BW_current,0.81,5.6,0.45,8.7,0.017875,24.040453032871827,retained_renamed_boiler_heating_energy_output,1,BLOCK BUILDINGBLOCK1 STOREY 0:Zone Mean Air Temperature [C](Daily),869.0,137.68,351,360,363,365,0,360,5
2020,622,SG_retrofit_4_Insul_retrofit_4_TR_retrofit_4_BW_retrofit_1,0.81,5.6,4.2,8.7,0.016125,19.370114313635664,retained_renamed_boiler_heating_energy_output,1,BLOCK BUILDINGBLOCK1 STOREY 0:Zone Mean Air Temperature [C](Daily),1051.0,147.04000000000002,356,362,365,365,0,362,3
2020,623,SG_retrofit_4_Insul_retrofit_4_TR_retrofit_4_BW_retrofit_2,0.81,5.6,4.4,8.7,0.014374999999999999,18.291787200048372,retained_renamed_boiler_heating_energy_output,1,BLOCK BUILDINGBLOCK1 STOREY 0:Zone Mean Air Temperature [C](Daily),1048.0,142.51000000000002,356,362,365,365,0,362,3
2020,624,SG_retrofit_4_Insul_retrofit_4_TR_retrofit_4_BW_retrofit_3,0.81,5.6,6.5,8.7,0.013500000000000002,17.502663853231446,retained_renamed_boiler_heating_energy_output,1,BLOCK BUILDINGBLOCK1 STOREY 0:Zone Mean Air Temperature [C](Daily),1069.0,154.84,356,362,365,365,0,362,3
2020,625,SG_retrofit_4_Insul_retrofit_4_TR_retrofit_4_BW_retrofit_4,0.81,5.6,6.7,8.7,0.013500000000000002,17.470063240355348,retained_renamed_boiler_heating_energy_output,1,BLOCK BUILDINGBLOCK1 STOREY 0:Zone Mean Air Temperature [C](Daily),1091.0,146.18,356,362,365,365,0,362,3
2050,1,SG_current_Insul_current_TR_current_BW_current,2.9,0.41,0.45,0.48,0.025,29.960081137605304,retained_renamed_boiler_heating_energy_output,1,BLOCK BUILDINGBLOCK1 STOREY 0:Zone Mean Air Temperature [C](Daily),0.0,0.0,324,339,346,358,0,339,26
2050,2,SG_current_Insul_current_TR_current_BW_retrofit_1,2.9,0.41,4.2,0.48,0.02325,25.924496463795773,retained_renamed_boiler_heating_energy_output,1,BLOCK BUILDINGBLOCK1 STOREY 0:Zone Mean Air Temperature [C](Daily),182.0,9.36,322,341,349,360,0,341,24
2050,3,SG_current_Insul_current_TR_current_BW_retrofit_2,2.9,0.41,4.4,0.48,0.021500000000000002,25.223520607757475,retained_renamed_boiler_heating_energy_output,1,BLOCK BUILDINGBLOCK1 STOREY 0:Zone Mean Air Temperature [C](Daily),179.0,4.83,321,341,349,360,0,341,24
2050,4,SG_current_Insul_current_TR_current_BW_retrofit_3,2.9,0.41,6.5,0.48,0.020625,24.686273748612578,retained_renamed_boiler_heating_energy_output,1,BLOCK BUILDINGBLOCK1 STOREY 0:Zone Mean Air Temperature [C](Daily),200.0,17.16,322,342,349,360,0,342,23
2050,5,SG_current_Insul_current_TR_current_BW_retrofit_4,2.9,0.41,6.7,0.48,0.020625,24.602532716886596,retained_renamed_boiler_heating_energy_output,1,BLOCK BUILDINGBLOCK1 STOREY 0:Zone Mean Air Temperature [C](Daily),222.0,8.5,322,342,349,360,0,342,23
2050,6,SG_current_Insul_current_TR_retrofit_1_BW_current,2.9,0.41,0.45,4.5,0.02475,25.944475585732942,retained_renamed_boiler_heating_energy_output,1,BLOCK BUILDINGBLOCK1 STOREY 0:Zone Mean Air Temperature [C](Daily),89.5,23.29,324,340,346,358,0,340,25
2050,7,SG_current_Insul_current_TR_retrofit_1_BW_retrofit_1,2.9,0.41,4.2,4.5,0.023000000000000003,21.90473330760197,retained_renamed_boiler_heating_energy_output,1,BLOCK BUILDINGBLOCK1 STOREY 0:Zone Mean Air Temperature [C](Daily),271.5,32.65,322,342,349,360,0,342,23
2050,8,SG_current_Insul_current_TR_retrofit_1_BW_retrofit_2,2.9,0.41,4.4,4.5,0.02125,21.17318698741802,retained_renamed_boiler_heating_energy_output,1,BLOCK BUILDINGBLOCK1 STOREY 0:Zone Mean Air Temperature [C](Daily),268.5,28.119999999999997,322,342,349,360,0,342,23
2050,9,SG_current_Insul_current_TR_retrofit_1_BW_retrofit_3,2.9,0.41,6.5,4.5,0.020375000000000004,20.639726831627815,retained_renamed_boiler_heating_energy_output,1,BLOCK BUILDINGBLOCK1 STOREY 0:Zone Mean Air Temperature [C](Daily),289.5,40.45,322,343,349,360,0,343,22
2050,10,SG_current_Insul_current_TR_retrofit_1_BW_retrofit_4,2.9,0.41,6.7,4.5,0.020375000000000004,20.656407990525732,retained_renamed_boiler_heating_energy_output,1,BLOCK BUILDINGBLOCK1 STOREY 0:Zone Mean Air Temperature [C](Daily),311.5,31.79,322,343,349,360,0,343,22
2050,11,SG_current_Insul_current_TR_retrofit_2_BW_current,2.9,0.41,0.45,4.7,0.0245,25.78603884826043,retained_renamed_boiler_heating_energy_output,1,BLOCK BUILDINGBLOCK1 STOREY 0:Zone Mean Air Temperature [C](Daily),105.0,4.76,324,340,346,358,0,340,25
2050,12,SG_current_Insul_current_TR_retrofit_2_BW_retrofit_1,2.9,0.41,4.2,4.7,0.022750000000000003,21.88167729995748,retained_renamed_boiler_heating_energy_output,1,BLOCK BUILDINGBLOCK1 STOREY 0:Zone Mean Air Temperature [C](Daily),287.0,14.12,322,342,349,360,0,342,23
2050,13,SG_current_Insul_current_TR_retrofit_2_BW_retrofit_2,2.9,0.41,4.4,4.7,0.021000000000000005,21.07400284832853,retained_renamed_boiler_heating_energy_output,1,BLOCK BUILDINGBLOCK1 STOREY 0:Zone Mean Air Temperature [C](Daily),284.0,9.59,322,342,349,360,0,342,23
2050,14,SG_current_Insul_current_TR_retrofit_2_BW_retrofit_3,2.9,0.41,6.5,4.7,0.020125000000000004,20.531161991854106,retained_renamed_boiler_heating_energy_output,1,BLOCK BUILDINGBLOCK1 STOREY 0:Zone Mean Air Temperature [C](Daily),305.0,21.92,322,343,349,360,0,343,22
2050,15,SG_current_Insul_current_TR_retrofit_2_BW_retrofit_4,2.9,0.41,6.7,4.7,0.020125000000000004,20.541920990499367,retained_renamed_boiler_heating_energy_output,1,BLOCK BUILDINGBLOCK1 STOREY 0:Zone Mean Air Temperature [C](Daily),327.0,13.26,322,343,349,360,0,343,22
2050,16,SG_current_Insul_current_TR_retrofit_3_BW_current,2.9,0.41,0.45,8.5,0.02425,25.34263460380745,retained_renamed_boiler_heating_energy_output,1,BLOCK BUILDINGBLOCK1 STOREY 0:Zone Mean Air Temperature [C](Daily),101.0,18.5,324,340,346,358,0,340,25
2050,17,SG_current_Insul_current_TR_retrofit_3_BW_retrofit_1,2.9,0.41,4.2,8.5,0.022500000000000003,21.587793792908087,retained_renamed_boiler_heating_energy_output,1,BLOCK BUILDINGBLOCK1 STOREY 0:Zone Mean Air Temperature [C](Daily),283.0,27.86,322,342,349,360,0,342,23
2050,18,SG_current_Insul_current_TR_retrofit_3_BW_retrofit_2,2.9,0.41,4.4,8.5,0.02075,20.737426795952985,retained_renamed_boiler_heating_energy_output,1,BLOCK BUILDINGBLOCK1 STOREY 0:Zone Mean Air Temperature [C](Daily),280.0,23.33,322,343,349,360,0,343,22
2050,19,SG_current_Insul_current_TR_retrofit_3_BW_retrofit_3,2.9,0.41,6.5,8.5,0.019875000000000004,20.242239510839337,retained_renamed_boiler_heating_energy_output,1,BLOCK BUILDINGBLOCK1 STOREY 0:Zone Mean Air Temperature [C](Daily),301.0,35.66,322,343,349,360,0,343,22
2050,20,SG_current_Insul_current_TR_retrofit_3_BW_retrofit_4,2.9,0.41,6.7,8.5,0.019875000000000004,20.199066579687933,retained_renamed_boiler_heating_energy_output,1,BLOCK BUILDINGBLOCK1 STOREY 0:Zone Mean Air Temperature [C](Daily),323.0,27.0,322,343,349,360,0,343,22
2050,21,SG_current_Insul_current_TR_retrofit_4_BW_current,2.9,0.41,0.45,8.7,0.02425,25.29882676757368,retained_renamed_boiler_heating_energy_output,1,BLOCK BUILDINGBLOCK1 STOREY 0:Zone Mean Air Temperature [C](Daily),139.0,10.68,324,340,346,358,0,340,25
2050,22,SG_current_Insul_current_TR_retrofit_4_BW_retrofit_1,2.9,0.41,4.2,8.7,0.022500000000000003,21.51211208100477,retained_renamed_boiler_heating_energy_output,1,BLOCK BUILDINGBLOCK1 STOREY 0:Zone Mean Air Temperature [C](Daily),321.0,20.04,322,342,349,360,0,342,23
2050,23,SG_current_Insul_current_TR_retrofit_4_BW_retrofit_2,2.9,0.41,4.4,8.7,0.02075,20.81247146753215,retained_renamed_boiler_heating_energy_output,1,BLOCK BUILDINGBLOCK1 STOREY 0:Zone Mean Air Temperature [C](Daily),318.0,15.51,322,343,349,360,0,343,22
2050,24,SG_current_Insul_current_TR_retrofit_4_BW_retrofit_3,2.9,0.41,6.5,8.7,0.019875000000000004,20.234826233501764,retained_renamed_boiler_heating_energy_output,1,BLOCK BUILDINGBLOCK1 STOREY 0:Zone Mean Air Temperature [C](Daily),339.0,27.84,322,343,349,360,0,343,22
2050,25,SG_current_Insul_current_TR_retrofit_4_BW_retrofit_4,2.9,0.41,6.7,8.7,0.019875000000000004,20.228670425183434,retained_renamed_boiler_heating_energy_output,1,BLOCK BUILDINGBLOCK1 STOREY 0:Zone Mean Air Temperature [C](Daily),361.0,19.18,322,343,349,360,0,343,22
2050,26,SG_current_Insul_retrofit_1_TR_current_BW_current,2.9,4.8,0.45,0.48,0.02475,28.0955717936343,retained_renamed_boiler_heating_energy_output,1,BLOCK BUILDINGBLOCK1 STOREY 0:Zone Mean Air Temperature [C](Daily),59.7,10.0,302,321,333,345,0,321,44
2050,27,SG_current_Insul_retrofit_1_TR_current_BW_retrofit_1,2.9,4.8,4.2,0.48,0.023000000000000003,23.85097584254872,retained_renamed_boiler_heating_energy_output,1,BLOCK BUILDINGBLOCK1 STOREY 0:Zone Mean Air Temperature [C](Daily),241.7,19.36,298,311,330,346,0,311,54
2050,28,SG_current_Insul_retrofit_1_TR_current_BW_retrofit_2,2.9,4.8,4.4,0.48,0.02125,23.190936394176738,retained_renamed_boiler_heating_energy_output,1,BLOCK BUILDINGBLOCK1 STOREY 0:Zone Mean Air Temperature [C](Daily),238.7,14.83,297,311,330,346,0,311,54
2050,29,SG_current_Insul_retrofit_1_TR_current_BW_retrofit_3,2.9,4.8,6.5,0.48,0.020375000000000004,22.532761579223454,retained_renamed_boiler_heating_energy_output,1,BLOCK BUILDINGBLOCK1 STOREY 0:Zone Mean Air Temperature [C](Daily),259.7,27.16,297,310,331,346,0,310,55
2050,30,SG_current_Insul_retrofit_1_TR_current_BW_retrofit_4,2.9,4.8,6.7,0.48,0.020375000000000004,22.67831689659903,retained_renamed_boiler_heating_energy_output,1,BLOCK BUILDINGBLOCK1 STOREY 0:Zone Mean Air Temperature [C](Daily),281.7,18.5,298,310,331,346,0,310,55
2050,31,SG_current_Insul_retrofit_1_TR_retrofit_1_BW_current,2.9,4.8,0.45,4.5,0.0245,24.33231636666489,retained_renamed_boiler_heating_energy_output,1,BLOCK BUILDINGBLOCK1 STOREY 0:Zone Mean Air Temperature [C](Daily),149.2,33.29,303,321,335,346,0,321,44
2050,32,SG_current_Insul_retrofit_1_TR_retrofit_1_BW_retrofit_1,2.9,4.8,4.2,4.5,0.022750000000000003,19.971475942265297,retained_renamed_boiler_heating_energy_output,1,BLOCK BUILDINGBLOCK1 STOREY 0:Zone Mean Air Temperature [C](Daily),331.2,42.65,298,314,332,346,0,314,51
2050,33,SG_current_Insul_retrofit_1_TR_retrofit_1_BW_retrofit_2,2.9,4.8,4.4,4.5,0.021000000000000005,19.266261670563694,retained_renamed_boiler_heating_energy_output,1,BLOCK BUILDINGBLOCK1 STOREY 0:Zone Mean Air Temperature [C](Daily),328.2,38.12,298,311,331,346,0,311,54
2050,34,SG_current_Insul_retrofit_1_TR_retrofit_1_BW_retrofit_3,2.9,4.8,6.5,4.5,0.020125000000000004,18.75967501058806,retained_renamed_boiler_heating_energy_output,1,BLOCK BUILDINGBLOCK1 STOREY 0:Zone Mean Air Temperature [C](Daily),349.2,50.45,298,311,331,346,0,311,54
2050,35,SG_current_Insul_retrofit_1_TR_retrofit_1_BW_retrofit_4,2.9,4.8,6.7,4.5,0.020125000000000004,18.54770560964184,retained_renamed_boiler_heating_energy_output,1,BLOCK BUILDINGBLOCK1 STOREY 0:Zone Mean Air Temperature [C](Daily),371.2,41.79,298,311,331,346,0,311,54
2050,36,SG_current_Insul_retrofit_1_TR_retrofit_2_BW_current,2.9,4.8,0.45,4.7,0.02425,24.24701492982668,retained_renamed_boiler_heating_energy_output,1,BLOCK BUILDINGBLOCK1 STOREY 0:Zone Mean Air Temperature [C](Daily),164.7,14.76,303,321,334,346,0,321,44
2050,37,SG_current_Insul_retrofit_1_TR_retrofit_2_BW_retrofit_1,2.9,4.8,4.2,4.7,0.022500000000000003,19.864057459660845,retained_renamed_boiler_heating_energy_output,1,BLOCK BUILDINGBLOCK1 STOREY 0:Zone Mean Air Temperature [C](Daily),346.7,24.119999999999997,298,313,332,346,0,313,52
2050,38,SG_current_Insul_retrofit_1_TR_retrofit_2_BW_retrofit_2,2.9,4.8,4.4,4.7,0.020750000000000005,19.049256526942326,retained_renamed_boiler_heating_energy_output,1,BLOCK BUILDINGBLOCK1 STOREY 0:Zone Mean Air Temperature [C](Daily),343.7,19.59,298,311,331,346,0,311,54
2050,39,SG_current_Insul_retrofit_1_TR_retrofit_2_BW_retrofit_3,2.9,4.8,6.5,4.7,0.019875000000000004,18.578643742221406,retained_renamed_boiler_heating_energy_output,1,BLOCK BUILDINGBLOCK1 STOREY 0:Zone Mean Air Temperature [C](Daily),364.7,31.92,298,311,331,346,0,311,54
2050,40,SG_current_Insul_retrofit_1_TR_retrofit_2_BW_retrofit_4,2.9,4.8,6.7,4.7,0.019875000000000004,18.47647338835434,retained_renamed_boiler_heating_energy_output,1,BLOCK BUILDINGBLOCK1 STOREY 0:Zone Mean Air Temperature [C](Daily),386.7,23.259999999999998,298,310,331,346,0,310,55
2050,41,SG_current_Insul_retrofit_1_TR_retrofit_3_BW_current,2.9,4.8,0.45,8.5,0.024,23.82302811607944,retained_renamed_boiler_heating_energy_output,1,BLOCK BUILDINGBLOCK1 STOREY 0:Zone Mean Air Temperature [C](Daily),160.7,28.5,303,321,334,346,0,321,44
2050,42,SG_current_Insul_retrofit_1_TR_retrofit_3_BW_retrofit_1,2.9,4.8,4.2,8.5,0.022250000000000002,19.433495428773284,retained_renamed_boiler_heating_energy_output,1,BLOCK BUILDINGBLOCK1 STOREY 0:Zone Mean Air Temperature [C](Daily),342.7,37.86,298,313,332,346,0,313,52
2050,43,SG_current_Insul_retrofit_1_TR_retrofit_3_BW_retrofit_2,2.9,4.8,4.4,8.5,0.020500000000000004,18.747916004334336,retained_renamed_boiler_heating_energy_output,1,BLOCK BUILDINGBLOCK1 STOREY 0:Zone Mean Air Temperature [C](Daily),339.7,33.33,298,311,331,346,0,311,54
2050,44,SG_current_Insul_retrofit_1_TR_retrofit_3_BW_retrofit_3,2.9,4.8,6.5,8.5,0.019625000000000004,18.26083936001268,retained_renamed_boiler_heating_energy_output,1,BLOCK BUILDINGBLOCK1 STOREY 0:Zone Mean Air Temperature [C](Daily),360.7,45.66,298,310,331,346,0,310,55
2050,45,SG_current_Insul_retrofit_1_TR_retrofit_3_BW_retrofit_4,2.9,4.8,6.7,8.5,0.019625000000000004,18.189106347017244,retained_renamed_boiler_heating_energy_output,1,BLOCK BUILDINGBLOCK1 STOREY 0:Zone Mean Air Temperature [C](Daily),382.7,37.0,298,310,331,346,0,310,55
2050,46,SG_current_Insul_retrofit_1_TR_retrofit_4_BW_current,2.9,4.8,0.45,8.7,0.024,23.942943190248236,retained_renamed_boiler_heating_energy_output,1,BLOCK BUILDINGBLOCK1 STOREY 0:Zone Mean Air Temperature [C](Daily),198.7,20.68,303,321,334,346,1,320,44
2050,47,SG_current_Insul_retrofit_1_TR_retrofit_4_BW_retrofit_1,2.9,4.8,4.2,8.7,0.022250000000000002,19.473690509296706,retained_renamed_boiler_heating_energy_output,1,BLOCK BUILDINGBLOCK1 STOREY 0:Zone Mean Air Temperature [C](Daily),380.7,30.04,298,313,332,346,0,313,52
2050,48,SG_current_Insul_retrofit_1_TR_retrofit_4_BW_retrofit_2,2.9,4.8,4.4,8.7,0.020500000000000004,18.73022699330851,retained_renamed_boiler_heating_energy_output,1,BLOCK BUILDINGBLOCK1 STOREY 0:Zone Mean Air Temperature [C](Daily),377.7,25.509999999999998,298,311,331,346,0,311,54
2050,49,SG_current_Insul_retrofit_1_TR_retrofit_4_BW_retrofit_3,2.9,4.8,6.5,8.7,0.019625000000000004,18.261655004856426,retained_renamed_boiler_heating_energy_output,1,BLOCK BUILDINGBLOCK1 STOREY 0:Zone Mean Air Temperature [C](Daily),398.7,37.84,298,310,331,346,0,310,55
2050,50,SG_current_Insul_retrofit_1_TR_retrofit_4_BW_retrofit_4,2.9,4.8,6.7,8.7,0.019625000000000004,18.18603458454986,retained_renamed_boiler_heating_energy_output,1,BLOCK BUILDINGBLOCK1 STOREY 0:Zone Mean Air Temperature [C](Daily),420.7,29.18,298,310,331,346,0,310,55
2050,51,SG_current_Insul_retrofit_2_TR_current_BW_current,2.9,5.0,0.45,0.48,0.0245,27.80742715942531,retained_renamed_boiler_heating_energy_output,1,BLOCK BUILDINGBLOCK1 STOREY 0:Zone Mean Air Temperature [C](Daily),77.0,5.92,301,321,331,345,0,321,44
2050,52,SG_current_Insul_retrofit_2_TR_current_BW_retrofit_1,2.9,5.0,4.2,0.48,0.022750000000000003,23.719095267645372,retained_renamed_boiler_heating_energy_output,1,BLOCK BUILDINGBLOCK1 STOREY 0:Zone Mean Air Temperature [C](Daily),259.0,15.28,297,311,329,345,0,311,54
2050,53,SG_current_Insul_retrofit_2_TR_current_BW_retrofit_2,2.9,5.0,4.4,0.48,0.021000000000000005,23.10034053475849,retained_renamed_boiler_heating_energy_output,1,BLOCK BUILDINGBLOCK1 STOREY 0:Zone Mean Air Temperature [C](Daily),256.0,10.75,296,311,329,345,0,311,54
2050,54,SG_current_Insul_retrofit_2_TR_current_BW_retrofit_3,2.9,5.0,6.5,0.48,0.020125000000000004,22.562078020331263,retained_renamed_boiler_heating_energy_output,1,BLOCK BUILDINGBLOCK1 STOREY 0:Zone Mean Air Temperature [C](Daily),277.0,23.08,295,309,329,345,0,309,56
2050,55,SG_current_Insul_retrofit_2_TR_current_BW_retrofit_4,2.9,5.0,6.7,0.48,0.020125000000000004,22.451679177792293,retained_renamed_boiler_heating_energy_output,1,BLOCK BUILDINGBLOCK1 STOREY 0:Zone Mean Air Temperature [C](Daily),299.0,14.42,295,309,329,346,0,309,56
2050,56,SG_current_Insul_retrofit_2_TR_retrofit_1_BW_current,2.9,5.0,0.45,4.5,0.02425,24.046335707931473,retained_renamed_boiler_heating_energy_output,1,BLOCK BUILDINGBLOCK1 STOREY 0:Zone Mean Air Temperature [C](Daily),166.5,29.21,301,321,333,346,0,321,44
2050,57,SG_current_Insul_retrofit_2_TR_retrofit_1_BW_retrofit_1,2.9,5.0,4.2,4.5,0.022500000000000003,19.96752833752426,retained_renamed_boiler_heating_energy_output,1,BLOCK BUILDINGBLOCK1 STOREY 0:Zone Mean Air Temperature [C](Daily),348.5,38.57,298,311,331,346,0,311,54
2050,58,SG_current_Insul_retrofit_2_TR_retrofit_1_BW_retrofit_2,2.9,5.0,4.4,4.5,0.020750000000000005,18.988121453208034,retained_renamed_boiler_heating_energy_output,1,BLOCK BUILDINGBLOCK1 STOREY 0:Zone Mean Air Temperature [C](Daily),345.5,34.04,297,311,331,346,0,311,54
2050,59,SG_current_Insul_retrofit_2_TR_retrofit_1_BW_retrofit_3,2.9,5.0,6.5,4.5,0.019875000000000004,18.40257352403937,retained_renamed_boiler_heating_energy_output,1,BLOCK BUILDINGBLOCK1 STOREY 0:Zone Mean Air Temperature [C](Daily),366.5,46.37,296,310,330,346,0,310,55
2050,60,SG_current_Insul_retrofit_2_TR_retrofit_1_BW_retrofit_4,2.9,5.0,6.7,4.5,0.019875000000000004,18.46505159454133,retained_renamed_boiler_heating_energy_output,1,BLOCK BUILDINGBLOCK1 STOREY 0:Zone Mean Air Temperature [C](Daily),388.5,37.71,296,310,331,346,0,310,55
2050,61,SG_current_Insul_retrofit_2_TR_retrofit_2_BW_current,2.9,5.0,0.45,4.7,0.024,23.898954101875525,retained_renamed_boiler_heating_energy_output,1,BLOCK BUILDINGBLOCK1 STOREY 0:Zone Mean Air Temperature [C](Daily),182.0,10.68,301,321,333,346,0,321,44
2050,62,SG_current_Insul_retrofit_2_TR_retrofit_2_BW_retrofit_1,2.9,5.0,4.2,4.7,0.022250000000000002,19.66772160873498,retained_renamed_boiler_heating_energy_output,1,BLOCK BUILDINGBLOCK1 STOREY 0:Zone Mean Air Temperature [C](Daily),364.0,20.04,298,311,331,346,0,311,54
2050,63,SG_current_Insul_retrofit_2_TR_retrofit_2_BW_retrofit_2,2.9,5.0,4.4,4.7,0.020500000000000004,18.854126381196533,retained_renamed_boiler_heating_energy_output,1,BLOCK BUILDINGBLOCK1 STOREY 0:Zone Mean Air Temperature [C](Daily),361.0,15.51,297,311,331,346,0,311,54
2050,64,SG_current_Insul_retrofit_2_TR_retrofit_2_BW_retrofit_3,2.9,5.0,6.5,4.7,0.019625000000000004,18.349679775098167,retained_renamed_boiler_heating_energy_output,1,BLOCK BUILDINGBLOCK1 STOREY 0:Zone Mean Air Temperature [C](Daily),382.0,27.839999999999996,296,310,331,346,0,310,55
2050,65,SG_current_Insul_retrofit_2_TR_retrofit_2_BW_retrofit_4,2.9,5.0,6.7,4.7,0.019625000000000004,18.307911677380314,retained_renamed_boiler_heating_energy_output,1,BLOCK BUILDINGBLOCK1 STOREY 0:Zone Mean Air Temperature [C](Daily),404.0,19.18,296,310,331,346,0,310,55
2050,66,SG_current_Insul_retrofit_2_TR_retrofit_3_BW_current,2.9,5.0,0.45,8.5,0.02375,23.778129916846634,retained_renamed_boiler_heating_energy_output,1,BLOCK BUILDINGBLOCK1 STOREY 0:Zone Mean Air Temperature [C](Daily),178.0,24.42,302,321,333,346,0,321,44
2050,67,SG_current_Insul_retrofit_2_TR_retrofit_3_BW_retrofit_1,2.9,5.0,4.2,8.5,0.022000000000000002,19.3171271599329,retained_renamed_boiler_heating_energy_output,1,BLOCK BUILDINGBLOCK1 STOREY 0:Zone Mean Air Temperature [C](Daily),360.0,33.78,298,311,331,346,0,311,54
2050,68,SG_current_Insul_retrofit_2_TR_retrofit_3_BW_retrofit_2,2.9,5.0,4.4,8.5,0.020250000000000004,18.474541978078516,retained_renamed_boiler_heating_energy_output,1,BLOCK BUILDINGBLOCK1 STOREY 0:Zone Mean Air Temperature [C](Daily),357.0,29.25,297,311,331,346,0,311,54
2050,69,SG_current_Insul_retrofit_2_TR_retrofit_3_BW_retrofit_3,2.9,5.0,6.5,8.5,0.019375000000000003,17.925824549259715,retained_renamed_boiler_heating_energy_output,1,BLOCK BUILDINGBLOCK1 STOREY 0:Zone Mean Air Temperature [C](Daily),378.0,41.58,296,310,331,346,0,310,55
2050,70,SG_current_Insul_retrofit_2_TR_retrofit_3_BW_retrofit_4,2.9,5.0,6.7,8.5,0.019375000000000003,18.02930102712916,retained_renamed_boiler_heating_energy_output,1,BLOCK BUILDINGBLOCK1 STOREY 0:Zone Mean Air Temperature [C](Daily),400.0,32.92,296,310,331,346,0,310,55
2050,71,SG_current_Insul_retrofit_2_TR_retrofit_4_BW_current,2.9,5.0,0.45,8.7,0.02375,23.702623026634917,retained_renamed_boiler_heating_energy_output,1,BLOCK BUILDINGBLOCK1 STOREY 0:Zone Mean Air Temperature [C](Daily),216.0,16.6,302,321,333,346,0,321,44
2050,72,SG_current_Insul_retrofit_2_TR_retrofit_4_BW_retrofit_1,2.9,5.0,4.2,8.7,0.022000000000000002,19.291141990251067,retained_renamed_boiler_heating_energy_output,1,BLOCK BUILDINGBLOCK1 STOREY 0:Zone Mean Air Temperature [C](Daily),398.0,25.96,298,311,331,346,0,311,54
2050,73,SG_current_Insul_retrofit_2_TR_retrofit_4_BW_retrofit_2,2.9,5.0,4.4,8.7,0.020250000000000004,18.503061954448736,retained_renamed_boiler_heating_energy_output,1,BLOCK BUILDINGBLOCK1 STOREY 0:Zone Mean Air Temperature [C](Daily),395.0,21.43,297,311,331,346,0,311,54
2050,74,SG_current_Insul_retrofit_2_TR_retrofit_4_BW_retrofit_3,2.9,5.0,6.5,8.7,0.019375000000000003,17.986995359675714,retained_renamed_boiler_heating_energy_output,1,BLOCK BUILDINGBLOCK1 STOREY 0:Zone Mean Air Temperature [C](Daily),416.0,33.76,296,310,331,346,0,310,55
2050,75,SG_current_Insul_retrofit_2_TR_retrofit_4_BW_retrofit_4,2.9,5.0,6.7,8.7,0.019375000000000003,18.03210387701901,retained_renamed_boiler_heating_energy_output,1,BLOCK BUILDINGBLOCK1 STOREY 0:Zone Mean Air Temperature [C](Daily),438.0,25.1,296,310,331,346,0,310,55
2050,76,SG_current_Insul_retrofit_3_TR_current_BW_current,2.9,5.5,0.45,0.48,0.02425,27.71680733914121,retained_renamed_boiler_heating_energy_output,1,BLOCK BUILDINGBLOCK1 STOREY 0:Zone Mean Air Temperature [C](Daily),87.9,11.0,301,321,331,345,0,321,44
2050,77,SG_current_Insul_retrofit_3_TR_current_BW_retrofit_1,2.9,5.5,4.2,0.48,0.022500000000000003,23.629360050590336,retained_renamed_boiler_heating_energy_output,1,BLOCK BUILDINGBLOCK1 STOREY 0:Zone Mean Air Temperature [C](Daily),269.9,20.36,297,311,329,345,0,311,54
2050,78,SG_current_Insul_retrofit_3_TR_current_BW_retrofit_2,2.9,5.5,4.4,0.48,0.02075,22.88121142949694,retained_renamed_boiler_heating_energy_output,1,BLOCK BUILDINGBLOCK1 STOREY 0:Zone Mean Air Temperature [C](Daily),266.9,15.83,295,310,329,345,0,310,55
2050,79,SG_current_Insul_retrofit_3_TR_current_BW_retrofit_3,2.9,5.5,6.5,0.48,0.019875000000000004,22.26587274972719,retained_renamed_boiler_heating_energy_output,1,BLOCK BUILDINGBLOCK1 STOREY 0:Zone Mean Air Temperature [C](Daily),287.9,28.16,295,309,329,345,0,309,56
2050,80,SG_current_Insul_retrofit_3_TR_current_BW_retrofit_4,2.9,5.5,6.7,0.48,0.019875000000000004,22.37257546946806,retained_renamed_boiler_heating_energy_output,1,BLOCK BUILDINGBLOCK1 STOREY 0:Zone Mean Air Temperature [C](Daily),309.9,19.5,295,309,329,345,0,309,56
2050,81,SG_current_Insul_retrofit_3_TR_retrofit_1_BW_current,2.9,5.5,0.45,4.5,0.024,24.113009247235325,retained_renamed_boiler_heating_energy_output,1,BLOCK BUILDINGBLOCK1 STOREY 0:Zone Mean Air Temperature [C](Daily),177.4,34.29,301,321,332,345,0,321,44
2050,82,SG_current_Insul_retrofit_3_TR_retrofit_1_BW_retrofit_1,2.9,5.5,4.2,4.5,0.022250000000000002,19.64486049169547,retained_renamed_boiler_heating_energy_output,1,BLOCK BUILDINGBLOCK1 STOREY 0:Zone Mean Air Temperature [C](Daily),359.4,43.65,298,311,329,346,0,311,54
2050,83,SG_current_Insul_retrofit_3_TR_retrofit_1_BW_retrofit_2,2.9,5.5,4.4,4.5,0.020500000000000004,18.90587798414339,retained_renamed_boiler_heating_energy_output,1,BLOCK BUILDINGBLOCK1 STOREY 0:Zone Mean Air Temperature [C](Daily),356.4,39.12,295,311,331,346,0,311,54
2050,84,SG_current_Insul_retrofit_3_TR_retrofit_1_BW_retrofit_3,2.9,5.5,6.5,4.5,0.019625000000000004,18.267256203662498,retained_renamed_boiler_heating_energy_output,1,BLOCK BUILDINGBLOCK1 STOREY 0:Zone Mean Air Temperature [C](Daily),377.4,51.45,295,310,330,346,0,310,55
2050,85,SG_current_Insul_retrofit_3_TR_retrofit_1_BW_retrofit_4,2.9,5.5,6.7,4.5,0.019625000000000004,18.246361435736247,retained_renamed_boiler_heating_energy_output,1,BLOCK BUILDINGBLOCK1 STOREY 0:Zone Mean Air Temperature [C](Daily),399.4,42.79,295,310,330,346,0,310,55
2050,86,SG_current_Insul_retrofit_3_TR_retrofit_2_BW_current,2.9,5.5,0.45,4.7,0.02375,23.895740785522623,retained_renamed_boiler_heating_energy_output,1,BLOCK BUILDINGBLOCK1 STOREY 0:Zone Mean Air Temperature [C](Daily),192.9,15.76,301,321,332,345,0,321,44
2050,87,SG_current_Insul_retrofit_3_TR_retrofit_2_BW_retrofit_1,2.9,5.5,4.2,4.7,0.022000000000000002,19.572252301362305,retained_renamed_boiler_heating_energy_output,1,BLOCK BUILDINGBLOCK1 STOREY 0:Zone Mean Air Temperature [C](Daily),374.9,25.119999999999997,297,311,329,346,0,311,54
2050,88,SG_current_Insul_retrofit_3_TR_retrofit_2_BW_retrofit_2,2.9,5.5,4.4,4.7,0.020250000000000004,18.70692684548338,retained_renamed_boiler_heating_energy_output,1,BLOCK BUILDINGBLOCK1 STOREY 0:Zone Mean Air Temperature [C](Daily),371.9,20.59,295,311,331,346,0,311,54
2050,89,SG_current_Insul_retrofit_3_TR_retrofit_2_BW_retrofit_3,2.9,5.5,6.5,4.7,0.019375000000000003,18.207305632393982,retained_renamed_boiler_heating_energy_output,1,BLOCK BUILDINGBLOCK1 STOREY 0:Zone Mean Air Temperature [C](Daily),392.9,32.92,295,310,330,346,0,310,55
2050,90,SG_current_Insul_retrofit_3_TR_retrofit_2_BW_retrofit_4,2.9,5.5,6.7,4.7,0.019375000000000003,18.21256511948807,retained_renamed_boiler_heating_energy_output,1,BLOCK BUILDINGBLOCK1 STOREY 0:Zone Mean Air Temperature [C](Daily),414.9,24.259999999999998,295,309,330,346,0,309,56
2050,91,SG_current_Insul_retrofit_3_TR_retrofit_3_BW_current,2.9,5.5,0.45,8.5,0.0235,23.571997219384762,retained_renamed_boiler_heating_energy_output,1,BLOCK BUILDINGBLOCK1 STOREY 0:Zone Mean Air Temperature [C](Daily),188.9,29.5,301,321,333,345,0,321,44
2050,92,SG_current_Insul_retrofit_3_TR_retrofit_3_BW_retrofit_1,2.9,5.5,4.2,8.5,0.021750000000000002,19.111034247749377,retained_renamed_boiler_heating_energy_output,1,BLOCK BUILDINGBLOCK1 STOREY 0:Zone Mean Air Temperature [C](Daily),370.9,38.86,298,311,331,346,0,311,54
2050,93,SG_current_Insul_retrofit_3_TR_retrofit_3_BW_retrofit_2,2.9,5.5,4.4,8.5,0.020000000000000004,18.424374798753476,retained_renamed_boiler_heating_energy_output,1,BLOCK BUILDINGBLOCK1 STOREY 0:Zone Mean Air Temperature [C](Daily),367.9,34.33,295,310,331,346,0,310,55
2050,94,SG_current_Insul_retrofit_3_TR_retrofit_3_BW_retrofit_3,2.9,5.5,6.5,8.5,0.019125000000000003,17.86616504163347,retained_renamed_boiler_heating_energy_output,1,BLOCK BUILDINGBLOCK1 STOREY 0:Zone Mean Air Temperature [C](Daily),388.9,46.66,295,310,330,346,0,310,55
2050,95,SG_current_Insul_retrofit_3_TR_retrofit_3_BW_retrofit_4,2.9,5.5,6.7,8.5,0.019125000000000003,17.88077328243615,retained_renamed_boiler_heating_energy_output,1,BLOCK BUILDINGBLOCK1 STOREY 0:Zone Mean Air Temperature [C](Daily),410.9,38.0,295,309,330,346,0,309,56
2050,96,SG_current_Insul_retrofit_3_TR_retrofit_4_BW_current,2.9,5.5,0.45,8.7,0.0235,23.585001695027884,retained_renamed_boiler_heating_energy_output,1,BLOCK BUILDINGBLOCK1 STOREY 0:Zone Mean Air Temperature [C](Daily),226.9,21.68,301,321,333,345,0,321,44
2050,97,SG_current_Insul_retrofit_3_TR_retrofit_4_BW_retrofit_1,2.9,5.5,4.2,8.7,0.021750000000000002,19.088442943844793,retained_renamed_boiler_heating_energy_output,1,BLOCK BUILDINGBLOCK1 STOREY 0:Zone Mean Air Temperature [C](Daily),408.9,31.04,298,311,331,346,0,311,54
2050,98,SG_current_Insul_retrofit_3_TR_retrofit_4_BW_retrofit_2,2.9,5.5,4.4,8.7,0.020000000000000004,18.336319649039208,retained_renamed_boiler_heating_energy_output,1,BLOCK BUILDINGBLOCK1 STOREY 0:Zone Mean Air Temperature [C](Daily),405.9,26.509999999999998,295,310,331,346,0,310,55
2050,99,SG_current_Insul_retrofit_3_TR_retrofit_4_BW_retrofit_3,2.9,5.5,6.5,8.7,0.019125000000000003,18.095686411215894,retained_renamed_boiler_heating_energy_output,1,BLOCK BUILDINGBLOCK1 STOREY 0:Zone Mean Air Temperature [C](Daily),426.9,38.84,295,310,330,346,0,310,55
2050,100,SG_current_Insul_retrofit_3_TR_retrofit_4_BW_retrofit_4,2.9,5.5,6.7,8.7,0.019125000000000003,17.98300557391588,retained_renamed_boiler_heating_energy_output,1,BLOCK BUILDINGBLOCK1 STOREY 0:Zone Mean Air Temperature [C](Daily),448.9,30.18,295,309,330,346,0,309,56
2050,101,SG_current_Insul_retrofit_4_TR_current_BW_current,2.9,5.6,0.45,0.48,0.02425,27.660889393934372,retained_renamed_boiler_heating_energy_output,1,BLOCK BUILDINGBLOCK1 STOREY 0:Zone Mean Air Temperature [C](Daily),108.0,7.0,300,320,331,345,0,320,45
2050,102,SG_current_Insul_retrofit_4_TR_current_BW_retrofit_1,2.9,5.6,4.2,0.48,0.022500000000000003,23.517114562258303,retained_renamed_boiler_heating_energy_output,1,BLOCK BUILDINGBLOCK1 STOREY 0:Zone Mean Air Temperature [C](Daily),290.0,16.36,297,311,329,345,0,311,54
2050,103,SG_current_Insul_retrofit_4_TR_current_BW_retrofit_2,2.9,5.6,4.4,0.48,0.02075,22.919128275685154,retained_renamed_boiler_heating_energy_output,1,BLOCK BUILDINGBLOCK1 STOREY 0:Zone Mean Air Temperature [C](Daily),287.0,11.83,295,310,329,345,0,310,55
2050,104,SG_current_Insul_retrofit_4_TR_current_BW_retrofit_3,2.9,5.6,6.5,0.48,0.019875000000000004,22.133826081525545,retained_renamed_boiler_heating_energy_output,1,BLOCK BUILDINGBLOCK1 STOREY 0:Zone Mean Air Temperature [C](Daily),308.0,24.16,295,309,329,345,0,309,56
2050,105,SG_current_Insul_retrofit_4_TR_current_BW_retrofit_4,2.9,5.6,6.7,0.48,0.019875000000000004,22.242130473115616,retained_renamed_boiler_heating_energy_output,1,BLOCK BUILDINGBLOCK1 STOREY 0:Zone Mean Air Temperature [C](Daily),330.0,15.5,295,309,329,345,0,309,56
2050,106,SG_current_Insul_retrofit_4_TR_retrofit_1_BW_current,2.9,5.6,0.45,4.5,0.024,23.840846979411534,retained_renamed_boiler_heating_energy_output,1,BLOCK BUILDINGBLOCK1 STOREY 0:Zone Mean Air Temperature [C](Daily),197.5,30.29,301,321,332,345,0,321,44
2050,107,SG_current_Insul_retrofit_4_TR_retrofit_1_BW_retrofit_1,2.9,5.6,4.2,4.5,0.022250000000000002,19.636604036056664,retained_renamed_boiler_heating_energy_output,1,BLOCK BUILDINGBLOCK1 STOREY 0:Zone Mean Air Temperature [C](Daily),379.5,39.65,298,311,330,346,0,311,54
2050,108,SG_current_Insul_retrofit_4_TR_retrofit_1_BW_retrofit_2,2.9,5.6,4.4,4.5,0.020500000000000004,18.94529483301925,retained_renamed_boiler_heating_energy_output,1,BLOCK BUILDINGBLOCK1 STOREY 0:Zone Mean Air Temperature [C](Daily),376.5,35.12,295,310,331,346,0,310,55
2050,109,SG_current_Insul_retrofit_4_TR_retrofit_1_BW_retrofit_3,2.9,5.6,6.5,4.5,0.019625000000000004,18.29974206642193,retained_renamed_boiler_heating_energy_output,1,BLOCK BUILDINGBLOCK1 STOREY 0:Zone Mean Air Temperature [C](Daily),397.5,47.45,295,309,330,346,0,309,56
2050,110,SG_current_Insul_retrofit_4_TR_retrofit_1_BW_retrofit_4,2.9,5.6,6.7,4.5,0.019625000000000004,18.25914493239129,retained_renamed_boiler_heating_energy_output,1,BLOCK BUILDINGBLOCK1 STOREY 0:Zone Mean Air Temperature [C](Daily),419.5,38.79,296,309,330,346,0,309,56
2050,111,SG_current_Insul_retrofit_4_TR_retrofit_2_BW_current,2.9,5.6,0.45,4.7,0.02375,23.91412838418918,retained_renamed_boiler_heating_energy_output,1,BLOCK BUILDINGBLOCK1 STOREY 0:Zone Mean Air Temperature [C](Daily),213.0,11.76,300,321,332,345,0,321,44
2050,112,SG_current_Insul_retrofit_4_TR_retrofit_2_BW_retrofit_1,2.9,5.6,4.2,4.7,0.022000000000000002,19.531208830993478,retained_renamed_boiler_heating_energy_output,1,BLOCK BUILDINGBLOCK1 STOREY 0:Zone Mean Air Temperature [C](Daily),395.0,21.119999999999997,298,311,330,346,0,311,54
2050,113,SG_current_Insul_retrofit_4_TR_retrofit_2_BW_retrofit_2,2.9,5.6,4.4,4.7,0.020250000000000004,18.850472405527828,retained_renamed_boiler_heating_energy_output,1,BLOCK BUILDINGBLOCK1 STOREY 0:Zone Mean Air Temperature [C](Daily),392.0,16.59,295,310,331,346,0,310,55
2050,114,SG_current_Insul_retrofit_4_TR_retrofit_2_BW_retrofit_3,2.9,5.6,6.5,4.7,0.019375000000000003,18.348275059351582,retained_renamed_boiler_heating_energy_output,1,BLOCK BUILDINGBLOCK1 STOREY 0:Zone Mean Air Temperature [C](Daily),413.0,28.92,295,309,330,346,0,309,56
2050,115,SG_current_Insul_retrofit_4_TR_retrofit_2_BW_retrofit_4,2.9,5.6,6.7,4.7,0.019375000000000003,18.242927710100304,retained_renamed_boiler_heating_energy_output,1,BLOCK BUILDINGBLOCK1 STOREY 0:Zone Mean Air Temperature [C](Daily),435.0,20.259999999999998,295,309,330,346,0,309,56
2050,116,SG_current_Insul_retrofit_4_TR_retrofit_3_BW_current,2.9,5.6,0.45,8.5,0.0235,23.599855009791554,retained_renamed_boiler_heating_energy_output,1,BLOCK BUILDINGBLOCK1 STOREY 0:Zone Mean Air Temperature [C](Daily),209.0,25.5,300,321,333,345,0,321,44
2050,117,SG_current_Insul_retrofit_4_TR_retrofit_3_BW_retrofit_1,2.9,5.6,4.2,8.5,0.021750000000000002,19.107376220869234,retained_renamed_boiler_heating_energy_output,1,BLOCK BUILDINGBLOCK1 STOREY 0:Zone Mean Air Temperature [C](Daily),391.0,34.86,298,311,331,346,0,311,54
2050,118,SG_current_Insul_retrofit_4_TR_retrofit_3_BW_retrofit_2,2.9,5.6,4.4,8.5,0.020000000000000004,18.446293508102467,retained_renamed_boiler_heating_energy_output,1,BLOCK BUILDINGBLOCK1 STOREY 0:Zone Mean Air Temperature [C](Daily),388.0,30.33,295,310,331,346,0,310,55
2050,119,SG_current_Insul_retrofit_4_TR_retrofit_3_BW_retrofit_3,2.9,5.6,6.5,8.5,0.019125000000000003,17.867032421056155,retained_renamed_boiler_heating_energy_output,1,BLOCK BUILDINGBLOCK1 STOREY 0:Zone Mean Air Temperature [C](Daily),409.0,42.66,295,309,330,346,0,309,56
2050,120,SG_current_Insul_retrofit_4_TR_retrofit_3_BW_retrofit_4,2.9,5.6,6.7,8.5,0.019125000000000003,17.83082952545371,retained_renamed_boiler_heating_energy_output,1,BLOCK BUILDINGBLOCK1 STOREY 0:Zone Mean Air Temperature [C](Daily),431.0,34.0,296,309,330,346,0,309,56
2050,121,SG_current_Insul_retrofit_4_TR_retrofit_4_BW_current,2.9,5.6,0.45,8.7,0.0235,23.57998652751788,retained_renamed_boiler_heating_energy_output,1,BLOCK BUILDINGBLOCK1 STOREY 0:Zone Mean Air Temperature [C](Daily),247.0,17.68,300,321,333,345,0,321,44
2050,122,SG_current_Insul_retrofit_4_TR_retrofit_4_BW_retrofit_1,2.9,5.6,4.2,8.7,0.021750000000000002,19.07035693814579,retained_renamed_boiler_heating_energy_output,1,BLOCK BUILDINGBLOCK1 STOREY 0:Zone Mean Air Temperature [C](Daily),429.0,27.04,298,311,331,346,0,311,54
2050,123,SG_current_Insul_retrofit_4_TR_retrofit_4_BW_retrofit_2,2.9,5.6,4.4,8.7,0.020000000000000004,18.326075000430407,retained_renamed_boiler_heating_energy_output,1,BLOCK BUILDINGBLOCK1 STOREY 0:Zone Mean Air Temperature [C](Daily),426.0,22.509999999999998,295,310,331,346,0,310,55
2050,124,SG_current_Insul_retrofit_4_TR_retrofit_4_BW_retrofit_3,2.9,5.6,6.5,8.7,0.019125000000000003,17.805711250645665,retained_renamed_boiler_heating_energy_output,1,BLOCK BUILDINGBLOCK1 STOREY 0:Zone Mean Air Temperature [C](Daily),447.0,34.84,295,309,330,346,0,309,56
2050,125,SG_current_Insul_retrofit_4_TR_retrofit_4_BW_retrofit_4,2.9,5.6,6.7,8.7,0.019125000000000003,17.977017428619817,retained_renamed_boiler_heating_energy_output,1,BLOCK BUILDINGBLOCK1 STOREY 0:Zone Mean Air Temperature [C](Daily),469.0,26.18,296,309,330,346,0,309,56
2050,126,SG_retrofit_1_Insul_current_TR_current_BW_current,1.2,0.41,0.45,0.48,0.022750000000000003,26.897409728755914,retained_renamed_boiler_heating_energy_output,1,BLOCK BUILDINGBLOCK1 STOREY 0:Zone Mean Air Temperature [C](Daily),184.0,70.0,324,338,347,359,0,338,27
2050,127,SG_retrofit_1_Insul_current_TR_current_BW_retrofit_1,1.2,0.41,4.2,0.48,0.021000000000000005,22.82500230212029,retained_renamed_boiler_heating_energy_output,1,BLOCK BUILDINGBLOCK1 STOREY 0:Zone Mean Air Temperature [C](Daily),366.0,79.36,321,342,349,360,0,342,23
2050,128,SG_retrofit_1_Insul_current_TR_current_BW_retrofit_2,1.2,0.41,4.4,0.48,0.019250000000000003,22.094831510746776,retained_renamed_boiler_heating_energy_output,1,BLOCK BUILDINGBLOCK1 STOREY 0:Zone Mean Air Temperature [C](Daily),363.0,74.83,321,343,349,360,0,343,22
2050,129,SG_retrofit_1_Insul_current_TR_current_BW_retrofit_3,1.2,0.41,6.5,0.48,0.018375000000000002,21.54706360946937,retained_renamed_boiler_heating_energy_output,1,BLOCK BUILDINGBLOCK1 STOREY 0:Zone Mean Air Temperature [C](Daily),384.0,87.16,321,342,350,361,0,342,23
2050,130,SG_retrofit_1_Insul_current_TR_current_BW_retrofit_4,1.2,0.41,6.7,0.48,0.018375000000000002,21.6269333800466,retained_renamed_boiler_heating_energy_output,1,BLOCK BUILDINGBLOCK1 STOREY 0:Zone Mean Air Temperature [C](Daily),406.0,78.5,320,342,350,361,0,342,23
2050,131,SG_retrofit_1_Insul_current_TR_retrofit_1_BW_current,1.2,0.41,0.45,4.5,0.022500000000000003,22.933881683152244,retained_renamed_boiler_heating_energy_output,1,BLOCK BUILDINGBLOCK1 STOREY 0:Zone Mean Air Temperature [C](Daily),273.5,93.28999999999999,324,342,348,361,0,342,23
2050,132,SG_retrofit_1_Insul_current_TR_retrofit_1_BW_retrofit_1,1.2,0.41,4.2,4.5,0.020750000000000005,18.88392739609627,retained_renamed_boiler_heating_energy_output,1,BLOCK BUILDINGBLOCK1 STOREY 0:Zone Mean Air Temperature [C](Daily),455.5,102.65,321,343,350,361,0,343,22
2050,133,SG_retrofit_1_Insul_current_TR_retrofit_1_BW_retrofit_2,1.2,0.41,4.4,4.5,0.019000000000000003,18.161597720110432,retained_renamed_boiler_heating_energy_output,1,BLOCK BUILDINGBLOCK1 STOREY 0:Zone Mean Air Temperature [C](Daily),452.5,98.12,321,343,350,362,0,343,22
2050,134,SG_retrofit_1_Insul_current_TR_retrofit_1_BW_retrofit_3,1.2,0.41,6.5,4.5,0.018125000000000002,17.60684392345206,retained_renamed_boiler_heating_energy_output,1,BLOCK BUILDINGBLOCK1 STOREY 0:Zone Mean Air Temperature [C](Daily),473.5,110.44999999999999,321,345,350,362,0,345,20
2050,135,SG_retrofit_1_Insul_current_TR_retrofit_1_BW_retrofit_4,1.2,0.41,6.7,4.5,0.018125000000000002,17.544106191401223,retained_renamed_boiler_heating_energy_output,1,BLOCK BUILDINGBLOCK1 STOREY 0:Zone Mean Air Temperature [C](Daily),495.5,101.78999999999999,321,345,350,362,0,345,20
2050,136,SG_retrofit_1_Insul_current_TR_retrofit_2_BW_current,1.2,0.41,0.45,4.7,0.022250000000000002,22.88629745427162,retained_renamed_boiler_heating_energy_output,1,BLOCK BUILDINGBLOCK1 STOREY 0:Zone Mean Air Temperature [C](Daily),289.0,74.76,324,342,348,361,0,342,23
2050,137,SG_retrofit_1_Insul_current_TR_retrofit_2_BW_retrofit_1,1.2,0.41,4.2,4.7,0.020500000000000004,18.802244705848302,retained_renamed_boiler_heating_energy_output,1,BLOCK BUILDINGBLOCK1 STOREY 0:Zone Mean Air Temperature [C](Daily),471.0,84.12,321,343,350,361,0,343,22
2050,138,SG_retrofit_1_Insul_current_TR_retrofit_2_BW_retrofit_2,1.2,0.41,4.4,4.7,0.018750000000000003,17.98849067628637,retained_renamed_boiler_heating_energy_output,1,BLOCK BUILDINGBLOCK1 STOREY 0:Zone Mean Air Temperature [C](Daily),468.0,79.59,321,343,350,362,0,343,22
2050,139,SG_retrofit_1_Insul_current_TR_retrofit_2_BW_retrofit_3,1.2,0.41,6.5,4.7,0.017875000000000002,17.510830757442612,retained_renamed_boiler_heating_energy_output,1,BLOCK BUILDINGBLOCK1 STOREY 0:Zone Mean Air Temperature [C](Daily),489.0,91.92,321,345,350,362,0,345,20
2050,140,SG_retrofit_1_Insul_current_TR_retrofit_2_BW_retrofit_4,1.2,0.41,6.7,4.7,0.017875000000000002,17.473869280195355,retained_renamed_boiler_heating_energy_output,1,BLOCK BUILDINGBLOCK1 STOREY 0:Zone Mean Air Temperature [C](Daily),511.0,83.26,321,345,350,362,0,345,20
2050,141,SG_retrofit_1_Insul_current_TR_retrofit_3_BW_current,1.2,0.41,0.45,8.5,0.022000000000000002,22.27833080518236,retained_renamed_boiler_heating_energy_output,1,BLOCK BUILDINGBLOCK1 STOREY 0:Zone Mean Air Temperature [C](Daily),285.0,88.5,324,342,348,361,0,342,23
2050,142,SG_retrofit_1_Insul_current_TR_retrofit_3_BW_retrofit_1,1.2,0.41,4.2,8.5,0.020250000000000004,18.291828305092764,retained_renamed_boiler_heating_energy_output,1,BLOCK BUILDINGBLOCK1 STOREY 0:Zone Mean Air Temperature [C](Daily),467.0,97.86,322,343,350,361,0,343,22
2050,143,SG_retrofit_1_Insul_current_TR_retrofit_3_BW_retrofit_2,1.2,0.41,4.4,8.5,0.0185,17.576724515296586,retained_renamed_boiler_heating_energy_output,1,BLOCK BUILDINGBLOCK1 STOREY 0:Zone Mean Air Temperature [C](Daily),464.0,93.33,321,344,350,362,0,344,21
2050,144,SG_retrofit_1_Insul_current_TR_retrofit_3_BW_retrofit_3,1.2,0.41,6.5,8.5,0.017625000000000002,17.138494682900497,retained_renamed_boiler_heating_energy_output,1,BLOCK BUILDINGBLOCK1 STOREY 0:Zone Mean Air Temperature [C](Daily),485.0,105.66,321,345,351,363,0,345,20
2050,145,SG_retrofit_1_Insul_current_TR_retrofit_3_BW_retrofit_4,1.2,0.41,6.7,8.5,0.017625000000000002,17.20398854771861,retained_renamed_boiler_heating_energy_output,1,BLOCK BUILDINGBLOCK1 STOREY 0:Zone Mean Air Temperature [C](Daily),507.0,97.0,321,345,350,362,0,345,20
2050,146,SG_retrofit_1_Insul_current_TR_retrofit_4_BW_current,1.2,0.41,0.45,8.7,0.022000000000000002,22.344516363852716,retained_renamed_boiler_heating_energy_output,1,BLOCK BUILDINGBLOCK1 STOREY 0:Zone Mean Air Temperature [C](Daily),323.0,80.68,324,342,348,361,0,342,23
2050,147,SG_retrofit_1_Insul_current_TR_retrofit_4_BW_retrofit_1,1.2,0.41,4.2,8.7,0.020250000000000004,18.35370259224956,retained_renamed_boiler_heating_energy_output,1,BLOCK BUILDINGBLOCK1 STOREY 0:Zone Mean Air Temperature [C](Daily),505.0,90.03999999999999,322,343,350,361,0,343,22
2050,148,SG_retrofit_1_Insul_current_TR_retrofit_4_BW_retrofit_2,1.2,0.41,4.4,8.7,0.0185,17.633027535089102,retained_renamed_boiler_heating_energy_output,1,BLOCK BUILDINGBLOCK1 STOREY 0:Zone Mean Air Temperature [C](Daily),502.0,85.50999999999999,321,344,350,362,0,344,21
2050,149,SG_retrofit_1_Insul_current_TR_retrofit_4_BW_retrofit_3,1.2,0.41,6.5,8.7,0.017625000000000002,17.122439003055057,retained_renamed_boiler_heating_energy_output,1,BLOCK BUILDINGBLOCK1 STOREY 0:Zone Mean Air Temperature [C](Daily),523.0,97.84,321,345,351,363,0,345,20
2050,150,SG_retrofit_1_Insul_current_TR_retrofit_4_BW_retrofit_4,1.2,0.41,6.7,8.7,0.017625000000000002,17.11432697286165,retained_renamed_boiler_heating_energy_output,1,BLOCK BUILDINGBLOCK1 STOREY 0:Zone Mean Air Temperature [C](Daily),545.0,89.18,321,345,350,362,0,345,20
2050,151,SG_retrofit_1_Insul_retrofit_1_TR_current_BW_current,1.2,4.8,0.45,0.48,0.022500000000000003,24.872496058292093,retained_renamed_boiler_heating_energy_output,1,BLOCK BUILDINGBLOCK1 STOREY 0:Zone Mean Air Temperature [C](Daily),243.7,80.0,296,317,330,345,0,317,48
2050,152,SG_retrofit_1_Insul_retrofit_1_TR_current_BW_retrofit_1,1.2,4.8,4.2,0.48,0.020750000000000005,20.533619144612594,retained_renamed_boiler_heating_energy_output,1,BLOCK BUILDINGBLOCK1 STOREY 0:Zone Mean Air Temperature [C](Daily),425.7,89.36,291,307,328,345,0,307,58
2050,153,SG_retrofit_1_Insul_retrofit_1_TR_current_BW_retrofit_2,1.2,4.8,4.4,0.48,0.019000000000000003,19.865180878743786,retained_renamed_boiler_heating_energy_output,1,BLOCK BUILDINGBLOCK1 STOREY 0:Zone Mean Air Temperature [C](Daily),422.7,84.83,290,306,328,345,0,306,59
2050,154,SG_retrofit_1_Insul_retrofit_1_TR_current_BW_retrofit_3,1.2,4.8,6.5,0.48,0.018125000000000002,19.390028569475152,retained_renamed_boiler_heating_energy_output,1,BLOCK BUILDINGBLOCK1 STOREY 0:Zone Mean Air Temperature [C](Daily),443.7,97.16,289,306,327,345,0,306,59
2050,155,SG_retrofit_1_Insul_retrofit_1_TR_current_BW_retrofit_4,1.2,4.8,6.7,0.48,0.018125000000000002,19.21810322317778,retained_renamed_boiler_heating_energy_output,1,BLOCK BUILDINGBLOCK1 STOREY 0:Zone Mean Air Temperature [C](Daily),465.7,88.5,289,305,327,345,0,305,60
2050,156,SG_retrofit_1_Insul_retrofit_1_TR_retrofit_1_BW_current,1.2,4.8,0.45,4.5,0.022250000000000002,21.06452256195599,retained_renamed_boiler_heating_energy_output,1,BLOCK BUILDINGBLOCK1 STOREY 0:Zone Mean Air Temperature [C](Daily),333.2,103.28999999999999,298,320,331,346,0,320,45
2050,157,SG_retrofit_1_Insul_retrofit_1_TR_retrofit_1_BW_retrofit_1,1.2,4.8,4.2,4.5,0.020500000000000004,16.7516388281457,retained_renamed_boiler_heating_energy_output,1,BLOCK BUILDINGBLOCK1 STOREY 0:Zone Mean Air Temperature [C](Daily),515.2,112.65,293,308,329,345,0,308,57
2050,158,SG_retrofit_1_Insul_retrofit_1_TR_retrofit_1_BW_retrofit_2,1.2,4.8,4.4,4.5,0.018750000000000003,15.936107856507777,retained_renamed_boiler_heating_energy_output,1,BLOCK BUILDINGBLOCK1 STOREY 0:Zone Mean Air Temperature [C](Daily),512.2,108.12,291,307,329,345,0,307,58
2050,159,SG_retrofit_1_Insul_retrofit_1_TR_retrofit_1_BW_retrofit_3,1.2,4.8,6.5,4.5,0.017875000000000002,15.588366520991046,retained_renamed_boiler_heating_energy_output,1,BLOCK BUILDINGBLOCK1 STOREY 0:Zone Mean Air Temperature [C](Daily),533.2,120.44999999999999,290,306,329,345,0,306,59
2050,160,SG_retrofit_1_Insul_retrofit_1_TR_retrofit_1_BW_retrofit_4,1.2,4.8,6.7,4.5,0.017875000000000002,15.52045843548117,retained_renamed_boiler_heating_energy_output,1,BLOCK BUILDINGBLOCK1 STOREY 0:Zone Mean Air Temperature [C](Daily),555.2,111.78999999999999,290,306,330,345,0,306,59
2050,161,SG_retrofit_1_Insul_retrofit_1_TR_retrofit_2_BW_current,1.2,4.8,0.45,4.7,0.022000000000000002,21.059222002938224,retained_renamed_boiler_heating_energy_output,1,BLOCK BUILDINGBLOCK1 STOREY 0:Zone Mean Air Temperature [C](Daily),348.7,84.76,298,320,331,346,0,320,45
2050,162,SG_retrofit_1_Insul_retrofit_1_TR_retrofit_2_BW_retrofit_1,1.2,4.8,4.2,4.7,0.020250000000000004,16.75755129180096,retained_renamed_boiler_heating_energy_output,1,BLOCK BUILDINGBLOCK1 STOREY 0:Zone Mean Air Temperature [C](Daily),530.7,94.12,292,307,329,345,0,307,58
2050,163,SG_retrofit_1_Insul_retrofit_1_TR_retrofit_2_BW_retrofit_2,1.2,4.8,4.4,4.7,0.018500000000000003,15.87536682380128,retained_renamed_boiler_heating_energy_output,1,BLOCK BUILDINGBLOCK1 STOREY 0:Zone Mean Air Temperature [C](Daily),527.7,89.59,290,307,329,345,0,307,58
2050,164,SG_retrofit_1_Insul_retrofit_1_TR_retrofit_2_BW_retrofit_3,1.2,4.8,6.5,4.7,0.017625000000000002,15.419918437451697,retained_renamed_boiler_heating_energy_output,1,BLOCK BUILDINGBLOCK1 STOREY 0:Zone Mean Air Temperature [C](Daily),548.7,101.92,289,306,329,345,0,306,59
2050,165,SG_retrofit_1_Insul_retrofit_1_TR_retrofit_2_BW_retrofit_4,1.2,4.8,6.7,4.7,0.017625000000000002,15.278804320008748,retained_renamed_boiler_heating_energy_output,1,BLOCK BUILDINGBLOCK1 STOREY 0:Zone Mean Air Temperature [C](Daily),570.7,93.26,289,306,330,345,0,306,59
2050,166,SG_retrofit_1_Insul_retrofit_1_TR_retrofit_3_BW_current,1.2,4.8,0.45,8.5,0.021750000000000002,20.677699563738035,retained_renamed_boiler_heating_energy_output,1,BLOCK BUILDINGBLOCK1 STOREY 0:Zone Mean Air Temperature [C](Daily),344.7,98.5,298,320,331,346,0,320,45
2050,167,SG_retrofit_1_Insul_retrofit_1_TR_retrofit_3_BW_retrofit_1,1.2,4.8,4.2,8.5,0.020000000000000004,16.273407779940463,retained_renamed_boiler_heating_energy_output,1,BLOCK BUILDINGBLOCK1 STOREY 0:Zone Mean Air Temperature [C](Daily),526.7,107.86,292,307,329,345,0,307,58
2050,168,SG_retrofit_1_Insul_retrofit_1_TR_retrofit_3_BW_retrofit_2,1.2,4.8,4.4,8.5,0.01825,15.54121462589699,retained_renamed_boiler_heating_energy_output,1,BLOCK BUILDINGBLOCK1 STOREY 0:Zone Mean Air Temperature [C](Daily),523.7,103.33,290,307,329,345,0,307,58
2050,169,SG_retrofit_1_Insul_retrofit_1_TR_retrofit_3_BW_retrofit_3,1.2,4.8,6.5,8.5,0.017375,15.147855273616214,retained_renamed_boiler_heating_energy_output,1,BLOCK BUILDINGBLOCK1 STOREY 0:Zone Mean Air Temperature [C](Daily),544.7,115.66,289,306,330,345,0,306,59
2050,170,SG_retrofit_1_Insul_retrofit_1_TR_retrofit_3_BW_retrofit_4,1.2,4.8,6.7,8.5,0.017375,15.091387430018655,retained_renamed_boiler_heating_energy_output,1,BLOCK BUILDINGBLOCK1 STOREY 0:Zone Mean Air Temperature [C](Daily),566.7,107.0,289,306,330,345,0,306,59
2050,171,SG_retrofit_1_Insul_retrofit_1_TR_retrofit_4_BW_current,1.2,4.8,0.45,8.7,0.021750000000000002,20.536321331848033,retained_renamed_boiler_heating_energy_output,1,BLOCK BUILDINGBLOCK1 STOREY 0:Zone Mean Air Temperature [C](Daily),382.7,90.68,298,320,331,346,0,320,45
2050,172,SG_retrofit_1_Insul_retrofit_1_TR_retrofit_4_BW_retrofit_1,1.2,4.8,4.2,8.7,0.020000000000000004,16.240700891538125,retained_renamed_boiler_heating_energy_output,1,BLOCK BUILDINGBLOCK1 STOREY 0:Zone Mean Air Temperature [C](Daily),564.7,100.03999999999999,292,307,329,345,0,307,58
2050,173,SG_retrofit_1_Insul_retrofit_1_TR_retrofit_4_BW_retrofit_2,1.2,4.8,4.4,8.7,0.01825,15.541559968820305,retained_renamed_boiler_heating_energy_output,1,BLOCK BUILDINGBLOCK1 STOREY 0:Zone Mean Air Temperature [C](Daily),561.7,95.50999999999999,290,307,329,345,0,307,58
2050,174,SG_retrofit_1_Insul_retrofit_1_TR_retrofit_4_BW_retrofit_3,1.2,4.8,6.5,8.7,0.017375,15.076482317594872,retained_renamed_boiler_heating_energy_output,1,BLOCK BUILDINGBLOCK1 STOREY 0:Zone Mean Air Temperature [C](Daily),582.7,107.84,289,306,330,345,0,306,59
2050,175,SG_retrofit_1_Insul_retrofit_1_TR_retrofit_4_BW_retrofit_4,1.2,4.8,6.7,8.7,0.017375,14.99193340941034,retained_renamed_boiler_heating_energy_output,1,BLOCK BUILDINGBLOCK1 STOREY 0:Zone Mean Air Temperature [C](Daily),604.7,99.18,289,306,330,345,0,306,59
2050,176,SG_retrofit_1_Insul_retrofit_2_TR_current_BW_current,1.2,5.0,0.45,0.48,0.022250000000000002,24.731764938767927,retained_renamed_boiler_heating_energy_output,1,BLOCK BUILDINGBLOCK1 STOREY 0:Zone Mean Air Temperature [C](Daily),261.0,75.92,295,316,329,345,0,316,49
2050,177,SG_retrofit_1_Insul_retrofit_2_TR_current_BW_retrofit_1,1.2,5.0,4.2,0.48,0.020500000000000004,20.480157326162065,retained_renamed_boiler_heating_energy_output,1,BLOCK BUILDINGBLOCK1 STOREY 0:Zone Mean Air Temperature [C](Daily),443.0,85.28,290,306,326,345,0,306,59
2050,178,SG_retrofit_1_Insul_retrofit_2_TR_current_BW_retrofit_2,1.2,5.0,4.4,0.48,0.018750000000000003,19.59573179543075,retained_renamed_boiler_heating_energy_output,1,BLOCK BUILDINGBLOCK1 STOREY 0:Zone Mean Air Temperature [C](Daily),440.0,80.75,289,305,326,343,0,305,60
2050,179,SG_retrofit_1_Insul_retrofit_2_TR_current_BW_retrofit_3,1.2,5.0,6.5,0.48,0.017875000000000002,19.036458301191896,retained_renamed_boiler_heating_energy_output,1,BLOCK BUILDINGBLOCK1 STOREY 0:Zone Mean Air Temperature [C](Daily),461.0,93.08,289,303,324,344,0,303,62
2050,180,SG_retrofit_1_Insul_retrofit_2_TR_current_BW_retrofit_4,1.2,5.0,6.7,0.48,0.017875000000000002,19.070268849035074,retained_renamed_boiler_heating_energy_output,1,BLOCK BUILDINGBLOCK1 STOREY 0:Zone Mean Air Temperature [C](Daily),483.0,84.42,289,303,324,344,0,303,62
2050,181,SG_retrofit_1_Insul_retrofit_2_TR_retrofit_1_BW_current,1.2,5.0,0.45,4.5,0.022000000000000002,20.868643152861626,retained_renamed_boiler_heating_energy_output,1,BLOCK BUILDINGBLOCK1 STOREY 0:Zone Mean Air Temperature [C](Daily),350.5,99.21000000000001,297,317,329,345,0,317,48
2050,182,SG_retrofit_1_Insul_retrofit_2_TR_retrofit_1_BW_retrofit_1,1.2,5.0,4.2,4.5,0.020250000000000004,16.588325224050298,retained_renamed_boiler_heating_energy_output,1,BLOCK BUILDINGBLOCK1 STOREY 0:Zone Mean Air Temperature [C](Daily),532.5,108.57,290,306,329,345,0,306,59
2050,183,SG_retrofit_1_Insul_retrofit_2_TR_retrofit_1_BW_retrofit_2,1.2,5.0,4.4,4.5,0.018500000000000003,15.847144294737662,retained_renamed_boiler_heating_energy_output,1,BLOCK BUILDINGBLOCK1 STOREY 0:Zone Mean Air Temperature [C](Daily),529.5,104.03999999999999,289,306,329,345,0,306,59
2050,184,SG_retrofit_1_Insul_retrofit_2_TR_retrofit_1_BW_retrofit_3,1.2,5.0,6.5,4.5,0.017625000000000002,15.326056051178742,retained_renamed_boiler_heating_energy_output,1,BLOCK BUILDINGBLOCK1 STOREY 0:Zone Mean Air Temperature [C](Daily),550.5,116.37,289,304,325,345,0,304,61
2050,185,SG_retrofit_1_Insul_retrofit_2_TR_retrofit_1_BW_retrofit_4,1.2,5.0,6.7,4.5,0.017625000000000002,15.252219372972023,retained_renamed_boiler_heating_energy_output,1,BLOCK BUILDINGBLOCK1 STOREY 0:Zone Mean Air Temperature [C](Daily),572.5,107.71000000000001,289,304,325,345,0,304,61
2050,186,SG_retrofit_1_Insul_retrofit_2_TR_retrofit_2_BW_current,1.2,5.0,0.45,4.7,0.021750000000000005,20.76970588874011,retained_renamed_boiler_heating_energy_output,1,BLOCK BUILDINGBLOCK1 STOREY 0:Zone Mean Air Temperature [C](Daily),366.0,80.68,297,317,329,345,0,317,48
2050,187,SG_retrofit_1_Insul_retrofit_2_TR_retrofit_2_BW_retrofit_1,1.2,5.0,4.2,4.7,0.020000000000000004,16.566623541239295,retained_renamed_boiler_heating_energy_output,1,BLOCK BUILDINGBLOCK1 STOREY 0:Zone Mean Air Temperature [C](Daily),548.0,90.04,290,306,329,345,0,306,59
2050,188,SG_retrofit_1_Insul_retrofit_2_TR_retrofit_2_BW_retrofit_2,1.2,5.0,4.4,4.7,0.018250000000000002,15.669872251776608,retained_renamed_boiler_heating_energy_output,1,BLOCK BUILDINGBLOCK1 STOREY 0:Zone Mean Air Temperature [C](Daily),545.0,85.51,289,306,329,345,0,306,59
2050,189,SG_retrofit_1_Insul_retrofit_2_TR_retrofit_2_BW_retrofit_3,1.2,5.0,6.5,4.7,0.017375,15.171820170946015,retained_renamed_boiler_heating_energy_output,1,BLOCK BUILDINGBLOCK1 STOREY 0:Zone Mean Air Temperature [C](Daily),566.0,97.84,289,304,325,345,0,304,61
2050,190,SG_retrofit_1_Insul_retrofit_2_TR_retrofit_2_BW_retrofit_4,1.2,5.0,6.7,4.7,0.017375,15.187965175557133,retained_renamed_boiler_heating_energy_output,1,BLOCK BUILDINGBLOCK1 STOREY 0:Zone Mean Air Temperature [C](Daily),588.0,89.18,289,304,325,345,0,304,61
2050,191,SG_retrofit_1_Insul_retrofit_2_TR_retrofit_3_BW_current,1.2,5.0,0.45,8.5,0.021500000000000002,20.48865345832325,retained_renamed_boiler_heating_energy_output,1,BLOCK BUILDINGBLOCK1 STOREY 0:Zone Mean Air Temperature [C](Daily),362.0,94.42,297,317,330,345,0,317,48
2050,192,SG_retrofit_1_Insul_retrofit_2_TR_retrofit_3_BW_retrofit_1,1.2,5.0,4.2,8.5,0.019750000000000004,16.1192296193113,retained_renamed_boiler_heating_energy_output,1,BLOCK BUILDINGBLOCK1 STOREY 0:Zone Mean Air Temperature [C](Daily),544.0,103.78,290,306,329,345,0,306,59
2050,193,SG_retrofit_1_Insul_retrofit_2_TR_retrofit_3_BW_retrofit_2,1.2,5.0,4.4,8.5,0.018000000000000002,15.466504677062565,retained_renamed_boiler_heating_energy_output,1,BLOCK BUILDINGBLOCK1 STOREY 0:Zone Mean Air Temperature [C](Daily),541.0,99.25,289,306,329,345,0,306,59
2050,194,SG_retrofit_1_Insul_retrofit_2_TR_retrofit_3_BW_retrofit_3,1.2,5.0,6.5,8.5,0.017125,14.82826000693822,retained_renamed_boiler_heating_energy_output,1,BLOCK BUILDINGBLOCK1 STOREY 0:Zone Mean Air Temperature [C](Daily),562.0,111.58,289,304,325,345,0,304,61
2050,195,SG_retrofit_1_Insul_retrofit_2_TR_retrofit_3_BW_retrofit_4,1.2,5.0,6.7,8.5,0.017125,14.863710205006726,retained_renamed_boiler_heating_energy_output,1,BLOCK BUILDINGBLOCK1 STOREY 0:Zone Mean Air Temperature [C](Daily),584.0,102.92,289,304,325,345,0,304,61
2050,196,SG_retrofit_1_Insul_retrofit_2_TR_retrofit_4_BW_current,1.2,5.0,0.45,8.7,0.021500000000000002,20.377847041036087,retained_renamed_boiler_heating_energy_output,1,BLOCK BUILDINGBLOCK1 STOREY 0:Zone Mean Air Temperature [C](Daily),400.0,86.6,297,317,330,345,0,317,48
2050,197,SG_retrofit_1_Insul_retrofit_2_TR_retrofit_4_BW_retrofit_1,1.2,5.0,4.2,8.7,0.019750000000000004,15.984172750990842,retained_renamed_boiler_heating_energy_output,1,BLOCK BUILDINGBLOCK1 STOREY 0:Zone Mean Air Temperature [C](Daily),582.0,95.96000000000001,290,306,329,345,0,306,59
2050,198,SG_retrofit_1_Insul_retrofit_2_TR_retrofit_4_BW_retrofit_2,1.2,5.0,4.4,8.7,0.018000000000000002,15.408399083495038,retained_renamed_boiler_heating_energy_output,1,BLOCK BUILDINGBLOCK1 STOREY 0:Zone Mean Air Temperature [C](Daily),579.0,91.43,289,306,329,345,0,306,59
2050,199,SG_retrofit_1_Insul_retrofit_2_TR_retrofit_4_BW_retrofit_3,1.2,5.0,6.5,8.7,0.017125,14.911705902533543,retained_renamed_boiler_heating_energy_output,1,BLOCK BUILDINGBLOCK1 STOREY 0:Zone Mean Air Temperature [C](Daily),600.0,103.75999999999999,289,304,326,345,0,304,61
2050,200,SG_retrofit_1_Insul_retrofit_2_TR_retrofit_4_BW_retrofit_4,1.2,5.0,6.7,8.7,0.017125,14.881471750460998,retained_renamed_boiler_heating_energy_output,1,BLOCK BUILDINGBLOCK1 STOREY 0:Zone Mean Air Temperature [C](Daily),622.0,95.1,289,304,325,345,0,304,61
2050,201,SG_retrofit_1_Insul_retrofit_3_TR_current_BW_current,1.2,5.5,0.45,0.48,0.022000000000000002,24.599208223676406,retained_renamed_boiler_heating_energy_output,1,BLOCK BUILDINGBLOCK1 STOREY 0:Zone Mean Air Temperature [C](Daily),271.9,81.0,294,316,329,345,0,316,49
2050,202,SG_retrofit_1_Insul_retrofit_3_TR_current_BW_retrofit_1,1.2,5.5,4.2,0.48,0.020250000000000004,20.222402668092386,retained_renamed_boiler_heating_energy_output,1,BLOCK BUILDINGBLOCK1 STOREY 0:Zone Mean Air Temperature [C](Daily),453.9,90.36,289,305,326,344,0,305,60
2050,203,SG_retrofit_1_Insul_retrofit_3_TR_current_BW_retrofit_2,1.2,5.5,4.4,0.48,0.0185,19.507443063894485,retained_renamed_boiler_heating_energy_output,1,BLOCK BUILDINGBLOCK1 STOREY 0:Zone Mean Air Temperature [C](Daily),450.9,85.83,289,303,325,343,0,303,62
2050,204,SG_retrofit_1_Insul_retrofit_3_TR_current_BW_retrofit_3,1.2,5.5,6.5,0.48,0.017625000000000002,18.89207426292531,retained_renamed_boiler_heating_energy_output,1,BLOCK BUILDINGBLOCK1 STOREY 0:Zone Mean Air Temperature [C](Daily),471.9,98.16,288,302,323,343,0,302,63
2050,205,SG_retrofit_1_Insul_retrofit_3_TR_current_BW_retrofit_4,1.2,5.5,6.7,0.48,0.017625000000000002,18.934550832383007,retained_renamed_boiler_heating_energy_output,1,BLOCK BUILDINGBLOCK1 STOREY 0:Zone Mean Air Temperature [C](Daily),493.9,89.5,288,302,324,343,0,302,63
2050,206,SG_retrofit_1_Insul_retrofit_3_TR_retrofit_1_BW_current,1.2,5.5,0.45,4.5,0.021750000000000002,20.71556349313332,retained_renamed_boiler_heating_energy_output,1,BLOCK BUILDINGBLOCK1 STOREY 0:Zone Mean Air Temperature [C](Daily),361.4,104.28999999999999,296,317,329,345,0,317,48
2050,207,SG_retrofit_1_Insul_retrofit_3_TR_retrofit_1_BW_retrofit_1,1.2,5.5,4.2,4.5,0.020000000000000004,16.467351340240686,retained_renamed_boiler_heating_energy_output,1,BLOCK BUILDINGBLOCK1 STOREY 0:Zone Mean Air Temperature [C](Daily),543.4,113.65,290,306,328,345,0,306,59
2050,208,SG_retrofit_1_Insul_retrofit_3_TR_retrofit_1_BW_retrofit_2,1.2,5.5,4.4,4.5,0.01825,15.718410960148159,retained_renamed_boiler_heating_energy_output,1,BLOCK BUILDINGBLOCK1 STOREY 0:Zone Mean Air Temperature [C](Daily),540.4,109.12,289,306,327,345,0,306,59
2050,209,SG_retrofit_1_Insul_retrofit_3_TR_retrofit_1_BW_retrofit_3,1.2,5.5,6.5,4.5,0.017375,15.13543343429056,retained_renamed_boiler_heating_energy_output,1,BLOCK BUILDINGBLOCK1 STOREY 0:Zone Mean Air Temperature [C](Daily),561.4,121.44999999999999,289,304,325,345,0,304,61
2050,210,SG_retrofit_1_Insul_retrofit_3_TR_retrofit_1_BW_retrofit_4,1.2,5.5,6.7,4.5,0.017375,15.120134898506226,retained_renamed_boiler_heating_energy_output,1,BLOCK BUILDINGBLOCK1 STOREY 0:Zone Mean Air Temperature [C](Daily),583.4,112.78999999999999,289,304,325,345,0,304,61
2050,211,SG_retrofit_1_Insul_retrofit_3_TR_retrofit_2_BW_current,1.2,5.5,0.45,4.7,0.021500000000000002,20.617520662639695,retained_renamed_boiler_heating_energy_output,1,BLOCK BUILDINGBLOCK1 STOREY 0:Zone Mean Air Temperature [C](Daily),376.9,85.76,295,316,329,345,0,316,49
2050,212,SG_retrofit_1_Insul_retrofit_3_TR_retrofit_2_BW_retrofit_1,1.2,5.5,4.2,4.7,0.019750000000000004,16.387760262847376,retained_renamed_boiler_heating_energy_output,1,BLOCK BUILDINGBLOCK1 STOREY 0:Zone Mean Air Temperature [C](Daily),558.9,95.12,290,306,328,345,0,306,59
2050,213,SG_retrofit_1_Insul_retrofit_3_TR_retrofit_2_BW_retrofit_2,1.2,5.5,4.4,4.7,0.018000000000000002,15.570713244153893,retained_renamed_boiler_heating_energy_output,1,BLOCK BUILDINGBLOCK1 STOREY 0:Zone Mean Air Temperature [C](Daily),555.9,90.59,289,306,328,345,0,306,59
2050,214,SG_retrofit_1_Insul_retrofit_3_TR_retrofit_2_BW_retrofit_3,1.2,5.5,6.5,4.7,0.017125,15.016095715509604,retained_renamed_boiler_heating_energy_output,1,BLOCK BUILDINGBLOCK1 STOREY 0:Zone Mean Air Temperature [C](Daily),576.9,102.92,289,304,325,345,0,304,61
2050,215,SG_retrofit_1_Insul_retrofit_3_TR_retrofit_2_BW_retrofit_4,1.2,5.5,6.7,4.7,0.017125,14.982299661450119,retained_renamed_boiler_heating_energy_output,1,BLOCK BUILDINGBLOCK1 STOREY 0:Zone Mean Air Temperature [C](Daily),598.9,94.26,289,304,325,344,0,304,61
2050,216,SG_retrofit_1_Insul_retrofit_3_TR_retrofit_3_BW_current,1.2,5.5,0.45,8.5,0.02125,20.323010224113865,retained_renamed_boiler_heating_energy_output,1,BLOCK BUILDINGBLOCK1 STOREY 0:Zone Mean Air Temperature [C](Daily),372.9,99.5,296,316,329,345,0,316,49
2050,217,SG_retrofit_1_Insul_retrofit_3_TR_retrofit_3_BW_retrofit_1,1.2,5.5,4.2,8.5,0.019500000000000003,15.975301825120821,retained_renamed_boiler_heating_energy_output,1,BLOCK BUILDINGBLOCK1 STOREY 0:Zone Mean Air Temperature [C](Daily),554.9,108.86,290,306,329,345,0,306,59
2050,218,SG_retrofit_1_Insul_retrofit_3_TR_retrofit_3_BW_retrofit_2,1.2,5.5,4.4,8.5,0.01775,15.299500241030842,retained_renamed_boiler_heating_energy_output,1,BLOCK BUILDINGBLOCK1 STOREY 0:Zone Mean Air Temperature [C](Daily),551.9,104.33,289,306,329,345,0,306,59
2050,219,SG_retrofit_1_Insul_retrofit_3_TR_retrofit_3_BW_retrofit_3,1.2,5.5,6.5,8.5,0.016875,14.720775452875072,retained_renamed_boiler_heating_energy_output,1,BLOCK BUILDINGBLOCK1 STOREY 0:Zone Mean Air Temperature [C](Daily),572.9,116.66,289,304,325,345,0,304,61
2050,220,SG_retrofit_1_Insul_retrofit_3_TR_retrofit_3_BW_retrofit_4,1.2,5.5,6.7,8.5,0.016875,14.817330744836022,retained_renamed_boiler_heating_energy_output,1,BLOCK BUILDINGBLOCK1 STOREY 0:Zone Mean Air Temperature [C](Daily),594.9,108.0,289,304,325,345,0,304,61
2050,221,SG_retrofit_1_Insul_retrofit_3_TR_retrofit_4_BW_current,1.2,5.5,0.45,8.7,0.02125,20.28660179032208,retained_renamed_boiler_heating_energy_output,1,BLOCK BUILDINGBLOCK1 STOREY 0:Zone Mean Air Temperature [C](Daily),410.9,91.68,296,316,329,345,0,316,49
2050,222,SG_retrofit_1_Insul_retrofit_3_TR_retrofit_4_BW_retrofit_1,1.2,5.5,4.2,8.7,0.019500000000000003,15.97456122432022,retained_renamed_boiler_heating_energy_output,1,BLOCK BUILDINGBLOCK1 STOREY 0:Zone Mean Air Temperature [C](Daily),592.9,101.03999999999999,290,306,329,345,0,306,59
2050,223,SG_retrofit_1_Insul_retrofit_3_TR_retrofit_4_BW_retrofit_2,1.2,5.5,4.4,8.7,0.01775,15.30561753662603,retained_renamed_boiler_heating_energy_output,1,BLOCK BUILDINGBLOCK1 STOREY 0:Zone Mean Air Temperature [C](Daily),589.9,96.50999999999999,289,306,329,345,0,306,59
2050,224,SG_retrofit_1_Insul_retrofit_3_TR_retrofit_4_BW_retrofit_3,1.2,5.5,6.5,8.7,0.016875,14.759277493687028,retained_renamed_boiler_heating_energy_output,1,BLOCK BUILDINGBLOCK1 STOREY 0:Zone Mean Air Temperature [C](Daily),610.9,108.84,289,304,325,345,0,304,61
2050,225,SG_retrofit_1_Insul_retrofit_3_TR_retrofit_4_BW_retrofit_4,1.2,5.5,6.7,8.7,0.016875,14.783043088737166,retained_renamed_boiler_heating_energy_output,1,BLOCK BUILDINGBLOCK1 STOREY 0:Zone Mean Air Temperature [C](Daily),632.9,100.18,289,304,325,345,0,304,61
2050,226,SG_retrofit_1_Insul_retrofit_4_TR_current_BW_current,1.2,5.6,0.45,0.48,0.022000000000000002,24.52164586843746,retained_renamed_boiler_heating_energy_output,1,BLOCK BUILDINGBLOCK1 STOREY 0:Zone Mean Air Temperature [C](Daily),292.0,77.0,294,316,329,345,0,316,49
2050,227,SG_retrofit_1_Insul_retrofit_4_TR_current_BW_retrofit_1,1.2,5.6,4.2,0.48,0.020250000000000004,20.223132798156843,retained_renamed_boiler_heating_energy_output,1,BLOCK BUILDINGBLOCK1 STOREY 0:Zone Mean Air Temperature [C](Daily),474.0,86.36,289,305,326,344,0,305,60
2050,228,SG_retrofit_1_Insul_retrofit_4_TR_current_BW_retrofit_2,1.2,5.6,4.4,0.48,0.0185,19.53341175504698,retained_renamed_boiler_heating_energy_output,1,BLOCK BUILDINGBLOCK1 STOREY 0:Zone Mean Air Temperature [C](Daily),471.0,81.83,289,303,324,343,0,303,62
2050,229,SG_retrofit_1_Insul_retrofit_4_TR_current_BW_retrofit_3,1.2,5.6,6.5,0.48,0.017625000000000002,18.92406656682894,retained_renamed_boiler_heating_energy_output,1,BLOCK BUILDINGBLOCK1 STOREY 0:Zone Mean Air Temperature [C](Daily),492.0,94.16,288,302,323,343,0,302,63
2050,230,SG_retrofit_1_Insul_retrofit_4_TR_current_BW_retrofit_4,1.2,5.6,6.7,0.48,0.017625000000000002,19.08157483133663,retained_renamed_boiler_heating_energy_output,1,BLOCK BUILDINGBLOCK1 STOREY 0:Zone Mean Air Temperature [C](Daily),514.0,85.5,288,302,323,343,0,302,63
2050,231,SG_retrofit_1_Insul_retrofit_4_TR_retrofit_1_BW_current,1.2,5.6,0.45,4.5,0.021750000000000002,20.77709918426668,retained_renamed_boiler_heating_energy_output,1,BLOCK BUILDINGBLOCK1 STOREY 0:Zone Mean Air Temperature [C](Daily),381.5,100.28999999999999,297,316,329,345,0,316,49
2050,232,SG_retrofit_1_Insul_retrofit_4_TR_retrofit_1_BW_retrofit_1,1.2,5.6,4.2,4.5,0.020000000000000004,16.397198622956974,retained_renamed_boiler_heating_energy_output,1,BLOCK BUILDINGBLOCK1 STOREY 0:Zone Mean Air Temperature [C](Daily),563.5,109.65,290,306,328,345,0,306,59
2050,233,SG_retrofit_1_Insul_retrofit_4_TR_retrofit_1_BW_retrofit_2,1.2,5.6,4.4,4.5,0.01825,15.813286209610428,retained_renamed_boiler_heating_energy_output,1,BLOCK BUILDINGBLOCK1 STOREY 0:Zone Mean Air Temperature [C](Daily),560.5,105.12,289,306,328,345,0,306,59
2050,234,SG_retrofit_1_Insul_retrofit_4_TR_retrofit_1_BW_retrofit_3,1.2,5.6,6.5,4.5,0.017375,15.139652845769545,retained_renamed_boiler_heating_energy_output,1,BLOCK BUILDINGBLOCK1 STOREY 0:Zone Mean Air Temperature [C](Daily),581.5,117.44999999999999,289,304,325,344,0,304,61
2050,235,SG_retrofit_1_Insul_retrofit_4_TR_retrofit_1_BW_retrofit_4,1.2,5.6,6.7,4.5,0.017375,15.134105103788166,retained_renamed_boiler_heating_energy_output,1,BLOCK BUILDINGBLOCK1 STOREY 0:Zone Mean Air Temperature [C](Daily),603.5,108.78999999999999,289,304,325,344,0,304,61
2050,236,SG_retrofit_1_Insul_retrofit_4_TR_retrofit_2_BW_current,1.2,5.6,0.45,4.7,0.021500000000000002,20.563257533574646,retained_renamed_boiler_heating_energy_output,1,BLOCK BUILDINGBLOCK1 STOREY 0:Zone Mean Air Temperature [C](Daily),397.0,81.76,297,316,329,345,0,316,49
2050,237,SG_retrofit_1_Insul_retrofit_4_TR_retrofit_2_BW_retrofit_1,1.2,5.6,4.2,4.7,0.019750000000000004,16.29968579080279,retained_renamed_boiler_heating_energy_output,1,BLOCK BUILDINGBLOCK1 STOREY 0:Zone Mean Air Temperature [C](Daily),579.0,91.12,290,306,328,345,0,306,59
2050,238,SG_retrofit_1_Insul_retrofit_4_TR_retrofit_2_BW_retrofit_2,1.2,5.6,4.4,4.7,0.018000000000000002,15.52472401543695,retained_renamed_boiler_heating_energy_output,1,BLOCK BUILDINGBLOCK1 STOREY 0:Zone Mean Air Temperature [C](Daily),576.0,86.59,289,306,327,345,0,306,59
2050,239,SG_retrofit_1_Insul_retrofit_4_TR_retrofit_2_BW_retrofit_3,1.2,5.6,6.5,4.7,0.017125,14.987942248570688,retained_renamed_boiler_heating_energy_output,1,BLOCK BUILDINGBLOCK1 STOREY 0:Zone Mean Air Temperature [C](Daily),597.0,98.92,289,304,325,344,0,304,61
2050,240,SG_retrofit_1_Insul_retrofit_4_TR_retrofit_2_BW_retrofit_4,1.2,5.6,6.7,4.7,0.017125,14.97424928607606,retained_renamed_boiler_heating_energy_output,1,BLOCK BUILDINGBLOCK1 STOREY 0:Zone Mean Air Temperature [C](Daily),619.0,90.26,289,304,325,344,0,304,61
2050,241,SG_retrofit_1_Insul_retrofit_4_TR_retrofit_3_BW_current,1.2,5.6,0.45,8.5,0.02125,20.220798185369198,retained_renamed_boiler_heating_energy_output,1,BLOCK BUILDINGBLOCK1 STOREY 0:Zone Mean Air Temperature [C](Daily),393.0,95.5,297,316,329,345,0,316,49
2050,242,SG_retrofit_1_Insul_retrofit_4_TR_retrofit_3_BW_retrofit_1,1.2,5.6,4.2,8.5,0.019500000000000003,16.02079021439338,retained_renamed_boiler_heating_energy_output,1,BLOCK BUILDINGBLOCK1 STOREY 0:Zone Mean Air Temperature [C](Daily),575.0,104.86,290,306,328,345,0,306,59
2050,243,SG_retrofit_1_Insul_retrofit_4_TR_retrofit_3_BW_retrofit_2,1.2,5.6,4.4,8.5,0.01775,15.33794978420093,retained_renamed_boiler_heating_energy_output,1,BLOCK BUILDINGBLOCK1 STOREY 0:Zone Mean Air Temperature [C](Daily),572.0,100.33,289,306,329,345,0,306,59
2050,244,SG_retrofit_1_Insul_retrofit_4_TR_retrofit_3_BW_retrofit_3,1.2,5.6,6.5,8.5,0.016875,14.635139410197803,retained_renamed_boiler_heating_energy_output,1,BLOCK BUILDINGBLOCK1 STOREY 0:Zone Mean Air Temperature [C](Daily),593.0,112.66,288,304,325,344,0,304,61
2050,245,SG_retrofit_1_Insul_retrofit_4_TR_retrofit_3_BW_retrofit_4,1.2,5.6,6.7,8.5,0.016875,14.795759406967372,retained_renamed_boiler_heating_energy_output,1,BLOCK BUILDINGBLOCK1 STOREY 0:Zone Mean Air Temperature [C](Daily),615.0,104.0,288,304,325,344,0,304,61
2050,246,SG_retrofit_1_Insul_retrofit_4_TR_retrofit_4_BW_current,1.2,5.6,0.45,8.7,0.02125,20.239542853597943,retained_renamed_boiler_heating_energy_output,1,BLOCK BUILDINGBLOCK1 STOREY 0:Zone Mean Air Temperature [C](Daily),431.0,87.68,297,316,329,345,0,316,49
2050,247,SG_retrofit_1_Insul_retrofit_4_TR_retrofit_4_BW_retrofit_1,1.2,5.6,4.2,8.7,0.019500000000000003,15.910562797791062,retained_renamed_boiler_heating_energy_output,1,BLOCK BUILDINGBLOCK1 STOREY 0:Zone Mean Air Temperature [C](Daily),613.0,97.03999999999999,290,306,328,345,0,306,59
2050,248,SG_retrofit_1_Insul_retrofit_4_TR_retrofit_4_BW_retrofit_2,1.2,5.6,4.4,8.7,0.01775,15.309006924512275,retained_renamed_boiler_heating_energy_output,1,BLOCK BUILDINGBLOCK1 STOREY 0:Zone Mean Air Temperature [C](Daily),610.0,92.50999999999999,289,306,329,345,0,306,59
2050,249,SG_retrofit_1_Insul_retrofit_4_TR_retrofit_4_BW_retrofit_3,1.2,5.6,6.5,8.7,0.016875,14.722746939832195,retained_renamed_boiler_heating_energy_output,1,BLOCK BUILDINGBLOCK1 STOREY 0:Zone Mean Air Temperature [C](Daily),631.0,104.84,288,304,325,344,0,304,61
2050,250,SG_retrofit_1_Insul_retrofit_4_TR_retrofit_4_BW_retrofit_4,1.2,5.6,6.7,8.7,0.016875,14.702298417409569,retained_renamed_boiler_heating_energy_output,1,BLOCK BUILDINGBLOCK1 STOREY 0:Zone Mean Air Temperature [C](Daily),653.0,96.18,288,304,325,344,0,304,61
2050,251,SG_retrofit_2_Insul_current_TR_current_BW_current,1.21,0.41,0.45,0.48,0.021625000000000002,26.471810129207025,retained_renamed_boiler_heating_energy_output,1,BLOCK BUILDINGBLOCK1 STOREY 0:Zone Mean Air Temperature [C](Daily),485.0,50.0,324,339,348,360,0,339,26
2050,252,SG_retrofit_2_Insul_current_TR_current_BW_retrofit_1,1.21,0.41,4.2,0.48,0.019875,22.27097006284761,retained_renamed_boiler_heating_energy_output,1,BLOCK BUILDINGBLOCK1 STOREY 0:Zone Mean Air Temperature [C](Daily),667.0,59.36,321,343,349,360,0,343,22
2050,253,SG_retrofit_2_Insul_current_TR_current_BW_retrofit_2,1.21,0.41,4.4,0.48,0.018125,21.623661108689046,retained_renamed_boiler_heating_energy_output,1,BLOCK BUILDINGBLOCK1 STOREY 0:Zone Mean Air Temperature [C](Daily),664.0,54.83,321,343,350,360,0,343,22
2050,254,SG_retrofit_2_Insul_current_TR_current_BW_retrofit_3,1.21,0.41,6.5,0.48,0.017249999999999998,21.133935283248537,retained_renamed_boiler_heating_energy_output,1,BLOCK BUILDINGBLOCK1 STOREY 0:Zone Mean Air Temperature [C](Daily),685.0,67.16,321,343,350,362,0,343,22
2050,255,SG_retrofit_2_Insul_current_TR_current_BW_retrofit_4,1.21,0.41,6.7,0.48,0.017249999999999998,21.121159629779253,retained_renamed_boiler_heating_energy_output,1,BLOCK BUILDINGBLOCK1 STOREY 0:Zone Mean Air Temperature [C](Daily),707.0,58.5,321,342,350,362,0,342,23
2050,256,SG_retrofit_2_Insul_current_TR_retrofit_1_BW_current,1.21,0.41,0.45,4.5,0.021375,22.41072126416816,retained_renamed_boiler_heating_energy_output,1,BLOCK BUILDINGBLOCK1 STOREY 0:Zone Mean Air Temperature [C](Daily),574.5,73.28999999999999,324,342,348,361,0,342,23
2050,257,SG_retrofit_2_Insul_current_TR_retrofit_1_BW_retrofit_1,1.21,0.41,4.2,4.5,0.019625000000000004,18.447035919094077,retained_renamed_boiler_heating_energy_output,1,BLOCK BUILDINGBLOCK1 STOREY 0:Zone Mean Air Temperature [C](Daily),756.5,82.65,322,343,350,361,0,343,22
2050,258,SG_retrofit_2_Insul_current_TR_retrofit_1_BW_retrofit_2,1.21,0.41,4.4,4.5,0.017875,17.68758802861722,retained_renamed_boiler_heating_energy_output,1,BLOCK BUILDINGBLOCK1 STOREY 0:Zone Mean Air Temperature [C](Daily),753.5,78.12,321,344,350,362,0,344,21
2050,259,SG_retrofit_2_Insul_current_TR_retrofit_1_BW_retrofit_3,1.21,0.41,6.5,4.5,0.017,17.103586064063975,retained_renamed_boiler_heating_energy_output,1,BLOCK BUILDINGBLOCK1 STOREY 0:Zone Mean Air Temperature [C](Daily),774.5,90.44999999999999,321,345,351,363,0,345,20
2050,260,SG_retrofit_2_Insul_current_TR_retrofit_1_BW_retrofit_4,1.21,0.41,6.7,4.5,0.017,17.05078237797858,retained_renamed_boiler_heating_energy_output,1,BLOCK BUILDINGBLOCK1 STOREY 0:Zone Mean Air Temperature [C](Daily),796.5,81.78999999999999,321,345,351,363,0,345,20
2050,261,SG_retrofit_2_Insul_current_TR_retrofit_2_BW_current,1.21,0.41,0.45,4.7,0.021125,22.364296183433684,retained_renamed_boiler_heating_energy_output,1,BLOCK BUILDINGBLOCK1 STOREY 0:Zone Mean Air Temperature [C](Daily),590.0,54.76,324,342,348,361,0,342,23
2050,262,SG_retrofit_2_Insul_current_TR_retrofit_2_BW_retrofit_1,1.21,0.41,4.2,4.7,0.019375000000000003,18.276586574488118,retained_renamed_boiler_heating_energy_output,1,BLOCK BUILDINGBLOCK1 STOREY 0:Zone Mean Air Temperature [C](Daily),772.0,64.12,322,343,350,361,0,343,22
2050,263,SG_retrofit_2_Insul_current_TR_retrofit_2_BW_retrofit_2,1.21,0.41,4.4,4.7,0.017625000000000002,17.527782117440434,retained_renamed_boiler_heating_energy_output,1,BLOCK BUILDINGBLOCK1 STOREY 0:Zone Mean Air Temperature [C](Daily),769.0,59.589999999999996,321,344,351,362,0,344,21
2050,264,SG_retrofit_2_Insul_current_TR_retrofit_2_BW_retrofit_3,1.21,0.41,6.5,4.7,0.01675,16.85384730720807,retained_renamed_boiler_heating_energy_output,1,BLOCK BUILDINGBLOCK1 STOREY 0:Zone Mean Air Temperature [C](Daily),790.0,71.92,321,345,351,363,0,345,20
2050,265,SG_retrofit_2_Insul_current_TR_retrofit_2_BW_retrofit_4,1.21,0.41,6.7,4.7,0.01675,16.907291473971778,retained_renamed_boiler_heating_energy_output,1,BLOCK BUILDINGBLOCK1 STOREY 0:Zone Mean Air Temperature [C](Daily),812.0,63.26,321,345,351,363,0,345,20
2050,266,SG_retrofit_2_Insul_current_TR_retrofit_3_BW_current,1.21,0.41,0.45,8.5,0.020875,21.82910154371694,retained_renamed_boiler_heating_energy_output,1,BLOCK BUILDINGBLOCK1 STOREY 0:Zone Mean Air Temperature [C](Daily),586.0,68.5,324,342,348,361,0,342,23
2050,267,SG_retrofit_2_Insul_current_TR_retrofit_3_BW_retrofit_1,1.21,0.41,4.2,8.5,0.019125000000000003,17.98201637185894,retained_renamed_boiler_heating_energy_output,1,BLOCK BUILDINGBLOCK1 STOREY 0:Zone Mean Air Temperature [C](Daily),768.0,77.86,322,343,350,362,0,343,22
2050,268,SG_retrofit_2_Insul_current_TR_retrofit_3_BW_retrofit_2,1.21,0.41,4.4,8.5,0.017374999999999998,17.11808502979232,retained_renamed_boiler_heating_energy_output,1,BLOCK BUILDINGBLOCK1 STOREY 0:Zone Mean Air Temperature [C](Daily),765.0,73.33,321,344,351,362,0,344,21
2050,269,SG_retrofit_2_Insul_current_TR_retrofit_3_BW_retrofit_3,1.21,0.41,6.5,8.5,0.0165,16.673348538762834,retained_renamed_boiler_heating_energy_output,1,BLOCK BUILDINGBLOCK1 STOREY 0:Zone Mean Air Temperature [C](Daily),786.0,85.66,322,345,351,363,0,345,20
2050,270,SG_retrofit_2_Insul_current_TR_retrofit_3_BW_retrofit_4,1.21,0.41,6.7,8.5,0.0165,16.73062467466168,retained_renamed_boiler_heating_energy_output,1,BLOCK BUILDINGBLOCK1 STOREY 0:Zone Mean Air Temperature [C](Daily),808.0,77.0,322,345,351,363,0,345,20
2050,271,SG_retrofit_2_Insul_current_TR_retrofit_4_BW_current,1.21,0.41,0.45,8.7,0.020875,21.826842099080096,retained_renamed_boiler_heating_energy_output,1,BLOCK BUILDINGBLOCK1 STOREY 0:Zone Mean Air Temperature [C](Daily),624.0,60.68,324,342,348,361,0,342,23
2050,272,SG_retrofit_2_Insul_current_TR_retrofit_4_BW_retrofit_1,1.21,0.41,4.2,8.7,0.019125000000000003,17.97052505128789,retained_renamed_boiler_heating_energy_output,1,BLOCK BUILDINGBLOCK1 STOREY 0:Zone Mean Air Temperature [C](Daily),806.0,70.03999999999999,322,343,350,362,0,343,22
2050,273,SG_retrofit_2_Insul_current_TR_retrofit_4_BW_retrofit_2,1.21,0.41,4.4,8.7,0.017374999999999998,17.140807336143197,retained_renamed_boiler_heating_energy_output,1,BLOCK BUILDINGBLOCK1 STOREY 0:Zone Mean Air Temperature [C](Daily),803.0,65.50999999999999,321,344,351,362,0,344,21
2050,274,SG_retrofit_2_Insul_current_TR_retrofit_4_BW_retrofit_3,1.21,0.41,6.5,8.7,0.0165,16.644012566749236,retained_renamed_boiler_heating_energy_output,1,BLOCK BUILDINGBLOCK1 STOREY 0:Zone Mean Air Temperature [C](Daily),824.0,77.84,322,345,351,363,0,345,20
2050,275,SG_retrofit_2_Insul_current_TR_retrofit_4_BW_retrofit_4,1.21,0.41,6.7,8.7,0.0165,16.673115560717168,retained_renamed_boiler_heating_energy_output,1,BLOCK BUILDINGBLOCK1 STOREY 0:Zone Mean Air Temperature [C](Daily),846.0,69.18,322,345,351,363,0,345,20
2050,276,SG_retrofit_2_Insul_retrofit_1_TR_current_BW_current,1.21,4.8,0.45,0.48,0.021375,24.3301227722622,retained_renamed_boiler_heating_energy_output,1,BLOCK BUILDINGBLOCK1 STOREY 0:Zone Mean Air Temperature [C](Daily),544.7,60.0,295,317,330,345,0,317,48
2050,277,SG_retrofit_2_Insul_retrofit_1_TR_current_BW_retrofit_1,1.21,4.8,4.2,0.48,0.019625000000000004,20.11624714312364,retained_renamed_boiler_heating_energy_output,1,BLOCK BUILDINGBLOCK1 STOREY 0:Zone Mean Air Temperature [C](Daily),726.7,69.36,290,307,328,345,0,307,58
2050,278,SG_retrofit_2_Insul_retrofit_1_TR_current_BW_retrofit_2,1.21,4.8,4.4,0.48,0.017875,19.469230281769555,retained_renamed_boiler_heating_energy_output,1,BLOCK BUILDINGBLOCK1 STOREY 0:Zone Mean Air Temperature [C](Daily),723.7,64.83,289,305,327,345,0,305,60
2050,279,SG_retrofit_2_Insul_retrofit_1_TR_current_BW_retrofit_3,1.21,4.8,6.5,0.48,0.017,18.826091696597125,retained_renamed_boiler_heating_energy_output,1,BLOCK BUILDINGBLOCK1 STOREY 0:Zone Mean Air Temperature [C](Daily),744.7,77.16,289,304,327,345,0,304,61
2050,280,SG_retrofit_2_Insul_retrofit_1_TR_current_BW_retrofit_4,1.21,4.8,6.7,0.48,0.017,18.845828890258133,retained_renamed_boiler_heating_energy_output,1,BLOCK BUILDINGBLOCK1 STOREY 0:Zone Mean Air Temperature [C](Daily),766.7,68.5,289,304,328,345,0,304,61
2050,281,SG_retrofit_2_Insul_retrofit_1_TR_retrofit_1_BW_current,1.21,4.8,0.45,4.5,0.021125,20.62534427954003,retained_renamed_boiler_heating_energy_output,1,BLOCK BUILDINGBLOCK1 STOREY 0:Zone Mean Air Temperature [C](Daily),634.2,83.28999999999999,298,317,331,346,0,317,48
2050,282,SG_retrofit_2_Insul_retrofit_1_TR_retrofit_1_BW_retrofit_1,1.21,4.8,4.2,4.5,0.019375000000000003,16.411358784753407,retained_renamed_boiler_heating_energy_output,1,BLOCK BUILDINGBLOCK1 STOREY 0:Zone Mean Air Temperature [C](Daily),816.2,92.65,291,307,329,345,0,307,58
2050,283,SG_retrofit_2_Insul_retrofit_1_TR_retrofit_1_BW_retrofit_2,1.21,4.8,4.4,4.5,0.017625000000000002,15.671165379838648,retained_renamed_boiler_heating_energy_output,1,BLOCK BUILDINGBLOCK1 STOREY 0:Zone Mean Air Temperature [C](Daily),813.2,88.12,290,307,329,345,0,307,58
2050,284,SG_retrofit_2_Insul_retrofit_1_TR_retrofit_1_BW_retrofit_3,1.21,4.8,6.5,4.5,0.01675,15.051785928228362,retained_renamed_boiler_heating_energy_output,1,BLOCK BUILDINGBLOCK1 STOREY 0:Zone Mean Air Temperature [C](Daily),834.2,100.44999999999999,289,306,329,345,0,306,59
2050,285,SG_retrofit_2_Insul_retrofit_1_TR_retrofit_1_BW_retrofit_4,1.21,4.8,6.7,4.5,0.01675,15.043292762232554,retained_renamed_boiler_heating_energy_output,1,BLOCK BUILDINGBLOCK1 STOREY 0:Zone Mean Air Temperature [C](Daily),856.2,91.78999999999999,289,306,329,345,0,306,59
2050,286,SG_retrofit_2_Insul_retrofit_1_TR_retrofit_2_BW_current,1.21,4.8,0.45,4.7,0.020875,20.554417708757533,retained_renamed_boiler_heating_energy_output,1,BLOCK BUILDINGBLOCK1 STOREY 0:Zone Mean Air Temperature [C](Daily),649.7,64.76,298,317,331,346,0,317,48
2050,287,SG_retrofit_2_Insul_retrofit_1_TR_retrofit_2_BW_retrofit_1,1.21,4.8,4.2,4.7,0.019125000000000003,16.27771747758401,retained_renamed_boiler_heating_energy_output,1,BLOCK BUILDINGBLOCK1 STOREY 0:Zone Mean Air Temperature [C](Daily),831.7,74.12,291,307,329,345,0,307,58
2050,288,SG_retrofit_2_Insul_retrofit_1_TR_retrofit_2_BW_retrofit_2,1.21,4.8,4.4,4.7,0.017375,15.406953255889755,retained_renamed_boiler_heating_energy_output,1,BLOCK BUILDINGBLOCK1 STOREY 0:Zone Mean Air Temperature [C](Daily),828.7,69.59,290,307,329,345,0,307,58
2050,289,SG_retrofit_2_Insul_retrofit_1_TR_retrofit_2_BW_retrofit_3,1.21,4.8,6.5,4.7,0.0165,14.883336320415536,retained_renamed_boiler_heating_energy_output,1,BLOCK BUILDINGBLOCK1 STOREY 0:Zone Mean Air Temperature [C](Daily),849.7,81.92,289,305,329,345,0,305,60
2050,290,SG_retrofit_2_Insul_retrofit_1_TR_retrofit_2_BW_retrofit_4,1.21,4.8,6.7,4.7,0.0165,14.900926245361152,retained_renamed_boiler_heating_energy_output,1,BLOCK BUILDINGBLOCK1 STOREY 0:Zone Mean Air Temperature [C](Daily),871.7,73.26,289,305,329,345,0,305,60
2050,291,SG_retrofit_2_Insul_retrofit_1_TR_retrofit_3_BW_current,1.21,4.8,0.45,8.5,0.020625,20.219635928860296,retained_renamed_boiler_heating_energy_output,1,BLOCK BUILDINGBLOCK1 STOREY 0:Zone Mean Air Temperature [C](Daily),645.7,78.5,298,317,331,346,0,317,48
2050,292,SG_retrofit_2_Insul_retrofit_1_TR_retrofit_3_BW_retrofit_1,1.21,4.8,4.2,8.5,0.018875000000000003,15.783859377257187,retained_renamed_boiler_heating_energy_output,1,BLOCK BUILDINGBLOCK1 STOREY 0:Zone Mean Air Temperature [C](Daily),827.7,87.86,291,307,329,345,0,307,58
2050,293,SG_retrofit_2_Insul_retrofit_1_TR_retrofit_3_BW_retrofit_2,1.21,4.8,4.4,8.5,0.017125,15.261068659135995,retained_renamed_boiler_heating_energy_output,1,BLOCK BUILDINGBLOCK1 STOREY 0:Zone Mean Air Temperature [C](Daily),824.7,83.33,290,307,329,345,0,307,58
2050,294,SG_retrofit_2_Insul_retrofit_1_TR_retrofit_3_BW_retrofit_3,1.21,4.8,6.5,8.5,0.01625,14.60348893135191,retained_renamed_boiler_heating_energy_output,1,BLOCK BUILDINGBLOCK1 STOREY 0:Zone Mean Air Temperature [C](Daily),845.7,95.66,289,306,329,345,0,306,59
2050,295,SG_retrofit_2_Insul_retrofit_1_TR_retrofit_3_BW_retrofit_4,1.21,4.8,6.7,8.5,0.01625,14.66188016434597,retained_renamed_boiler_heating_energy_output,1,BLOCK BUILDINGBLOCK1 STOREY 0:Zone Mean Air Temperature [C](Daily),867.7,87.0,289,305,330,345,0,305,60
2050,296,SG_retrofit_2_Insul_retrofit_1_TR_retrofit_4_BW_current,1.21,4.8,0.45,8.7,0.020625,20.20054826098114,retained_renamed_boiler_heating_energy_output,1,BLOCK BUILDINGBLOCK1 STOREY 0:Zone Mean Air Temperature [C](Daily),683.7,70.68,298,317,331,346,0,317,48
2050,297,SG_retrofit_2_Insul_retrofit_1_TR_retrofit_4_BW_retrofit_1,1.21,4.8,4.2,8.7,0.018875000000000003,15.859169404760658,retained_renamed_boiler_heating_energy_output,1,BLOCK BUILDINGBLOCK1 STOREY 0:Zone Mean Air Temperature [C](Daily),865.7,80.03999999999999,291,307,329,345,0,307,58
2050,298,SG_retrofit_2_Insul_retrofit_1_TR_retrofit_4_BW_retrofit_2,1.21,4.8,4.4,8.7,0.017125,15.174904338838143,retained_renamed_boiler_heating_energy_output,1,BLOCK BUILDINGBLOCK1 STOREY 0:Zone Mean Air Temperature [C](Daily),862.7,75.50999999999999,290,307,329,345,0,307,58
2050,299,SG_retrofit_2_Insul_retrofit_1_TR_retrofit_4_BW_retrofit_3,1.21,4.8,6.5,8.7,0.01625,14.671411579799276,retained_renamed_boiler_heating_energy_output,1,BLOCK BUILDINGBLOCK1 STOREY 0:Zone Mean Air Temperature [C](Daily),883.7,87.84,289,305,329,345,0,305,60
2050,300,SG_retrofit_2_Insul_retrofit_1_TR_retrofit_4_BW_retrofit_4,1.21,4.8,6.7,8.7,0.01625,14.565517722379253,retained_renamed_boiler_heating_energy_output,1,BLOCK BUILDINGBLOCK1 STOREY 0:Zone Mean Air Temperature [C](Daily),905.7,79.18,289,305,330,345,0,305,60
2050,301,SG_retrofit_2_Insul_retrofit_2_TR_current_BW_current,1.21,5.0,0.45,0.48,0.021125,24.16765467758251,retained_renamed_boiler_heating_energy_output,1,BLOCK BUILDINGBLOCK1 STOREY 0:Zone Mean Air Temperature [C](Daily),562.0,55.92,294,316,329,345,0,316,49
2050,302,SG_retrofit_2_Insul_retrofit_2_TR_current_BW_retrofit_1,1.21,5.0,4.2,0.48,0.019375000000000003,19.93023561139998,retained_renamed_boiler_heating_energy_output,1,BLOCK BUILDINGBLOCK1 STOREY 0:Zone Mean Air Temperature [C](Daily),744.0,65.28,289,305,326,345,0,305,60
2050,303,SG_retrofit_2_Insul_retrofit_2_TR_current_BW_retrofit_2,1.21,5.0,4.4,0.48,0.017625000000000002,19.073035637670788,retained_renamed_boiler_heating_energy_output,1,BLOCK BUILDINGBLOCK1 STOREY 0:Zone Mean Air Temperature [C](Daily),741.0,60.75,289,303,325,343,0,303,62
2050,304,SG_retrofit_2_Insul_retrofit_2_TR_current_BW_retrofit_3,1.21,5.0,6.5,0.48,0.01675,18.65362993771634,retained_renamed_boiler_heating_energy_output,1,BLOCK BUILDINGBLOCK1 STOREY 0:Zone Mean Air Temperature [C](Daily),762.0,73.08,288,302,323,343,0,302,63
2050,305,SG_retrofit_2_Insul_retrofit_2_TR_current_BW_retrofit_4,1.21,5.0,6.7,0.48,0.01675,18.530376571495744,retained_renamed_boiler_heating_energy_output,1,BLOCK BUILDINGBLOCK1 STOREY 0:Zone Mean Air Temperature [C](Daily),784.0,64.42,288,302,323,343,0,302,63
2050,306,SG_retrofit_2_Insul_retrofit_2_TR_retrofit_1_BW_current,1.21,5.0,0.45,4.5,0.020875,20.43058802578895,retained_renamed_boiler_heating_energy_output,1,BLOCK BUILDINGBLOCK1 STOREY 0:Zone Mean Air Temperature [C](Daily),651.5,79.21000000000001,297,316,330,345,0,316,49
2050,307,SG_retrofit_2_Insul_retrofit_2_TR_retrofit_1_BW_retrofit_1,1.21,5.0,4.2,4.5,0.019125000000000003,16.139713964892184,retained_renamed_boiler_heating_energy_output,1,BLOCK BUILDINGBLOCK1 STOREY 0:Zone Mean Air Temperature [C](Daily),833.5,88.57,290,306,329,345,0,306,59
2050,308,SG_retrofit_2_Insul_retrofit_2_TR_retrofit_1_BW_retrofit_2,1.21,5.0,4.4,4.5,0.017375,15.293964536199296,retained_renamed_boiler_heating_energy_output,1,BLOCK BUILDINGBLOCK1 STOREY 0:Zone Mean Air Temperature [C](Daily),830.5,84.03999999999999,289,306,329,345,0,306,59
2050,309,SG_retrofit_2_Insul_retrofit_2_TR_retrofit_1_BW_retrofit_3,1.21,5.0,6.5,4.5,0.0165,14.85333967459097,retained_renamed_boiler_heating_energy_output,1,BLOCK BUILDINGBLOCK1 STOREY 0:Zone Mean Air Temperature [C](Daily),851.5,96.37,289,304,325,345,0,304,61
2050,310,SG_retrofit_2_Insul_retrofit_2_TR_retrofit_1_BW_retrofit_4,1.21,5.0,6.7,4.5,0.0165,14.785756910694841,retained_renamed_boiler_heating_energy_output,1,BLOCK BUILDINGBLOCK1 STOREY 0:Zone Mean Air Temperature [C](Daily),873.5,87.71000000000001,289,304,325,345,0,304,61
2050,311,SG_retrofit_2_Insul_retrofit_2_TR_retrofit_2_BW_current,1.21,5.0,0.45,4.7,0.020625,20.27498124747186,retained_renamed_boiler_heating_energy_output,1,BLOCK BUILDINGBLOCK1 STOREY 0:Zone Mean Air Temperature [C](Daily),667.0,60.68,297,316,330,345,0,316,49
2050,312,SG_retrofit_2_Insul_retrofit_2_TR_retrofit_2_BW_retrofit_1,1.21,5.0,4.2,4.7,0.018875000000000003,15.901587205955693,retained_renamed_boiler_heating_energy_output,1,BLOCK BUILDINGBLOCK1 STOREY 0:Zone Mean Air Temperature [C](Daily),849.0,70.04,290,306,329,345,0,306,59
2050,313,SG_retrofit_2_Insul_retrofit_2_TR_retrofit_2_BW_retrofit_2,1.21,5.0,4.4,4.7,0.017125,15.196400193518782,retained_renamed_boiler_heating_energy_output,1,BLOCK BUILDINGBLOCK1 STOREY 0:Zone Mean Air Temperature [C](Daily),846.0,65.51,289,306,329,345,0,306,59
2050,314,SG_retrofit_2_Insul_retrofit_2_TR_retrofit_2_BW_retrofit_3,1.21,5.0,6.5,4.7,0.01625,14.690383352111695,retained_renamed_boiler_heating_energy_output,1,BLOCK BUILDINGBLOCK1 STOREY 0:Zone Mean Air Temperature [C](Daily),867.0,77.84,288,304,325,345,0,304,61
2050,315,SG_retrofit_2_Insul_retrofit_2_TR_retrofit_2_BW_retrofit_4,1.21,5.0,6.7,4.7,0.01625,14.679268799485135,retained_renamed_boiler_heating_energy_output,1,BLOCK BUILDINGBLOCK1 STOREY 0:Zone Mean Air Temperature [C](Daily),889.0,69.18,289,304,325,345,0,304,61
2050,316,SG_retrofit_2_Insul_retrofit_2_TR_retrofit_3_BW_current,1.21,5.0,0.45,8.5,0.020375,20.024019457825364,retained_renamed_boiler_heating_energy_output,1,BLOCK BUILDINGBLOCK1 STOREY 0:Zone Mean Air Temperature [C](Daily),663.0,74.42,297,316,330,345,0,316,49
2050,317,SG_retrofit_2_Insul_retrofit_2_TR_retrofit_3_BW_retrofit_1,1.21,5.0,4.2,8.5,0.018625,15.709875681203354,retained_renamed_boiler_heating_energy_output,1,BLOCK BUILDINGBLOCK1 STOREY 0:Zone Mean Air Temperature [C](Daily),845.0,83.78,290,306,329,345,0,306,59
2050,318,SG_retrofit_2_Insul_retrofit_2_TR_retrofit_3_BW_retrofit_2,1.21,5.0,4.4,8.5,0.016875,14.98875962509491,retained_renamed_boiler_heating_energy_output,1,BLOCK BUILDINGBLOCK1 STOREY 0:Zone Mean Air Temperature [C](Daily),842.0,79.25,289,305,329,345,0,305,60
2050,319,SG_retrofit_2_Insul_retrofit_2_TR_retrofit_3_BW_retrofit_3,1.21,5.0,6.5,8.5,0.016,14.4459617916585,retained_renamed_boiler_heating_energy_output,1,BLOCK BUILDINGBLOCK1 STOREY 0:Zone Mean Air Temperature [C](Daily),863.0,91.58,288,304,326,345,0,304,61
2050,320,SG_retrofit_2_Insul_retrofit_2_TR_retrofit_3_BW_retrofit_4,1.21,5.0,6.7,8.5,0.016,14.44231589052182,retained_renamed_boiler_heating_energy_output,1,BLOCK BUILDINGBLOCK1 STOREY 0:Zone Mean Air Temperature [C](Daily),885.0,82.92,288,304,325,345,0,304,61
2050,321,SG_retrofit_2_Insul_retrofit_2_TR_retrofit_4_BW_current,1.21,5.0,0.45,8.7,0.020375,19.900262763646122,retained_renamed_boiler_heating_energy_output,1,BLOCK BUILDINGBLOCK1 STOREY 0:Zone Mean Air Temperature [C](Daily),701.0,66.6,297,316,330,345,0,316,49
2050,322,SG_retrofit_2_Insul_retrofit_2_TR_retrofit_4_BW_retrofit_1,1.21,5.0,4.2,8.7,0.018625,15.698655254951321,retained_renamed_boiler_heating_energy_output,1,BLOCK BUILDINGBLOCK1 STOREY 0:Zone Mean Air Temperature [C](Daily),883.0,75.96000000000001,290,306,329,345,0,306,59
2050,323,SG_retrofit_2_Insul_retrofit_2_TR_retrofit_4_BW_retrofit_2,1.21,5.0,4.4,8.7,0.016875,14.863089142015545,retained_renamed_boiler_heating_energy_output,1,BLOCK BUILDINGBLOCK1 STOREY 0:Zone Mean Air Temperature [C](Daily),880.0,71.43,289,305,329,345,0,305,60
2050,324,SG_retrofit_2_Insul_retrofit_2_TR_retrofit_4_BW_retrofit_3,1.21,5.0,6.5,8.7,0.016,14.37446044436044,retained_renamed_boiler_heating_energy_output,1,BLOCK BUILDINGBLOCK1 STOREY 0:Zone Mean Air Temperature [C](Daily),901.0,83.75999999999999,288,304,326,345,0,304,61
2050,325,SG_retrofit_2_Insul_retrofit_2_TR_retrofit_4_BW_retrofit_4,1.21,5.0,6.7,8.7,0.016,14.44074395237698,retained_renamed_boiler_heating_energy_output,1,BLOCK BUILDINGBLOCK1 STOREY 0:Zone Mean Air Temperature [C](Daily),923.0,75.1,288,304,325,345,0,304,61
2050,326,SG_retrofit_2_Insul_retrofit_3_TR_current_BW_current,1.21,5.5,0.45,0.48,0.020875,24.11002675552954,retained_renamed_boiler_heating_energy_output,1,BLOCK BUILDINGBLOCK1 STOREY 0:Zone Mean Air Temperature [C](Daily),572.9,61.0,294,316,329,345,0,316,49
2050,327,SG_retrofit_2_Insul_retrofit_3_TR_current_BW_retrofit_1,1.21,5.5,4.2,0.48,0.019125000000000003,19.837383594494224,retained_renamed_boiler_heating_energy_output,1,BLOCK BUILDINGBLOCK1 STOREY 0:Zone Mean Air Temperature [C](Daily),754.9,70.36,289,304,326,343,0,304,61
2050,328,SG_retrofit_2_Insul_retrofit_3_TR_current_BW_retrofit_2,1.21,5.5,4.4,0.48,0.017374999999999998,19.115636410454385,retained_renamed_boiler_heating_energy_output,1,BLOCK BUILDINGBLOCK1 STOREY 0:Zone Mean Air Temperature [C](Daily),751.9,65.83,288,302,324,343,0,302,63
2050,329,SG_retrofit_2_Insul_retrofit_3_TR_current_BW_retrofit_3,1.21,5.5,6.5,0.48,0.0165,18.584581519836856,retained_renamed_boiler_heating_energy_output,1,BLOCK BUILDINGBLOCK1 STOREY 0:Zone Mean Air Temperature [C](Daily),772.9,78.16,287,300,323,343,0,300,65
2050,330,SG_retrofit_2_Insul_retrofit_3_TR_current_BW_retrofit_4,1.21,5.5,6.7,0.48,0.0165,18.547873866398135,retained_renamed_boiler_heating_energy_output,1,BLOCK BUILDINGBLOCK1 STOREY 0:Zone Mean Air Temperature [C](Daily),794.9,69.5,287,300,323,343,0,300,65
2050,331,SG_retrofit_2_Insul_retrofit_3_TR_retrofit_1_BW_current,1.21,5.5,0.45,4.5,0.020625,20.27294802708171,retained_renamed_boiler_heating_energy_output,1,BLOCK BUILDINGBLOCK1 STOREY 0:Zone Mean Air Temperature [C](Daily),662.4,84.28999999999999,295,316,329,345,0,316,49
2050,332,SG_retrofit_2_Insul_retrofit_3_TR_retrofit_1_BW_retrofit_1,1.21,5.5,4.2,4.5,0.018875000000000003,15.858533663327268,retained_renamed_boiler_heating_energy_output,1,BLOCK BUILDINGBLOCK1 STOREY 0:Zone Mean Air Temperature [C](Daily),844.4,93.65,290,306,329,345,0,306,59
2050,333,SG_retrofit_2_Insul_retrofit_3_TR_retrofit_1_BW_retrofit_2,1.21,5.5,4.4,4.5,0.017125,15.212101454986747,retained_renamed_boiler_heating_energy_output,1,BLOCK BUILDINGBLOCK1 STOREY 0:Zone Mean Air Temperature [C](Daily),841.4,89.12,289,304,327,344,0,304,61
2050,334,SG_retrofit_2_Insul_retrofit_3_TR_retrofit_1_BW_retrofit_3,1.21,5.5,6.5,4.5,0.01625,14.721071141845814,retained_renamed_boiler_heating_energy_output,1,BLOCK BUILDINGBLOCK1 STOREY 0:Zone Mean Air Temperature [C](Daily),862.4,101.44999999999999,288,302,324,344,0,302,63
2050,335,SG_retrofit_2_Insul_retrofit_3_TR_retrofit_1_BW_retrofit_4,1.21,5.5,6.7,4.5,0.01625,14.734683051312928,retained_renamed_boiler_heating_energy_output,1,BLOCK BUILDINGBLOCK1 STOREY 0:Zone Mean Air Temperature [C](Daily),884.4,92.78999999999999,288,303,325,344,0,303,62
2050,336,SG_retrofit_2_Insul_retrofit_3_TR_retrofit_2_BW_current,1.21,5.5,0.45,4.7,0.020375,20.161659943948003,retained_renamed_boiler_heating_energy_output,1,BLOCK BUILDINGBLOCK1 STOREY 0:Zone Mean Air Temperature [C](Daily),677.9,65.76,294,316,329,345,0,316,49
2050,337,SG_retrofit_2_Insul_retrofit_3_TR_retrofit_2_BW_retrofit_1,1.21,5.5,4.2,4.7,0.018625,15.960499535935664,retained_renamed_boiler_heating_energy_output,1,BLOCK BUILDINGBLOCK1 STOREY 0:Zone Mean Air Temperature [C](Daily),859.9,75.12,290,306,329,345,0,306,59
2050,338,SG_retrofit_2_Insul_retrofit_3_TR_retrofit_2_BW_retrofit_2,1.21,5.5,4.4,4.7,0.016875,15.126102875228042,retained_renamed_boiler_heating_energy_output,1,BLOCK BUILDINGBLOCK1 STOREY 0:Zone Mean Air Temperature [C](Daily),856.9,70.59,289,304,327,343,0,304,61
2050,339,SG_retrofit_2_Insul_retrofit_3_TR_retrofit_2_BW_retrofit_3,1.21,5.5,6.5,4.7,0.016,14.566534962684441,retained_renamed_boiler_heating_energy_output,1,BLOCK BUILDINGBLOCK1 STOREY 0:Zone Mean Air Temperature [C](Daily),877.9,82.92,288,302,324,344,0,302,63
2050,340,SG_retrofit_2_Insul_retrofit_3_TR_retrofit_2_BW_retrofit_4,1.21,5.5,6.7,4.7,0.016,14.50380951660457,retained_renamed_boiler_heating_energy_output,1,BLOCK BUILDINGBLOCK1 STOREY 0:Zone Mean Air Temperature [C](Daily),899.9,74.26,288,302,325,344,0,302,63
2050,341,SG_retrofit_2_Insul_retrofit_3_TR_retrofit_3_BW_current,1.21,5.5,0.45,8.5,0.020125,19.773823345467875,retained_renamed_boiler_heating_energy_output,1,BLOCK BUILDINGBLOCK1 STOREY 0:Zone Mean Air Temperature [C](Daily),673.9,79.5,294,316,329,345,0,316,49
2050,342,SG_retrofit_2_Insul_retrofit_3_TR_retrofit_3_BW_retrofit_1,1.21,5.5,4.2,8.5,0.018375,15.575519988061684,retained_renamed_boiler_heating_energy_output,1,BLOCK BUILDINGBLOCK1 STOREY 0:Zone Mean Air Temperature [C](Daily),855.9,88.86,290,306,329,345,0,306,59
2050,343,SG_retrofit_2_Insul_retrofit_3_TR_retrofit_3_BW_retrofit_2,1.21,5.5,4.4,8.5,0.016625,14.786088340104138,retained_renamed_boiler_heating_energy_output,1,BLOCK BUILDINGBLOCK1 STOREY 0:Zone Mean Air Temperature [C](Daily),852.9,84.33,289,304,327,344,0,304,61
2050,344,SG_retrofit_2_Insul_retrofit_3_TR_retrofit_3_BW_retrofit_3,1.21,5.5,6.5,8.5,0.01575,14.250489466453477,retained_renamed_boiler_heating_energy_output,1,BLOCK BUILDINGBLOCK1 STOREY 0:Zone Mean Air Temperature [C](Daily),873.9,96.66,287,302,324,344,0,302,63
2050,345,SG_retrofit_2_Insul_retrofit_3_TR_retrofit_3_BW_retrofit_4,1.21,5.5,6.7,8.5,0.01575,14.306227308133728,retained_renamed_boiler_heating_energy_output,1,BLOCK BUILDINGBLOCK1 STOREY 0:Zone Mean Air Temperature [C](Daily),895.9,88.0,287,302,325,344,0,302,63
2050,346,SG_retrofit_2_Insul_retrofit_3_TR_retrofit_4_BW_current,1.21,5.5,0.45,8.7,0.020125,19.977464163182283,retained_renamed_boiler_heating_energy_output,1,BLOCK BUILDINGBLOCK1 STOREY 0:Zone Mean Air Temperature [C](Daily),711.9,71.68,294,316,329,345,0,316,49
2050,347,SG_retrofit_2_Insul_retrofit_3_TR_retrofit_4_BW_retrofit_1,1.21,5.5,4.2,8.7,0.018375,15.548007069956105,retained_renamed_boiler_heating_energy_output,1,BLOCK BUILDINGBLOCK1 STOREY 0:Zone Mean Air Temperature [C](Daily),893.9,81.03999999999999,290,306,329,345,0,306,59
2050,348,SG_retrofit_2_Insul_retrofit_3_TR_retrofit_4_BW_retrofit_2,1.21,5.5,4.4,8.7,0.016625,14.750085790642135,retained_renamed_boiler_heating_energy_output,1,BLOCK BUILDINGBLOCK1 STOREY 0:Zone Mean Air Temperature [C](Daily),890.9,76.50999999999999,289,304,327,344,0,304,61
2050,349,SG_retrofit_2_Insul_retrofit_3_TR_retrofit_4_BW_retrofit_3,1.21,5.5,6.5,8.7,0.01575,14.283809037120113,retained_renamed_boiler_heating_energy_output,1,BLOCK BUILDINGBLOCK1 STOREY 0:Zone Mean Air Temperature [C](Daily),911.9,88.84,287,302,324,344,0,302,63
2050,350,SG_retrofit_2_Insul_retrofit_3_TR_retrofit_4_BW_retrofit_4,1.21,5.5,6.7,8.7,0.01575,14.341874167024157,retained_renamed_boiler_heating_energy_output,1,BLOCK BUILDINGBLOCK1 STOREY 0:Zone Mean Air Temperature [C](Daily),933.9,80.18,287,302,325,344,0,302,63
2050,351,SG_retrofit_2_Insul_retrofit_4_TR_current_BW_current,1.21,5.6,0.45,0.48,0.020875,23.98577125931789,retained_renamed_boiler_heating_energy_output,1,BLOCK BUILDINGBLOCK1 STOREY 0:Zone Mean Air Temperature [C](Daily),593.0,57.0,294,316,329,345,0,316,49
2050,352,SG_retrofit_2_Insul_retrofit_4_TR_current_BW_retrofit_1,1.21,5.6,4.2,0.48,0.019125000000000003,19.79941706807674,retained_renamed_boiler_heating_energy_output,1,BLOCK BUILDINGBLOCK1 STOREY 0:Zone Mean Air Temperature [C](Daily),775.0,66.36,289,304,325,343,0,304,61
2050,353,SG_retrofit_2_Insul_retrofit_4_TR_current_BW_retrofit_2,1.21,5.6,4.4,0.48,0.017374999999999998,18.96584036191584,retained_renamed_boiler_heating_energy_output,1,BLOCK BUILDINGBLOCK1 STOREY 0:Zone Mean Air Temperature [C](Daily),772.0,61.83,288,302,324,343,0,302,63
2050,354,SG_retrofit_2_Insul_retrofit_4_TR_current_BW_retrofit_3,1.21,5.6,6.5,0.48,0.0165,18.57123205102253,retained_renamed_boiler_heating_energy_output,1,BLOCK BUILDINGBLOCK1 STOREY 0:Zone Mean Air Temperature [C](Daily),793.0,74.16,287,300,323,343,0,300,65
2050,355,SG_retrofit_2_Insul_retrofit_4_TR_current_BW_retrofit_4,1.21,5.6,6.7,0.48,0.0165,18.57086424448388,retained_renamed_boiler_heating_energy_output,1,BLOCK BUILDINGBLOCK1 STOREY 0:Zone Mean Air Temperature [C](Daily),815.0,65.5,287,300,323,343,0,300,65
2050,356,SG_retrofit_2_Insul_retrofit_4_TR_retrofit_1_BW_current,1.21,5.6,0.45,4.5,0.020625,20.42857638838565,retained_renamed_boiler_heating_energy_output,1,BLOCK BUILDINGBLOCK1 STOREY 0:Zone Mean Air Temperature [C](Daily),682.5,80.28999999999999,295,316,329,345,0,316,49
2050,357,SG_retrofit_2_Insul_retrofit_4_TR_retrofit_1_BW_retrofit_1,1.21,5.6,4.2,4.5,0.018875000000000003,16.024375408955763,retained_renamed_boiler_heating_energy_output,1,BLOCK BUILDINGBLOCK1 STOREY 0:Zone Mean Air Temperature [C](Daily),864.5,89.65,289,306,328,345,0,306,59
2050,358,SG_retrofit_2_Insul_retrofit_4_TR_retrofit_1_BW_retrofit_2,1.21,5.6,4.4,4.5,0.017125,15.204004602930885,retained_renamed_boiler_heating_energy_output,1,BLOCK BUILDINGBLOCK1 STOREY 0:Zone Mean Air Temperature [C](Daily),861.5,85.12,289,304,326,343,0,304,61
2050,359,SG_retrofit_2_Insul_retrofit_4_TR_retrofit_1_BW_retrofit_3,1.21,5.6,6.5,4.5,0.01625,14.65796984299652,retained_renamed_boiler_heating_energy_output,1,BLOCK BUILDINGBLOCK1 STOREY 0:Zone Mean Air Temperature [C](Daily),882.5,97.44999999999999,288,302,324,344,0,302,63
2050,360,SG_retrofit_2_Insul_retrofit_4_TR_retrofit_1_BW_retrofit_4,1.21,5.6,6.7,4.5,0.01625,14.688218038142647,retained_renamed_boiler_heating_energy_output,1,BLOCK BUILDINGBLOCK1 STOREY 0:Zone Mean Air Temperature [C](Daily),904.5,88.78999999999999,288,302,324,344,0,302,63
2050,361,SG_retrofit_2_Insul_retrofit_4_TR_retrofit_2_BW_current,1.21,5.6,0.45,4.7,0.020375,20.26589515649052,retained_renamed_boiler_heating_energy_output,1,BLOCK BUILDINGBLOCK1 STOREY 0:Zone Mean Air Temperature [C](Daily),698.0,61.76,295,316,329,345,0,316,49
2050,362,SG_retrofit_2_Insul_retrofit_4_TR_retrofit_2_BW_retrofit_1,1.21,5.6,4.2,4.7,0.018625,15.897426958864568,retained_renamed_boiler_heating_energy_output,1,BLOCK BUILDINGBLOCK1 STOREY 0:Zone Mean Air Temperature [C](Daily),880.0,71.12,289,306,328,345,0,306,59
2050,363,SG_retrofit_2_Insul_retrofit_4_TR_retrofit_2_BW_retrofit_2,1.21,5.6,4.4,4.7,0.016875,14.996923849819943,retained_renamed_boiler_heating_energy_output,1,BLOCK BUILDINGBLOCK1 STOREY 0:Zone Mean Air Temperature [C](Daily),877.0,66.59,289,304,326,343,0,304,61
2050,364,SG_retrofit_2_Insul_retrofit_4_TR_retrofit_2_BW_retrofit_3,1.21,5.6,6.5,4.7,0.016,14.544902255880944,retained_renamed_boiler_heating_energy_output,1,BLOCK BUILDINGBLOCK1 STOREY 0:Zone Mean Air Temperature [C](Daily),898.0,78.92,287,302,324,343,0,302,63
2050,365,SG_retrofit_2_Insul_retrofit_4_TR_retrofit_2_BW_retrofit_4,1.21,5.6,6.7,4.7,0.016,14.521024765460846,retained_renamed_boiler_heating_energy_output,1,BLOCK BUILDINGBLOCK1 STOREY 0:Zone Mean Air Temperature [C](Daily),920.0,70.26,287,302,324,344,0,302,63
2050,366,SG_retrofit_2_Insul_retrofit_4_TR_retrofit_3_BW_current,1.21,5.6,0.45,8.5,0.020125,19.836811497565147,retained_renamed_boiler_heating_energy_output,1,BLOCK BUILDINGBLOCK1 STOREY 0:Zone Mean Air Temperature [C](Daily),694.0,75.5,295,316,329,345,0,316,49
2050,367,SG_retrofit_2_Insul_retrofit_4_TR_retrofit_3_BW_retrofit_1,1.21,5.6,4.2,8.5,0.018375,15.607909793208565,retained_renamed_boiler_heating_energy_output,1,BLOCK BUILDINGBLOCK1 STOREY 0:Zone Mean Air Temperature [C](Daily),876.0,84.86,289,306,329,345,0,306,59
2050,368,SG_retrofit_2_Insul_retrofit_4_TR_retrofit_3_BW_retrofit_2,1.21,5.6,4.4,8.5,0.016625,14.729214233323395,retained_renamed_boiler_heating_energy_output,1,BLOCK BUILDINGBLOCK1 STOREY 0:Zone Mean Air Temperature [C](Daily),873.0,80.33,288,304,325,343,0,304,61
2050,369,SG_retrofit_2_Insul_retrofit_4_TR_retrofit_3_BW_retrofit_3,1.21,5.6,6.5,8.5,0.01575,14.295309562207263,retained_renamed_boiler_heating_energy_output,1,BLOCK BUILDINGBLOCK1 STOREY 0:Zone Mean Air Temperature [C](Daily),894.0,92.66,287,302,324,343,0,302,63
2050,370,SG_retrofit_2_Insul_retrofit_4_TR_retrofit_3_BW_retrofit_4,1.21,5.6,6.7,8.5,0.01575,14.262279831105186,retained_renamed_boiler_heating_energy_output,1,BLOCK BUILDINGBLOCK1 STOREY 0:Zone Mean Air Temperature [C](Daily),916.0,84.0,287,302,324,344,0,302,63
2050,371,SG_retrofit_2_Insul_retrofit_4_TR_retrofit_4_BW_current,1.21,5.6,0.45,8.7,0.020125,19.847362651420145,retained_renamed_boiler_heating_energy_output,1,BLOCK BUILDINGBLOCK1 STOREY 0:Zone Mean Air Temperature [C](Daily),732.0,67.68,295,316,329,345,0,316,49
2050,372,SG_retrofit_2_Insul_retrofit_4_TR_retrofit_4_BW_retrofit_1,1.21,5.6,4.2,8.7,0.018375,15.506915297470215,retained_renamed_boiler_heating_energy_output,1,BLOCK BUILDINGBLOCK1 STOREY 0:Zone Mean Air Temperature [C](Daily),914.0,77.03999999999999,289,306,329,345,0,306,59
2050,373,SG_retrofit_2_Insul_retrofit_4_TR_retrofit_4_BW_retrofit_2,1.21,5.6,4.4,8.7,0.016625,14.707279734034309,retained_renamed_boiler_heating_energy_output,1,BLOCK BUILDINGBLOCK1 STOREY 0:Zone Mean Air Temperature [C](Daily),911.0,72.50999999999999,288,304,325,343,0,304,61
2050,374,SG_retrofit_2_Insul_retrofit_4_TR_retrofit_4_BW_retrofit_3,1.21,5.6,6.5,8.7,0.01575,14.289287571247009,retained_renamed_boiler_heating_energy_output,1,BLOCK BUILDINGBLOCK1 STOREY 0:Zone Mean Air Temperature [C](Daily),932.0,84.84,287,302,324,343,0,302,63
2050,375,SG_retrofit_2_Insul_retrofit_4_TR_retrofit_4_BW_retrofit_4,1.21,5.6,6.7,8.7,0.01575,14.282566260114537,retained_renamed_boiler_heating_energy_output,1,BLOCK BUILDINGBLOCK1 STOREY 0:Zone Mean Air Temperature [C](Daily),954.0,76.18,287,302,324,344,0,302,63
2050,376,SG_retrofit_3_Insul_current_TR_current_BW_current,0.8,0.41,0.45,0.48,0.020500000000000004,25.414619559009846,retained_renamed_boiler_heating_energy_output,1,BLOCK BUILDINGBLOCK1 STOREY 0:Zone Mean Air Temperature [C](Daily),295.0,150.0,324,339,348,361,0,339,26
2050,377,SG_retrofit_3_Insul_current_TR_current_BW_retrofit_1,0.8,0.41,4.2,0.48,0.018750000000000003,21.273255033891058,retained_renamed_boiler_heating_energy_output,1,BLOCK BUILDINGBLOCK1 STOREY 0:Zone Mean Air Temperature [C](Daily),477.0,159.36,321,343,350,361,0,343,22
2050,378,SG_retrofit_3_Insul_current_TR_current_BW_retrofit_2,0.8,0.41,4.4,0.48,0.017,20.565312550493587,retained_renamed_boiler_heating_energy_output,1,BLOCK BUILDINGBLOCK1 STOREY 0:Zone Mean Air Temperature [C](Daily),474.0,154.83,322,343,351,362,0,343,22
2050,379,SG_retrofit_3_Insul_current_TR_current_BW_retrofit_3,0.8,0.41,6.5,0.48,0.016125,20.167329035573875,retained_renamed_boiler_heating_energy_output,1,BLOCK BUILDINGBLOCK1 STOREY 0:Zone Mean Air Temperature [C](Daily),495.0,167.16,322,343,351,363,0,343,22
2050,380,SG_retrofit_3_Insul_current_TR_current_BW_retrofit_4,0.8,0.41,6.7,0.48,0.016125,20.120938252553056,retained_renamed_boiler_heating_energy_output,1,BLOCK BUILDINGBLOCK1 STOREY 0:Zone Mean Air Temperature [C](Daily),517.0,158.5,322,343,351,363,0,343,22
2050,381,SG_retrofit_3_Insul_current_TR_retrofit_1_BW_current,0.8,0.41,0.45,4.5,0.020250000000000004,21.43477228688097,retained_renamed_boiler_heating_energy_output,1,BLOCK BUILDINGBLOCK1 STOREY 0:Zone Mean Air Temperature [C](Daily),384.5,173.29,324,342,348,361,0,342,23
2050,382,SG_retrofit_3_Insul_current_TR_retrofit_1_BW_retrofit_1,0.8,0.41,4.2,4.5,0.0185,17.34710197729008,retained_renamed_boiler_heating_energy_output,1,BLOCK BUILDINGBLOCK1 STOREY 0:Zone Mean Air Temperature [C](Daily),566.5,182.65,322,344,351,363,0,344,21
2050,383,SG_retrofit_3_Insul_current_TR_retrofit_1_BW_retrofit_2,0.8,0.41,4.4,4.5,0.01675,16.56676152987954,retained_renamed_boiler_heating_energy_output,1,BLOCK BUILDINGBLOCK1 STOREY 0:Zone Mean Air Temperature [C](Daily),563.5,178.12,322,345,351,363,0,345,20
2050,384,SG_retrofit_3_Insul_current_TR_retrofit_1_BW_retrofit_3,0.8,0.41,6.5,4.5,0.015875,16.009134656902773,retained_renamed_boiler_heating_energy_output,1,BLOCK BUILDINGBLOCK1 STOREY 0:Zone Mean Air Temperature [C](Daily),584.5,190.45,322,346,352,363,0,346,19
2050,385,SG_retrofit_3_Insul_current_TR_retrofit_1_BW_retrofit_4,0.8,0.41,6.7,4.5,0.015875,15.942301504196156,retained_renamed_boiler_heating_energy_output,1,BLOCK BUILDINGBLOCK1 STOREY 0:Zone Mean Air Temperature [C](Daily),606.5,181.79,322,346,352,363,0,346,19
2050,386,SG_retrofit_3_Insul_current_TR_retrofit_2_BW_current,0.8,0.41,0.45,4.7,0.020000000000000004,21.292721380973042,retained_renamed_boiler_heating_energy_output,1,BLOCK BUILDINGBLOCK1 STOREY 0:Zone Mean Air Temperature [C](Daily),400.0,154.76,324,342,349,361,0,342,23
2050,387,SG_retrofit_3_Insul_current_TR_retrofit_2_BW_retrofit_1,0.8,0.41,4.2,4.7,0.01825,17.266371796755127,retained_renamed_boiler_heating_energy_output,1,BLOCK BUILDINGBLOCK1 STOREY 0:Zone Mean Air Temperature [C](Daily),582.0,164.12,322,344,351,363,0,344,21
2050,388,SG_retrofit_3_Insul_current_TR_retrofit_2_BW_retrofit_2,0.8,0.41,4.4,4.7,0.0165,16.436013164014252,retained_renamed_boiler_heating_energy_output,1,BLOCK BUILDINGBLOCK1 STOREY 0:Zone Mean Air Temperature [C](Daily),579.0,159.59,322,345,351,363,0,345,20
2050,389,SG_retrofit_3_Insul_current_TR_retrofit_2_BW_retrofit_3,0.8,0.41,6.5,4.7,0.015625,15.871006279299309,retained_renamed_boiler_heating_energy_output,1,BLOCK BUILDINGBLOCK1 STOREY 0:Zone Mean Air Temperature [C](Daily),600.0,171.92,322,346,352,363,0,346,19
2050,390,SG_retrofit_3_Insul_current_TR_retrofit_2_BW_retrofit_4,0.8,0.41,6.7,4.7,0.015625,15.812412895811855,retained_renamed_boiler_heating_energy_output,1,BLOCK BUILDINGBLOCK1 STOREY 0:Zone Mean Air Temperature [C](Daily),622.0,163.26,322,346,352,363,0,346,19
2050,391,SG_retrofit_3_Insul_current_TR_retrofit_3_BW_current,0.8,0.41,0.45,8.5,0.019750000000000004,20.865421254349215,retained_renamed_boiler_heating_energy_output,1,BLOCK BUILDINGBLOCK1 STOREY 0:Zone Mean Air Temperature [C](Daily),396.0,168.5,324,342,349,361,0,342,23
2050,392,SG_retrofit_3_Insul_current_TR_retrofit_3_BW_retrofit_1,0.8,0.41,4.2,8.5,0.018,16.812120320612266,retained_renamed_boiler_heating_energy_output,1,BLOCK BUILDINGBLOCK1 STOREY 0:Zone Mean Air Temperature [C](Daily),578.0,177.86,322,344,351,363,0,344,21
2050,393,SG_retrofit_3_Insul_current_TR_retrofit_3_BW_retrofit_2,0.8,0.41,4.4,8.5,0.01625,16.122709446867383,retained_renamed_boiler_heating_energy_output,1,BLOCK BUILDINGBLOCK1 STOREY 0:Zone Mean Air Temperature [C](Daily),575.0,173.33,322,345,351,363,0,345,20
2050,394,SG_retrofit_3_Insul_current_TR_retrofit_3_BW_retrofit_3,0.8,0.41,6.5,8.5,0.015375,15.547744962380547,retained_renamed_boiler_heating_energy_output,1,BLOCK BUILDINGBLOCK1 STOREY 0:Zone Mean Air Temperature [C](Daily),596.0,185.66,322,346,353,363,0,346,19
2050,395,SG_retrofit_3_Insul_current_TR_retrofit_3_BW_retrofit_4,0.8,0.41,6.7,8.5,0.015375,15.578663217928902,retained_renamed_boiler_heating_energy_output,1,BLOCK BUILDINGBLOCK1 STOREY 0:Zone Mean Air Temperature [C](Daily),618.0,177.0,322,346,352,363,0,346,19
2050,396,SG_retrofit_3_Insul_current_TR_retrofit_4_BW_current,0.8,0.41,0.45,8.7,0.019750000000000004,20.98308065258975,retained_renamed_boiler_heating_energy_output,1,BLOCK BUILDINGBLOCK1 STOREY 0:Zone Mean Air Temperature [C](Daily),434.0,160.68,324,342,349,361,0,342,23
2050,397,SG_retrofit_3_Insul_current_TR_retrofit_4_BW_retrofit_1,0.8,0.41,4.2,8.7,0.018,16.848815841466262,retained_renamed_boiler_heating_energy_output,1,BLOCK BUILDINGBLOCK1 STOREY 0:Zone Mean Air Temperature [C](Daily),616.0,170.04000000000002,322,344,351,363,0,344,21
2050,398,SG_retrofit_3_Insul_current_TR_retrofit_4_BW_retrofit_2,0.8,0.41,4.4,8.7,0.01625,16.138170211902377,retained_renamed_boiler_heating_energy_output,1,BLOCK BUILDINGBLOCK1 STOREY 0:Zone Mean Air Temperature [C](Daily),613.0,165.51000000000002,322,345,351,363,0,345,20
2050,399,SG_retrofit_3_Insul_current_TR_retrofit_4_BW_retrofit_3,0.8,0.41,6.5,8.7,0.015375,15.577207775849557,retained_renamed_boiler_heating_energy_output,1,BLOCK BUILDINGBLOCK1 STOREY 0:Zone Mean Air Temperature [C](Daily),634.0,177.84,322,346,352,363,0,346,19
2050,400,SG_retrofit_3_Insul_current_TR_retrofit_4_BW_retrofit_4,0.8,0.41,6.7,8.7,0.015375,15.624935874550628,retained_renamed_boiler_heating_energy_output,1,BLOCK BUILDINGBLOCK1 STOREY 0:Zone Mean Air Temperature [C](Daily),656.0,169.18,322,346,352,363,0,346,19
2050,401,SG_retrofit_3_Insul_retrofit_1_TR_current_BW_current,0.8,4.8,0.45,0.48,0.020250000000000004,23.370795171700088,retained_renamed_boiler_heating_energy_output,1,BLOCK BUILDINGBLOCK1 STOREY 0:Zone Mean Air Temperature [C](Daily),354.7,160.0,294,316,329,345,0,316,49
2050,402,SG_retrofit_3_Insul_retrofit_1_TR_current_BW_retrofit_1,0.8,4.8,4.2,0.48,0.0185,19.036786106826142,retained_renamed_boiler_heating_energy_output,1,BLOCK BUILDINGBLOCK1 STOREY 0:Zone Mean Air Temperature [C](Daily),536.7,169.36,289,303,325,344,0,303,62
2050,403,SG_retrofit_3_Insul_retrofit_1_TR_current_BW_retrofit_2,0.8,4.8,4.4,0.48,0.01675,18.320461863922045,retained_renamed_boiler_heating_energy_output,1,BLOCK BUILDINGBLOCK1 STOREY 0:Zone Mean Air Temperature [C](Daily),533.7,164.83,288,302,325,343,0,302,63
2050,404,SG_retrofit_3_Insul_retrofit_1_TR_current_BW_retrofit_3,0.8,4.8,6.5,0.48,0.015875,17.706380484304795,retained_renamed_boiler_heating_energy_output,1,BLOCK BUILDINGBLOCK1 STOREY 0:Zone Mean Air Temperature [C](Daily),554.7,177.16,287,300,324,343,0,300,65
2050,405,SG_retrofit_3_Insul_retrofit_1_TR_current_BW_retrofit_4,0.8,4.8,6.7,0.48,0.015875,17.718517731734057,retained_renamed_boiler_heating_energy_output,1,BLOCK BUILDINGBLOCK1 STOREY 0:Zone Mean Air Temperature [C](Daily),576.7,168.5,287,300,324,343,0,300,65
2050,406,SG_retrofit_3_Insul_retrofit_1_TR_retrofit_1_BW_current,0.8,4.8,0.45,4.5,0.020000000000000004,19.572535512117383,retained_renamed_boiler_heating_energy_output,1,BLOCK BUILDINGBLOCK1 STOREY 0:Zone Mean Air Temperature [C](Daily),444.2,183.29,297,316,330,345,0,316,49
2050,407,SG_retrofit_3_Insul_retrofit_1_TR_retrofit_1_BW_retrofit_1,0.8,4.8,4.2,4.5,0.01825,15.20781338074477,retained_renamed_boiler_heating_energy_output,1,BLOCK BUILDINGBLOCK1 STOREY 0:Zone Mean Air Temperature [C](Daily),626.2,192.65,289,305,328,345,0,305,60
2050,408,SG_retrofit_3_Insul_retrofit_1_TR_retrofit_1_BW_retrofit_2,0.8,4.8,4.4,4.5,0.0165,14.46513223790005,retained_renamed_boiler_heating_energy_output,1,BLOCK BUILDINGBLOCK1 STOREY 0:Zone Mean Air Temperature [C](Daily),623.2,188.12,288,304,327,344,0,304,61
2050,409,SG_retrofit_3_Insul_retrofit_1_TR_retrofit_1_BW_retrofit_3,0.8,4.8,6.5,4.5,0.015625,13.895269511250792,retained_renamed_boiler_heating_energy_output,1,BLOCK BUILDINGBLOCK1 STOREY 0:Zone Mean Air Temperature [C](Daily),644.2,200.45,287,302,325,345,0,302,63
2050,410,SG_retrofit_3_Insul_retrofit_1_TR_retrofit_1_BW_retrofit_4,0.8,4.8,6.7,4.5,0.015625,13.955921446311512,retained_renamed_boiler_heating_energy_output,1,BLOCK BUILDINGBLOCK1 STOREY 0:Zone Mean Air Temperature [C](Daily),666.2,191.79,287,301,325,345,0,301,64
2050,411,SG_retrofit_3_Insul_retrofit_1_TR_retrofit_2_BW_current,0.8,4.8,0.45,4.7,0.019750000000000004,19.437926570397444,retained_renamed_boiler_heating_energy_output,1,BLOCK BUILDINGBLOCK1 STOREY 0:Zone Mean Air Temperature [C](Daily),459.7,164.76,297,316,330,345,0,316,49
2050,412,SG_retrofit_3_Insul_retrofit_1_TR_retrofit_2_BW_retrofit_1,0.8,4.8,4.2,4.7,0.018,14.976883974169343,retained_renamed_boiler_heating_energy_output,1,BLOCK BUILDINGBLOCK1 STOREY 0:Zone Mean Air Temperature [C](Daily),641.7,174.12,289,305,328,345,0,305,60
2050,413,SG_retrofit_3_Insul_retrofit_1_TR_retrofit_2_BW_retrofit_2,0.8,4.8,4.4,4.7,0.01625,14.285198428198056,retained_renamed_boiler_heating_energy_output,1,BLOCK BUILDINGBLOCK1 STOREY 0:Zone Mean Air Temperature [C](Daily),638.7,169.59,288,304,327,344,0,304,61
2050,414,SG_retrofit_3_Insul_retrofit_1_TR_retrofit_2_BW_retrofit_3,0.8,4.8,6.5,4.7,0.015375,13.859457975653497,retained_renamed_boiler_heating_energy_output,1,BLOCK BUILDINGBLOCK1 STOREY 0:Zone Mean Air Temperature [C](Daily),659.7,181.92,287,301,325,345,0,301,64
2050,415,SG_retrofit_3_Insul_retrofit_1_TR_retrofit_2_BW_retrofit_4,0.8,4.8,6.7,4.7,0.015375,13.84715331147007,retained_renamed_boiler_heating_energy_output,1,BLOCK BUILDINGBLOCK1 STOREY 0:Zone Mean Air Temperature [C](Daily),681.7,173.26,287,301,325,345,0,301,64
2050,416,SG_retrofit_3_Insul_retrofit_1_TR_retrofit_3_BW_current,0.8,4.8,0.45,8.5,0.019500000000000003,19.27286919341803,retained_renamed_boiler_heating_energy_output,1,BLOCK BUILDINGBLOCK1 STOREY 0:Zone Mean Air Temperature [C](Daily),455.7,178.5,297,316,331,346,0,316,49
2050,417,SG_retrofit_3_Insul_retrofit_1_TR_retrofit_3_BW_retrofit_1,0.8,4.8,4.2,8.5,0.01775,14.78023008551339,retained_renamed_boiler_heating_energy_output,1,BLOCK BUILDINGBLOCK1 STOREY 0:Zone Mean Air Temperature [C](Daily),637.7,187.86,289,305,328,345,0,305,60
2050,418,SG_retrofit_3_Insul_retrofit_1_TR_retrofit_3_BW_retrofit_2,0.8,4.8,4.4,8.5,0.016,14.164742614101291,retained_renamed_boiler_heating_energy_output,1,BLOCK BUILDINGBLOCK1 STOREY 0:Zone Mean Air Temperature [C](Daily),634.7,183.33,288,304,327,344,0,304,61
2050,419,SG_retrofit_3_Insul_retrofit_1_TR_retrofit_3_BW_retrofit_3,0.8,4.8,6.5,8.5,0.015125,13.62103924035741,retained_renamed_boiler_heating_energy_output,1,BLOCK BUILDINGBLOCK1 STOREY 0:Zone Mean Air Temperature [C](Daily),655.7,195.66,287,301,325,345,0,301,64
2050,420,SG_retrofit_3_Insul_retrofit_1_TR_retrofit_3_BW_retrofit_4,0.8,4.8,6.7,8.5,0.015125,13.558221997591435,retained_renamed_boiler_heating_energy_output,1,BLOCK BUILDINGBLOCK1 STOREY 0:Zone Mean Air Temperature [C](Daily),677.7,187.0,287,301,325,345,0,301,64
2050,421,SG_retrofit_3_Insul_retrofit_1_TR_retrofit_4_BW_current,0.8,4.8,0.45,8.7,0.019500000000000003,19.1264691345078,retained_renamed_boiler_heating_energy_output,1,BLOCK BUILDINGBLOCK1 STOREY 0:Zone Mean Air Temperature [C](Daily),493.7,170.68,297,316,331,346,0,316,49
2050,422,SG_retrofit_3_Insul_retrofit_1_TR_retrofit_4_BW_retrofit_1,0.8,4.8,4.2,8.7,0.01775,14.78124889660011,retained_renamed_boiler_heating_energy_output,1,BLOCK BUILDINGBLOCK1 STOREY 0:Zone Mean Air Temperature [C](Daily),675.7,180.04000000000002,289,305,328,345,0,305,60
2050,423,SG_retrofit_3_Insul_retrofit_1_TR_retrofit_4_BW_retrofit_2,0.8,4.8,4.4,8.7,0.016,14.055048448352933,retained_renamed_boiler_heating_energy_output,1,BLOCK BUILDINGBLOCK1 STOREY 0:Zone Mean Air Temperature [C](Daily),672.7,175.51000000000002,288,304,327,344,0,304,61
2050,424,SG_retrofit_3_Insul_retrofit_1_TR_retrofit_4_BW_retrofit_3,0.8,4.8,6.5,8.7,0.015125,13.577196210726665,retained_renamed_boiler_heating_energy_output,1,BLOCK BUILDINGBLOCK1 STOREY 0:Zone Mean Air Temperature [C](Daily),693.7,187.84,287,301,325,345,0,301,64
2050,425,SG_retrofit_3_Insul_retrofit_1_TR_retrofit_4_BW_retrofit_4,0.8,4.8,6.7,8.7,0.015125,13.548237826999683,retained_renamed_boiler_heating_energy_output,1,BLOCK BUILDINGBLOCK1 STOREY 0:Zone Mean Air Temperature [C](Daily),715.7,179.18,287,301,325,345,0,301,64
2050,426,SG_retrofit_3_Insul_retrofit_2_TR_current_BW_current,0.8,5.0,0.45,0.48,0.020000000000000004,23.180884543428892,retained_renamed_boiler_heating_energy_output,1,BLOCK BUILDINGBLOCK1 STOREY 0:Zone Mean Air Temperature [C](Daily),372.0,155.92,293,315,329,345,0,315,50
2050,427,SG_retrofit_3_Insul_retrofit_2_TR_current_BW_retrofit_1,0.8,5.0,4.2,0.48,0.01825,18.861396963564843,retained_renamed_boiler_heating_energy_output,1,BLOCK BUILDINGBLOCK1 STOREY 0:Zone Mean Air Temperature [C](Daily),554.0,165.27999999999997,288,301,323,343,0,301,64
2050,428,SG_retrofit_3_Insul_retrofit_2_TR_current_BW_retrofit_2,0.8,5.0,4.4,0.48,0.0165,18.13698395232023,retained_renamed_boiler_heating_energy_output,1,BLOCK BUILDINGBLOCK1 STOREY 0:Zone Mean Air Temperature [C](Daily),551.0,160.75,286,300,322,343,0,300,65
2050,429,SG_retrofit_3_Insul_retrofit_2_TR_current_BW_retrofit_3,0.8,5.0,6.5,0.48,0.015625,17.617317846776718,retained_renamed_boiler_heating_energy_output,1,BLOCK BUILDINGBLOCK1 STOREY 0:Zone Mean Air Temperature [C](Daily),572.0,173.07999999999998,284,300,320,341,0,300,65
2050,430,SG_retrofit_3_Insul_retrofit_2_TR_current_BW_retrofit_4,0.8,5.0,6.7,0.48,0.015625,17.599888213814605,retained_renamed_boiler_heating_energy_output,1,BLOCK BUILDINGBLOCK1 STOREY 0:Zone Mean Air Temperature [C](Daily),594.0,164.42,284,300,320,341,0,300,65
2050,431,SG_retrofit_3_Insul_retrofit_2_TR_retrofit_1_BW_current,0.8,5.0,0.45,4.5,0.019750000000000004,19.458424208473783,retained_renamed_boiler_heating_energy_output,1,BLOCK BUILDINGBLOCK1 STOREY 0:Zone Mean Air Temperature [C](Daily),461.5,179.20999999999998,293,316,329,345,0,316,49
2050,432,SG_retrofit_3_Insul_retrofit_2_TR_retrofit_1_BW_retrofit_1,0.8,5.0,4.2,4.5,0.018,14.949813193957525,retained_renamed_boiler_heating_energy_output,1,BLOCK BUILDINGBLOCK1 STOREY 0:Zone Mean Air Temperature [C](Daily),643.5,188.56999999999996,288,304,325,343,0,304,61
2050,433,SG_retrofit_3_Insul_retrofit_2_TR_retrofit_1_BW_retrofit_2,0.8,5.0,4.4,4.5,0.01625,14.264139730172799,retained_renamed_boiler_heating_energy_output,1,BLOCK BUILDINGBLOCK1 STOREY 0:Zone Mean Air Temperature [C](Daily),640.5,184.04,287,300,325,343,0,300,65
2050,434,SG_retrofit_3_Insul_retrofit_2_TR_retrofit_1_BW_retrofit_3,0.8,5.0,6.5,4.5,0.015375,13.756395362030705,retained_renamed_boiler_heating_energy_output,1,BLOCK BUILDINGBLOCK1 STOREY 0:Zone Mean Air Temperature [C](Daily),661.5,196.36999999999998,286,300,322,343,0,300,65
2050,435,SG_retrofit_3_Insul_retrofit_2_TR_retrofit_1_BW_retrofit_4,0.8,5.0,6.7,4.5,0.015375,13.759045517326904,retained_renamed_boiler_heating_energy_output,1,BLOCK BUILDINGBLOCK1 STOREY 0:Zone Mean Air Temperature [C](Daily),683.5,187.70999999999998,286,300,321,343,0,300,65
2050,436,SG_retrofit_3_Insul_retrofit_2_TR_retrofit_2_BW_current,0.8,5.0,0.45,4.7,0.019500000000000003,19.250729220238107,retained_renamed_boiler_heating_energy_output,1,BLOCK BUILDINGBLOCK1 STOREY 0:Zone Mean Air Temperature [C](Daily),477.0,160.67999999999998,293,316,329,345,0,316,49
2050,437,SG_retrofit_3_Insul_retrofit_2_TR_retrofit_2_BW_retrofit_1,0.8,5.0,4.2,4.7,0.01775,14.848655342738319,retained_renamed_boiler_heating_energy_output,1,BLOCK BUILDINGBLOCK1 STOREY 0:Zone Mean Air Temperature [C](Daily),659.0,170.03999999999996,288,303,325,343,0,303,62
2050,438,SG_retrofit_3_Insul_retrofit_2_TR_retrofit_2_BW_retrofit_2,0.8,5.0,4.4,4.7,0.016,14.123361420957485,retained_renamed_boiler_heating_energy_output,1,BLOCK BUILDINGBLOCK1 STOREY 0:Zone Mean Air Temperature [C](Daily),656.0,165.51,286,300,325,343,0,300,65
2050,439,SG_retrofit_3_Insul_retrofit_2_TR_retrofit_2_BW_retrofit_3,0.8,5.0,6.5,4.7,0.015125,13.707806230387845,retained_renamed_boiler_heating_energy_output,1,BLOCK BUILDINGBLOCK1 STOREY 0:Zone Mean Air Temperature [C](Daily),677.0,177.83999999999997,286,300,321,343,0,300,65
2050,440,SG_retrofit_3_Insul_retrofit_2_TR_retrofit_2_BW_retrofit_4,0.8,5.0,6.7,4.7,0.015125,13.55489551305814,retained_renamed_boiler_heating_energy_output,1,BLOCK BUILDINGBLOCK1 STOREY 0:Zone Mean Air Temperature [C](Daily),699.0,169.17999999999998,286,300,321,343,0,300,65
2050,441,SG_retrofit_3_Insul_retrofit_2_TR_retrofit_3_BW_current,0.8,5.0,0.45,8.5,0.019250000000000003,18.994951298454666,retained_renamed_boiler_heating_energy_output,1,BLOCK BUILDINGBLOCK1 STOREY 0:Zone Mean Air Temperature [C](Daily),473.0,174.42,293,315,329,345,0,315,50
2050,442,SG_retrofit_3_Insul_retrofit_2_TR_retrofit_3_BW_retrofit_1,0.8,5.0,4.2,8.5,0.017499999999999998,14.53264123093519,retained_renamed_boiler_heating_energy_output,1,BLOCK BUILDINGBLOCK1 STOREY 0:Zone Mean Air Temperature [C](Daily),655.0,183.77999999999997,288,303,325,343,0,303,62
2050,443,SG_retrofit_3_Insul_retrofit_2_TR_retrofit_3_BW_retrofit_2,0.8,5.0,4.4,8.5,0.01575,13.98097485904735,retained_renamed_boiler_heating_energy_output,1,BLOCK BUILDINGBLOCK1 STOREY 0:Zone Mean Air Temperature [C](Daily),652.0,179.25,286,300,325,343,0,300,65
2050,444,SG_retrofit_3_Insul_retrofit_2_TR_retrofit_3_BW_retrofit_3,0.8,5.0,6.5,8.5,0.014875,13.385018232315135,retained_renamed_boiler_heating_energy_output,1,BLOCK BUILDINGBLOCK1 STOREY 0:Zone Mean Air Temperature [C](Daily),673.0,191.57999999999998,286,300,321,343,0,300,65
2050,445,SG_retrofit_3_Insul_retrofit_2_TR_retrofit_3_BW_retrofit_4,0.8,5.0,6.7,8.5,0.014875,13.352599863279515,retained_renamed_boiler_heating_energy_output,1,BLOCK BUILDINGBLOCK1 STOREY 0:Zone Mean Air Temperature [C](Daily),695.0,182.92,286,300,321,343,0,300,65
2050,446,SG_retrofit_3_Insul_retrofit_2_TR_retrofit_4_BW_current,0.8,5.0,0.45,8.7,0.019250000000000003,18.949896338500917,retained_renamed_boiler_heating_energy_output,1,BLOCK BUILDINGBLOCK1 STOREY 0:Zone Mean Air Temperature [C](Daily),511.0,166.6,293,315,329,345,0,315,50
2050,447,SG_retrofit_3_Insul_retrofit_2_TR_retrofit_4_BW_retrofit_1,0.8,5.0,4.2,8.7,0.017499999999999998,14.494722585133045,retained_renamed_boiler_heating_energy_output,1,BLOCK BUILDINGBLOCK1 STOREY 0:Zone Mean Air Temperature [C](Daily),693.0,175.95999999999998,288,303,325,343,0,303,62
2050,448,SG_retrofit_3_Insul_retrofit_2_TR_retrofit_4_BW_retrofit_2,0.8,5.0,4.4,8.7,0.01575,13.947427007319222,retained_renamed_boiler_heating_energy_output,1,BLOCK BUILDINGBLOCK1 STOREY 0:Zone Mean Air Temperature [C](Daily),690.0,171.43,286,300,325,343,0,300,65
2050,449,SG_retrofit_3_Insul_retrofit_2_TR_retrofit_4_BW_retrofit_3,0.8,5.0,6.5,8.7,0.014875,13.336206417436498,retained_renamed_boiler_heating_energy_output,1,BLOCK BUILDINGBLOCK1 STOREY 0:Zone Mean Air Temperature [C](Daily),711.0,183.76,286,300,321,343,0,300,65
2050,450,SG_retrofit_3_Insul_retrofit_2_TR_retrofit_4_BW_retrofit_4,0.8,5.0,6.7,8.7,0.014875,13.32878177773796,retained_renamed_boiler_heating_energy_output,1,BLOCK BUILDINGBLOCK1 STOREY 0:Zone Mean Air Temperature [C](Daily),733.0,175.1,286,300,321,343,0,300,65
2050,451,SG_retrofit_3_Insul_retrofit_3_TR_current_BW_current,0.8,5.5,0.45,0.48,0.019750000000000004,22.912439933462863,retained_renamed_boiler_heating_energy_output,1,BLOCK BUILDINGBLOCK1 STOREY 0:Zone Mean Air Temperature [C](Daily),382.9,161.0,293,315,329,345,0,315,50
2050,452,SG_retrofit_3_Insul_retrofit_3_TR_current_BW_retrofit_1,0.8,5.5,4.2,0.48,0.018,18.810277127772842,retained_renamed_boiler_heating_energy_output,1,BLOCK BUILDINGBLOCK1 STOREY 0:Zone Mean Air Temperature [C](Daily),564.9,170.36,286,300,322,342,0,300,65
2050,453,SG_retrofit_3_Insul_retrofit_3_TR_current_BW_retrofit_2,0.8,5.5,4.4,0.48,0.01625,18.007602245455377,retained_renamed_boiler_heating_energy_output,1,BLOCK BUILDINGBLOCK1 STOREY 0:Zone Mean Air Temperature [C](Daily),561.9,165.83,285,300,321,342,0,300,65
2050,454,SG_retrofit_3_Insul_retrofit_3_TR_current_BW_retrofit_3,0.8,5.5,6.5,0.48,0.015375,17.535212115621636,retained_renamed_boiler_heating_energy_output,1,BLOCK BUILDINGBLOCK1 STOREY 0:Zone Mean Air Temperature [C](Daily),582.9,178.16,283,300,317,341,0,300,65
2050,455,SG_retrofit_3_Insul_retrofit_3_TR_current_BW_retrofit_4,0.8,5.5,6.7,0.48,0.015375,17.35681467339931,retained_renamed_boiler_heating_energy_output,1,BLOCK BUILDINGBLOCK1 STOREY 0:Zone Mean Air Temperature [C](Daily),604.9,169.5,283,300,318,341,0,300,65
2050,456,SG_retrofit_3_Insul_retrofit_3_TR_retrofit_1_BW_current,0.8,5.5,0.45,4.5,0.019500000000000003,19.15155054513495,retained_renamed_boiler_heating_energy_output,1,BLOCK BUILDINGBLOCK1 STOREY 0:Zone Mean Air Temperature [C](Daily),472.4,184.29,293,314,329,345,0,314,51
2050,457,SG_retrofit_3_Insul_retrofit_3_TR_retrofit_1_BW_retrofit_1,0.8,5.5,4.2,4.5,0.01775,14.778903283087175,retained_renamed_boiler_heating_energy_output,1,BLOCK BUILDINGBLOCK1 STOREY 0:Zone Mean Air Temperature [C](Daily),654.4,193.65,288,301,323,343,0,301,64
2050,458,SG_retrofit_3_Insul_retrofit_3_TR_retrofit_1_BW_retrofit_2,0.8,5.5,4.4,4.5,0.016,14.187326643253865,retained_renamed_boiler_heating_energy_output,1,BLOCK BUILDINGBLOCK1 STOREY 0:Zone Mean Air Temperature [C](Daily),651.4,189.12,286,300,322,343,0,300,65
2050,459,SG_retrofit_3_Insul_retrofit_3_TR_retrofit_1_BW_retrofit_3,0.8,5.5,6.5,4.5,0.015125,13.697385467641617,retained_renamed_boiler_heating_energy_output,1,BLOCK BUILDINGBLOCK1 STOREY 0:Zone Mean Air Temperature [C](Daily),672.4,201.45,286,300,320,343,0,300,65
2050,460,SG_retrofit_3_Insul_retrofit_3_TR_retrofit_1_BW_retrofit_4,0.8,5.5,6.7,4.5,0.015125,13.629602831611917,retained_renamed_boiler_heating_energy_output,1,BLOCK BUILDINGBLOCK1 STOREY 0:Zone Mean Air Temperature [C](Daily),694.4,192.79,286,300,321,343,0,300,65
2050,461,SG_retrofit_3_Insul_retrofit_3_TR_retrofit_2_BW_current,0.8,5.5,0.45,4.7,0.019250000000000003,19.06605219071229,retained_renamed_boiler_heating_energy_output,1,BLOCK BUILDINGBLOCK1 STOREY 0:Zone Mean Air Temperature [C](Daily),487.9,165.76,293,314,329,345,0,314,51
2050,462,SG_retrofit_3_Insul_retrofit_3_TR_retrofit_2_BW_retrofit_1,0.8,5.5,4.2,4.7,0.017499999999999998,14.726604980041856,retained_renamed_boiler_heating_energy_output,1,BLOCK BUILDINGBLOCK1 STOREY 0:Zone Mean Air Temperature [C](Daily),669.9,175.12,288,301,323,343,0,301,64
2050,463,SG_retrofit_3_Insul_retrofit_3_TR_retrofit_2_BW_retrofit_2,0.8,5.5,4.4,4.7,0.01575,14.023835401180548,retained_renamed_boiler_heating_energy_output,1,BLOCK BUILDINGBLOCK1 STOREY 0:Zone Mean Air Temperature [C](Daily),666.9,170.59,286,300,322,343,0,300,65
2050,464,SG_retrofit_3_Insul_retrofit_3_TR_retrofit_2_BW_retrofit_3,0.8,5.5,6.5,4.7,0.014875,13.554940178534393,retained_renamed_boiler_heating_energy_output,1,BLOCK BUILDINGBLOCK1 STOREY 0:Zone Mean Air Temperature [C](Daily),687.9,182.92,286,300,319,343,0,300,65
2050,465,SG_retrofit_3_Insul_retrofit_3_TR_retrofit_2_BW_retrofit_4,0.8,5.5,6.7,4.7,0.014875,13.594587420451886,retained_renamed_boiler_heating_energy_output,1,BLOCK BUILDINGBLOCK1 STOREY 0:Zone Mean Air Temperature [C](Daily),709.9,174.26,284,300,319,343,0,300,65
2050,466,SG_retrofit_3_Insul_retrofit_3_TR_retrofit_3_BW_current,0.8,5.5,0.45,8.5,0.019000000000000003,18.82244379476619,retained_renamed_boiler_heating_energy_output,1,BLOCK BUILDINGBLOCK1 STOREY 0:Zone Mean Air Temperature [C](Daily),483.9,179.5,293,314,329,345,0,314,51
2050,467,SG_retrofit_3_Insul_retrofit_3_TR_retrofit_3_BW_retrofit_1,0.8,5.5,4.2,8.5,0.017249999999999998,14.36982767965696,retained_renamed_boiler_heating_energy_output,1,BLOCK BUILDINGBLOCK1 STOREY 0:Zone Mean Air Temperature [C](Daily),665.9,188.86,287,300,324,343,0,300,65
2050,468,SG_retrofit_3_Insul_retrofit_3_TR_retrofit_3_BW_retrofit_2,0.8,5.5,4.4,8.5,0.0155,13.822317978346055,retained_renamed_boiler_heating_energy_output,1,BLOCK BUILDINGBLOCK1 STOREY 0:Zone Mean Air Temperature [C](Daily),662.9,184.33,286,300,322,343,0,300,65
2050,469,SG_retrofit_3_Insul_retrofit_3_TR_retrofit_3_BW_retrofit_3,0.8,5.5,6.5,8.5,0.014624999999999999,13.25976121666978,retained_renamed_boiler_heating_energy_output,1,BLOCK BUILDINGBLOCK1 STOREY 0:Zone Mean Air Temperature [C](Daily),683.9,196.66,284,300,319,343,0,300,65
2050,470,SG_retrofit_3_Insul_retrofit_3_TR_retrofit_3_BW_retrofit_4,0.8,5.5,6.7,8.5,0.014624999999999999,13.197032712689252,retained_renamed_boiler_heating_energy_output,1,BLOCK BUILDINGBLOCK1 STOREY 0:Zone Mean Air Temperature [C](Daily),705.9,188.0,284,300,319,343,0,300,65
2050,471,SG_retrofit_3_Insul_retrofit_3_TR_retrofit_4_BW_current,0.8,5.5,0.45,8.7,0.019000000000000003,18.662738430961266,retained_renamed_boiler_heating_energy_output,1,BLOCK BUILDINGBLOCK1 STOREY 0:Zone Mean Air Temperature [C](Daily),521.9,171.68,293,314,329,345,0,314,51
2050,472,SG_retrofit_3_Insul_retrofit_3_TR_retrofit_4_BW_retrofit_1,0.8,5.5,4.2,8.7,0.017249999999999998,14.36903004197297,retained_renamed_boiler_heating_energy_output,1,BLOCK BUILDINGBLOCK1 STOREY 0:Zone Mean Air Temperature [C](Daily),703.9,181.04000000000002,287,300,324,343,0,300,65
2050,473,SG_retrofit_3_Insul_retrofit_3_TR_retrofit_4_BW_retrofit_2,0.8,5.5,4.4,8.7,0.0155,13.769391797427414,retained_renamed_boiler_heating_energy_output,1,BLOCK BUILDINGBLOCK1 STOREY 0:Zone Mean Air Temperature [C](Daily),700.9,176.51000000000002,286,300,322,343,0,300,65
2050,474,SG_retrofit_3_Insul_retrofit_3_TR_retrofit_4_BW_retrofit_3,0.8,5.5,6.5,8.7,0.014624999999999999,13.214903805534039,retained_renamed_boiler_heating_energy_output,1,BLOCK BUILDINGBLOCK1 STOREY 0:Zone Mean Air Temperature [C](Daily),721.9,188.84,285,300,319,343,0,300,65
2050,475,SG_retrofit_3_Insul_retrofit_3_TR_retrofit_4_BW_retrofit_4,0.8,5.5,6.7,8.7,0.014624999999999999,13.209127359242032,retained_renamed_boiler_heating_energy_output,1,BLOCK BUILDINGBLOCK1 STOREY 0:Zone Mean Air Temperature [C](Daily),743.9,180.18,284,300,319,343,0,300,65
2050,476,SG_retrofit_3_Insul_retrofit_4_TR_current_BW_current,0.8,5.6,0.45,0.48,0.019750000000000004,23.041716978226614,retained_renamed_boiler_heating_energy_output,1,BLOCK BUILDINGBLOCK1 STOREY 0:Zone Mean Air Temperature [C](Daily),403.0,157.0,293,314,329,345,0,314,51
2050,477,SG_retrofit_3_Insul_retrofit_4_TR_current_BW_retrofit_1,0.8,5.6,4.2,0.48,0.018,18.712383182823892,retained_renamed_boiler_heating_energy_output,1,BLOCK BUILDINGBLOCK1 STOREY 0:Zone Mean Air Temperature [C](Daily),585.0,166.36,287,300,323,342,0,300,65
2050,478,SG_retrofit_3_Insul_retrofit_4_TR_current_BW_retrofit_2,0.8,5.6,4.4,0.48,0.01625,17.970699074856643,retained_renamed_boiler_heating_energy_output,1,BLOCK BUILDINGBLOCK1 STOREY 0:Zone Mean Air Temperature [C](Daily),582.0,161.83,285,300,321,341,0,300,65
2050,479,SG_retrofit_3_Insul_retrofit_4_TR_current_BW_retrofit_3,0.8,5.6,6.5,0.48,0.015375,17.33227617272458,retained_renamed_boiler_heating_energy_output,1,BLOCK BUILDINGBLOCK1 STOREY 0:Zone Mean Air Temperature [C](Daily),603.0,174.16,283,300,317,340,0,300,65
2050,480,SG_retrofit_3_Insul_retrofit_4_TR_current_BW_retrofit_4,0.8,5.6,6.7,0.48,0.015375,17.320120388142087,retained_renamed_boiler_heating_energy_output,1,BLOCK BUILDINGBLOCK1 STOREY 0:Zone Mean Air Temperature [C](Daily),625.0,165.5,283,300,317,340,0,300,65
2050,481,SG_retrofit_3_Insul_retrofit_4_TR_retrofit_1_BW_current,0.8,5.6,0.45,4.5,0.019500000000000003,19.194557815200287,retained_renamed_boiler_heating_energy_output,1,BLOCK BUILDINGBLOCK1 STOREY 0:Zone Mean Air Temperature [C](Daily),492.5,180.29,293,314,329,345,0,314,51
2050,482,SG_retrofit_3_Insul_retrofit_4_TR_retrofit_1_BW_retrofit_1,0.8,5.6,4.2,4.5,0.01775,14.763087358976852,retained_renamed_boiler_heating_energy_output,1,BLOCK BUILDINGBLOCK1 STOREY 0:Zone Mean Air Temperature [C](Daily),674.5,189.65,288,301,324,343,0,301,64
2050,483,SG_retrofit_3_Insul_retrofit_4_TR_retrofit_1_BW_retrofit_2,0.8,5.6,4.4,4.5,0.016,14.190898759251917,retained_renamed_boiler_heating_energy_output,1,BLOCK BUILDINGBLOCK1 STOREY 0:Zone Mean Air Temperature [C](Daily),671.5,185.12,286,300,321,343,0,300,65
2050,484,SG_retrofit_3_Insul_retrofit_4_TR_retrofit_1_BW_retrofit_3,0.8,5.6,6.5,4.5,0.015125,13.573058074446179,retained_renamed_boiler_heating_energy_output,1,BLOCK BUILDINGBLOCK1 STOREY 0:Zone Mean Air Temperature [C](Daily),692.5,197.45,286,300,319,342,0,300,65
2050,485,SG_retrofit_3_Insul_retrofit_4_TR_retrofit_1_BW_retrofit_4,0.8,5.6,6.7,4.5,0.015125,13.550501069548702,retained_renamed_boiler_heating_energy_output,1,BLOCK BUILDINGBLOCK1 STOREY 0:Zone Mean Air Temperature [C](Daily),714.5,188.79,284,300,320,342,0,300,65
2050,486,SG_retrofit_3_Insul_retrofit_4_TR_retrofit_2_BW_current,0.8,5.6,0.45,4.7,0.019250000000000003,19.094929713127826,retained_renamed_boiler_heating_energy_output,1,BLOCK BUILDINGBLOCK1 STOREY 0:Zone Mean Air Temperature [C](Daily),508.0,161.76,293,314,329,345,0,314,51
2050,487,SG_retrofit_3_Insul_retrofit_4_TR_retrofit_2_BW_retrofit_1,0.8,5.6,4.2,4.7,0.017499999999999998,14.670528112870105,retained_renamed_boiler_heating_energy_output,1,BLOCK BUILDINGBLOCK1 STOREY 0:Zone Mean Air Temperature [C](Daily),690.0,171.12,287,300,324,343,0,300,65
2050,488,SG_retrofit_3_Insul_retrofit_4_TR_retrofit_2_BW_retrofit_2,0.8,5.6,4.4,4.7,0.01575,13.967524604150483,retained_renamed_boiler_heating_energy_output,1,BLOCK BUILDINGBLOCK1 STOREY 0:Zone Mean Air Temperature [C](Daily),687.0,166.59,286,300,321,343,0,300,65
2050,489,SG_retrofit_3_Insul_retrofit_4_TR_retrofit_2_BW_retrofit_3,0.8,5.6,6.5,4.7,0.014875,13.596214555524211,retained_renamed_boiler_heating_energy_output,1,BLOCK BUILDINGBLOCK1 STOREY 0:Zone Mean Air Temperature [C](Daily),708.0,178.92,284,300,318,342,0,300,65
2050,490,SG_retrofit_3_Insul_retrofit_4_TR_retrofit_2_BW_retrofit_4,0.8,5.6,6.7,4.7,0.014875,13.462294305054234,retained_renamed_boiler_heating_energy_output,1,BLOCK BUILDINGBLOCK1 STOREY 0:Zone Mean Air Temperature [C](Daily),730.0,170.26,284,300,318,341,0,300,65
2050,491,SG_retrofit_3_Insul_retrofit_4_TR_retrofit_3_BW_current,0.8,5.6,0.45,8.5,0.019000000000000003,18.92734931114346,retained_renamed_boiler_heating_energy_output,1,BLOCK BUILDINGBLOCK1 STOREY 0:Zone Mean Air Temperature [C](Daily),504.0,175.5,293,314,329,345,0,314,51
2050,492,SG_retrofit_3_Insul_retrofit_4_TR_retrofit_3_BW_retrofit_1,0.8,5.6,4.2,8.5,0.017249999999999998,14.440646871216428,retained_renamed_boiler_heating_energy_output,1,BLOCK BUILDINGBLOCK1 STOREY 0:Zone Mean Air Temperature [C](Daily),686.0,184.86,287,301,324,343,0,301,64
2050,493,SG_retrofit_3_Insul_retrofit_4_TR_retrofit_3_BW_retrofit_2,0.8,5.6,4.4,8.5,0.0155,13.841766350431586,retained_renamed_boiler_heating_energy_output,1,BLOCK BUILDINGBLOCK1 STOREY 0:Zone Mean Air Temperature [C](Daily),683.0,180.33,286,300,321,343,0,300,65
2050,494,SG_retrofit_3_Insul_retrofit_4_TR_retrofit_3_BW_retrofit_3,0.8,5.6,6.5,8.5,0.014624999999999999,13.215677599867478,retained_renamed_boiler_heating_energy_output,1,BLOCK BUILDINGBLOCK1 STOREY 0:Zone Mean Air Temperature [C](Daily),704.0,192.66,284,300,318,342,0,300,65
2050,495,SG_retrofit_3_Insul_retrofit_4_TR_retrofit_3_BW_retrofit_4,0.8,5.6,6.7,8.5,0.014624999999999999,13.233602184480667,retained_renamed_boiler_heating_energy_output,1,BLOCK BUILDINGBLOCK1 STOREY 0:Zone Mean Air Temperature [C](Daily),726.0,184.0,284,300,318,342,0,300,65
2050,496,SG_retrofit_3_Insul_retrofit_4_TR_retrofit_4_BW_current,0.8,5.6,0.45,8.7,0.019000000000000003,18.77967099505743,retained_renamed_boiler_heating_energy_output,1,BLOCK BUILDINGBLOCK1 STOREY 0:Zone Mean Air Temperature [C](Daily),542.0,167.68,293,314,329,345,0,314,51
2050,497,SG_retrofit_3_Insul_retrofit_4_TR_retrofit_4_BW_retrofit_1,0.8,5.6,4.2,8.7,0.017249999999999998,14.399548476829716,retained_renamed_boiler_heating_energy_output,1,BLOCK BUILDINGBLOCK1 STOREY 0:Zone Mean Air Temperature [C](Daily),724.0,177.04000000000002,287,301,324,343,0,301,64
2050,498,SG_retrofit_3_Insul_retrofit_4_TR_retrofit_4_BW_retrofit_2,0.8,5.6,4.4,8.7,0.0155,13.745654336190865,retained_renamed_boiler_heating_energy_output,1,BLOCK BUILDINGBLOCK1 STOREY 0:Zone Mean Air Temperature [C](Daily),721.0,172.51000000000002,286,300,321,343,0,300,65
2050,499,SG_retrofit_3_Insul_retrofit_4_TR_retrofit_4_BW_retrofit_3,0.8,5.6,6.5,8.7,0.014624999999999999,13.236200738455404,retained_renamed_boiler_heating_energy_output,1,BLOCK BUILDINGBLOCK1 STOREY 0:Zone Mean Air Temperature [C](Daily),742.0,184.84,284,300,318,342,0,300,65
2050,500,SG_retrofit_3_Insul_retrofit_4_TR_retrofit_4_BW_retrofit_4,0.8,5.6,6.7,8.7,0.014624999999999999,13.25301687789708,retained_renamed_boiler_heating_energy_output,1,BLOCK BUILDINGBLOCK1 STOREY 0:Zone Mean Air Temperature [C](Daily),764.0,176.18,284,300,318,342,0,300,65
2050,501,SG_retrofit_4_Insul_current_TR_current_BW_current,0.81,0.41,0.45,0.48,0.019375000000000003,24.886211949893738,retained_renamed_boiler_heating_energy_output,1,BLOCK BUILDINGBLOCK1 STOREY 0:Zone Mean Air Temperature [C](Daily),622.0,120.0,324,340,349,361,0,340,25
2050,502,SG_retrofit_4_Insul_current_TR_current_BW_retrofit_1,0.81,0.41,4.2,0.48,0.017625,20.894125213598752,retained_renamed_boiler_heating_energy_output,1,BLOCK BUILDINGBLOCK1 STOREY 0:Zone Mean Air Temperature [C](Daily),804.0,129.36,321,343,351,362,0,343,22
2050,503,SG_retrofit_4_Insul_current_TR_current_BW_retrofit_2,0.81,0.41,4.4,0.48,0.015875,20.076559828356633,retained_renamed_boiler_heating_energy_output,1,BLOCK BUILDINGBLOCK1 STOREY 0:Zone Mean Air Temperature [C](Daily),801.0,124.83,322,344,351,362,0,344,21
2050,504,SG_retrofit_4_Insul_current_TR_current_BW_retrofit_3,0.81,0.41,6.5,0.48,0.015,19.705174808017098,retained_renamed_boiler_heating_energy_output,1,BLOCK BUILDINGBLOCK1 STOREY 0:Zone Mean Air Temperature [C](Daily),822.0,137.16,322,344,351,363,0,344,21
2050,505,SG_retrofit_4_Insul_current_TR_current_BW_retrofit_4,0.81,0.41,6.7,0.48,0.015,19.613584784974595,retained_renamed_boiler_heating_energy_output,1,BLOCK BUILDINGBLOCK1 STOREY 0:Zone Mean Air Temperature [C](Daily),844.0,128.5,322,344,352,363,0,344,21
2050,506,SG_retrofit_4_Insul_current_TR_retrofit_1_BW_current,0.81,0.41,0.45,4.5,0.019125000000000003,20.872233400029465,retained_renamed_boiler_heating_energy_output,1,BLOCK BUILDINGBLOCK1 STOREY 0:Zone Mean Air Temperature [C](Daily),711.5,143.29,324,343,349,361,0,343,22
2050,507,SG_retrofit_4_Insul_current_TR_retrofit_1_BW_retrofit_1,0.81,0.41,4.2,4.5,0.017374999999999998,16.853795626468145,retained_renamed_boiler_heating_energy_output,1,BLOCK BUILDINGBLOCK1 STOREY 0:Zone Mean Air Temperature [C](Daily),893.5,152.65,322,344,351,363,0,344,21
2050,508,SG_retrofit_4_Insul_current_TR_retrofit_1_BW_retrofit_2,0.81,0.41,4.4,4.5,0.015625,16.106405754645493,retained_renamed_boiler_heating_energy_output,1,BLOCK BUILDINGBLOCK1 STOREY 0:Zone Mean Air Temperature [C](Daily),890.5,148.12,322,345,351,363,0,345,20
2050,509,SG_retrofit_4_Insul_current_TR_retrofit_1_BW_retrofit_3,0.81,0.41,6.5,4.5,0.01475,15.553574248004717,retained_renamed_boiler_heating_energy_output,1,BLOCK BUILDINGBLOCK1 STOREY 0:Zone Mean Air Temperature [C](Daily),911.5,160.45,322,346,354,363,0,346,19
2050,510,SG_retrofit_4_Insul_current_TR_retrofit_1_BW_retrofit_4,0.81,0.41,6.7,4.5,0.01475,15.530379356131755,retained_renamed_boiler_heating_energy_output,1,BLOCK BUILDINGBLOCK1 STOREY 0:Zone Mean Air Temperature [C](Daily),933.5,151.79,322,346,354,363,0,346,19
2050,511,SG_retrofit_4_Insul_current_TR_retrofit_2_BW_current,0.81,0.41,0.45,4.7,0.018875000000000003,20.83532703031352,retained_renamed_boiler_heating_energy_output,1,BLOCK BUILDINGBLOCK1 STOREY 0:Zone Mean Air Temperature [C](Daily),727.0,124.76,324,343,349,361,0,343,22
2050,512,SG_retrofit_4_Insul_current_TR_retrofit_2_BW_retrofit_1,0.81,0.41,4.2,4.7,0.017125,16.70927874416716,retained_renamed_boiler_heating_energy_output,1,BLOCK BUILDINGBLOCK1 STOREY 0:Zone Mean Air Temperature [C](Daily),909.0,134.12,322,345,351,363,0,345,20
2050,513,SG_retrofit_4_Insul_current_TR_retrofit_2_BW_retrofit_2,0.81,0.41,4.4,4.7,0.015375,15.839034659635717,retained_renamed_boiler_heating_energy_output,1,BLOCK BUILDINGBLOCK1 STOREY 0:Zone Mean Air Temperature [C](Daily),906.0,129.59,322,345,351,363,0,345,20
2050,514,SG_retrofit_4_Insul_current_TR_retrofit_2_BW_retrofit_3,0.81,0.41,6.5,4.7,0.014500000000000002,15.354820537423082,retained_renamed_boiler_heating_energy_output,1,BLOCK BUILDINGBLOCK1 STOREY 0:Zone Mean Air Temperature [C](Daily),927.0,141.92,322,346,354,363,0,346,19
2050,515,SG_retrofit_4_Insul_current_TR_retrofit_2_BW_retrofit_4,0.81,0.41,6.7,4.7,0.014500000000000002,15.419594741341786,retained_renamed_boiler_heating_energy_output,1,BLOCK BUILDINGBLOCK1 STOREY 0:Zone Mean Air Temperature [C](Daily),949.0,133.26,322,346,354,363,0,346,19
2050,516,SG_retrofit_4_Insul_current_TR_retrofit_3_BW_current,0.81,0.41,0.45,8.5,0.018625,20.370078880066558,retained_renamed_boiler_heating_energy_output,1,BLOCK BUILDINGBLOCK1 STOREY 0:Zone Mean Air Temperature [C](Daily),723.0,138.5,324,343,349,361,0,343,22
2050,517,SG_retrofit_4_Insul_current_TR_retrofit_3_BW_retrofit_1,0.81,0.41,4.2,8.5,0.016874999999999998,16.532449927965047,retained_renamed_boiler_heating_energy_output,1,BLOCK BUILDINGBLOCK1 STOREY 0:Zone Mean Air Temperature [C](Daily),905.0,147.86,322,345,351,363,0,345,20
2050,518,SG_retrofit_4_Insul_current_TR_retrofit_3_BW_retrofit_2,0.81,0.41,4.4,8.5,0.015125,15.672859881760472,retained_renamed_boiler_heating_energy_output,1,BLOCK BUILDINGBLOCK1 STOREY 0:Zone Mean Air Temperature [C](Daily),902.0,143.32999999999998,322,345,352,363,0,345,20
2050,519,SG_retrofit_4_Insul_current_TR_retrofit_3_BW_retrofit_3,0.81,0.41,6.5,8.5,0.014249999999999999,15.29757630052576,retained_renamed_boiler_heating_energy_output,1,BLOCK BUILDINGBLOCK1 STOREY 0:Zone Mean Air Temperature [C](Daily),923.0,155.66,322,346,354,363,0,346,19
2050,520,SG_retrofit_4_Insul_current_TR_retrofit_3_BW_retrofit_4,0.81,0.41,6.7,8.5,0.014249999999999999,15.33756457502034,retained_renamed_boiler_heating_energy_output,1,BLOCK BUILDINGBLOCK1 STOREY 0:Zone Mean Air Temperature [C](Daily),945.0,147.0,322,346,354,363,0,346,19
2050,521,SG_retrofit_4_Insul_current_TR_retrofit_4_BW_current,0.81,0.41,0.45,8.7,0.018625,20.523087565157685,retained_renamed_boiler_heating_energy_output,1,BLOCK BUILDINGBLOCK1 STOREY 0:Zone Mean Air Temperature [C](Daily),761.0,130.68,324,343,349,361,0,343,22
2050,522,SG_retrofit_4_Insul_current_TR_retrofit_4_BW_retrofit_1,0.81,0.41,4.2,8.7,0.016874999999999998,16.421697428427795,retained_renamed_boiler_heating_energy_output,1,BLOCK BUILDINGBLOCK1 STOREY 0:Zone Mean Air Temperature [C](Daily),943.0,140.04000000000002,322,345,351,363,0,345,20
2050,523,SG_retrofit_4_Insul_current_TR_retrofit_4_BW_retrofit_2,0.81,0.41,4.4,8.7,0.015125,15.774484458029923,retained_renamed_boiler_heating_energy_output,1,BLOCK BUILDINGBLOCK1 STOREY 0:Zone Mean Air Temperature [C](Daily),940.0,135.51,322,345,352,363,0,345,20
2050,524,SG_retrofit_4_Insul_current_TR_retrofit_4_BW_retrofit_3,0.81,0.41,6.5,8.7,0.014249999999999999,15.294875464287946,retained_renamed_boiler_heating_energy_output,1,BLOCK BUILDINGBLOCK1 STOREY 0:Zone Mean Air Temperature [C](Daily),961.0,147.84,322,346,354,363,0,346,19
2050,525,SG_retrofit_4_Insul_current_TR_retrofit_4_BW_retrofit_4,0.81,0.41,6.7,8.7,0.014249999999999999,15.25836548692963,retained_renamed_boiler_heating_energy_output,1,BLOCK BUILDINGBLOCK1 STOREY 0:Zone Mean Air Temperature [C](Daily),983.0,139.18,322,346,355,363,0,346,19
2050,526,SG_retrofit_4_Insul_retrofit_1_TR_current_BW_current,0.81,4.8,0.45,0.48,0.019125000000000003,22.936548376526215,retained_renamed_boiler_heating_energy_output,1,BLOCK BUILDINGBLOCK1 STOREY 0:Zone Mean Air Temperature [C](Daily),681.7,130.0,294,316,329,345,0,316,49
2050,527,SG_retrofit_4_Insul_retrofit_1_TR_current_BW_retrofit_1,0.81,4.8,4.2,0.48,0.017374999999999998,18.610382214398484,retained_renamed_boiler_heating_energy_output,1,BLOCK BUILDINGBLOCK1 STOREY 0:Zone Mean Air Temperature [C](Daily),863.7,139.36,288,302,325,343,0,302,63
2050,528,SG_retrofit_4_Insul_retrofit_1_TR_current_BW_retrofit_2,0.81,4.8,4.4,0.48,0.015625,17.949445281475022,retained_renamed_boiler_heating_energy_output,1,BLOCK BUILDINGBLOCK1 STOREY 0:Zone Mean Air Temperature [C](Daily),860.7,134.83,287,301,325,343,0,301,64
2050,529,SG_retrofit_4_Insul_retrofit_1_TR_current_BW_retrofit_3,0.81,4.8,6.5,0.48,0.01475,17.263355650580905,retained_renamed_boiler_heating_energy_output,1,BLOCK BUILDINGBLOCK1 STOREY 0:Zone Mean Air Temperature [C](Daily),881.7,147.16,286,300,321,343,0,300,65
2050,530,SG_retrofit_4_Insul_retrofit_1_TR_current_BW_retrofit_4,0.81,4.8,6.7,0.48,0.01475,17.22815038915598,retained_renamed_boiler_heating_energy_output,1,BLOCK BUILDINGBLOCK1 STOREY 0:Zone Mean Air Temperature [C](Daily),903.7,138.5,286,300,321,343,0,300,65
2050,531,SG_retrofit_4_Insul_retrofit_1_TR_retrofit_1_BW_current,0.81,4.8,0.45,4.5,0.018875000000000003,19.08725781929511,retained_renamed_boiler_heating_energy_output,1,BLOCK BUILDINGBLOCK1 STOREY 0:Zone Mean Air Temperature [C](Daily),771.2,153.29,295,316,331,345,0,316,49
2050,532,SG_retrofit_4_Insul_retrofit_1_TR_retrofit_1_BW_retrofit_1,0.81,4.8,4.2,4.5,0.017125,14.7249449390767,retained_renamed_boiler_heating_energy_output,1,BLOCK BUILDINGBLOCK1 STOREY 0:Zone Mean Air Temperature [C](Daily),953.2,162.65,289,304,328,345,0,304,61
2050,533,SG_retrofit_4_Insul_retrofit_1_TR_retrofit_1_BW_retrofit_2,0.81,4.8,4.4,4.5,0.015375,14.115594149367787,retained_renamed_boiler_heating_energy_output,1,BLOCK BUILDINGBLOCK1 STOREY 0:Zone Mean Air Temperature [C](Daily),950.2,158.12,287,302,326,344,0,302,63
2050,534,SG_retrofit_4_Insul_retrofit_1_TR_retrofit_1_BW_retrofit_3,0.81,4.8,6.5,4.5,0.014500000000000002,13.51193090057031,retained_renamed_boiler_heating_energy_output,1,BLOCK BUILDINGBLOCK1 STOREY 0:Zone Mean Air Temperature [C](Daily),971.2,170.45,286,301,324,344,0,301,64
2050,535,SG_retrofit_4_Insul_retrofit_1_TR_retrofit_1_BW_retrofit_4,0.81,4.8,6.7,4.5,0.014500000000000002,13.615262747870187,retained_renamed_boiler_heating_energy_output,1,BLOCK BUILDINGBLOCK1 STOREY 0:Zone Mean Air Temperature [C](Daily),993.2,161.79,286,301,324,344,0,301,64
2050,536,SG_retrofit_4_Insul_retrofit_1_TR_retrofit_2_BW_current,0.81,4.8,0.45,4.7,0.018625,18.902003861826266,retained_renamed_boiler_heating_energy_output,1,BLOCK BUILDINGBLOCK1 STOREY 0:Zone Mean Air Temperature [C](Daily),786.7,134.76,295,316,331,345,0,316,49
2050,537,SG_retrofit_4_Insul_retrofit_1_TR_retrofit_2_BW_retrofit_1,0.81,4.8,4.2,4.7,0.016875,14.625092088082873,retained_renamed_boiler_heating_energy_output,1,BLOCK BUILDINGBLOCK1 STOREY 0:Zone Mean Air Temperature [C](Daily),968.7,144.12,289,304,327,344,0,304,61
2050,538,SG_retrofit_4_Insul_retrofit_1_TR_retrofit_2_BW_retrofit_2,0.81,4.8,4.4,4.7,0.015125,13.812538561518481,retained_renamed_boiler_heating_energy_output,1,BLOCK BUILDINGBLOCK1 STOREY 0:Zone Mean Air Temperature [C](Daily),965.7,139.59,287,301,326,344,0,301,64
2050,539,SG_retrofit_4_Insul_retrofit_1_TR_retrofit_2_BW_retrofit_3,0.81,4.8,6.5,4.7,0.014250000000000002,13.505581360238041,retained_renamed_boiler_heating_energy_output,1,BLOCK BUILDINGBLOCK1 STOREY 0:Zone Mean Air Temperature [C](Daily),986.7,151.92,286,300,324,344,0,300,65
2050,540,SG_retrofit_4_Insul_retrofit_1_TR_retrofit_2_BW_retrofit_4,0.81,4.8,6.7,4.7,0.014250000000000002,13.449081139995798,retained_renamed_boiler_heating_energy_output,1,BLOCK BUILDINGBLOCK1 STOREY 0:Zone Mean Air Temperature [C](Daily),1008.7,143.26,286,301,324,344,0,301,64
2050,541,SG_retrofit_4_Insul_retrofit_1_TR_retrofit_3_BW_current,0.81,4.8,0.45,8.5,0.018375,18.637786060135696,retained_renamed_boiler_heating_energy_output,1,BLOCK BUILDINGBLOCK1 STOREY 0:Zone Mean Air Temperature [C](Daily),782.7,148.5,295,316,331,345,0,316,49
2050,542,SG_retrofit_4_Insul_retrofit_1_TR_retrofit_3_BW_retrofit_1,0.81,4.8,4.2,8.5,0.016625,14.293781099124773,retained_renamed_boiler_heating_energy_output,1,BLOCK BUILDINGBLOCK1 STOREY 0:Zone Mean Air Temperature [C](Daily),964.7,157.86,289,304,327,345,0,304,61
2050,543,SG_retrofit_4_Insul_retrofit_1_TR_retrofit_3_BW_retrofit_2,0.81,4.8,4.4,8.5,0.014875,13.621395927822737,retained_renamed_boiler_heating_energy_output,1,BLOCK BUILDINGBLOCK1 STOREY 0:Zone Mean Air Temperature [C](Daily),961.7,153.33,287,302,326,344,0,302,63
2050,544,SG_retrofit_4_Insul_retrofit_1_TR_retrofit_3_BW_retrofit_3,0.81,4.8,6.5,8.5,0.014000000000000002,13.182455667103687,retained_renamed_boiler_heating_energy_output,1,BLOCK BUILDINGBLOCK1 STOREY 0:Zone Mean Air Temperature [C](Daily),982.7,165.66,286,301,324,344,0,301,64
2050,545,SG_retrofit_4_Insul_retrofit_1_TR_retrofit_3_BW_retrofit_4,0.81,4.8,6.7,8.5,0.014000000000000002,13.139860860799052,retained_renamed_boiler_heating_energy_output,1,BLOCK BUILDINGBLOCK1 STOREY 0:Zone Mean Air Temperature [C](Daily),1004.7,157.0,286,301,324,344,0,301,64
2050,546,SG_retrofit_4_Insul_retrofit_1_TR_retrofit_4_BW_current,0.81,4.8,0.45,8.7,0.018375,18.664646823283206,retained_renamed_boiler_heating_energy_output,1,BLOCK BUILDINGBLOCK1 STOREY 0:Zone Mean Air Temperature [C](Daily),820.7,140.68,295,316,331,345,0,316,49
2050,547,SG_retrofit_4_Insul_retrofit_1_TR_retrofit_4_BW_retrofit_1,0.81,4.8,4.2,8.7,0.016625,14.281219325558922,retained_renamed_boiler_heating_energy_output,1,BLOCK BUILDINGBLOCK1 STOREY 0:Zone Mean Air Temperature [C](Daily),1002.7,150.04000000000002,289,304,327,345,0,304,61
2050,548,SG_retrofit_4_Insul_retrofit_1_TR_retrofit_4_BW_retrofit_2,0.81,4.8,4.4,8.7,0.014875,13.598077132922757,retained_renamed_boiler_heating_energy_output,1,BLOCK BUILDINGBLOCK1 STOREY 0:Zone Mean Air Temperature [C](Daily),999.7,145.51000000000002,287,302,326,344,0,302,63
2050,549,SG_retrofit_4_Insul_retrofit_1_TR_retrofit_4_BW_retrofit_3,0.81,4.8,6.5,8.7,0.014000000000000002,13.185068475010093,retained_renamed_boiler_heating_energy_output,1,BLOCK BUILDINGBLOCK1 STOREY 0:Zone Mean Air Temperature [C](Daily),1020.7,157.84,286,301,324,344,0,301,64
2050,550,SG_retrofit_4_Insul_retrofit_1_TR_retrofit_4_BW_retrofit_4,0.81,4.8,6.7,8.7,0.014000000000000002,13.188224571932523,retained_renamed_boiler_heating_energy_output,1,BLOCK BUILDINGBLOCK1 STOREY 0:Zone Mean Air Temperature [C](Daily),1042.7,149.18,286,301,324,344,0,301,64
2050,551,SG_retrofit_4_Insul_retrofit_2_TR_current_BW_current,0.81,5.0,0.45,0.48,0.018875000000000003,22.692750486584877,retained_renamed_boiler_heating_energy_output,1,BLOCK BUILDINGBLOCK1 STOREY 0:Zone Mean Air Temperature [C](Daily),699.0,125.92,293,315,329,345,0,315,50
2050,552,SG_retrofit_4_Insul_retrofit_2_TR_current_BW_retrofit_1,0.81,5.0,4.2,0.48,0.017125,18.452321883119218,retained_renamed_boiler_heating_energy_output,1,BLOCK BUILDINGBLOCK1 STOREY 0:Zone Mean Air Temperature [C](Daily),881.0,135.28,287,300,323,343,0,300,65
2050,553,SG_retrofit_4_Insul_retrofit_2_TR_current_BW_retrofit_2,0.81,5.0,4.4,0.48,0.015375,17.62418186933699,retained_renamed_boiler_heating_energy_output,1,BLOCK BUILDINGBLOCK1 STOREY 0:Zone Mean Air Temperature [C](Daily),878.0,130.75,285,300,321,341,0,300,65
2050,554,SG_retrofit_4_Insul_retrofit_2_TR_current_BW_retrofit_3,0.81,5.0,6.5,0.48,0.014500000000000002,17.130503406914507,retained_renamed_boiler_heating_energy_output,1,BLOCK BUILDINGBLOCK1 STOREY 0:Zone Mean Air Temperature [C](Daily),899.0,143.08,283,300,317,340,0,300,65
2050,555,SG_retrofit_4_Insul_retrofit_2_TR_current_BW_retrofit_4,0.81,5.0,6.7,0.48,0.014500000000000002,17.08295991858692,retained_renamed_boiler_heating_energy_output,1,BLOCK BUILDINGBLOCK1 STOREY 0:Zone Mean Air Temperature [C](Daily),921.0,134.42000000000002,283,300,317,340,0,300,65
2050,556,SG_retrofit_4_Insul_retrofit_2_TR_retrofit_1_BW_current,0.81,5.0,0.45,4.5,0.018625,18.851622699104578,retained_renamed_boiler_heating_energy_output,1,BLOCK BUILDINGBLOCK1 STOREY 0:Zone Mean Air Temperature [C](Daily),788.5,149.21,293,314,329,345,0,314,51
2050,557,SG_retrofit_4_Insul_retrofit_2_TR_retrofit_1_BW_retrofit_1,0.81,5.0,4.2,4.5,0.016875,14.606317944235466,retained_renamed_boiler_heating_energy_output,1,BLOCK BUILDINGBLOCK1 STOREY 0:Zone Mean Air Temperature [C](Daily),970.5,158.57,287,301,325,343,0,301,64
2050,558,SG_retrofit_4_Insul_retrofit_2_TR_retrofit_1_BW_retrofit_2,0.81,5.0,4.4,4.5,0.015125,13.97572648722923,retained_renamed_boiler_heating_energy_output,1,BLOCK BUILDINGBLOCK1 STOREY 0:Zone Mean Air Temperature [C](Daily),967.5,154.04,286,300,323,343,0,300,65
2050,559,SG_retrofit_4_Insul_retrofit_2_TR_retrofit_1_BW_retrofit_3,0.81,5.0,6.5,4.5,0.014250000000000002,13.3817783358289,retained_renamed_boiler_heating_energy_output,1,BLOCK BUILDINGBLOCK1 STOREY 0:Zone Mean Air Temperature [C](Daily),988.5,166.37,284,300,320,343,0,300,65
2050,560,SG_retrofit_4_Insul_retrofit_2_TR_retrofit_1_BW_retrofit_4,0.81,5.0,6.7,4.5,0.014250000000000002,13.377871925913848,retained_renamed_boiler_heating_energy_output,1,BLOCK BUILDINGBLOCK1 STOREY 0:Zone Mean Air Temperature [C](Daily),1010.5,157.71,284,300,320,343,0,300,65
2050,561,SG_retrofit_4_Insul_retrofit_2_TR_retrofit_2_BW_current,0.81,5.0,0.45,4.7,0.018375,18.72159944296643,retained_renamed_boiler_heating_energy_output,1,BLOCK BUILDINGBLOCK1 STOREY 0:Zone Mean Air Temperature [C](Daily),804.0,130.68,293,314,329,345,0,314,51
2050,562,SG_retrofit_4_Insul_retrofit_2_TR_retrofit_2_BW_retrofit_1,0.81,5.0,4.2,4.7,0.016625,14.440286665477085,retained_renamed_boiler_heating_energy_output,1,BLOCK BUILDINGBLOCK1 STOREY 0:Zone Mean Air Temperature [C](Daily),986.0,140.04,287,301,325,343,0,301,64
2050,563,SG_retrofit_4_Insul_retrofit_2_TR_retrofit_2_BW_retrofit_2,0.81,5.0,4.4,4.7,0.014875,13.874318812502171,retained_renamed_boiler_heating_energy_output,1,BLOCK BUILDINGBLOCK1 STOREY 0:Zone Mean Air Temperature [C](Daily),983.0,135.51,286,300,322,343,0,300,65
2050,564,SG_retrofit_4_Insul_retrofit_2_TR_retrofit_2_BW_retrofit_3,0.81,5.0,6.5,4.7,0.014000000000000002,13.280282298064416,retained_renamed_boiler_heating_energy_output,1,BLOCK BUILDINGBLOCK1 STOREY 0:Zone Mean Air Temperature [C](Daily),1004.0,147.84,284,300,319,342,0,300,65
2050,565,SG_retrofit_4_Insul_retrofit_2_TR_retrofit_2_BW_retrofit_4,0.81,5.0,6.7,4.7,0.014000000000000002,13.2697456033777,retained_renamed_boiler_heating_energy_output,1,BLOCK BUILDINGBLOCK1 STOREY 0:Zone Mean Air Temperature [C](Daily),1026.0,139.18,284,300,319,343,0,300,65
2050,566,SG_retrofit_4_Insul_retrofit_2_TR_retrofit_3_BW_current,0.81,5.0,0.45,8.5,0.018125,18.454096225926865,retained_renamed_boiler_heating_energy_output,1,BLOCK BUILDINGBLOCK1 STOREY 0:Zone Mean Air Temperature [C](Daily),800.0,144.42000000000002,293,314,329,345,0,314,51
2050,567,SG_retrofit_4_Insul_retrofit_2_TR_retrofit_3_BW_retrofit_1,0.81,5.0,4.2,8.5,0.016375,14.121000750569165,retained_renamed_boiler_heating_energy_output,1,BLOCK BUILDINGBLOCK1 STOREY 0:Zone Mean Air Temperature [C](Daily),982.0,153.78,287,301,325,343,0,301,64
2050,568,SG_retrofit_4_Insul_retrofit_2_TR_retrofit_3_BW_retrofit_2,0.81,5.0,4.4,8.5,0.014624999999999999,13.492942279554747,retained_renamed_boiler_heating_energy_output,1,BLOCK BUILDINGBLOCK1 STOREY 0:Zone Mean Air Temperature [C](Daily),979.0,149.25,286,300,322,343,0,300,65
2050,569,SG_retrofit_4_Insul_retrofit_2_TR_retrofit_3_BW_retrofit_3,0.81,5.0,6.5,8.5,0.013750000000000002,12.925320431166615,retained_renamed_boiler_heating_energy_output,1,BLOCK BUILDINGBLOCK1 STOREY 0:Zone Mean Air Temperature [C](Daily),1000.0,161.58,284,300,319,342,0,300,65
2050,570,SG_retrofit_4_Insul_retrofit_2_TR_retrofit_3_BW_retrofit_4,0.81,5.0,6.7,8.5,0.013750000000000002,12.918348033622923,retained_renamed_boiler_heating_energy_output,1,BLOCK BUILDINGBLOCK1 STOREY 0:Zone Mean Air Temperature [C](Daily),1022.0,152.92000000000002,284,300,319,343,0,300,65
2050,571,SG_retrofit_4_Insul_retrofit_2_TR_retrofit_4_BW_current,0.81,5.0,0.45,8.7,0.018125,18.319208873387232,retained_renamed_boiler_heating_energy_output,1,BLOCK BUILDINGBLOCK1 STOREY 0:Zone Mean Air Temperature [C](Daily),838.0,136.6,293,314,329,345,0,314,51
2050,572,SG_retrofit_4_Insul_retrofit_2_TR_retrofit_4_BW_retrofit_1,0.81,5.0,4.2,8.7,0.016375,14.279930178069987,retained_renamed_boiler_heating_energy_output,1,BLOCK BUILDINGBLOCK1 STOREY 0:Zone Mean Air Temperature [C](Daily),1020.0,145.96,287,301,325,343,0,301,64
2050,573,SG_retrofit_4_Insul_retrofit_2_TR_retrofit_4_BW_retrofit_2,0.81,5.0,4.4,8.7,0.014624999999999999,13.468178414546912,retained_renamed_boiler_heating_energy_output,1,BLOCK BUILDINGBLOCK1 STOREY 0:Zone Mean Air Temperature [C](Daily),1017.0,141.43,286,300,322,343,0,300,65
2050,574,SG_retrofit_4_Insul_retrofit_2_TR_retrofit_4_BW_retrofit_3,0.81,5.0,6.5,8.7,0.013750000000000002,13.033525285694314,retained_renamed_boiler_heating_energy_output,1,BLOCK BUILDINGBLOCK1 STOREY 0:Zone Mean Air Temperature [C](Daily),1038.0,153.76000000000002,284,300,319,342,0,300,65
2050,575,SG_retrofit_4_Insul_retrofit_2_TR_retrofit_4_BW_retrofit_4,0.81,5.0,6.7,8.7,0.013750000000000002,12.942884968264423,retained_renamed_boiler_heating_energy_output,1,BLOCK BUILDINGBLOCK1 STOREY 0:Zone Mean Air Temperature [C](Daily),1060.0,145.10000000000002,284,300,319,343,0,300,65
2050,576,SG_retrofit_4_Insul_retrofit_3_TR_current_BW_current,0.81,5.5,0.45,0.48,0.018625,22.67514680039283,retained_renamed_boiler_heating_energy_output,1,BLOCK BUILDINGBLOCK1 STOREY 0:Zone Mean Air Temperature [C](Daily),709.9,131.0,293,314,329,345,0,314,51
2050,577,SG_retrofit_4_Insul_retrofit_3_TR_current_BW_retrofit_1,0.81,5.5,4.2,0.48,0.016874999999999998,18.386125284278307,retained_renamed_boiler_heating_energy_output,1,BLOCK BUILDINGBLOCK1 STOREY 0:Zone Mean Air Temperature [C](Daily),891.9,140.36,285,300,322,342,0,300,65
2050,578,SG_retrofit_4_Insul_retrofit_3_TR_current_BW_retrofit_2,0.81,5.5,4.4,0.48,0.015125,17.431072969490554,retained_renamed_boiler_heating_energy_output,1,BLOCK BUILDINGBLOCK1 STOREY 0:Zone Mean Air Temperature [C](Daily),888.9,135.83,282,300,319,341,0,300,65
2050,579,SG_retrofit_4_Insul_retrofit_3_TR_current_BW_retrofit_3,0.81,5.5,6.5,0.48,0.014249999999999999,16.97643751866372,retained_renamed_boiler_heating_energy_output,1,BLOCK BUILDINGBLOCK1 STOREY 0:Zone Mean Air Temperature [C](Daily),909.9,148.16,279,300,317,340,0,300,65
2050,580,SG_retrofit_4_Insul_retrofit_3_TR_current_BW_retrofit_4,0.81,5.5,6.7,0.48,0.014249999999999999,16.987845415046877,retained_renamed_boiler_heating_energy_output,1,BLOCK BUILDINGBLOCK1 STOREY 0:Zone Mean Air Temperature [C](Daily),931.9,139.5,279,300,317,340,0,300,65
2050,581,SG_retrofit_4_Insul_retrofit_3_TR_retrofit_1_BW_current,0.81,5.5,0.45,4.5,0.018375,18.729977063090715,retained_renamed_boiler_heating_energy_output,1,BLOCK BUILDINGBLOCK1 STOREY 0:Zone Mean Air Temperature [C](Daily),799.4,154.29,293,314,329,345,0,314,51
2050,582,SG_retrofit_4_Insul_retrofit_3_TR_retrofit_1_BW_retrofit_1,0.81,5.5,4.2,4.5,0.016625,14.426379297615831,retained_renamed_boiler_heating_energy_output,1,BLOCK BUILDINGBLOCK1 STOREY 0:Zone Mean Air Temperature [C](Daily),981.4,163.65,286,300,323,343,0,300,65
2050,583,SG_retrofit_4_Insul_retrofit_3_TR_retrofit_1_BW_retrofit_2,0.81,5.5,4.4,4.5,0.014875,13.858456126979627,retained_renamed_boiler_heating_energy_output,1,BLOCK BUILDINGBLOCK1 STOREY 0:Zone Mean Air Temperature [C](Daily),978.4,159.12,286,300,320,343,0,300,65
2050,584,SG_retrofit_4_Insul_retrofit_3_TR_retrofit_1_BW_retrofit_3,0.81,5.5,6.5,4.5,0.014000000000000002,13.21322455838355,retained_renamed_boiler_heating_energy_output,1,BLOCK BUILDINGBLOCK1 STOREY 0:Zone Mean Air Temperature [C](Daily),999.4,171.45,284,300,318,341,0,300,65
2050,585,SG_retrofit_4_Insul_retrofit_3_TR_retrofit_1_BW_retrofit_4,0.81,5.5,6.7,4.5,0.014000000000000002,13.26572405054293,retained_renamed_boiler_heating_energy_output,1,BLOCK BUILDINGBLOCK1 STOREY 0:Zone Mean Air Temperature [C](Daily),1021.4,162.79,284,300,318,342,0,300,65
2050,586,SG_retrofit_4_Insul_retrofit_3_TR_retrofit_2_BW_current,0.81,5.5,0.45,4.7,0.018125,18.54520840801506,retained_renamed_boiler_heating_energy_output,1,BLOCK BUILDINGBLOCK1 STOREY 0:Zone Mean Air Temperature [C](Daily),814.9,135.76,293,314,329,345,0,314,51
2050,587,SG_retrofit_4_Insul_retrofit_3_TR_retrofit_2_BW_retrofit_1,0.81,5.5,4.2,4.7,0.016375,14.293580406363095,retained_renamed_boiler_heating_energy_output,1,BLOCK BUILDINGBLOCK1 STOREY 0:Zone Mean Air Temperature [C](Daily),996.9,145.12,286,300,323,343,0,300,65
2050,588,SG_retrofit_4_Insul_retrofit_3_TR_retrofit_2_BW_retrofit_2,0.81,5.5,4.4,4.7,0.014624999999999999,13.678979739347042,retained_renamed_boiler_heating_energy_output,1,BLOCK BUILDINGBLOCK1 STOREY 0:Zone Mean Air Temperature [C](Daily),993.9,140.59,286,300,319,342,0,300,65
2050,589,SG_retrofit_4_Insul_retrofit_3_TR_retrofit_2_BW_retrofit_3,0.81,5.5,6.5,4.7,0.013750000000000002,13.12046699049276,retained_renamed_boiler_heating_energy_output,1,BLOCK BUILDINGBLOCK1 STOREY 0:Zone Mean Air Temperature [C](Daily),1014.9,152.92,284,300,318,341,0,300,65
2050,590,SG_retrofit_4_Insul_retrofit_3_TR_retrofit_2_BW_retrofit_4,0.81,5.5,6.7,4.7,0.013750000000000002,13.167174165286312,retained_renamed_boiler_heating_energy_output,1,BLOCK BUILDINGBLOCK1 STOREY 0:Zone Mean Air Temperature [C](Daily),1036.9,144.26,284,300,318,340,0,300,65
2050,591,SG_retrofit_4_Insul_retrofit_3_TR_retrofit_3_BW_current,0.81,5.5,0.45,8.5,0.017875,18.351934274685203,retained_renamed_boiler_heating_energy_output,1,BLOCK BUILDINGBLOCK1 STOREY 0:Zone Mean Air Temperature [C](Daily),810.9,149.5,293,314,329,345,0,314,51
2050,592,SG_retrofit_4_Insul_retrofit_3_TR_retrofit_3_BW_retrofit_1,0.81,5.5,4.2,8.5,0.016125,14.035007194093529,retained_renamed_boiler_heating_energy_output,1,BLOCK BUILDINGBLOCK1 STOREY 0:Zone Mean Air Temperature [C](Daily),992.9,158.86,286,300,324,343,0,300,65
2050,593,SG_retrofit_4_Insul_retrofit_3_TR_retrofit_3_BW_retrofit_2,0.81,5.5,4.4,8.5,0.014374999999999999,13.339997704575469,retained_renamed_boiler_heating_energy_output,1,BLOCK BUILDINGBLOCK1 STOREY 0:Zone Mean Air Temperature [C](Daily),989.9,154.33,286,300,319,342,0,300,65
2050,594,SG_retrofit_4_Insul_retrofit_3_TR_retrofit_3_BW_retrofit_3,0.81,5.5,6.5,8.5,0.013500000000000002,12.879809068562057,retained_renamed_boiler_heating_energy_output,1,BLOCK BUILDINGBLOCK1 STOREY 0:Zone Mean Air Temperature [C](Daily),1010.9,166.66,284,300,318,341,0,300,65
2050,595,SG_retrofit_4_Insul_retrofit_3_TR_retrofit_3_BW_retrofit_4,0.81,5.5,6.7,8.5,0.013500000000000002,12.828599150787987,retained_renamed_boiler_heating_energy_output,1,BLOCK BUILDINGBLOCK1 STOREY 0:Zone Mean Air Temperature [C](Daily),1032.9,158.0,283,300,318,342,0,300,65
2050,596,SG_retrofit_4_Insul_retrofit_3_TR_retrofit_4_BW_current,0.81,5.5,0.45,8.7,0.017875,18.182814358577073,retained_renamed_boiler_heating_energy_output,1,BLOCK BUILDINGBLOCK1 STOREY 0:Zone Mean Air Temperature [C](Daily),848.9,141.68,293,314,329,345,0,314,51
2050,597,SG_retrofit_4_Insul_retrofit_3_TR_retrofit_4_BW_retrofit_1,0.81,5.5,4.2,8.7,0.016125,14.09285735188882,retained_renamed_boiler_heating_energy_output,1,BLOCK BUILDINGBLOCK1 STOREY 0:Zone Mean Air Temperature [C](Daily),1030.9,151.04000000000002,286,300,324,343,0,300,65
2050,598,SG_retrofit_4_Insul_retrofit_3_TR_retrofit_4_BW_retrofit_2,0.81,5.5,4.4,8.7,0.014374999999999999,13.312137061502705,retained_renamed_boiler_heating_energy_output,1,BLOCK BUILDINGBLOCK1 STOREY 0:Zone Mean Air Temperature [C](Daily),1027.9,146.51000000000002,286,300,320,342,0,300,65
2050,599,SG_retrofit_4_Insul_retrofit_3_TR_retrofit_4_BW_retrofit_3,0.81,5.5,6.5,8.7,0.013500000000000002,12.832139530083206,retained_renamed_boiler_heating_energy_output,1,BLOCK BUILDINGBLOCK1 STOREY 0:Zone Mean Air Temperature [C](Daily),1048.9,158.84,284,300,318,341,0,300,65
2050,600,SG_retrofit_4_Insul_retrofit_3_TR_retrofit_4_BW_retrofit_4,0.81,5.5,6.7,8.7,0.013500000000000002,12.831242046883778,retained_renamed_boiler_heating_energy_output,1,BLOCK BUILDINGBLOCK1 STOREY 0:Zone Mean Air Temperature [C](Daily),1070.9,150.18,283,300,318,342,0,300,65
2050,601,SG_retrofit_4_Insul_retrofit_4_TR_current_BW_current,0.81,5.6,0.45,0.48,0.018625,22.494722953064215,retained_renamed_boiler_heating_energy_output,1,BLOCK BUILDINGBLOCK1 STOREY 0:Zone Mean Air Temperature [C](Daily),730.0,127.0,293,314,329,345,0,314,51
2050,602,SG_retrofit_4_Insul_retrofit_4_TR_current_BW_retrofit_1,0.81,5.6,4.2,0.48,0.016874999999999998,18.260876136147882,retained_renamed_boiler_heating_energy_output,1,BLOCK BUILDINGBLOCK1 STOREY 0:Zone Mean Air Temperature [C](Daily),912.0,136.36,285,300,321,342,0,300,65
2050,603,SG_retrofit_4_Insul_retrofit_4_TR_current_BW_retrofit_2,0.81,5.6,4.4,0.48,0.015125,17.624251075565894,retained_renamed_boiler_heating_energy_output,1,BLOCK BUILDINGBLOCK1 STOREY 0:Zone Mean Air Temperature [C](Daily),909.0,131.83,283,300,319,340,0,300,65
2050,604,SG_retrofit_4_Insul_retrofit_4_TR_current_BW_retrofit_3,0.81,5.6,6.5,0.48,0.014249999999999999,16.93500301856271,retained_renamed_boiler_heating_energy_output,1,BLOCK BUILDINGBLOCK1 STOREY 0:Zone Mean Air Temperature [C](Daily),930.0,144.16,281,300,317,340,0,300,65
2050,605,SG_retrofit_4_Insul_retrofit_4_TR_current_BW_retrofit_4,0.81,5.6,6.7,0.48,0.014249999999999999,16.949515027268884,retained_renamed_boiler_heating_energy_output,1,BLOCK BUILDINGBLOCK1 STOREY 0:Zone Mean Air Temperature [C](Daily),952.0,135.5,279,300,317,339,0,300,65
2050,606,SG_retrofit_4_Insul_retrofit_4_TR_retrofit_1_BW_current,0.81,5.6,0.45,4.5,0.018375,18.706666248163113,retained_renamed_boiler_heating_energy_output,1,BLOCK BUILDINGBLOCK1 STOREY 0:Zone Mean Air Temperature [C](Daily),819.5,150.29,293,314,329,345,0,314,51
2050,607,SG_retrofit_4_Insul_retrofit_4_TR_retrofit_1_BW_retrofit_1,0.81,5.6,4.2,4.5,0.016625,14.44437960942585,retained_renamed_boiler_heating_energy_output,1,BLOCK BUILDINGBLOCK1 STOREY 0:Zone Mean Air Temperature [C](Daily),1001.5,159.65,286,300,324,343,0,300,65
2050,608,SG_retrofit_4_Insul_retrofit_4_TR_retrofit_1_BW_retrofit_2,0.81,5.6,4.4,4.5,0.014875,13.871965149415209,retained_renamed_boiler_heating_energy_output,1,BLOCK BUILDINGBLOCK1 STOREY 0:Zone Mean Air Temperature [C](Daily),998.5,155.12,286,300,320,342,0,300,65
2050,609,SG_retrofit_4_Insul_retrofit_4_TR_retrofit_1_BW_retrofit_3,0.81,5.6,6.5,4.5,0.014000000000000002,13.259825363212357,retained_renamed_boiler_heating_energy_output,1,BLOCK BUILDINGBLOCK1 STOREY 0:Zone Mean Air Temperature [C](Daily),1019.5,167.45,284,300,318,340,0,300,65
2050,610,SG_retrofit_4_Insul_retrofit_4_TR_retrofit_1_BW_retrofit_4,0.81,5.6,6.7,4.5,0.014000000000000002,13.191014430280221,retained_renamed_boiler_heating_energy_output,1,BLOCK BUILDINGBLOCK1 STOREY 0:Zone Mean Air Temperature [C](Daily),1041.5,158.79,284,300,318,340,0,300,65
2050,611,SG_retrofit_4_Insul_retrofit_4_TR_retrofit_2_BW_current,0.81,5.6,0.45,4.7,0.018125,18.574332272760678,retained_renamed_boiler_heating_energy_output,1,BLOCK BUILDINGBLOCK1 STOREY 0:Zone Mean Air Temperature [C](Daily),835.0,131.76,293,314,329,345,0,314,51
2050,612,SG_retrofit_4_Insul_retrofit_4_TR_retrofit_2_BW_retrofit_1,0.81,5.6,4.2,4.7,0.016375,14.254827112275317,retained_renamed_boiler_heating_energy_output,1,BLOCK BUILDINGBLOCK1 STOREY 0:Zone Mean Air Temperature [C](Daily),1017.0,141.12,286,300,324,343,0,300,65
2050,613,SG_retrofit_4_Insul_retrofit_4_TR_retrofit_2_BW_retrofit_2,0.81,5.6,4.4,4.7,0.014624999999999999,13.647842272040085,retained_renamed_boiler_heating_energy_output,1,BLOCK BUILDINGBLOCK1 STOREY 0:Zone Mean Air Temperature [C](Daily),1014.0,136.59,286,300,319,342,0,300,65
2050,614,SG_retrofit_4_Insul_retrofit_4_TR_retrofit_2_BW_retrofit_3,0.81,5.6,6.5,4.7,0.013750000000000002,13.158931931064071,retained_renamed_boiler_heating_energy_output,1,BLOCK BUILDINGBLOCK1 STOREY 0:Zone Mean Air Temperature [C](Daily),1035.0,148.92,284,300,318,340,0,300,65
2050,615,SG_retrofit_4_Insul_retrofit_4_TR_retrofit_2_BW_retrofit_4,0.81,5.6,6.7,4.7,0.013750000000000002,13.09542098573371,retained_renamed_boiler_heating_energy_output,1,BLOCK BUILDINGBLOCK1 STOREY 0:Zone Mean Air Temperature [C](Daily),1057.0,140.26,283,300,318,340,0,300,65
2050,616,SG_retrofit_4_Insul_retrofit_4_TR_retrofit_3_BW_current,0.81,5.6,0.45,8.5,0.017875,18.302250034785853,retained_renamed_boiler_heating_energy_output,1,BLOCK BUILDINGBLOCK1 STOREY 0:Zone Mean Air Temperature [C](Daily),831.0,145.5,293,314,329,345,0,314,51
2050,617,SG_retrofit_4_Insul_retrofit_4_TR_retrofit_3_BW_retrofit_1,0.81,5.6,4.2,8.5,0.016125,14.08804943873729,retained_renamed_boiler_heating_energy_output,1,BLOCK BUILDINGBLOCK1 STOREY 0:Zone Mean Air Temperature [C](Daily),1013.0,154.86,286,300,324,343,0,300,65
2050,618,SG_retrofit_4_Insul_retrofit_4_TR_retrofit_3_BW_retrofit_2,0.81,5.6,4.4,8.5,0.014374999999999999,13.304152348166575,retained_renamed_boiler_heating_energy_output,1,BLOCK BUILDINGBLOCK1 STOREY 0:Zone Mean Air Temperature [C](Daily),1010.0,150.33,286,300,320,342,0,300,65
2050,619,SG_retrofit_4_Insul_retrofit_4_TR_retrofit_3_BW_retrofit_3,0.81,5.6,6.5,8.5,0.013500000000000002,12.881656052469179,retained_renamed_boiler_heating_energy_output,1,BLOCK BUILDINGBLOCK1 STOREY 0:Zone Mean Air Temperature [C](Daily),1031.0,162.66,283,300,318,341,0,300,65
2050,620,SG_retrofit_4_Insul_retrofit_4_TR_retrofit_3_BW_retrofit_4,0.81,5.6,6.7,8.5,0.013500000000000002,12.819851076310714,retained_renamed_boiler_heating_energy_output,1,BLOCK BUILDINGBLOCK1 STOREY 0:Zone Mean Air Temperature [C](Daily),1053.0,154.0,283,300,318,340,0,300,65
2050,621,SG_retrofit_4_Insul_retrofit_4_TR_retrofit_4_BW_current,0.81,5.6,0.45,8.7,0.017875,18.23732813713533,retained_renamed_boiler_heating_energy_output,1,BLOCK BUILDINGBLOCK1 STOREY 0:Zone Mean Air Temperature [C](Daily),869.0,137.68,293,314,329,345,0,314,51
2050,622,SG_retrofit_4_Insul_retrofit_4_TR_retrofit_4_BW_retrofit_1,0.81,5.6,4.2,8.7,0.016125,14.007100341636914,retained_renamed_boiler_heating_energy_output,1,BLOCK BUILDINGBLOCK1 STOREY 0:Zone Mean Air Temperature [C](Daily),1051.0,147.04000000000002,286,300,324,343,0,300,65
2050,623,SG_retrofit_4_Insul_retrofit_4_TR_retrofit_4_BW_retrofit_2,0.81,5.6,4.4,8.7,0.014374999999999999,13.342096058820298,retained_renamed_boiler_heating_energy_output,1,BLOCK BUILDINGBLOCK1 STOREY 0:Zone Mean Air Temperature [C](Daily),1048.0,142.51000000000002,286,300,320,342,0,300,65
2050,624,SG_retrofit_4_Insul_retrofit_4_TR_retrofit_4_BW_retrofit_3,0.81,5.6,6.5,8.7,0.013500000000000002,12.822819013520782,retained_renamed_boiler_heating_energy_output,1,BLOCK BUILDINGBLOCK1 STOREY 0:Zone Mean Air Temperature [C](Daily),1069.0,154.84,283,300,318,341,0,300,65
2050,625,SG_retrofit_4_Insul_retrofit_4_TR_retrofit_4_BW_retrofit_4,0.81,5.6,6.7,8.7,0.013500000000000002,12.751411269693511,retained_renamed_boiler_heating_energy_output,1,BLOCK BUILDINGBLOCK1 STOREY 0:Zone Mean Air Temperature [C](Daily),1091.0,146.18,283,300,318,340,0,300,65
2100,1,SG_current_Insul_current_TR_current_BW_current,2.9,0.41,0.45,0.48,0.025,22.166712550710866,retained_renamed_boiler_heating_energy_output,1,BLOCK BUILDINGBLOCK1 STOREY 0:Zone Mean Air Temperature [C](Daily),0.0,0.0,297,321,343,356,0,321,44
2100,2,SG_current_Insul_current_TR_current_BW_retrofit_1,2.9,0.41,4.2,0.48,0.02325,19.534116134779275,retained_renamed_boiler_heating_energy_output,1,BLOCK BUILDINGBLOCK1 STOREY 0:Zone Mean Air Temperature [C](Daily),182.0,9.36,300,323,343,358,0,323,42
2100,3,SG_current_Insul_current_TR_current_BW_retrofit_2,2.9,0.41,4.4,0.48,0.021500000000000002,18.872881065982572,retained_renamed_boiler_heating_energy_output,1,BLOCK BUILDINGBLOCK1 STOREY 0:Zone Mean Air Temperature [C](Daily),179.0,4.83,300,322,344,358,0,322,43
2100,4,SG_current_Insul_current_TR_current_BW_retrofit_3,2.9,0.41,6.5,0.48,0.020625,18.43742304774067,retained_renamed_boiler_heating_energy_output,1,BLOCK BUILDINGBLOCK1 STOREY 0:Zone Mean Air Temperature [C](Daily),200.0,17.16,300,322,343,358,0,322,43
2100,5,SG_current_Insul_current_TR_current_BW_retrofit_4,2.9,0.41,6.7,0.48,0.020625,18.293398768431686,retained_renamed_boiler_heating_energy_output,1,BLOCK BUILDINGBLOCK1 STOREY 0:Zone Mean Air Temperature [C](Daily),222.0,8.5,300,322,343,358,0,322,43
2100,6,SG_current_Insul_current_TR_retrofit_1_BW_current,2.9,0.41,0.45,4.5,0.02475,19.449984590596376,retained_renamed_boiler_heating_energy_output,1,BLOCK BUILDINGBLOCK1 STOREY 0:Zone Mean Air Temperature [C](Daily),89.5,23.29,299,321,343,356,0,321,44
2100,7,SG_current_Insul_current_TR_retrofit_1_BW_retrofit_1,2.9,0.41,4.2,4.5,0.023000000000000003,16.576351206759377,retained_renamed_boiler_heating_energy_output,1,BLOCK BUILDINGBLOCK1 STOREY 0:Zone Mean Air Temperature [C](Daily),271.5,32.65,300,324,343,358,0,324,41
2100,8,SG_current_Insul_current_TR_retrofit_1_BW_retrofit_2,2.9,0.41,4.4,4.5,0.02125,16.087512118912898,retained_renamed_boiler_heating_energy_output,1,BLOCK BUILDINGBLOCK1 STOREY 0:Zone Mean Air Temperature [C](Daily),268.5,28.119999999999997,300,325,345,358,0,325,40
2100,9,SG_current_Insul_current_TR_retrofit_1_BW_retrofit_3,2.9,0.41,6.5,4.5,0.020375000000000004,15.625425731840858,retained_renamed_boiler_heating_energy_output,1,BLOCK BUILDINGBLOCK1 STOREY 0:Zone Mean Air Temperature [C](Daily),289.5,40.45,301,326,345,358,0,326,39
2100,10,SG_current_Insul_current_TR_retrofit_1_BW_retrofit_4,2.9,0.41,6.7,4.5,0.020375000000000004,15.566017185307006,retained_renamed_boiler_heating_energy_output,1,BLOCK BUILDINGBLOCK1 STOREY 0:Zone Mean Air Temperature [C](Daily),311.5,31.79,301,326,345,358,0,326,39
2100,11,SG_current_Insul_current_TR_retrofit_2_BW_current,2.9,0.41,0.45,4.7,0.0245,19.211430489445597,retained_renamed_boiler_heating_energy_output,1,BLOCK BUILDINGBLOCK1 STOREY 0:Zone Mean Air Temperature [C](Daily),105.0,4.76,299,321,343,356,0,321,44
2100,12,SG_current_Insul_current_TR_retrofit_2_BW_retrofit_1,2.9,0.41,4.2,4.7,0.022750000000000003,16.50926204892366,retained_renamed_boiler_heating_energy_output,1,BLOCK BUILDINGBLOCK1 STOREY 0:Zone Mean Air Temperature [C](Daily),287.0,14.12,300,324,343,358,0,324,41
2100,13,SG_current_Insul_current_TR_retrofit_2_BW_retrofit_2,2.9,0.41,4.4,4.7,0.021000000000000005,16.044134775595097,retained_renamed_boiler_heating_energy_output,1,BLOCK BUILDINGBLOCK1 STOREY 0:Zone Mean Air Temperature [C](Daily),284.0,9.59,301,325,345,358,0,325,40
2100,14,SG_current_Insul_current_TR_retrofit_2_BW_retrofit_3,2.9,0.41,6.5,4.7,0.020125000000000004,15.4840527026138,retained_renamed_boiler_heating_energy_output,1,BLOCK BUILDINGBLOCK1 STOREY 0:Zone Mean Air Temperature [C](Daily),305.0,21.92,301,326,346,358,0,326,39
2100,15,SG_current_Insul_current_TR_retrofit_2_BW_retrofit_4,2.9,0.41,6.7,4.7,0.020125000000000004,15.511505955321466,retained_renamed_boiler_heating_energy_output,1,BLOCK BUILDINGBLOCK1 STOREY 0:Zone Mean Air Temperature [C](Daily),327.0,13.26,301,326,345,358,0,326,39
2100,16,SG_current_Insul_current_TR_retrofit_3_BW_current,2.9,0.41,0.45,8.5,0.02425,19.06621208308644,retained_renamed_boiler_heating_energy_output,1,BLOCK BUILDINGBLOCK1 STOREY 0:Zone Mean Air Temperature [C](Daily),101.0,18.5,299,321,343,357,0,321,44
2100,17,SG_current_Insul_current_TR_retrofit_3_BW_retrofit_1,2.9,0.41,4.2,8.5,0.022500000000000003,16.202923960601364,retained_renamed_boiler_heating_energy_output,1,BLOCK BUILDINGBLOCK1 STOREY 0:Zone Mean Air Temperature [C](Daily),283.0,27.86,300,324,343,358,0,324,41
2100,18,SG_current_Insul_current_TR_retrofit_3_BW_retrofit_2,2.9,0.41,4.4,8.5,0.02075,15.603309101418423,retained_renamed_boiler_heating_energy_output,1,BLOCK BUILDINGBLOCK1 STOREY 0:Zone Mean Air Temperature [C](Daily),280.0,23.33,301,325,345,358,0,325,40
2100,19,SG_current_Insul_current_TR_retrofit_3_BW_retrofit_3,2.9,0.41,6.5,8.5,0.019875000000000004,15.29487253680967,retained_renamed_boiler_heating_energy_output,1,BLOCK BUILDINGBLOCK1 STOREY 0:Zone Mean Air Temperature [C](Daily),301.0,35.66,301,326,346,358,0,326,39
2100,20,SG_current_Insul_current_TR_retrofit_3_BW_retrofit_4,2.9,0.41,6.7,8.5,0.019875000000000004,15.211429522852976,retained_renamed_boiler_heating_energy_output,1,BLOCK BUILDINGBLOCK1 STOREY 0:Zone Mean Air Temperature [C](Daily),323.0,27.0,301,326,346,358,0,326,39
2100,21,SG_current_Insul_current_TR_retrofit_4_BW_current,2.9,0.41,0.45,8.7,0.02425,18.93811758294378,retained_renamed_boiler_heating_energy_output,1,BLOCK BUILDINGBLOCK1 STOREY 0:Zone Mean Air Temperature [C](Daily),139.0,10.68,299,321,343,357,0,321,44
2100,22,SG_current_Insul_current_TR_retrofit_4_BW_retrofit_1,2.9,0.41,4.2,8.7,0.022500000000000003,16.131387982418047,retained_renamed_boiler_heating_energy_output,1,BLOCK BUILDINGBLOCK1 STOREY 0:Zone Mean Air Temperature [C](Daily),321.0,20.04,300,324,343,358,0,324,41
2100,23,SG_current_Insul_current_TR_retrofit_4_BW_retrofit_2,2.9,0.41,4.4,8.7,0.02075,15.58066887099662,retained_renamed_boiler_heating_energy_output,1,BLOCK BUILDINGBLOCK1 STOREY 0:Zone Mean Air Temperature [C](Daily),318.0,15.51,301,325,345,358,0,325,40
2100,24,SG_current_Insul_current_TR_retrofit_4_BW_retrofit_3,2.9,0.41,6.5,8.7,0.019875000000000004,15.332841956542687,retained_renamed_boiler_heating_energy_output,1,BLOCK BUILDINGBLOCK1 STOREY 0:Zone Mean Air Temperature [C](Daily),339.0,27.84,301,326,346,358,0,326,39
2100,25,SG_current_Insul_current_TR_retrofit_4_BW_retrofit_4,2.9,0.41,6.7,8.7,0.019875000000000004,15.281100409760855,retained_renamed_boiler_heating_energy_output,1,BLOCK BUILDINGBLOCK1 STOREY 0:Zone Mean Air Temperature [C](Daily),361.0,19.18,301,326,346,358,0,326,39
2100,26,SG_current_Insul_retrofit_1_TR_current_BW_current,2.9,4.8,0.45,0.48,0.02475,20.43742330907678,retained_renamed_boiler_heating_energy_output,1,BLOCK BUILDINGBLOCK1 STOREY 0:Zone Mean Air Temperature [C](Daily),59.7,10.0,262,292,314,335,0,292,73
2100,27,SG_current_Insul_retrofit_1_TR_current_BW_retrofit_1,2.9,4.8,4.2,0.48,0.023000000000000003,17.384110686402902,retained_renamed_boiler_heating_energy_output,1,BLOCK BUILDINGBLOCK1 STOREY 0:Zone Mean Air Temperature [C](Daily),241.7,19.36,259,284,311,328,0,284,81
2100,28,SG_current_Insul_retrofit_1_TR_current_BW_retrofit_2,2.9,4.8,4.4,0.48,0.02125,16.77878807008077,retained_renamed_boiler_heating_energy_output,1,BLOCK BUILDINGBLOCK1 STOREY 0:Zone Mean Air Temperature [C](Daily),238.7,14.83,257,283,311,327,0,283,82
2100,29,SG_current_Insul_retrofit_1_TR_current_BW_retrofit_3,2.9,4.8,6.5,0.48,0.020375000000000004,16.489988818745193,retained_renamed_boiler_heating_energy_output,1,BLOCK BUILDINGBLOCK1 STOREY 0:Zone Mean Air Temperature [C](Daily),259.7,27.16,257,283,310,327,0,283,82
2100,30,SG_current_Insul_retrofit_1_TR_current_BW_retrofit_4,2.9,4.8,6.7,0.48,0.020375000000000004,16.43164811256805,retained_renamed_boiler_heating_energy_output,1,BLOCK BUILDINGBLOCK1 STOREY 0:Zone Mean Air Temperature [C](Daily),281.7,18.5,256,283,310,327,0,283,82
2100,31,SG_current_Insul_retrofit_1_TR_retrofit_1_BW_current,2.9,4.8,0.45,4.5,0.0245,17.59999178726225,retained_renamed_boiler_heating_energy_output,1,BLOCK BUILDINGBLOCK1 STOREY 0:Zone Mean Air Temperature [C](Daily),149.2,33.29,263,294,315,336,0,294,71
2100,32,SG_current_Insul_retrofit_1_TR_retrofit_1_BW_retrofit_1,2.9,4.8,4.2,4.5,0.022750000000000003,14.523993544587936,retained_renamed_boiler_heating_energy_output,1,BLOCK BUILDINGBLOCK1 STOREY 0:Zone Mean Air Temperature [C](Daily),331.2,42.65,260,288,311,329,0,288,77
2100,33,SG_current_Insul_retrofit_1_TR_retrofit_1_BW_retrofit_2,2.9,4.8,4.4,4.5,0.021000000000000005,14.123843343822925,retained_renamed_boiler_heating_energy_output,1,BLOCK BUILDINGBLOCK1 STOREY 0:Zone Mean Air Temperature [C](Daily),328.2,38.12,258,285,311,328,0,285,80
2100,34,SG_current_Insul_retrofit_1_TR_retrofit_1_BW_retrofit_3,2.9,4.8,6.5,4.5,0.020125000000000004,13.646510320460134,retained_renamed_boiler_heating_energy_output,1,BLOCK BUILDINGBLOCK1 STOREY 0:Zone Mean Air Temperature [C](Daily),349.2,50.45,257,284,311,328,0,284,81
2100,35,SG_current_Insul_retrofit_1_TR_retrofit_1_BW_retrofit_4,2.9,4.8,6.7,4.5,0.020125000000000004,13.612943661554985,retained_renamed_boiler_heating_energy_output,1,BLOCK BUILDINGBLOCK1 STOREY 0:Zone Mean Air Temperature [C](Daily),371.2,41.79,256,284,311,329,0,284,81
2100,36,SG_current_Insul_retrofit_1_TR_retrofit_2_BW_current,2.9,4.8,0.45,4.7,0.02425,17.362951395893536,retained_renamed_boiler_heating_energy_output,1,BLOCK BUILDINGBLOCK1 STOREY 0:Zone Mean Air Temperature [C](Daily),164.7,14.76,263,293,315,336,0,293,72
2100,37,SG_current_Insul_retrofit_1_TR_retrofit_2_BW_retrofit_1,2.9,4.8,4.2,4.7,0.022500000000000003,14.451309908717324,retained_renamed_boiler_heating_energy_output,1,BLOCK BUILDINGBLOCK1 STOREY 0:Zone Mean Air Temperature [C](Daily),346.7,24.119999999999997,259,288,311,329,0,288,77
2100,38,SG_current_Insul_retrofit_1_TR_retrofit_2_BW_retrofit_2,2.9,4.8,4.4,4.7,0.020750000000000005,13.98411836075565,retained_renamed_boiler_heating_energy_output,1,BLOCK BUILDINGBLOCK1 STOREY 0:Zone Mean Air Temperature [C](Daily),343.7,19.59,258,285,311,328,0,285,80
2100,39,SG_current_Insul_retrofit_1_TR_retrofit_2_BW_retrofit_3,2.9,4.8,6.5,4.7,0.019875000000000004,13.584376795878498,retained_renamed_boiler_heating_energy_output,1,BLOCK BUILDINGBLOCK1 STOREY 0:Zone Mean Air Temperature [C](Daily),364.7,31.92,256,284,311,329,0,284,81
2100,40,SG_current_Insul_retrofit_1_TR_retrofit_2_BW_retrofit_4,2.9,4.8,6.7,4.7,0.019875000000000004,13.543084876188882,retained_renamed_boiler_heating_energy_output,1,BLOCK BUILDINGBLOCK1 STOREY 0:Zone Mean Air Temperature [C](Daily),386.7,23.259999999999998,256,284,311,329,0,284,81
2100,41,SG_current_Insul_retrofit_1_TR_retrofit_3_BW_current,2.9,4.8,0.45,8.5,0.024,17.229734098935392,retained_renamed_boiler_heating_energy_output,1,BLOCK BUILDINGBLOCK1 STOREY 0:Zone Mean Air Temperature [C](Daily),160.7,28.5,263,293,315,336,0,293,72
2100,42,SG_current_Insul_retrofit_1_TR_retrofit_3_BW_retrofit_1,2.9,4.8,4.2,8.5,0.022250000000000002,14.255757118465748,retained_renamed_boiler_heating_energy_output,1,BLOCK BUILDINGBLOCK1 STOREY 0:Zone Mean Air Temperature [C](Daily),342.7,37.86,259,288,311,329,0,288,77
2100,43,SG_current_Insul_retrofit_1_TR_retrofit_3_BW_retrofit_2,2.9,4.8,4.4,8.5,0.020500000000000004,13.828493181762177,retained_renamed_boiler_heating_energy_output,1,BLOCK BUILDINGBLOCK1 STOREY 0:Zone Mean Air Temperature [C](Daily),339.7,33.33,258,285,311,328,0,285,80
2100,44,SG_current_Insul_retrofit_1_TR_retrofit_3_BW_retrofit_3,2.9,4.8,6.5,8.5,0.019625000000000004,13.309027276803787,retained_renamed_boiler_heating_energy_output,1,BLOCK BUILDINGBLOCK1 STOREY 0:Zone Mean Air Temperature [C](Daily),360.7,45.66,256,284,311,329,0,284,81
2100,45,SG_current_Insul_retrofit_1_TR_retrofit_3_BW_retrofit_4,2.9,4.8,6.7,8.5,0.019625000000000004,13.163322186374316,retained_renamed_boiler_heating_energy_output,1,BLOCK BUILDINGBLOCK1 STOREY 0:Zone Mean Air Temperature [C](Daily),382.7,37.0,256,284,311,329,0,284,81
2100,46,SG_current_Insul_retrofit_1_TR_retrofit_4_BW_current,2.9,4.8,0.45,8.7,0.024,17.12262055659794,retained_renamed_boiler_heating_energy_output,1,BLOCK BUILDINGBLOCK1 STOREY 0:Zone Mean Air Temperature [C](Daily),198.7,20.68,263,293,315,336,0,293,72
2100,47,SG_current_Insul_retrofit_1_TR_retrofit_4_BW_retrofit_1,2.9,4.8,4.2,8.7,0.022250000000000002,14.1436561901652,retained_renamed_boiler_heating_energy_output,1,BLOCK BUILDINGBLOCK1 STOREY 0:Zone Mean Air Temperature [C](Daily),380.7,30.04,259,288,311,329,0,288,77
2100,48,SG_current_Insul_retrofit_1_TR_retrofit_4_BW_retrofit_2,2.9,4.8,4.4,8.7,0.020500000000000004,13.812130010266317,retained_renamed_boiler_heating_energy_output,1,BLOCK BUILDINGBLOCK1 STOREY 0:Zone Mean Air Temperature [C](Daily),377.7,25.509999999999998,258,284,311,328,0,284,81
2100,49,SG_current_Insul_retrofit_1_TR_retrofit_4_BW_retrofit_3,2.9,4.8,6.5,8.7,0.019625000000000004,13.224259163242417,retained_renamed_boiler_heating_energy_output,1,BLOCK BUILDINGBLOCK1 STOREY 0:Zone Mean Air Temperature [C](Daily),398.7,37.84,256,284,311,329,0,284,81
2100,50,SG_current_Insul_retrofit_1_TR_retrofit_4_BW_retrofit_4,2.9,4.8,6.7,8.7,0.019625000000000004,13.314969378117901,retained_renamed_boiler_heating_energy_output,1,BLOCK BUILDINGBLOCK1 STOREY 0:Zone Mean Air Temperature [C](Daily),420.7,29.18,256,284,311,329,0,284,81
2100,51,SG_current_Insul_retrofit_2_TR_current_BW_current,2.9,5.0,0.45,0.48,0.0245,20.096074955629174,retained_renamed_boiler_heating_energy_output,1,BLOCK BUILDINGBLOCK1 STOREY 0:Zone Mean Air Temperature [C](Daily),77.0,5.92,260,290,312,333,0,290,75
2100,52,SG_current_Insul_retrofit_2_TR_current_BW_retrofit_1,2.9,5.0,4.2,0.48,0.022750000000000003,17.17083806331739,retained_renamed_boiler_heating_energy_output,1,BLOCK BUILDINGBLOCK1 STOREY 0:Zone Mean Air Temperature [C](Daily),259.0,15.28,257,282,310,325,0,282,83
2100,53,SG_current_Insul_retrofit_2_TR_current_BW_retrofit_2,2.9,5.0,4.4,0.48,0.021000000000000005,16.700511956550624,retained_renamed_boiler_heating_energy_output,1,BLOCK BUILDINGBLOCK1 STOREY 0:Zone Mean Air Temperature [C](Daily),256.0,10.75,256,281,310,326,0,281,84
2100,54,SG_current_Insul_retrofit_2_TR_current_BW_retrofit_3,2.9,5.0,6.5,0.48,0.020125000000000004,16.3778051313478,retained_renamed_boiler_heating_energy_output,1,BLOCK BUILDINGBLOCK1 STOREY 0:Zone Mean Air Temperature [C](Daily),277.0,23.08,253,280,308,325,0,280,85
2100,55,SG_current_Insul_retrofit_2_TR_current_BW_retrofit_4,2.9,5.0,6.7,0.48,0.020125000000000004,16.28057081229281,retained_renamed_boiler_heating_energy_output,1,BLOCK BUILDINGBLOCK1 STOREY 0:Zone Mean Air Temperature [C](Daily),299.0,14.42,253,280,308,325,0,280,85
2100,56,SG_current_Insul_retrofit_2_TR_retrofit_1_BW_current,2.9,5.0,0.45,4.5,0.02425,17.472293279539638,retained_renamed_boiler_heating_energy_output,1,BLOCK BUILDINGBLOCK1 STOREY 0:Zone Mean Air Temperature [C](Daily),166.5,29.21,262,293,314,336,0,293,72
2100,57,SG_current_Insul_retrofit_2_TR_retrofit_1_BW_retrofit_1,2.9,5.0,4.2,4.5,0.022500000000000003,14.48467625375307,retained_renamed_boiler_heating_energy_output,1,BLOCK BUILDINGBLOCK1 STOREY 0:Zone Mean Air Temperature [C](Daily),348.5,38.57,258,284,311,326,0,284,81
2100,58,SG_current_Insul_retrofit_2_TR_retrofit_1_BW_retrofit_2,2.9,5.0,4.4,4.5,0.020750000000000005,13.826345844365596,retained_renamed_boiler_heating_energy_output,1,BLOCK BUILDINGBLOCK1 STOREY 0:Zone Mean Air Temperature [C](Daily),345.5,34.04,256,284,310,327,0,284,81
2100,59,SG_current_Insul_retrofit_2_TR_retrofit_1_BW_retrofit_3,2.9,5.0,6.5,4.5,0.019875000000000004,13.493466624433333,retained_renamed_boiler_heating_energy_output,1,BLOCK BUILDINGBLOCK1 STOREY 0:Zone Mean Air Temperature [C](Daily),366.5,46.37,254,284,309,326,0,284,81
2100,60,SG_current_Insul_retrofit_2_TR_retrofit_1_BW_retrofit_4,2.9,5.0,6.7,4.5,0.019875000000000004,13.487594028375318,retained_renamed_boiler_heating_energy_output,1,BLOCK BUILDINGBLOCK1 STOREY 0:Zone Mean Air Temperature [C](Daily),388.5,37.71,253,284,309,326,0,284,81
2100,61,SG_current_Insul_retrofit_2_TR_retrofit_2_BW_current,2.9,5.0,0.45,4.7,0.024,17.220010961722473,retained_renamed_boiler_heating_energy_output,1,BLOCK BUILDINGBLOCK1 STOREY 0:Zone Mean Air Temperature [C](Daily),182.0,10.68,261,292,313,336,0,292,73
2100,62,SG_current_Insul_retrofit_2_TR_retrofit_2_BW_retrofit_1,2.9,5.0,4.2,4.7,0.022250000000000002,14.268682640954726,retained_renamed_boiler_heating_energy_output,1,BLOCK BUILDINGBLOCK1 STOREY 0:Zone Mean Air Temperature [C](Daily),364.0,20.04,256,284,311,326,0,284,81
2100,63,SG_current_Insul_retrofit_2_TR_retrofit_2_BW_retrofit_2,2.9,5.0,4.4,4.7,0.020500000000000004,13.697985731732025,retained_renamed_boiler_heating_energy_output,1,BLOCK BUILDINGBLOCK1 STOREY 0:Zone Mean Air Temperature [C](Daily),361.0,15.51,256,284,310,327,0,284,81
2100,64,SG_current_Insul_retrofit_2_TR_retrofit_2_BW_retrofit_3,2.9,5.0,6.5,4.7,0.019625000000000004,13.376263555524261,retained_renamed_boiler_heating_energy_output,1,BLOCK BUILDINGBLOCK1 STOREY 0:Zone Mean Air Temperature [C](Daily),382.0,27.839999999999996,253,284,309,326,0,284,81
2100,65,SG_current_Insul_retrofit_2_TR_retrofit_2_BW_retrofit_4,2.9,5.0,6.7,4.7,0.019625000000000004,13.395633425273452,retained_renamed_boiler_heating_energy_output,1,BLOCK BUILDINGBLOCK1 STOREY 0:Zone Mean Air Temperature [C](Daily),404.0,19.18,253,284,309,326,0,284,81
2100,66,SG_current_Insul_retrofit_2_TR_retrofit_3_BW_current,2.9,5.0,0.45,8.5,0.02375,17.0739035238944,retained_renamed_boiler_heating_energy_output,1,BLOCK BUILDINGBLOCK1 STOREY 0:Zone Mean Air Temperature [C](Daily),178.0,24.42,261,292,313,336,0,292,73
2100,67,SG_current_Insul_retrofit_2_TR_retrofit_3_BW_retrofit_1,2.9,5.0,4.2,8.5,0.022000000000000002,14.0596642626764,retained_renamed_boiler_heating_energy_output,1,BLOCK BUILDINGBLOCK1 STOREY 0:Zone Mean Air Temperature [C](Daily),360.0,33.78,256,284,311,326,0,284,81
2100,68,SG_current_Insul_retrofit_2_TR_retrofit_3_BW_retrofit_2,2.9,5.0,4.4,8.5,0.020250000000000004,13.436916851107663,retained_renamed_boiler_heating_energy_output,1,BLOCK BUILDINGBLOCK1 STOREY 0:Zone Mean Air Temperature [C](Daily),357.0,29.25,256,284,310,327,0,284,81
2100,69,SG_current_Insul_retrofit_2_TR_retrofit_3_BW_retrofit_3,2.9,5.0,6.5,8.5,0.019375000000000003,13.110370807626675,retained_renamed_boiler_heating_energy_output,1,BLOCK BUILDINGBLOCK1 STOREY 0:Zone Mean Air Temperature [C](Daily),378.0,41.58,253,284,309,326,0,284,81
2100,70,SG_current_Insul_retrofit_2_TR_retrofit_3_BW_retrofit_4,2.9,5.0,6.7,8.5,0.019375000000000003,13.20154311255103,retained_renamed_boiler_heating_energy_output,1,BLOCK BUILDINGBLOCK1 STOREY 0:Zone Mean Air Temperature [C](Daily),400.0,32.92,253,283,309,326,0,283,82
2100,71,SG_current_Insul_retrofit_2_TR_retrofit_4_BW_current,2.9,5.0,0.45,8.7,0.02375,17.007411309496877,retained_renamed_boiler_heating_energy_output,1,BLOCK BUILDINGBLOCK1 STOREY 0:Zone Mean Air Temperature [C](Daily),216.0,16.6,261,292,313,336,0,292,73
2100,72,SG_current_Insul_retrofit_2_TR_retrofit_4_BW_retrofit_1,2.9,5.0,4.2,8.7,0.022000000000000002,14.058171360162854,retained_renamed_boiler_heating_energy_output,1,BLOCK BUILDINGBLOCK1 STOREY 0:Zone Mean Air Temperature [C](Daily),398.0,25.96,256,284,311,326,0,284,81
2100,73,SG_current_Insul_retrofit_2_TR_retrofit_4_BW_retrofit_2,2.9,5.0,4.4,8.7,0.020250000000000004,13.54898537412701,retained_renamed_boiler_heating_energy_output,1,BLOCK BUILDINGBLOCK1 STOREY 0:Zone Mean Air Temperature [C](Daily),395.0,21.43,256,284,310,327,0,284,81
2100,74,SG_current_Insul_retrofit_2_TR_retrofit_4_BW_retrofit_3,2.9,5.0,6.5,8.7,0.019375000000000003,13.123623173567799,retained_renamed_boiler_heating_energy_output,1,BLOCK BUILDINGBLOCK1 STOREY 0:Zone Mean Air Temperature [C](Daily),416.0,33.76,253,284,309,326,0,284,81
2100,75,SG_current_Insul_retrofit_2_TR_retrofit_4_BW_retrofit_4,2.9,5.0,6.7,8.7,0.019375000000000003,13.085661234969212,retained_renamed_boiler_heating_energy_output,1,BLOCK BUILDINGBLOCK1 STOREY 0:Zone Mean Air Temperature [C](Daily),438.0,25.1,253,283,309,326,0,283,82
2100,76,SG_current_Insul_retrofit_3_TR_current_BW_current,2.9,5.5,0.45,0.48,0.02425,20.146439034466926,retained_renamed_boiler_heating_energy_output,1,BLOCK BUILDINGBLOCK1 STOREY 0:Zone Mean Air Temperature [C](Daily),87.9,11.0,259,290,312,333,0,290,75
2100,77,SG_current_Insul_retrofit_3_TR_current_BW_retrofit_1,2.9,5.5,4.2,0.48,0.022500000000000003,17.25017461686007,retained_renamed_boiler_heating_energy_output,1,BLOCK BUILDINGBLOCK1 STOREY 0:Zone Mean Air Temperature [C](Daily),269.9,20.36,256,281,310,325,0,281,84
2100,78,SG_current_Insul_retrofit_3_TR_current_BW_retrofit_2,2.9,5.5,4.4,0.48,0.02075,16.567682211169796,retained_renamed_boiler_heating_energy_output,1,BLOCK BUILDINGBLOCK1 STOREY 0:Zone Mean Air Temperature [C](Daily),266.9,15.83,254,281,307,326,0,281,84
2100,79,SG_current_Insul_retrofit_3_TR_current_BW_retrofit_3,2.9,5.5,6.5,0.48,0.019875000000000004,16.064274172297516,retained_renamed_boiler_heating_energy_output,1,BLOCK BUILDINGBLOCK1 STOREY 0:Zone Mean Air Temperature [C](Daily),287.9,28.16,253,279,306,325,0,279,86
2100,80,SG_current_Insul_retrofit_3_TR_current_BW_retrofit_4,2.9,5.5,6.7,0.48,0.019875000000000004,16.247708157176394,retained_renamed_boiler_heating_energy_output,1,BLOCK BUILDINGBLOCK1 STOREY 0:Zone Mean Air Temperature [C](Daily),309.9,19.5,252,279,306,325,0,279,86
2100,81,SG_current_Insul_retrofit_3_TR_retrofit_1_BW_current,2.9,5.5,0.45,4.5,0.024,17.200313614594613,retained_renamed_boiler_heating_energy_output,1,BLOCK BUILDINGBLOCK1 STOREY 0:Zone Mean Air Temperature [C](Daily),177.4,34.29,261,290,312,334,0,290,75
2100,82,SG_current_Insul_retrofit_3_TR_retrofit_1_BW_retrofit_1,2.9,5.5,4.2,4.5,0.022250000000000002,14.345230316826564,retained_renamed_boiler_heating_energy_output,1,BLOCK BUILDINGBLOCK1 STOREY 0:Zone Mean Air Temperature [C](Daily),359.4,43.65,256,283,311,326,0,283,82
2100,83,SG_current_Insul_retrofit_3_TR_retrofit_1_BW_retrofit_2,2.9,5.5,4.4,4.5,0.020500000000000004,13.744098731851988,retained_renamed_boiler_heating_energy_output,1,BLOCK BUILDINGBLOCK1 STOREY 0:Zone Mean Air Temperature [C](Daily),356.4,39.12,256,282,310,326,0,282,83
2100,84,SG_current_Insul_retrofit_3_TR_retrofit_1_BW_retrofit_3,2.9,5.5,6.5,4.5,0.019625000000000004,13.45479998170114,retained_renamed_boiler_heating_energy_output,1,BLOCK BUILDINGBLOCK1 STOREY 0:Zone Mean Air Temperature [C](Daily),377.4,51.45,253,282,309,326,0,282,83
2100,85,SG_current_Insul_retrofit_3_TR_retrofit_1_BW_retrofit_4,2.9,5.5,6.7,4.5,0.019625000000000004,13.399064595975979,retained_renamed_boiler_heating_energy_output,1,BLOCK BUILDINGBLOCK1 STOREY 0:Zone Mean Air Temperature [C](Daily),399.4,42.79,253,282,308,326,0,282,83
2100,86,SG_current_Insul_retrofit_3_TR_retrofit_2_BW_current,2.9,5.5,0.45,4.7,0.02375,17.118372563366375,retained_renamed_boiler_heating_energy_output,1,BLOCK BUILDINGBLOCK1 STOREY 0:Zone Mean Air Temperature [C](Daily),192.9,15.76,261,290,312,333,0,290,75
2100,87,SG_current_Insul_retrofit_3_TR_retrofit_2_BW_retrofit_1,2.9,5.5,4.2,4.7,0.022000000000000002,14.168738979238578,retained_renamed_boiler_heating_energy_output,1,BLOCK BUILDINGBLOCK1 STOREY 0:Zone Mean Air Temperature [C](Daily),374.9,25.119999999999997,256,283,311,326,0,283,82
2100,88,SG_current_Insul_retrofit_3_TR_retrofit_2_BW_retrofit_2,2.9,5.5,4.4,4.7,0.020250000000000004,13.672655324766616,retained_renamed_boiler_heating_energy_output,1,BLOCK BUILDINGBLOCK1 STOREY 0:Zone Mean Air Temperature [C](Daily),371.9,20.59,255,282,310,326,0,282,83
2100,89,SG_current_Insul_retrofit_3_TR_retrofit_2_BW_retrofit_3,2.9,5.5,6.5,4.7,0.019375000000000003,13.294825301688807,retained_renamed_boiler_heating_energy_output,1,BLOCK BUILDINGBLOCK1 STOREY 0:Zone Mean Air Temperature [C](Daily),392.9,32.92,253,281,308,326,0,281,84
2100,90,SG_current_Insul_retrofit_3_TR_retrofit_2_BW_retrofit_4,2.9,5.5,6.7,4.7,0.019375000000000003,13.216562531476463,retained_renamed_boiler_heating_energy_output,1,BLOCK BUILDINGBLOCK1 STOREY 0:Zone Mean Air Temperature [C](Daily),414.9,24.259999999999998,253,281,308,326,0,281,84
2100,91,SG_current_Insul_retrofit_3_TR_retrofit_3_BW_current,2.9,5.5,0.45,8.5,0.0235,16.889725699826702,retained_renamed_boiler_heating_energy_output,1,BLOCK BUILDINGBLOCK1 STOREY 0:Zone Mean Air Temperature [C](Daily),188.9,29.5,261,290,313,334,0,290,75
2100,92,SG_current_Insul_retrofit_3_TR_retrofit_3_BW_retrofit_1,2.9,5.5,4.2,8.5,0.021750000000000002,13.957944365401108,retained_renamed_boiler_heating_energy_output,1,BLOCK BUILDINGBLOCK1 STOREY 0:Zone Mean Air Temperature [C](Daily),370.9,38.86,256,283,311,326,0,283,82
2100,93,SG_current_Insul_retrofit_3_TR_retrofit_3_BW_retrofit_2,2.9,5.5,4.4,8.5,0.020000000000000004,13.436476995647999,retained_renamed_boiler_heating_energy_output,1,BLOCK BUILDINGBLOCK1 STOREY 0:Zone Mean Air Temperature [C](Daily),367.9,34.33,255,282,309,327,0,282,83
2100,94,SG_current_Insul_retrofit_3_TR_retrofit_3_BW_retrofit_3,2.9,5.5,6.5,8.5,0.019125000000000003,13.003174851582642,retained_renamed_boiler_heating_energy_output,1,BLOCK BUILDINGBLOCK1 STOREY 0:Zone Mean Air Temperature [C](Daily),388.9,46.66,252,281,308,326,0,281,84
2100,95,SG_current_Insul_retrofit_3_TR_retrofit_3_BW_retrofit_4,2.9,5.5,6.7,8.5,0.019125000000000003,12.964355821661355,retained_renamed_boiler_heating_energy_output,1,BLOCK BUILDINGBLOCK1 STOREY 0:Zone Mean Air Temperature [C](Daily),410.9,38.0,252,281,308,326,0,281,84
2100,96,SG_current_Insul_retrofit_3_TR_retrofit_4_BW_current,2.9,5.5,0.45,8.7,0.0235,16.9500159780393,retained_renamed_boiler_heating_energy_output,1,BLOCK BUILDINGBLOCK1 STOREY 0:Zone Mean Air Temperature [C](Daily),226.9,21.68,261,290,313,334,0,290,75
2100,97,SG_current_Insul_retrofit_3_TR_retrofit_4_BW_retrofit_1,2.9,5.5,4.2,8.7,0.021750000000000002,13.97150990741304,retained_renamed_boiler_heating_energy_output,1,BLOCK BUILDINGBLOCK1 STOREY 0:Zone Mean Air Temperature [C](Daily),408.9,31.04,256,283,311,326,0,283,82
2100,98,SG_current_Insul_retrofit_3_TR_retrofit_4_BW_retrofit_2,2.9,5.5,4.4,8.7,0.020000000000000004,13.538480742352721,retained_renamed_boiler_heating_energy_output,1,BLOCK BUILDINGBLOCK1 STOREY 0:Zone Mean Air Temperature [C](Daily),405.9,26.509999999999998,255,282,309,327,0,282,83
2100,99,SG_current_Insul_retrofit_3_TR_retrofit_4_BW_retrofit_3,2.9,5.5,6.5,8.7,0.019125000000000003,12.970469227324633,retained_renamed_boiler_heating_energy_output,1,BLOCK BUILDINGBLOCK1 STOREY 0:Zone Mean Air Temperature [C](Daily),426.9,38.84,252,281,308,326,0,281,84
2100,100,SG_current_Insul_retrofit_3_TR_retrofit_4_BW_retrofit_4,2.9,5.5,6.7,8.7,0.019125000000000003,13.05753035533523,retained_renamed_boiler_heating_energy_output,1,BLOCK BUILDINGBLOCK1 STOREY 0:Zone Mean Air Temperature [C](Daily),448.9,30.18,252,281,308,326,0,281,84
2100,101,SG_current_Insul_retrofit_4_TR_current_BW_current,2.9,5.6,0.45,0.48,0.02425,20.06559587209948,retained_renamed_boiler_heating_energy_output,1,BLOCK BUILDINGBLOCK1 STOREY 0:Zone Mean Air Temperature [C](Daily),108.0,7.0,259,290,312,332,0,290,75
2100,102,SG_current_Insul_retrofit_4_TR_current_BW_retrofit_1,2.9,5.6,4.2,0.48,0.022500000000000003,17.14861145784743,retained_renamed_boiler_heating_energy_output,1,BLOCK BUILDINGBLOCK1 STOREY 0:Zone Mean Air Temperature [C](Daily),290.0,16.36,256,281,310,325,0,281,84
2100,103,SG_current_Insul_retrofit_4_TR_current_BW_retrofit_2,2.9,5.6,4.4,0.48,0.02075,16.6564524524269,retained_renamed_boiler_heating_energy_output,1,BLOCK BUILDINGBLOCK1 STOREY 0:Zone Mean Air Temperature [C](Daily),287.0,11.83,254,280,306,325,0,280,85
2100,104,SG_current_Insul_retrofit_4_TR_current_BW_retrofit_3,2.9,5.6,6.5,0.48,0.019875000000000004,16.048111773836148,retained_renamed_boiler_heating_energy_output,1,BLOCK BUILDINGBLOCK1 STOREY 0:Zone Mean Air Temperature [C](Daily),308.0,24.16,253,279,307,324,0,279,86
2100,105,SG_current_Insul_retrofit_4_TR_current_BW_retrofit_4,2.9,5.6,6.7,0.48,0.019875000000000004,16.187540259044017,retained_renamed_boiler_heating_energy_output,1,BLOCK BUILDINGBLOCK1 STOREY 0:Zone Mean Air Temperature [C](Daily),330.0,15.5,253,279,306,324,0,279,86
2100,106,SG_current_Insul_retrofit_4_TR_retrofit_1_BW_current,2.9,5.6,0.45,4.5,0.024,17.356611580117555,retained_renamed_boiler_heating_energy_output,1,BLOCK BUILDINGBLOCK1 STOREY 0:Zone Mean Air Temperature [C](Daily),197.5,30.29,261,290,313,334,0,290,75
2100,107,SG_current_Insul_retrofit_4_TR_retrofit_1_BW_retrofit_1,2.9,5.6,4.2,4.5,0.022250000000000002,14.240335134813172,retained_renamed_boiler_heating_energy_output,1,BLOCK BUILDINGBLOCK1 STOREY 0:Zone Mean Air Temperature [C](Daily),379.5,39.65,256,283,310,326,0,283,82
2100,108,SG_current_Insul_retrofit_4_TR_retrofit_1_BW_retrofit_2,2.9,5.6,4.4,4.5,0.020500000000000004,13.778052895093841,retained_renamed_boiler_heating_energy_output,1,BLOCK BUILDINGBLOCK1 STOREY 0:Zone Mean Air Temperature [C](Daily),376.5,35.12,255,282,310,326,0,282,83
2100,109,SG_current_Insul_retrofit_4_TR_retrofit_1_BW_retrofit_3,2.9,5.6,6.5,4.5,0.019625000000000004,13.293867118029043,retained_renamed_boiler_heating_energy_output,1,BLOCK BUILDINGBLOCK1 STOREY 0:Zone Mean Air Temperature [C](Daily),397.5,47.45,253,282,308,326,0,282,83
2100,110,SG_current_Insul_retrofit_4_TR_retrofit_1_BW_retrofit_4,2.9,5.6,6.7,4.5,0.019625000000000004,13.506741620137463,retained_renamed_boiler_heating_energy_output,1,BLOCK BUILDINGBLOCK1 STOREY 0:Zone Mean Air Temperature [C](Daily),419.5,38.79,253,282,308,326,0,282,83
2100,111,SG_current_Insul_retrofit_4_TR_retrofit_2_BW_current,2.9,5.6,0.45,4.7,0.02375,17.09959152706028,retained_renamed_boiler_heating_energy_output,1,BLOCK BUILDINGBLOCK1 STOREY 0:Zone Mean Air Temperature [C](Daily),213.0,11.76,261,290,313,334,0,290,75
2100,112,SG_current_Insul_retrofit_4_TR_retrofit_2_BW_retrofit_1,2.9,5.6,4.2,4.7,0.022000000000000002,14.247523351685794,retained_renamed_boiler_heating_energy_output,1,BLOCK BUILDINGBLOCK1 STOREY 0:Zone Mean Air Temperature [C](Daily),395.0,21.119999999999997,256,283,310,326,0,283,82
2100,113,SG_current_Insul_retrofit_4_TR_retrofit_2_BW_retrofit_2,2.9,5.6,4.4,4.7,0.020250000000000004,13.683937879446171,retained_renamed_boiler_heating_energy_output,1,BLOCK BUILDINGBLOCK1 STOREY 0:Zone Mean Air Temperature [C](Daily),392.0,16.59,255,282,309,326,0,282,83
2100,114,SG_current_Insul_retrofit_4_TR_retrofit_2_BW_retrofit_3,2.9,5.6,6.5,4.7,0.019375000000000003,13.319382136232871,retained_renamed_boiler_heating_energy_output,1,BLOCK BUILDINGBLOCK1 STOREY 0:Zone Mean Air Temperature [C](Daily),413.0,28.92,252,281,307,326,0,281,84
2100,115,SG_current_Insul_retrofit_4_TR_retrofit_2_BW_retrofit_4,2.9,5.6,6.7,4.7,0.019375000000000003,13.294393310680098,retained_renamed_boiler_heating_energy_output,1,BLOCK BUILDINGBLOCK1 STOREY 0:Zone Mean Air Temperature [C](Daily),435.0,20.259999999999998,252,281,307,326,0,281,84
2100,116,SG_current_Insul_retrofit_4_TR_retrofit_3_BW_current,2.9,5.6,0.45,8.5,0.0235,16.909512702867758,retained_renamed_boiler_heating_energy_output,1,BLOCK BUILDINGBLOCK1 STOREY 0:Zone Mean Air Temperature [C](Daily),209.0,25.5,261,290,313,334,0,290,75
2100,117,SG_current_Insul_retrofit_4_TR_retrofit_3_BW_retrofit_1,2.9,5.6,4.2,8.5,0.021750000000000002,14.005781757757427,retained_renamed_boiler_heating_energy_output,1,BLOCK BUILDINGBLOCK1 STOREY 0:Zone Mean Air Temperature [C](Daily),391.0,34.86,256,283,310,326,0,283,82
2100,118,SG_current_Insul_retrofit_4_TR_retrofit_3_BW_retrofit_2,2.9,5.6,4.4,8.5,0.020000000000000004,13.380819008864313,retained_renamed_boiler_heating_energy_output,1,BLOCK BUILDINGBLOCK1 STOREY 0:Zone Mean Air Temperature [C](Daily),388.0,30.33,255,282,309,326,0,282,83
2100,119,SG_current_Insul_retrofit_4_TR_retrofit_3_BW_retrofit_3,2.9,5.6,6.5,8.5,0.019125000000000003,13.007414360262072,retained_renamed_boiler_heating_energy_output,1,BLOCK BUILDINGBLOCK1 STOREY 0:Zone Mean Air Temperature [C](Daily),409.0,42.66,252,281,307,326,0,281,84
2100,120,SG_current_Insul_retrofit_4_TR_retrofit_3_BW_retrofit_4,2.9,5.6,6.7,8.5,0.019125000000000003,12.993370037085532,retained_renamed_boiler_heating_energy_output,1,BLOCK BUILDINGBLOCK1 STOREY 0:Zone Mean Air Temperature [C](Daily),431.0,34.0,252,280,307,326,0,280,85
2100,121,SG_current_Insul_retrofit_4_TR_retrofit_4_BW_current,2.9,5.6,0.45,8.7,0.0235,16.964916855077576,retained_renamed_boiler_heating_energy_output,1,BLOCK BUILDINGBLOCK1 STOREY 0:Zone Mean Air Temperature [C](Daily),247.0,17.68,261,290,313,334,0,290,75
2100,122,SG_current_Insul_retrofit_4_TR_retrofit_4_BW_retrofit_1,2.9,5.6,4.2,8.7,0.021750000000000002,13.954797262816875,retained_renamed_boiler_heating_energy_output,1,BLOCK BUILDINGBLOCK1 STOREY 0:Zone Mean Air Temperature [C](Daily),429.0,27.04,256,283,310,326,0,283,82
2100,123,SG_current_Insul_retrofit_4_TR_retrofit_4_BW_retrofit_2,2.9,5.6,4.4,8.7,0.020000000000000004,13.3739506378538,retained_renamed_boiler_heating_energy_output,1,BLOCK BUILDINGBLOCK1 STOREY 0:Zone Mean Air Temperature [C](Daily),426.0,22.509999999999998,255,282,309,326,0,282,83
2100,124,SG_current_Insul_retrofit_4_TR_retrofit_4_BW_retrofit_3,2.9,5.6,6.5,8.7,0.019125000000000003,12.980864676214786,retained_renamed_boiler_heating_energy_output,1,BLOCK BUILDINGBLOCK1 STOREY 0:Zone Mean Air Temperature [C](Daily),447.0,34.84,252,281,307,326,0,281,84
2100,125,SG_current_Insul_retrofit_4_TR_retrofit_4_BW_retrofit_4,2.9,5.6,6.7,8.7,0.019125000000000003,12.995744348481853,retained_renamed_boiler_heating_energy_output,1,BLOCK BUILDINGBLOCK1 STOREY 0:Zone Mean Air Temperature [C](Daily),469.0,26.18,252,280,307,326,0,280,85
2100,126,SG_retrofit_1_Insul_current_TR_current_BW_current,1.2,0.41,0.45,0.48,0.022750000000000003,19.83922387254646,retained_renamed_boiler_heating_energy_output,1,BLOCK BUILDINGBLOCK1 STOREY 0:Zone Mean Air Temperature [C](Daily),184.0,70.0,299,322,343,358,0,322,43
2100,127,SG_retrofit_1_Insul_current_TR_current_BW_retrofit_1,1.2,0.41,4.2,0.48,0.021000000000000005,17.07112103814881,retained_renamed_boiler_heating_energy_output,1,BLOCK BUILDINGBLOCK1 STOREY 0:Zone Mean Air Temperature [C](Daily),366.0,79.36,299,323,346,358,0,323,42
2100,128,SG_retrofit_1_Insul_current_TR_current_BW_retrofit_2,1.2,0.41,4.4,0.48,0.019250000000000003,16.46843264964687,retained_renamed_boiler_heating_energy_output,1,BLOCK BUILDINGBLOCK1 STOREY 0:Zone Mean Air Temperature [C](Daily),363.0,74.83,299,322,347,358,0,322,43
2100,129,SG_retrofit_1_Insul_current_TR_current_BW_retrofit_3,1.2,0.41,6.5,0.48,0.018375000000000002,16.05292131278348,retained_renamed_boiler_heating_energy_output,1,BLOCK BUILDINGBLOCK1 STOREY 0:Zone Mean Air Temperature [C](Daily),384.0,87.16,299,323,348,359,0,323,42
2100,130,SG_retrofit_1_Insul_current_TR_current_BW_retrofit_4,1.2,0.41,6.7,0.48,0.018375000000000002,16.074494058111828,retained_renamed_boiler_heating_energy_output,1,BLOCK BUILDINGBLOCK1 STOREY 0:Zone Mean Air Temperature [C](Daily),406.0,78.5,299,323,348,359,0,323,42
2100,131,SG_retrofit_1_Insul_current_TR_retrofit_1_BW_current,1.2,0.41,0.45,4.5,0.022500000000000003,17.087675037008275,retained_renamed_boiler_heating_energy_output,1,BLOCK BUILDINGBLOCK1 STOREY 0:Zone Mean Air Temperature [C](Daily),273.5,93.28999999999999,301,324,343,358,0,324,41
2100,132,SG_retrofit_1_Insul_current_TR_retrofit_1_BW_retrofit_1,1.2,0.41,4.2,4.5,0.020750000000000005,14.080265507127944,retained_renamed_boiler_heating_energy_output,1,BLOCK BUILDINGBLOCK1 STOREY 0:Zone Mean Air Temperature [C](Daily),455.5,102.65,300,325,347,358,0,325,40
2100,133,SG_retrofit_1_Insul_current_TR_retrofit_1_BW_retrofit_2,1.2,0.41,4.4,4.5,0.019000000000000003,13.614213949267034,retained_renamed_boiler_heating_energy_output,1,BLOCK BUILDINGBLOCK1 STOREY 0:Zone Mean Air Temperature [C](Daily),452.5,98.12,300,326,347,359,0,326,39
2100,134,SG_retrofit_1_Insul_current_TR_retrofit_1_BW_retrofit_3,1.2,0.41,6.5,4.5,0.018125000000000002,13.249527107377663,retained_renamed_boiler_heating_energy_output,1,BLOCK BUILDINGBLOCK1 STOREY 0:Zone Mean Air Temperature [C](Daily),473.5,110.44999999999999,300,327,348,359,0,327,38
2100,135,SG_retrofit_1_Insul_current_TR_retrofit_1_BW_retrofit_4,1.2,0.41,6.7,4.5,0.018125000000000002,13.19631483167904,retained_renamed_boiler_heating_energy_output,1,BLOCK BUILDINGBLOCK1 STOREY 0:Zone Mean Air Temperature [C](Daily),495.5,101.78999999999999,300,327,348,359,0,327,38
2100,136,SG_retrofit_1_Insul_current_TR_retrofit_2_BW_current,1.2,0.41,0.45,4.7,0.022250000000000002,16.919043945071397,retained_renamed_boiler_heating_energy_output,1,BLOCK BUILDINGBLOCK1 STOREY 0:Zone Mean Air Temperature [C](Daily),289.0,74.76,301,324,343,358,0,324,41
2100,137,SG_retrofit_1_Insul_current_TR_retrofit_2_BW_retrofit_1,1.2,0.41,4.2,4.7,0.020500000000000004,13.957803340410054,retained_renamed_boiler_heating_energy_output,1,BLOCK BUILDINGBLOCK1 STOREY 0:Zone Mean Air Temperature [C](Daily),471.0,84.12,300,326,347,358,0,326,39
2100,138,SG_retrofit_1_Insul_current_TR_retrofit_2_BW_retrofit_2,1.2,0.41,4.4,4.7,0.018750000000000003,13.570933554384423,retained_renamed_boiler_heating_energy_output,1,BLOCK BUILDINGBLOCK1 STOREY 0:Zone Mean Air Temperature [C](Daily),468.0,79.59,300,326,347,359,0,326,39
2100,139,SG_retrofit_1_Insul_current_TR_retrofit_2_BW_retrofit_3,1.2,0.41,6.5,4.7,0.017875000000000002,13.177124886759007,retained_renamed_boiler_heating_energy_output,1,BLOCK BUILDINGBLOCK1 STOREY 0:Zone Mean Air Temperature [C](Daily),489.0,91.92,300,327,349,359,0,327,38
2100,140,SG_retrofit_1_Insul_current_TR_retrofit_2_BW_retrofit_4,1.2,0.41,6.7,4.7,0.017875000000000002,13.10878173177397,retained_renamed_boiler_heating_energy_output,1,BLOCK BUILDINGBLOCK1 STOREY 0:Zone Mean Air Temperature [C](Daily),511.0,83.26,300,326,349,359,0,326,39
2100,141,SG_retrofit_1_Insul_current_TR_retrofit_3_BW_current,1.2,0.41,0.45,8.5,0.022000000000000002,16.664998780924076,retained_renamed_boiler_heating_energy_output,1,BLOCK BUILDINGBLOCK1 STOREY 0:Zone Mean Air Temperature [C](Daily),285.0,88.5,301,324,343,358,0,324,41
2100,142,SG_retrofit_1_Insul_current_TR_retrofit_3_BW_retrofit_1,1.2,0.41,4.2,8.5,0.020250000000000004,13.76337894266266,retained_renamed_boiler_heating_energy_output,1,BLOCK BUILDINGBLOCK1 STOREY 0:Zone Mean Air Temperature [C](Daily),467.0,97.86,300,326,347,359,0,326,39
2100,143,SG_retrofit_1_Insul_current_TR_retrofit_3_BW_retrofit_2,1.2,0.41,4.4,8.5,0.0185,13.20292208944845,retained_renamed_boiler_heating_energy_output,1,BLOCK BUILDINGBLOCK1 STOREY 0:Zone Mean Air Temperature [C](Daily),464.0,93.33,300,326,347,359,0,326,39
2100,144,SG_retrofit_1_Insul_current_TR_retrofit_3_BW_retrofit_3,1.2,0.41,6.5,8.5,0.017625000000000002,12.934877848972194,retained_renamed_boiler_heating_energy_output,1,BLOCK BUILDINGBLOCK1 STOREY 0:Zone Mean Air Temperature [C](Daily),485.0,105.66,300,327,349,359,0,327,38
2100,145,SG_retrofit_1_Insul_current_TR_retrofit_3_BW_retrofit_4,1.2,0.41,6.7,8.5,0.017625000000000002,12.795772841767022,retained_renamed_boiler_heating_energy_output,1,BLOCK BUILDINGBLOCK1 STOREY 0:Zone Mean Air Temperature [C](Daily),507.0,97.0,301,327,349,359,0,327,38
2100,146,SG_retrofit_1_Insul_current_TR_retrofit_4_BW_current,1.2,0.41,0.45,8.7,0.022000000000000002,16.60440719539748,retained_renamed_boiler_heating_energy_output,1,BLOCK BUILDINGBLOCK1 STOREY 0:Zone Mean Air Temperature [C](Daily),323.0,80.68,301,324,343,358,0,324,41
2100,147,SG_retrofit_1_Insul_current_TR_retrofit_4_BW_retrofit_1,1.2,0.41,4.2,8.7,0.020250000000000004,13.804521620842856,retained_renamed_boiler_heating_energy_output,1,BLOCK BUILDINGBLOCK1 STOREY 0:Zone Mean Air Temperature [C](Daily),505.0,90.03999999999999,300,326,347,359,0,326,39
2100,148,SG_retrofit_1_Insul_current_TR_retrofit_4_BW_retrofit_2,1.2,0.41,4.4,8.7,0.0185,13.26814892791817,retained_renamed_boiler_heating_energy_output,1,BLOCK BUILDINGBLOCK1 STOREY 0:Zone Mean Air Temperature [C](Daily),502.0,85.50999999999999,300,326,347,359,0,326,39
2100,149,SG_retrofit_1_Insul_current_TR_retrofit_4_BW_retrofit_3,1.2,0.41,6.5,8.7,0.017625000000000002,12.919952107282048,retained_renamed_boiler_heating_energy_output,1,BLOCK BUILDINGBLOCK1 STOREY 0:Zone Mean Air Temperature [C](Daily),523.0,97.84,300,327,349,359,0,327,38
2100,150,SG_retrofit_1_Insul_current_TR_retrofit_4_BW_retrofit_4,1.2,0.41,6.7,8.7,0.017625000000000002,12.8751932216312,retained_renamed_boiler_heating_energy_output,1,BLOCK BUILDINGBLOCK1 STOREY 0:Zone Mean Air Temperature [C](Daily),545.0,89.18,301,327,349,359,0,327,38
2100,151,SG_retrofit_1_Insul_retrofit_1_TR_current_BW_current,1.2,4.8,0.45,0.48,0.022500000000000003,17.993845795383454,retained_renamed_boiler_heating_energy_output,1,BLOCK BUILDINGBLOCK1 STOREY 0:Zone Mean Air Temperature [C](Daily),243.7,80.0,256,286,312,330,0,286,79
2100,152,SG_retrofit_1_Insul_retrofit_1_TR_current_BW_retrofit_1,1.2,4.8,4.2,0.48,0.020750000000000005,14.966787173417991,retained_renamed_boiler_heating_energy_output,1,BLOCK BUILDINGBLOCK1 STOREY 0:Zone Mean Air Temperature [C](Daily),425.7,89.36,249,278,305,324,0,278,87
2100,153,SG_retrofit_1_Insul_retrofit_1_TR_current_BW_retrofit_2,1.2,4.8,4.4,0.48,0.019000000000000003,14.461760066188422,retained_renamed_boiler_heating_energy_output,1,BLOCK BUILDINGBLOCK1 STOREY 0:Zone Mean Air Temperature [C](Daily),422.7,84.83,248,276,304,323,0,276,89
2100,154,SG_retrofit_1_Insul_retrofit_1_TR_current_BW_retrofit_3,1.2,4.8,6.5,0.48,0.018125000000000002,14.063789243487411,retained_renamed_boiler_heating_energy_output,1,BLOCK BUILDINGBLOCK1 STOREY 0:Zone Mean Air Temperature [C](Daily),443.7,97.16,247,275,302,322,0,275,90
2100,155,SG_retrofit_1_Insul_retrofit_1_TR_current_BW_retrofit_4,1.2,4.8,6.7,0.48,0.018125000000000002,14.008607637651314,retained_renamed_boiler_heating_energy_output,1,BLOCK BUILDINGBLOCK1 STOREY 0:Zone Mean Air Temperature [C](Daily),465.7,88.5,247,274,301,322,0,274,91
2100,156,SG_retrofit_1_Insul_retrofit_1_TR_retrofit_1_BW_current,1.2,4.8,0.45,4.5,0.022250000000000002,15.05964586350587,retained_renamed_boiler_heating_energy_output,1,BLOCK BUILDINGBLOCK1 STOREY 0:Zone Mean Air Temperature [C](Daily),333.2,103.28999999999999,259,286,312,332,0,286,79
2100,157,SG_retrofit_1_Insul_retrofit_1_TR_retrofit_1_BW_retrofit_1,1.2,4.8,4.2,4.5,0.020500000000000004,12.151822562209185,retained_renamed_boiler_heating_energy_output,1,BLOCK BUILDINGBLOCK1 STOREY 0:Zone Mean Air Temperature [C](Daily),515.2,112.65,250,279,307,324,0,279,86
2100,158,SG_retrofit_1_Insul_retrofit_1_TR_retrofit_1_BW_retrofit_2,1.2,4.8,4.4,4.5,0.018750000000000003,11.541781897796904,retained_renamed_boiler_heating_energy_output,1,BLOCK BUILDINGBLOCK1 STOREY 0:Zone Mean Air Temperature [C](Daily),512.2,108.12,248,279,306,324,0,279,86
2100,159,SG_retrofit_1_Insul_retrofit_1_TR_retrofit_1_BW_retrofit_3,1.2,4.8,6.5,4.5,0.017875000000000002,11.139336791057675,retained_renamed_boiler_heating_energy_output,1,BLOCK BUILDINGBLOCK1 STOREY 0:Zone Mean Air Temperature [C](Daily),533.2,120.44999999999999,248,277,305,324,0,277,88
2100,160,SG_retrofit_1_Insul_retrofit_1_TR_retrofit_1_BW_retrofit_4,1.2,4.8,6.7,4.5,0.017875000000000002,11.157199242233993,retained_renamed_boiler_heating_energy_output,1,BLOCK BUILDINGBLOCK1 STOREY 0:Zone Mean Air Temperature [C](Daily),555.2,111.78999999999999,248,276,305,324,0,276,89
2100,161,SG_retrofit_1_Insul_retrofit_1_TR_retrofit_2_BW_current,1.2,4.8,0.45,4.7,0.022000000000000002,15.016197645981597,retained_renamed_boiler_heating_energy_output,1,BLOCK BUILDINGBLOCK1 STOREY 0:Zone Mean Air Temperature [C](Daily),348.7,84.76,259,286,312,332,0,286,79
2100,162,SG_retrofit_1_Insul_retrofit_1_TR_retrofit_2_BW_retrofit_1,1.2,4.8,4.2,4.7,0.020250000000000004,12.000876719104355,retained_renamed_boiler_heating_energy_output,1,BLOCK BUILDINGBLOCK1 STOREY 0:Zone Mean Air Temperature [C](Daily),530.7,94.12,250,279,307,324,0,279,86
2100,163,SG_retrofit_1_Insul_retrofit_1_TR_retrofit_2_BW_retrofit_2,1.2,4.8,4.4,4.7,0.018500000000000003,11.530875835971923,retained_renamed_boiler_heating_energy_output,1,BLOCK BUILDINGBLOCK1 STOREY 0:Zone Mean Air Temperature [C](Daily),527.7,89.59,248,279,306,324,0,279,86
2100,164,SG_retrofit_1_Insul_retrofit_1_TR_retrofit_2_BW_retrofit_3,1.2,4.8,6.5,4.7,0.017625000000000002,11.166233505846838,retained_renamed_boiler_heating_energy_output,1,BLOCK BUILDINGBLOCK1 STOREY 0:Zone Mean Air Temperature [C](Daily),548.7,101.92,248,277,305,324,0,277,88
2100,165,SG_retrofit_1_Insul_retrofit_1_TR_retrofit_2_BW_retrofit_4,1.2,4.8,6.7,4.7,0.017625000000000002,11.059569496869488,retained_renamed_boiler_heating_energy_output,1,BLOCK BUILDINGBLOCK1 STOREY 0:Zone Mean Air Temperature [C](Daily),570.7,93.26,248,276,305,324,0,276,89
2100,166,SG_retrofit_1_Insul_retrofit_1_TR_retrofit_3_BW_current,1.2,4.8,0.45,8.5,0.021750000000000002,14.768589263670727,retained_renamed_boiler_heating_energy_output,1,BLOCK BUILDINGBLOCK1 STOREY 0:Zone Mean Air Temperature [C](Daily),344.7,98.5,259,286,312,332,0,286,79
2100,167,SG_retrofit_1_Insul_retrofit_1_TR_retrofit_3_BW_retrofit_1,1.2,4.8,4.2,8.5,0.020000000000000004,11.814173741114463,retained_renamed_boiler_heating_energy_output,1,BLOCK BUILDINGBLOCK1 STOREY 0:Zone Mean Air Temperature [C](Daily),526.7,107.86,250,279,307,324,0,279,86
2100,168,SG_retrofit_1_Insul_retrofit_1_TR_retrofit_3_BW_retrofit_2,1.2,4.8,4.4,8.5,0.01825,11.224194901011437,retained_renamed_boiler_heating_energy_output,1,BLOCK BUILDINGBLOCK1 STOREY 0:Zone Mean Air Temperature [C](Daily),523.7,103.33,248,279,306,324,0,279,86
2100,169,SG_retrofit_1_Insul_retrofit_1_TR_retrofit_3_BW_retrofit_3,1.2,4.8,6.5,8.5,0.017375,10.84443345336606,retained_renamed_boiler_heating_energy_output,1,BLOCK BUILDINGBLOCK1 STOREY 0:Zone Mean Air Temperature [C](Daily),544.7,115.66,248,277,305,324,0,277,88
2100,170,SG_retrofit_1_Insul_retrofit_1_TR_retrofit_3_BW_retrofit_4,1.2,4.8,6.7,8.5,0.017375,10.786817646523943,retained_renamed_boiler_heating_energy_output,1,BLOCK BUILDINGBLOCK1 STOREY 0:Zone Mean Air Temperature [C](Daily),566.7,107.0,248,276,305,324,0,276,89
2100,171,SG_retrofit_1_Insul_retrofit_1_TR_retrofit_4_BW_current,1.2,4.8,0.45,8.7,0.021750000000000002,14.70659031865171,retained_renamed_boiler_heating_energy_output,1,BLOCK BUILDINGBLOCK1 STOREY 0:Zone Mean Air Temperature [C](Daily),382.7,90.68,259,286,312,332,0,286,79
2100,172,SG_retrofit_1_Insul_retrofit_1_TR_retrofit_4_BW_retrofit_1,1.2,4.8,4.2,8.7,0.020000000000000004,11.812048342876446,retained_renamed_boiler_heating_energy_output,1,BLOCK BUILDINGBLOCK1 STOREY 0:Zone Mean Air Temperature [C](Daily),564.7,100.03999999999999,250,279,307,324,0,279,86
2100,173,SG_retrofit_1_Insul_retrofit_1_TR_retrofit_4_BW_retrofit_2,1.2,4.8,4.4,8.7,0.01825,11.120818662332022,retained_renamed_boiler_heating_energy_output,1,BLOCK BUILDINGBLOCK1 STOREY 0:Zone Mean Air Temperature [C](Daily),561.7,95.50999999999999,248,279,306,324,0,279,86
2100,174,SG_retrofit_1_Insul_retrofit_1_TR_retrofit_4_BW_retrofit_3,1.2,4.8,6.5,8.7,0.017375,10.796971758491754,retained_renamed_boiler_heating_energy_output,1,BLOCK BUILDINGBLOCK1 STOREY 0:Zone Mean Air Temperature [C](Daily),582.7,107.84,248,277,305,324,0,277,88
2100,175,SG_retrofit_1_Insul_retrofit_1_TR_retrofit_4_BW_retrofit_4,1.2,4.8,6.7,8.7,0.017375,10.755314682501288,retained_renamed_boiler_heating_energy_output,1,BLOCK BUILDINGBLOCK1 STOREY 0:Zone Mean Air Temperature [C](Daily),604.7,99.18,248,276,305,324,0,276,89
2100,176,SG_retrofit_1_Insul_retrofit_2_TR_current_BW_current,1.2,5.0,0.45,0.48,0.022250000000000002,17.806940062377418,retained_renamed_boiler_heating_energy_output,1,BLOCK BUILDINGBLOCK1 STOREY 0:Zone Mean Air Temperature [C](Daily),261.0,75.92,255,286,310,330,0,286,79
2100,177,SG_retrofit_1_Insul_retrofit_2_TR_current_BW_retrofit_1,1.2,5.0,4.2,0.48,0.020500000000000004,14.791742925066524,retained_renamed_boiler_heating_energy_output,1,BLOCK BUILDINGBLOCK1 STOREY 0:Zone Mean Air Temperature [C](Daily),443.0,85.28,248,275,302,323,0,275,90
2100,178,SG_retrofit_1_Insul_retrofit_2_TR_current_BW_retrofit_2,1.2,5.0,4.4,0.48,0.018750000000000003,14.39302353852808,retained_renamed_boiler_heating_energy_output,1,BLOCK BUILDINGBLOCK1 STOREY 0:Zone Mean Air Temperature [C](Daily),440.0,80.75,247,272,300,322,0,272,93
2100,179,SG_retrofit_1_Insul_retrofit_2_TR_current_BW_retrofit_3,1.2,5.0,6.5,0.48,0.017875000000000002,13.833598809606682,retained_renamed_boiler_heating_energy_output,1,BLOCK BUILDINGBLOCK1 STOREY 0:Zone Mean Air Temperature [C](Daily),461.0,93.08,247,271,300,322,0,271,94
2100,180,SG_retrofit_1_Insul_retrofit_2_TR_current_BW_retrofit_4,1.2,5.0,6.7,0.48,0.017875000000000002,13.754287424786781,retained_renamed_boiler_heating_energy_output,1,BLOCK BUILDINGBLOCK1 STOREY 0:Zone Mean Air Temperature [C](Daily),483.0,84.42,247,272,300,322,0,272,93
2100,181,SG_retrofit_1_Insul_retrofit_2_TR_retrofit_1_BW_current,1.2,5.0,0.45,4.5,0.022000000000000002,15.022598073892167,retained_renamed_boiler_heating_energy_output,1,BLOCK BUILDINGBLOCK1 STOREY 0:Zone Mean Air Temperature [C](Daily),350.5,99.21000000000001,255,286,311,331,0,286,79
2100,182,SG_retrofit_1_Insul_retrofit_2_TR_retrofit_1_BW_retrofit_1,1.2,5.0,4.2,4.5,0.020250000000000004,11.9441579961911,retained_renamed_boiler_heating_energy_output,1,BLOCK BUILDINGBLOCK1 STOREY 0:Zone Mean Air Temperature [C](Daily),532.5,108.57,248,278,306,323,0,278,87
2100,183,SG_retrofit_1_Insul_retrofit_2_TR_retrofit_1_BW_retrofit_2,1.2,5.0,4.4,4.5,0.018500000000000003,11.343090497261182,retained_renamed_boiler_heating_energy_output,1,BLOCK BUILDINGBLOCK1 STOREY 0:Zone Mean Air Temperature [C](Daily),529.5,104.03999999999999,247,276,303,322,0,276,89
2100,184,SG_retrofit_1_Insul_retrofit_2_TR_retrofit_1_BW_retrofit_3,1.2,5.0,6.5,4.5,0.017625000000000002,11.063090520109728,retained_renamed_boiler_heating_energy_output,1,BLOCK BUILDINGBLOCK1 STOREY 0:Zone Mean Air Temperature [C](Daily),550.5,116.37,247,274,301,322,0,274,91
2100,185,SG_retrofit_1_Insul_retrofit_2_TR_retrofit_1_BW_retrofit_4,1.2,5.0,6.7,4.5,0.017625000000000002,11.05190892162365,retained_renamed_boiler_heating_energy_output,1,BLOCK BUILDINGBLOCK1 STOREY 0:Zone Mean Air Temperature [C](Daily),572.5,107.71000000000001,247,274,301,321,0,274,91
2100,186,SG_retrofit_1_Insul_retrofit_2_TR_retrofit_2_BW_current,1.2,5.0,0.45,4.7,0.021750000000000005,14.841588748832283,retained_renamed_boiler_heating_energy_output,1,BLOCK BUILDINGBLOCK1 STOREY 0:Zone Mean Air Temperature [C](Daily),366.0,80.68,255,286,311,331,0,286,79
2100,187,SG_retrofit_1_Insul_retrofit_2_TR_retrofit_2_BW_retrofit_1,1.2,5.0,4.2,4.7,0.020000000000000004,11.823372436270216,retained_renamed_boiler_heating_energy_output,1,BLOCK BUILDINGBLOCK1 STOREY 0:Zone Mean Air Temperature [C](Daily),548.0,90.04,248,278,306,323,0,278,87
2100,188,SG_retrofit_1_Insul_retrofit_2_TR_retrofit_2_BW_retrofit_2,1.2,5.0,4.4,4.7,0.018250000000000002,11.29667191489644,retained_renamed_boiler_heating_energy_output,1,BLOCK BUILDINGBLOCK1 STOREY 0:Zone Mean Air Temperature [C](Daily),545.0,85.51,247,276,301,322,0,276,89
2100,189,SG_retrofit_1_Insul_retrofit_2_TR_retrofit_2_BW_retrofit_3,1.2,5.0,6.5,4.7,0.017375,10.947627391932766,retained_renamed_boiler_heating_energy_output,1,BLOCK BUILDINGBLOCK1 STOREY 0:Zone Mean Air Temperature [C](Daily),566.0,97.84,247,274,301,322,0,274,91
2100,190,SG_retrofit_1_Insul_retrofit_2_TR_retrofit_2_BW_retrofit_4,1.2,5.0,6.7,4.7,0.017375,10.948443973977337,retained_renamed_boiler_heating_energy_output,1,BLOCK BUILDINGBLOCK1 STOREY 0:Zone Mean Air Temperature [C](Daily),588.0,89.18,247,274,301,321,0,274,91
2100,191,SG_retrofit_1_Insul_retrofit_2_TR_retrofit_3_BW_current,1.2,5.0,0.45,8.5,0.021500000000000002,14.613806034810548,retained_renamed_boiler_heating_energy_output,1,BLOCK BUILDINGBLOCK1 STOREY 0:Zone Mean Air Temperature [C](Daily),362.0,94.42,255,286,311,332,0,286,79
2100,192,SG_retrofit_1_Insul_retrofit_2_TR_retrofit_3_BW_retrofit_1,1.2,5.0,4.2,8.5,0.019750000000000004,11.643682714589815,retained_renamed_boiler_heating_energy_output,1,BLOCK BUILDINGBLOCK1 STOREY 0:Zone Mean Air Temperature [C](Daily),544.0,103.78,248,278,306,323,0,278,87
2100,193,SG_retrofit_1_Insul_retrofit_2_TR_retrofit_3_BW_retrofit_2,1.2,5.0,4.4,8.5,0.018000000000000002,11.032876883880613,retained_renamed_boiler_heating_energy_output,1,BLOCK BUILDINGBLOCK1 STOREY 0:Zone Mean Air Temperature [C](Daily),541.0,99.25,247,276,303,322,0,276,89
2100,194,SG_retrofit_1_Insul_retrofit_2_TR_retrofit_3_BW_retrofit_3,1.2,5.0,6.5,8.5,0.017125,10.74359506224512,retained_renamed_boiler_heating_energy_output,1,BLOCK BUILDINGBLOCK1 STOREY 0:Zone Mean Air Temperature [C](Daily),562.0,111.58,247,275,301,322,0,275,90
2100,195,SG_retrofit_1_Insul_retrofit_2_TR_retrofit_3_BW_retrofit_4,1.2,5.0,6.7,8.5,0.017125,10.725879032040714,retained_renamed_boiler_heating_energy_output,1,BLOCK BUILDINGBLOCK1 STOREY 0:Zone Mean Air Temperature [C](Daily),584.0,102.92,247,275,301,321,0,275,90
2100,196,SG_retrofit_1_Insul_retrofit_2_TR_retrofit_4_BW_current,1.2,5.0,0.45,8.7,0.021500000000000002,14.656351278011234,retained_renamed_boiler_heating_energy_output,1,BLOCK BUILDINGBLOCK1 STOREY 0:Zone Mean Air Temperature [C](Daily),400.0,86.6,255,286,311,332,0,286,79
2100,197,SG_retrofit_1_Insul_retrofit_2_TR_retrofit_4_BW_retrofit_1,1.2,5.0,4.2,8.7,0.019750000000000004,11.649978930343933,retained_renamed_boiler_heating_energy_output,1,BLOCK BUILDINGBLOCK1 STOREY 0:Zone Mean Air Temperature [C](Daily),582.0,95.96000000000001,248,278,306,323,0,278,87
2100,198,SG_retrofit_1_Insul_retrofit_2_TR_retrofit_4_BW_retrofit_2,1.2,5.0,4.4,8.7,0.018000000000000002,11.066676582569153,retained_renamed_boiler_heating_energy_output,1,BLOCK BUILDINGBLOCK1 STOREY 0:Zone Mean Air Temperature [C](Daily),579.0,91.43,247,276,303,322,0,276,89
2100,199,SG_retrofit_1_Insul_retrofit_2_TR_retrofit_4_BW_retrofit_3,1.2,5.0,6.5,8.7,0.017125,10.666439061848578,retained_renamed_boiler_heating_energy_output,1,BLOCK BUILDINGBLOCK1 STOREY 0:Zone Mean Air Temperature [C](Daily),600.0,103.75999999999999,247,275,301,322,0,275,90
2100,200,SG_retrofit_1_Insul_retrofit_2_TR_retrofit_4_BW_retrofit_4,1.2,5.0,6.7,8.7,0.017125,10.675658016048363,retained_renamed_boiler_heating_energy_output,1,BLOCK BUILDINGBLOCK1 STOREY 0:Zone Mean Air Temperature [C](Daily),622.0,95.1,247,275,301,321,0,275,90
2100,201,SG_retrofit_1_Insul_retrofit_3_TR_current_BW_current,1.2,5.5,0.45,0.48,0.022000000000000002,17.781684887881973,retained_renamed_boiler_heating_energy_output,1,BLOCK BUILDINGBLOCK1 STOREY 0:Zone Mean Air Temperature [C](Daily),271.9,81.0,255,285,310,329,0,285,80
2100,202,SG_retrofit_1_Insul_retrofit_3_TR_current_BW_retrofit_1,1.2,5.5,4.2,0.48,0.020250000000000004,14.57188750963521,retained_renamed_boiler_heating_energy_output,1,BLOCK BUILDINGBLOCK1 STOREY 0:Zone Mean Air Temperature [C](Daily),453.9,90.36,247,272,301,322,0,272,93
2100,203,SG_retrofit_1_Insul_retrofit_3_TR_current_BW_retrofit_2,1.2,5.5,4.4,0.48,0.0185,14.064845853898474,retained_renamed_boiler_heating_energy_output,1,BLOCK BUILDINGBLOCK1 STOREY 0:Zone Mean Air Temperature [C](Daily),450.9,85.83,247,271,300,322,0,271,94
2100,204,SG_retrofit_1_Insul_retrofit_3_TR_current_BW_retrofit_3,1.2,5.5,6.5,0.48,0.017625000000000002,13.750731128595492,retained_renamed_boiler_heating_energy_output,1,BLOCK BUILDINGBLOCK1 STOREY 0:Zone Mean Air Temperature [C](Daily),471.9,98.16,247,270,300,321,0,270,95
2100,205,SG_retrofit_1_Insul_retrofit_3_TR_current_BW_retrofit_4,1.2,5.5,6.7,0.48,0.017625000000000002,13.718321981455077,retained_renamed_boiler_heating_energy_output,1,BLOCK BUILDINGBLOCK1 STOREY 0:Zone Mean Air Temperature [C](Daily),493.9,89.5,247,270,300,321,0,270,95
2100,206,SG_retrofit_1_Insul_retrofit_3_TR_retrofit_1_BW_current,1.2,5.5,0.45,4.5,0.021750000000000002,14.877924111186433,retained_renamed_boiler_heating_energy_output,1,BLOCK BUILDINGBLOCK1 STOREY 0:Zone Mean Air Temperature [C](Daily),361.4,104.28999999999999,255,285,311,331,0,285,80
2100,207,SG_retrofit_1_Insul_retrofit_3_TR_retrofit_1_BW_retrofit_1,1.2,5.5,4.2,4.5,0.020000000000000004,11.877666991548995,retained_renamed_boiler_heating_energy_output,1,BLOCK BUILDINGBLOCK1 STOREY 0:Zone Mean Air Temperature [C](Daily),543.4,113.65,247,276,302,322,0,276,89
2100,208,SG_retrofit_1_Insul_retrofit_3_TR_retrofit_1_BW_retrofit_2,1.2,5.5,4.4,4.5,0.01825,11.410166288020553,retained_renamed_boiler_heating_energy_output,1,BLOCK BUILDINGBLOCK1 STOREY 0:Zone Mean Air Temperature [C](Daily),540.4,109.12,247,273,301,322,0,273,92
2100,209,SG_retrofit_1_Insul_retrofit_3_TR_retrofit_1_BW_retrofit_3,1.2,5.5,6.5,4.5,0.017375,10.953517832700737,retained_renamed_boiler_heating_energy_output,1,BLOCK BUILDINGBLOCK1 STOREY 0:Zone Mean Air Temperature [C](Daily),561.4,121.44999999999999,246,273,300,321,0,273,92
2100,210,SG_retrofit_1_Insul_retrofit_3_TR_retrofit_1_BW_retrofit_4,1.2,5.5,6.7,4.5,0.017375,10.968812288205868,retained_renamed_boiler_heating_energy_output,1,BLOCK BUILDINGBLOCK1 STOREY 0:Zone Mean Air Temperature [C](Daily),583.4,112.78999999999999,246,274,300,321,0,274,91
2100,211,SG_retrofit_1_Insul_retrofit_3_TR_retrofit_2_BW_current,1.2,5.5,0.45,4.7,0.021500000000000002,14.754062242418666,retained_renamed_boiler_heating_energy_output,1,BLOCK BUILDINGBLOCK1 STOREY 0:Zone Mean Air Temperature [C](Daily),376.9,85.76,255,285,311,331,0,285,80
2100,212,SG_retrofit_1_Insul_retrofit_3_TR_retrofit_2_BW_retrofit_1,1.2,5.5,4.2,4.7,0.019750000000000004,11.793312898952268,retained_renamed_boiler_heating_energy_output,1,BLOCK BUILDINGBLOCK1 STOREY 0:Zone Mean Air Temperature [C](Daily),558.9,95.12,247,276,302,322,0,276,89
2100,213,SG_retrofit_1_Insul_retrofit_3_TR_retrofit_2_BW_retrofit_2,1.2,5.5,4.4,4.7,0.018000000000000002,11.28926909143084,retained_renamed_boiler_heating_energy_output,1,BLOCK BUILDINGBLOCK1 STOREY 0:Zone Mean Air Temperature [C](Daily),555.9,90.59,247,273,301,322,0,273,92
2100,214,SG_retrofit_1_Insul_retrofit_3_TR_retrofit_2_BW_retrofit_3,1.2,5.5,6.5,4.7,0.017125,10.829859050507128,retained_renamed_boiler_heating_energy_output,1,BLOCK BUILDINGBLOCK1 STOREY 0:Zone Mean Air Temperature [C](Daily),576.9,102.92,246,273,300,321,0,273,92
2100,215,SG_retrofit_1_Insul_retrofit_3_TR_retrofit_2_BW_retrofit_4,1.2,5.5,6.7,4.7,0.017125,10.857604571043963,retained_renamed_boiler_heating_energy_output,1,BLOCK BUILDINGBLOCK1 STOREY 0:Zone Mean Air Temperature [C](Daily),598.9,94.26,246,273,300,321,0,273,92
2100,216,SG_retrofit_1_Insul_retrofit_3_TR_retrofit_3_BW_current,1.2,5.5,0.45,8.5,0.02125,14.477449700148549,retained_renamed_boiler_heating_energy_output,1,BLOCK BUILDINGBLOCK1 STOREY 0:Zone Mean Air Temperature [C](Daily),372.9,99.5,255,285,311,331,0,285,80
2100,217,SG_retrofit_1_Insul_retrofit_3_TR_retrofit_3_BW_retrofit_1,1.2,5.5,4.2,8.5,0.019500000000000003,11.4872436929724,retained_renamed_boiler_heating_energy_output,1,BLOCK BUILDINGBLOCK1 STOREY 0:Zone Mean Air Temperature [C](Daily),554.9,108.86,247,276,302,322,0,276,89
2100,218,SG_retrofit_1_Insul_retrofit_3_TR_retrofit_3_BW_retrofit_2,1.2,5.5,4.4,8.5,0.01775,10.9174355501637,retained_renamed_boiler_heating_energy_output,1,BLOCK BUILDINGBLOCK1 STOREY 0:Zone Mean Air Temperature [C](Daily),551.9,104.33,247,274,301,322,0,274,91
2100,219,SG_retrofit_1_Insul_retrofit_3_TR_retrofit_3_BW_retrofit_3,1.2,5.5,6.5,8.5,0.016875,10.57315245294997,retained_renamed_boiler_heating_energy_output,1,BLOCK BUILDINGBLOCK1 STOREY 0:Zone Mean Air Temperature [C](Daily),572.9,116.66,246,273,300,321,0,273,92
2100,220,SG_retrofit_1_Insul_retrofit_3_TR_retrofit_3_BW_retrofit_4,1.2,5.5,6.7,8.5,0.016875,10.55511585122163,retained_renamed_boiler_heating_energy_output,1,BLOCK BUILDINGBLOCK1 STOREY 0:Zone Mean Air Temperature [C](Daily),594.9,108.0,246,273,300,321,0,273,92
2100,221,SG_retrofit_1_Insul_retrofit_3_TR_retrofit_4_BW_current,1.2,5.5,0.45,8.7,0.02125,14.510094031672997,retained_renamed_boiler_heating_energy_output,1,BLOCK BUILDINGBLOCK1 STOREY 0:Zone Mean Air Temperature [C](Daily),410.9,91.68,255,285,311,331,0,285,80
2100,222,SG_retrofit_1_Insul_retrofit_3_TR_retrofit_4_BW_retrofit_1,1.2,5.5,4.2,8.7,0.019500000000000003,11.51079047675917,retained_renamed_boiler_heating_energy_output,1,BLOCK BUILDINGBLOCK1 STOREY 0:Zone Mean Air Temperature [C](Daily),592.9,101.03999999999999,247,276,303,322,0,276,89
2100,223,SG_retrofit_1_Insul_retrofit_3_TR_retrofit_4_BW_retrofit_2,1.2,5.5,4.4,8.7,0.01775,11.096961131217903,retained_renamed_boiler_heating_energy_output,1,BLOCK BUILDINGBLOCK1 STOREY 0:Zone Mean Air Temperature [C](Daily),589.9,96.50999999999999,247,274,301,322,0,274,91
2100,224,SG_retrofit_1_Insul_retrofit_3_TR_retrofit_4_BW_retrofit_3,1.2,5.5,6.5,8.7,0.016875,10.520299507419574,retained_renamed_boiler_heating_energy_output,1,BLOCK BUILDINGBLOCK1 STOREY 0:Zone Mean Air Temperature [C](Daily),610.9,108.84,246,273,300,321,0,273,92
2100,225,SG_retrofit_1_Insul_retrofit_3_TR_retrofit_4_BW_retrofit_4,1.2,5.5,6.7,8.7,0.016875,10.526321951614884,retained_renamed_boiler_heating_energy_output,1,BLOCK BUILDINGBLOCK1 STOREY 0:Zone Mean Air Temperature [C](Daily),632.9,100.18,246,273,300,321,0,273,92
2100,226,SG_retrofit_1_Insul_retrofit_4_TR_current_BW_current,1.2,5.6,0.45,0.48,0.022000000000000002,17.67554380489544,retained_renamed_boiler_heating_energy_output,1,BLOCK BUILDINGBLOCK1 STOREY 0:Zone Mean Air Temperature [C](Daily),292.0,77.0,255,285,310,330,0,285,80
2100,227,SG_retrofit_1_Insul_retrofit_4_TR_current_BW_retrofit_1,1.2,5.6,4.2,0.48,0.020250000000000004,14.715954325467816,retained_renamed_boiler_heating_energy_output,1,BLOCK BUILDINGBLOCK1 STOREY 0:Zone Mean Air Temperature [C](Daily),474.0,86.36,247,272,300,322,0,272,93
2100,228,SG_retrofit_1_Insul_retrofit_4_TR_current_BW_retrofit_2,1.2,5.6,4.4,0.48,0.0185,14.032154618341385,retained_renamed_boiler_heating_energy_output,1,BLOCK BUILDINGBLOCK1 STOREY 0:Zone Mean Air Temperature [C](Daily),471.0,81.83,247,271,300,322,0,271,94
2100,229,SG_retrofit_1_Insul_retrofit_4_TR_current_BW_retrofit_3,1.2,5.6,6.5,0.48,0.017625000000000002,13.710806502254417,retained_renamed_boiler_heating_energy_output,1,BLOCK BUILDINGBLOCK1 STOREY 0:Zone Mean Air Temperature [C](Daily),492.0,94.16,247,270,300,321,0,270,95
2100,230,SG_retrofit_1_Insul_retrofit_4_TR_current_BW_retrofit_4,1.2,5.6,6.7,0.48,0.017625000000000002,13.657296840794167,retained_renamed_boiler_heating_energy_output,1,BLOCK BUILDINGBLOCK1 STOREY 0:Zone Mean Air Temperature [C](Daily),514.0,85.5,247,270,300,321,0,270,95
2100,231,SG_retrofit_1_Insul_retrofit_4_TR_retrofit_1_BW_current,1.2,5.6,0.45,4.5,0.021750000000000002,14.752924233470946,retained_renamed_boiler_heating_energy_output,1,BLOCK BUILDINGBLOCK1 STOREY 0:Zone Mean Air Temperature [C](Daily),381.5,100.28999999999999,255,285,311,331,0,285,80
2100,232,SG_retrofit_1_Insul_retrofit_4_TR_retrofit_1_BW_retrofit_1,1.2,5.6,4.2,4.5,0.020000000000000004,11.904625881096386,retained_renamed_boiler_heating_energy_output,1,BLOCK BUILDINGBLOCK1 STOREY 0:Zone Mean Air Temperature [C](Daily),563.5,109.65,247,276,303,322,0,276,89
2100,233,SG_retrofit_1_Insul_retrofit_4_TR_retrofit_1_BW_retrofit_2,1.2,5.6,4.4,4.5,0.01825,11.273723956447718,retained_renamed_boiler_heating_energy_output,1,BLOCK BUILDINGBLOCK1 STOREY 0:Zone Mean Air Temperature [C](Daily),560.5,105.12,247,274,300,322,0,274,91
2100,234,SG_retrofit_1_Insul_retrofit_4_TR_retrofit_1_BW_retrofit_3,1.2,5.6,6.5,4.5,0.017375,10.937174067707183,retained_renamed_boiler_heating_energy_output,1,BLOCK BUILDINGBLOCK1 STOREY 0:Zone Mean Air Temperature [C](Daily),581.5,117.44999999999999,246,274,300,321,0,274,91
2100,235,SG_retrofit_1_Insul_retrofit_4_TR_retrofit_1_BW_retrofit_4,1.2,5.6,6.7,4.5,0.017375,10.873078266079908,retained_renamed_boiler_heating_energy_output,1,BLOCK BUILDINGBLOCK1 STOREY 0:Zone Mean Air Temperature [C](Daily),603.5,108.78999999999999,246,274,300,321,0,274,91
2100,236,SG_retrofit_1_Insul_retrofit_4_TR_retrofit_2_BW_current,1.2,5.6,0.45,4.7,0.021500000000000002,14.811398871185602,retained_renamed_boiler_heating_energy_output,1,BLOCK BUILDINGBLOCK1 STOREY 0:Zone Mean Air Temperature [C](Daily),397.0,81.76,255,285,311,331,0,285,80
2100,237,SG_retrofit_1_Insul_retrofit_4_TR_retrofit_2_BW_retrofit_1,1.2,5.6,4.2,4.7,0.019750000000000004,11.72187581966117,retained_renamed_boiler_heating_energy_output,1,BLOCK BUILDINGBLOCK1 STOREY 0:Zone Mean Air Temperature [C](Daily),579.0,91.12,247,275,303,322,0,275,90
2100,238,SG_retrofit_1_Insul_retrofit_4_TR_retrofit_2_BW_retrofit_2,1.2,5.6,4.4,4.7,0.018000000000000002,11.17848573496886,retained_renamed_boiler_heating_energy_output,1,BLOCK BUILDINGBLOCK1 STOREY 0:Zone Mean Air Temperature [C](Daily),576.0,86.59,247,274,300,322,0,274,91
2100,239,SG_retrofit_1_Insul_retrofit_4_TR_retrofit_2_BW_retrofit_3,1.2,5.6,6.5,4.7,0.017125,10.77140162031618,retained_renamed_boiler_heating_energy_output,1,BLOCK BUILDINGBLOCK1 STOREY 0:Zone Mean Air Temperature [C](Daily),597.0,98.92,246,274,300,321,0,274,91
2100,240,SG_retrofit_1_Insul_retrofit_4_TR_retrofit_2_BW_retrofit_4,1.2,5.6,6.7,4.7,0.017125,10.852003687301917,retained_renamed_boiler_heating_energy_output,1,BLOCK BUILDINGBLOCK1 STOREY 0:Zone Mean Air Temperature [C](Daily),619.0,90.26,246,273,300,321,0,273,92
2100,241,SG_retrofit_1_Insul_retrofit_4_TR_retrofit_3_BW_current,1.2,5.6,0.45,8.5,0.02125,14.528120619320884,retained_renamed_boiler_heating_energy_output,1,BLOCK BUILDINGBLOCK1 STOREY 0:Zone Mean Air Temperature [C](Daily),393.0,95.5,255,285,311,331,0,285,80
2100,242,SG_retrofit_1_Insul_retrofit_4_TR_retrofit_3_BW_retrofit_1,1.2,5.6,4.2,8.5,0.019500000000000003,11.505680560111681,retained_renamed_boiler_heating_energy_output,1,BLOCK BUILDINGBLOCK1 STOREY 0:Zone Mean Air Temperature [C](Daily),575.0,104.86,247,275,303,322,0,275,90
2100,243,SG_retrofit_1_Insul_retrofit_4_TR_retrofit_3_BW_retrofit_2,1.2,5.6,4.4,8.5,0.01775,10.953348767366391,retained_renamed_boiler_heating_energy_output,1,BLOCK BUILDINGBLOCK1 STOREY 0:Zone Mean Air Temperature [C](Daily),572.0,100.33,247,274,300,322,0,274,91
2100,244,SG_retrofit_1_Insul_retrofit_4_TR_retrofit_3_BW_retrofit_3,1.2,5.6,6.5,8.5,0.016875,10.601286453792143,retained_renamed_boiler_heating_energy_output,1,BLOCK BUILDINGBLOCK1 STOREY 0:Zone Mean Air Temperature [C](Daily),593.0,112.66,246,273,300,321,0,273,92
2100,245,SG_retrofit_1_Insul_retrofit_4_TR_retrofit_3_BW_retrofit_4,1.2,5.6,6.7,8.5,0.016875,10.624865157443754,retained_renamed_boiler_heating_energy_output,1,BLOCK BUILDINGBLOCK1 STOREY 0:Zone Mean Air Temperature [C](Daily),615.0,104.0,246,273,300,321,0,273,92
2100,246,SG_retrofit_1_Insul_retrofit_4_TR_retrofit_4_BW_current,1.2,5.6,0.45,8.7,0.02125,14.492172579869198,retained_renamed_boiler_heating_energy_output,1,BLOCK BUILDINGBLOCK1 STOREY 0:Zone Mean Air Temperature [C](Daily),431.0,87.68,255,285,311,331,0,285,80
2100,247,SG_retrofit_1_Insul_retrofit_4_TR_retrofit_4_BW_retrofit_1,1.2,5.6,4.2,8.7,0.019500000000000003,11.519182183939344,retained_renamed_boiler_heating_energy_output,1,BLOCK BUILDINGBLOCK1 STOREY 0:Zone Mean Air Temperature [C](Daily),613.0,97.03999999999999,247,275,303,322,0,275,90
2100,248,SG_retrofit_1_Insul_retrofit_4_TR_retrofit_4_BW_retrofit_2,1.2,5.6,4.4,8.7,0.01775,10.99805715625465,retained_renamed_boiler_heating_energy_output,1,BLOCK BUILDINGBLOCK1 STOREY 0:Zone Mean Air Temperature [C](Daily),610.0,92.50999999999999,247,274,300,322,0,274,91
2100,249,SG_retrofit_1_Insul_retrofit_4_TR_retrofit_4_BW_retrofit_3,1.2,5.6,6.5,8.7,0.016875,10.592121702017167,retained_renamed_boiler_heating_energy_output,1,BLOCK BUILDINGBLOCK1 STOREY 0:Zone Mean Air Temperature [C](Daily),631.0,104.84,246,273,300,321,0,273,92
2100,250,SG_retrofit_1_Insul_retrofit_4_TR_retrofit_4_BW_retrofit_4,1.2,5.6,6.7,8.7,0.016875,10.520387907427587,retained_renamed_boiler_heating_energy_output,1,BLOCK BUILDINGBLOCK1 STOREY 0:Zone Mean Air Temperature [C](Daily),653.0,96.18,246,273,300,321,0,273,92
2100,251,SG_retrofit_2_Insul_current_TR_current_BW_current,1.21,0.41,0.45,0.48,0.021625000000000002,19.45456759551923,retained_renamed_boiler_heating_energy_output,1,BLOCK BUILDINGBLOCK1 STOREY 0:Zone Mean Air Temperature [C](Daily),485.0,50.0,300,323,343,358,0,323,42
2100,252,SG_retrofit_2_Insul_current_TR_current_BW_retrofit_1,1.21,0.41,4.2,0.48,0.019875,16.760862862354927,retained_renamed_boiler_heating_energy_output,1,BLOCK BUILDINGBLOCK1 STOREY 0:Zone Mean Air Temperature [C](Daily),667.0,59.36,299,323,347,358,0,323,42
2100,253,SG_retrofit_2_Insul_current_TR_current_BW_retrofit_2,1.21,0.41,4.4,0.48,0.018125,16.155398691918034,retained_renamed_boiler_heating_energy_output,1,BLOCK BUILDINGBLOCK1 STOREY 0:Zone Mean Air Temperature [C](Daily),664.0,54.83,299,323,347,359,0,323,42
2100,254,SG_retrofit_2_Insul_current_TR_current_BW_retrofit_3,1.21,0.41,6.5,0.48,0.017249999999999998,15.782766691746735,retained_renamed_boiler_heating_energy_output,1,BLOCK BUILDINGBLOCK1 STOREY 0:Zone Mean Air Temperature [C](Daily),685.0,67.16,299,323,348,359,0,323,42
2100,255,SG_retrofit_2_Insul_current_TR_current_BW_retrofit_4,1.21,0.41,6.7,0.48,0.017249999999999998,15.902359523906833,retained_renamed_boiler_heating_energy_output,1,BLOCK BUILDINGBLOCK1 STOREY 0:Zone Mean Air Temperature [C](Daily),707.0,58.5,299,323,348,359,0,323,42
2100,256,SG_retrofit_2_Insul_current_TR_retrofit_1_BW_current,1.21,0.41,0.45,4.5,0.021375,16.831258244055114,retained_renamed_boiler_heating_energy_output,1,BLOCK BUILDINGBLOCK1 STOREY 0:Zone Mean Air Temperature [C](Daily),574.5,73.28999999999999,301,324,343,358,0,324,41
2100,257,SG_retrofit_2_Insul_current_TR_retrofit_1_BW_retrofit_1,1.21,0.41,4.2,4.5,0.019625000000000004,13.935292568046753,retained_renamed_boiler_heating_energy_output,1,BLOCK BUILDINGBLOCK1 STOREY 0:Zone Mean Air Temperature [C](Daily),756.5,82.65,300,326,347,359,0,326,39
2100,258,SG_retrofit_2_Insul_current_TR_retrofit_1_BW_retrofit_2,1.21,0.41,4.4,4.5,0.017875,13.312248356248524,retained_renamed_boiler_heating_energy_output,1,BLOCK BUILDINGBLOCK1 STOREY 0:Zone Mean Air Temperature [C](Daily),753.5,78.12,300,326,347,359,0,326,39
2100,259,SG_retrofit_2_Insul_current_TR_retrofit_1_BW_retrofit_3,1.21,0.41,6.5,4.5,0.017,12.90914308460519,retained_renamed_boiler_heating_energy_output,1,BLOCK BUILDINGBLOCK1 STOREY 0:Zone Mean Air Temperature [C](Daily),774.5,90.44999999999999,301,326,349,359,0,326,39
2100,260,SG_retrofit_2_Insul_current_TR_retrofit_1_BW_retrofit_4,1.21,0.41,6.7,4.5,0.017,12.898862395496767,retained_renamed_boiler_heating_energy_output,1,BLOCK BUILDINGBLOCK1 STOREY 0:Zone Mean Air Temperature [C](Daily),796.5,81.78999999999999,301,326,349,359,0,326,39
2100,261,SG_retrofit_2_Insul_current_TR_retrofit_2_BW_current,1.21,0.41,0.45,4.7,0.021125,16.631367295491643,retained_renamed_boiler_heating_energy_output,1,BLOCK BUILDINGBLOCK1 STOREY 0:Zone Mean Air Temperature [C](Daily),590.0,54.76,301,324,343,358,0,324,41
2100,262,SG_retrofit_2_Insul_current_TR_retrofit_2_BW_retrofit_1,1.21,0.41,4.2,4.7,0.019375000000000003,13.768186992366273,retained_renamed_boiler_heating_energy_output,1,BLOCK BUILDINGBLOCK1 STOREY 0:Zone Mean Air Temperature [C](Daily),772.0,64.12,300,326,347,359,0,326,39
2100,263,SG_retrofit_2_Insul_current_TR_retrofit_2_BW_retrofit_2,1.21,0.41,4.4,4.7,0.017625000000000002,13.222058614528493,retained_renamed_boiler_heating_energy_output,1,BLOCK BUILDINGBLOCK1 STOREY 0:Zone Mean Air Temperature [C](Daily),769.0,59.589999999999996,300,327,347,359,0,327,38
2100,264,SG_retrofit_2_Insul_current_TR_retrofit_2_BW_retrofit_3,1.21,0.41,6.5,4.7,0.01675,12.789572005045395,retained_renamed_boiler_heating_energy_output,1,BLOCK BUILDINGBLOCK1 STOREY 0:Zone Mean Air Temperature [C](Daily),790.0,71.92,301,326,349,359,0,326,39
2100,265,SG_retrofit_2_Insul_current_TR_retrofit_2_BW_retrofit_4,1.21,0.41,6.7,4.7,0.01675,12.787626455536936,retained_renamed_boiler_heating_energy_output,1,BLOCK BUILDINGBLOCK1 STOREY 0:Zone Mean Air Temperature [C](Daily),812.0,63.26,300,327,349,359,0,327,38
2100,266,SG_retrofit_2_Insul_current_TR_retrofit_3_BW_current,1.21,0.41,0.45,8.5,0.020875,16.181754602242478,retained_renamed_boiler_heating_energy_output,1,BLOCK BUILDINGBLOCK1 STOREY 0:Zone Mean Air Temperature [C](Daily),586.0,68.5,301,324,343,358,0,324,41
2100,267,SG_retrofit_2_Insul_current_TR_retrofit_3_BW_retrofit_1,1.21,0.41,4.2,8.5,0.019125000000000003,13.395110486968246,retained_renamed_boiler_heating_energy_output,1,BLOCK BUILDINGBLOCK1 STOREY 0:Zone Mean Air Temperature [C](Daily),768.0,77.86,300,326,347,359,0,326,39
2100,268,SG_retrofit_2_Insul_current_TR_retrofit_3_BW_retrofit_2,1.21,0.41,4.4,8.5,0.017374999999999998,12.858581418352768,retained_renamed_boiler_heating_energy_output,1,BLOCK BUILDINGBLOCK1 STOREY 0:Zone Mean Air Temperature [C](Daily),765.0,73.33,301,327,348,359,0,327,38
2100,269,SG_retrofit_2_Insul_current_TR_retrofit_3_BW_retrofit_3,1.21,0.41,6.5,8.5,0.0165,12.566684708297089,retained_renamed_boiler_heating_energy_output,1,BLOCK BUILDINGBLOCK1 STOREY 0:Zone Mean Air Temperature [C](Daily),786.0,85.66,301,329,349,359,0,329,36
2100,270,SG_retrofit_2_Insul_current_TR_retrofit_3_BW_retrofit_4,1.21,0.41,6.7,8.5,0.0165,12.446824816627991,retained_renamed_boiler_heating_energy_output,1,BLOCK BUILDINGBLOCK1 STOREY 0:Zone Mean Air Temperature [C](Daily),808.0,77.0,301,328,349,359,0,328,37
2100,271,SG_retrofit_2_Insul_current_TR_retrofit_4_BW_current,1.21,0.41,0.45,8.7,0.020875,16.40555465770415,retained_renamed_boiler_heating_energy_output,1,BLOCK BUILDINGBLOCK1 STOREY 0:Zone Mean Air Temperature [C](Daily),624.0,60.68,301,324,343,358,0,324,41
2100,272,SG_retrofit_2_Insul_current_TR_retrofit_4_BW_retrofit_1,1.21,0.41,4.2,8.7,0.019125000000000003,13.448673195208631,retained_renamed_boiler_heating_energy_output,1,BLOCK BUILDINGBLOCK1 STOREY 0:Zone Mean Air Temperature [C](Daily),806.0,70.03999999999999,300,326,347,359,0,326,39
2100,273,SG_retrofit_2_Insul_current_TR_retrofit_4_BW_retrofit_2,1.21,0.41,4.4,8.7,0.017374999999999998,12.835188152387852,retained_renamed_boiler_heating_energy_output,1,BLOCK BUILDINGBLOCK1 STOREY 0:Zone Mean Air Temperature [C](Daily),803.0,65.50999999999999,301,327,348,359,0,327,38
2100,274,SG_retrofit_2_Insul_current_TR_retrofit_4_BW_retrofit_3,1.21,0.41,6.5,8.7,0.0165,12.56408930504091,retained_renamed_boiler_heating_energy_output,1,BLOCK BUILDINGBLOCK1 STOREY 0:Zone Mean Air Temperature [C](Daily),824.0,77.84,301,329,349,359,0,329,36
2100,275,SG_retrofit_2_Insul_current_TR_retrofit_4_BW_retrofit_4,1.21,0.41,6.7,8.7,0.0165,12.596005324944523,retained_renamed_boiler_heating_energy_output,1,BLOCK BUILDINGBLOCK1 STOREY 0:Zone Mean Air Temperature [C](Daily),846.0,69.18,301,327,349,359,0,327,38
2100,276,SG_retrofit_2_Insul_retrofit_1_TR_current_BW_current,1.21,4.8,0.45,0.48,0.021375,17.597368770529762,retained_renamed_boiler_heating_energy_output,1,BLOCK BUILDINGBLOCK1 STOREY 0:Zone Mean Air Temperature [C](Daily),544.7,60.0,256,286,312,330,0,286,79
2100,277,SG_retrofit_2_Insul_retrofit_1_TR_current_BW_retrofit_1,1.21,4.8,4.2,0.48,0.019625000000000004,14.639272872403213,retained_renamed_boiler_heating_energy_output,1,BLOCK BUILDINGBLOCK1 STOREY 0:Zone Mean Air Temperature [C](Daily),726.7,69.36,248,277,305,323,0,277,88
2100,278,SG_retrofit_2_Insul_retrofit_1_TR_current_BW_retrofit_2,1.21,4.8,4.4,0.48,0.017875,14.157042898775318,retained_renamed_boiler_heating_energy_output,1,BLOCK BUILDINGBLOCK1 STOREY 0:Zone Mean Air Temperature [C](Daily),723.7,64.83,247,275,302,323,0,275,90
2100,279,SG_retrofit_2_Insul_retrofit_1_TR_current_BW_retrofit_3,1.21,4.8,6.5,0.48,0.017,13.69865099883263,retained_renamed_boiler_heating_energy_output,1,BLOCK BUILDINGBLOCK1 STOREY 0:Zone Mean Air Temperature [C](Daily),744.7,77.16,247,274,300,322,0,274,91
2100,280,SG_retrofit_2_Insul_retrofit_1_TR_current_BW_retrofit_4,1.21,4.8,6.7,0.48,0.017,13.656588701945823,retained_renamed_boiler_heating_energy_output,1,BLOCK BUILDINGBLOCK1 STOREY 0:Zone Mean Air Temperature [C](Daily),766.7,68.5,247,274,300,322,0,274,91
2100,281,SG_retrofit_2_Insul_retrofit_1_TR_retrofit_1_BW_current,1.21,4.8,0.45,4.5,0.021125,14.761994636861772,retained_renamed_boiler_heating_energy_output,1,BLOCK BUILDINGBLOCK1 STOREY 0:Zone Mean Air Temperature [C](Daily),634.2,83.28999999999999,257,286,312,332,0,286,79
2100,282,SG_retrofit_2_Insul_retrofit_1_TR_retrofit_1_BW_retrofit_1,1.21,4.8,4.2,4.5,0.019375000000000003,11.759433868566356,retained_renamed_boiler_heating_energy_output,1,BLOCK BUILDINGBLOCK1 STOREY 0:Zone Mean Air Temperature [C](Daily),816.2,92.65,250,279,306,324,0,279,86
2100,283,SG_retrofit_2_Insul_retrofit_1_TR_retrofit_1_BW_retrofit_2,1.21,4.8,4.4,4.5,0.017625000000000002,11.259759368437166,retained_renamed_boiler_heating_energy_output,1,BLOCK BUILDINGBLOCK1 STOREY 0:Zone Mean Air Temperature [C](Daily),813.2,88.12,248,278,306,323,0,278,87
2100,284,SG_retrofit_2_Insul_retrofit_1_TR_retrofit_1_BW_retrofit_3,1.21,4.8,6.5,4.5,0.01675,10.875958745790813,retained_renamed_boiler_heating_energy_output,1,BLOCK BUILDINGBLOCK1 STOREY 0:Zone Mean Air Temperature [C](Daily),834.2,100.44999999999999,248,276,305,323,0,276,89
2100,285,SG_retrofit_2_Insul_retrofit_1_TR_retrofit_1_BW_retrofit_4,1.21,4.8,6.7,4.5,0.01675,10.857170980141994,retained_renamed_boiler_heating_energy_output,1,BLOCK BUILDINGBLOCK1 STOREY 0:Zone Mean Air Temperature [C](Daily),856.2,91.78999999999999,248,276,304,323,0,276,89
2100,286,SG_retrofit_2_Insul_retrofit_1_TR_retrofit_2_BW_current,1.21,4.8,0.45,4.7,0.020875,14.672118129266526,retained_renamed_boiler_heating_energy_output,1,BLOCK BUILDINGBLOCK1 STOREY 0:Zone Mean Air Temperature [C](Daily),649.7,64.76,257,286,312,332,0,286,79
2100,287,SG_retrofit_2_Insul_retrofit_1_TR_retrofit_2_BW_retrofit_1,1.21,4.8,4.2,4.7,0.019125000000000003,11.601105068267742,retained_renamed_boiler_heating_energy_output,1,BLOCK BUILDINGBLOCK1 STOREY 0:Zone Mean Air Temperature [C](Daily),831.7,74.12,250,279,306,324,0,279,86
2100,288,SG_retrofit_2_Insul_retrofit_1_TR_retrofit_2_BW_retrofit_2,1.21,4.8,4.4,4.7,0.017375,11.129230180277133,retained_renamed_boiler_heating_energy_output,1,BLOCK BUILDINGBLOCK1 STOREY 0:Zone Mean Air Temperature [C](Daily),828.7,69.59,248,278,306,323,0,278,87
2100,289,SG_retrofit_2_Insul_retrofit_1_TR_retrofit_2_BW_retrofit_3,1.21,4.8,6.5,4.7,0.0165,10.722373536991409,retained_renamed_boiler_heating_energy_output,1,BLOCK BUILDINGBLOCK1 STOREY 0:Zone Mean Air Temperature [C](Daily),849.7,81.92,248,276,304,323,0,276,89
2100,290,SG_retrofit_2_Insul_retrofit_1_TR_retrofit_2_BW_retrofit_4,1.21,4.8,6.7,4.7,0.0165,10.757969157139172,retained_renamed_boiler_heating_energy_output,1,BLOCK BUILDINGBLOCK1 STOREY 0:Zone Mean Air Temperature [C](Daily),871.7,73.26,248,276,304,323,0,276,89
2100,291,SG_retrofit_2_Insul_retrofit_1_TR_retrofit_3_BW_current,1.21,4.8,0.45,8.5,0.020625,14.43496807682386,retained_renamed_boiler_heating_energy_output,1,BLOCK BUILDINGBLOCK1 STOREY 0:Zone Mean Air Temperature [C](Daily),645.7,78.5,257,286,312,332,0,286,79
2100,292,SG_retrofit_2_Insul_retrofit_1_TR_retrofit_3_BW_retrofit_1,1.21,4.8,4.2,8.5,0.018875000000000003,11.460531668820924,retained_renamed_boiler_heating_energy_output,1,BLOCK BUILDINGBLOCK1 STOREY 0:Zone Mean Air Temperature [C](Daily),827.7,87.86,250,279,306,324,0,279,86
2100,293,SG_retrofit_2_Insul_retrofit_1_TR_retrofit_3_BW_retrofit_2,1.21,4.8,4.4,8.5,0.017125,10.82431578777354,retained_renamed_boiler_heating_energy_output,1,BLOCK BUILDINGBLOCK1 STOREY 0:Zone Mean Air Temperature [C](Daily),824.7,83.33,248,278,306,323,0,278,87
2100,294,SG_retrofit_2_Insul_retrofit_1_TR_retrofit_3_BW_retrofit_3,1.21,4.8,6.5,8.5,0.01625,10.504021316382582,retained_renamed_boiler_heating_energy_output,1,BLOCK BUILDINGBLOCK1 STOREY 0:Zone Mean Air Temperature [C](Daily),845.7,95.66,248,276,305,323,0,276,89
2100,295,SG_retrofit_2_Insul_retrofit_1_TR_retrofit_3_BW_retrofit_4,1.21,4.8,6.7,8.5,0.01625,10.50690895048389,retained_renamed_boiler_heating_energy_output,1,BLOCK BUILDINGBLOCK1 STOREY 0:Zone Mean Air Temperature [C](Daily),867.7,87.0,248,276,304,323,0,276,89
2100,296,SG_retrofit_2_Insul_retrofit_1_TR_retrofit_4_BW_current,1.21,4.8,0.45,8.7,0.020625,14.374372731863113,retained_renamed_boiler_heating_energy_output,1,BLOCK BUILDINGBLOCK1 STOREY 0:Zone Mean Air Temperature [C](Daily),683.7,70.68,257,286,312,332,0,286,79
2100,297,SG_retrofit_2_Insul_retrofit_1_TR_retrofit_4_BW_retrofit_1,1.21,4.8,4.2,8.7,0.018875000000000003,11.51513010599927,retained_renamed_boiler_heating_energy_output,1,BLOCK BUILDINGBLOCK1 STOREY 0:Zone Mean Air Temperature [C](Daily),865.7,80.03999999999999,250,279,306,324,0,279,86
2100,298,SG_retrofit_2_Insul_retrofit_1_TR_retrofit_4_BW_retrofit_2,1.21,4.8,4.4,8.7,0.017125,10.818049001641842,retained_renamed_boiler_heating_energy_output,1,BLOCK BUILDINGBLOCK1 STOREY 0:Zone Mean Air Temperature [C](Daily),862.7,75.50999999999999,248,278,306,323,0,278,87
2100,299,SG_retrofit_2_Insul_retrofit_1_TR_retrofit_4_BW_retrofit_3,1.21,4.8,6.5,8.7,0.01625,10.514828451652125,retained_renamed_boiler_heating_energy_output,1,BLOCK BUILDINGBLOCK1 STOREY 0:Zone Mean Air Temperature [C](Daily),883.7,87.84,248,276,305,323,0,276,89
2100,300,SG_retrofit_2_Insul_retrofit_1_TR_retrofit_4_BW_retrofit_4,1.21,4.8,6.7,8.7,0.01625,10.4799490701896,retained_renamed_boiler_heating_energy_output,1,BLOCK BUILDINGBLOCK1 STOREY 0:Zone Mean Air Temperature [C](Daily),905.7,79.18,248,276,304,323,0,276,89
2100,301,SG_retrofit_2_Insul_retrofit_2_TR_current_BW_current,1.21,5.0,0.45,0.48,0.021125,17.464623677181976,retained_renamed_boiler_heating_energy_output,1,BLOCK BUILDINGBLOCK1 STOREY 0:Zone Mean Air Temperature [C](Daily),562.0,55.92,255,285,310,330,0,285,80
2100,302,SG_retrofit_2_Insul_retrofit_2_TR_current_BW_retrofit_1,1.21,5.0,4.2,0.48,0.019375000000000003,14.423209682748618,retained_renamed_boiler_heating_energy_output,1,BLOCK BUILDINGBLOCK1 STOREY 0:Zone Mean Air Temperature [C](Daily),744.0,65.28,247,274,301,322,0,274,91
2100,303,SG_retrofit_2_Insul_retrofit_2_TR_current_BW_retrofit_2,1.21,5.0,4.4,0.48,0.017625000000000002,13.843422489938998,retained_renamed_boiler_heating_energy_output,1,BLOCK BUILDINGBLOCK1 STOREY 0:Zone Mean Air Temperature [C](Daily),741.0,60.75,247,271,300,322,0,271,94
2100,304,SG_retrofit_2_Insul_retrofit_2_TR_current_BW_retrofit_3,1.21,5.0,6.5,0.48,0.01675,13.498402743499923,retained_renamed_boiler_heating_energy_output,1,BLOCK BUILDINGBLOCK1 STOREY 0:Zone Mean Air Temperature [C](Daily),762.0,73.08,247,270,300,322,0,270,95
2100,305,SG_retrofit_2_Insul_retrofit_2_TR_current_BW_retrofit_4,1.21,5.0,6.7,0.48,0.01675,13.587097542313623,retained_renamed_boiler_heating_energy_output,1,BLOCK BUILDINGBLOCK1 STOREY 0:Zone Mean Air Temperature [C](Daily),784.0,64.42,247,270,300,322,0,270,95
2100,306,SG_retrofit_2_Insul_retrofit_2_TR_retrofit_1_BW_current,1.21,5.0,0.45,4.5,0.020875,14.71545639299546,retained_renamed_boiler_heating_energy_output,1,BLOCK BUILDINGBLOCK1 STOREY 0:Zone Mean Air Temperature [C](Daily),651.5,79.21000000000001,255,286,311,331,0,286,79
2100,307,SG_retrofit_2_Insul_retrofit_2_TR_retrofit_1_BW_retrofit_1,1.21,5.0,4.2,4.5,0.019125000000000003,11.579732847004916,retained_renamed_boiler_heating_energy_output,1,BLOCK BUILDINGBLOCK1 STOREY 0:Zone Mean Air Temperature [C](Daily),833.5,88.57,247,276,305,322,0,276,89
2100,308,SG_retrofit_2_Insul_retrofit_2_TR_retrofit_1_BW_retrofit_2,1.21,5.0,4.4,4.5,0.017375,11.064517392123008,retained_renamed_boiler_heating_energy_output,1,BLOCK BUILDINGBLOCK1 STOREY 0:Zone Mean Air Temperature [C](Daily),830.5,84.03999999999999,247,275,301,322,0,275,90
2100,309,SG_retrofit_2_Insul_retrofit_2_TR_retrofit_1_BW_retrofit_3,1.21,5.0,6.5,4.5,0.0165,10.73942474422023,retained_renamed_boiler_heating_energy_output,1,BLOCK BUILDINGBLOCK1 STOREY 0:Zone Mean Air Temperature [C](Daily),851.5,96.37,246,274,300,322,0,274,91
2100,310,SG_retrofit_2_Insul_retrofit_2_TR_retrofit_1_BW_retrofit_4,1.21,5.0,6.7,4.5,0.0165,10.699955502137843,retained_renamed_boiler_heating_energy_output,1,BLOCK BUILDINGBLOCK1 STOREY 0:Zone Mean Air Temperature [C](Daily),873.5,87.71000000000001,246,274,300,322,0,274,91
2100,311,SG_retrofit_2_Insul_retrofit_2_TR_retrofit_2_BW_current,1.21,5.0,0.45,4.7,0.020625,14.49413095928267,retained_renamed_boiler_heating_energy_output,1,BLOCK BUILDINGBLOCK1 STOREY 0:Zone Mean Air Temperature [C](Daily),667.0,60.68,255,285,311,331,0,285,80
2100,312,SG_retrofit_2_Insul_retrofit_2_TR_retrofit_2_BW_retrofit_1,1.21,5.0,4.2,4.7,0.018875000000000003,11.500991137275207,retained_renamed_boiler_heating_energy_output,1,BLOCK BUILDINGBLOCK1 STOREY 0:Zone Mean Air Temperature [C](Daily),849.0,70.04,247,276,303,322,0,276,89
2100,313,SG_retrofit_2_Insul_retrofit_2_TR_retrofit_2_BW_retrofit_2,1.21,5.0,4.4,4.7,0.017125,11.014482001796017,retained_renamed_boiler_heating_energy_output,1,BLOCK BUILDINGBLOCK1 STOREY 0:Zone Mean Air Temperature [C](Daily),846.0,65.51,247,274,301,322,0,274,91
2100,314,SG_retrofit_2_Insul_retrofit_2_TR_retrofit_2_BW_retrofit_3,1.21,5.0,6.5,4.7,0.01625,10.617667588364954,retained_renamed_boiler_heating_energy_output,1,BLOCK BUILDINGBLOCK1 STOREY 0:Zone Mean Air Temperature [C](Daily),867.0,77.84,246,273,300,322,0,273,92
2100,315,SG_retrofit_2_Insul_retrofit_2_TR_retrofit_2_BW_retrofit_4,1.21,5.0,6.7,4.7,0.01625,10.578269950102268,retained_renamed_boiler_heating_energy_output,1,BLOCK BUILDINGBLOCK1 STOREY 0:Zone Mean Air Temperature [C](Daily),889.0,69.18,246,273,300,322,0,273,92
2100,316,SG_retrofit_2_Insul_retrofit_2_TR_retrofit_3_BW_current,1.21,5.0,0.45,8.5,0.020375,14.343016354959358,retained_renamed_boiler_heating_energy_output,1,BLOCK BUILDINGBLOCK1 STOREY 0:Zone Mean Air Temperature [C](Daily),663.0,74.42,255,285,311,332,0,285,80
2100,317,SG_retrofit_2_Insul_retrofit_2_TR_retrofit_3_BW_retrofit_1,1.21,5.0,4.2,8.5,0.018625,11.370723224716976,retained_renamed_boiler_heating_energy_output,1,BLOCK BUILDINGBLOCK1 STOREY 0:Zone Mean Air Temperature [C](Daily),845.0,83.78,247,277,303,322,0,277,88
2100,318,SG_retrofit_2_Insul_retrofit_2_TR_retrofit_3_BW_retrofit_2,1.21,5.0,4.4,8.5,0.016875,10.723780555812791,retained_renamed_boiler_heating_energy_output,1,BLOCK BUILDINGBLOCK1 STOREY 0:Zone Mean Air Temperature [C](Daily),842.0,79.25,247,275,300,322,0,275,90
2100,319,SG_retrofit_2_Insul_retrofit_2_TR_retrofit_3_BW_retrofit_3,1.21,5.0,6.5,8.5,0.016,10.382133482553364,retained_renamed_boiler_heating_energy_output,1,BLOCK BUILDINGBLOCK1 STOREY 0:Zone Mean Air Temperature [C](Daily),863.0,91.58,246,274,300,322,0,274,91
2100,320,SG_retrofit_2_Insul_retrofit_2_TR_retrofit_3_BW_retrofit_4,1.21,5.0,6.7,8.5,0.016,10.267798646363854,retained_renamed_boiler_heating_energy_output,1,BLOCK BUILDINGBLOCK1 STOREY 0:Zone Mean Air Temperature [C](Daily),885.0,82.92,246,273,300,322,0,273,92
2100,321,SG_retrofit_2_Insul_retrofit_2_TR_retrofit_4_BW_current,1.21,5.0,0.45,8.7,0.020375,14.223492414869728,retained_renamed_boiler_heating_energy_output,1,BLOCK BUILDINGBLOCK1 STOREY 0:Zone Mean Air Temperature [C](Daily),701.0,66.6,255,285,311,332,0,285,80
2100,322,SG_retrofit_2_Insul_retrofit_2_TR_retrofit_4_BW_retrofit_1,1.21,5.0,4.2,8.7,0.018625,11.262076223751272,retained_renamed_boiler_heating_energy_output,1,BLOCK BUILDINGBLOCK1 STOREY 0:Zone Mean Air Temperature [C](Daily),883.0,75.96000000000001,247,277,303,322,0,277,88
2100,323,SG_retrofit_2_Insul_retrofit_2_TR_retrofit_4_BW_retrofit_2,1.21,5.0,4.4,8.7,0.016875,10.76902649557623,retained_renamed_boiler_heating_energy_output,1,BLOCK BUILDINGBLOCK1 STOREY 0:Zone Mean Air Temperature [C](Daily),880.0,71.43,247,274,300,322,0,274,91
2100,324,SG_retrofit_2_Insul_retrofit_2_TR_retrofit_4_BW_retrofit_3,1.21,5.0,6.5,8.7,0.016,10.437239963841417,retained_renamed_boiler_heating_energy_output,1,BLOCK BUILDINGBLOCK1 STOREY 0:Zone Mean Air Temperature [C](Daily),901.0,83.75999999999999,246,274,300,322,0,274,91
2100,325,SG_retrofit_2_Insul_retrofit_2_TR_retrofit_4_BW_retrofit_4,1.21,5.0,6.7,8.7,0.016,10.369278758146574,retained_renamed_boiler_heating_energy_output,1,BLOCK BUILDINGBLOCK1 STOREY 0:Zone Mean Air Temperature [C](Daily),923.0,75.1,246,274,300,322,0,274,91
2100,326,SG_retrofit_2_Insul_retrofit_3_TR_current_BW_current,1.21,5.5,0.45,0.48,0.020875,17.304616849819713,retained_renamed_boiler_heating_energy_output,1,BLOCK BUILDINGBLOCK1 STOREY 0:Zone Mean Air Temperature [C](Daily),572.9,61.0,255,285,310,329,0,285,80
2100,327,SG_retrofit_2_Insul_retrofit_3_TR_current_BW_retrofit_1,1.21,5.5,4.2,0.48,0.019125000000000003,14.342316506167109,retained_renamed_boiler_heating_energy_output,1,BLOCK BUILDINGBLOCK1 STOREY 0:Zone Mean Air Temperature [C](Daily),754.9,70.36,247,271,300,322,0,271,94
2100,328,SG_retrofit_2_Insul_retrofit_3_TR_current_BW_retrofit_2,1.21,5.5,4.4,0.48,0.017374999999999998,13.849265663966788,retained_renamed_boiler_heating_energy_output,1,BLOCK BUILDINGBLOCK1 STOREY 0:Zone Mean Air Temperature [C](Daily),751.9,65.83,247,270,300,322,0,270,95
2100,329,SG_retrofit_2_Insul_retrofit_3_TR_current_BW_retrofit_3,1.21,5.5,6.5,0.48,0.0165,13.453706460455612,retained_renamed_boiler_heating_energy_output,1,BLOCK BUILDINGBLOCK1 STOREY 0:Zone Mean Air Temperature [C](Daily),772.9,78.16,246,269,300,321,0,269,96
2100,330,SG_retrofit_2_Insul_retrofit_3_TR_current_BW_retrofit_4,1.21,5.5,6.7,0.48,0.0165,13.386494236034267,retained_renamed_boiler_heating_energy_output,1,BLOCK BUILDINGBLOCK1 STOREY 0:Zone Mean Air Temperature [C](Daily),794.9,69.5,246,269,299,320,0,269,96
2100,331,SG_retrofit_2_Insul_retrofit_3_TR_retrofit_1_BW_current,1.21,5.5,0.45,4.5,0.020625,14.526245418470639,retained_renamed_boiler_heating_energy_output,1,BLOCK BUILDINGBLOCK1 STOREY 0:Zone Mean Air Temperature [C](Daily),662.4,84.28999999999999,255,285,311,330,0,285,80
2100,332,SG_retrofit_2_Insul_retrofit_3_TR_retrofit_1_BW_retrofit_1,1.21,5.5,4.2,4.5,0.018875000000000003,11.52734009902222,retained_renamed_boiler_heating_energy_output,1,BLOCK BUILDINGBLOCK1 STOREY 0:Zone Mean Air Temperature [C](Daily),844.4,93.65,247,275,301,322,0,275,90
2100,333,SG_retrofit_2_Insul_retrofit_3_TR_retrofit_1_BW_retrofit_2,1.21,5.5,4.4,4.5,0.017125,10.968173240535739,retained_renamed_boiler_heating_energy_output,1,BLOCK BUILDINGBLOCK1 STOREY 0:Zone Mean Air Temperature [C](Daily),841.4,89.12,247,273,300,322,0,273,92
2100,334,SG_retrofit_2_Insul_retrofit_3_TR_retrofit_1_BW_retrofit_3,1.21,5.5,6.5,4.5,0.01625,10.577393963229985,retained_renamed_boiler_heating_energy_output,1,BLOCK BUILDINGBLOCK1 STOREY 0:Zone Mean Air Temperature [C](Daily),862.4,101.44999999999999,246,272,300,321,0,272,93
2100,335,SG_retrofit_2_Insul_retrofit_3_TR_retrofit_1_BW_retrofit_4,1.21,5.5,6.7,4.5,0.01625,10.60096499550618,retained_renamed_boiler_heating_energy_output,1,BLOCK BUILDINGBLOCK1 STOREY 0:Zone Mean Air Temperature [C](Daily),884.4,92.78999999999999,246,271,300,321,0,271,94
2100,336,SG_retrofit_2_Insul_retrofit_3_TR_retrofit_2_BW_current,1.21,5.5,0.45,4.7,0.020375,14.428151973133955,retained_renamed_boiler_heating_energy_output,1,BLOCK BUILDINGBLOCK1 STOREY 0:Zone Mean Air Temperature [C](Daily),677.9,65.76,255,285,311,330,0,285,80
2100,337,SG_retrofit_2_Insul_retrofit_3_TR_retrofit_2_BW_retrofit_1,1.21,5.5,4.2,4.7,0.018625,11.468637620937415,retained_renamed_boiler_heating_energy_output,1,BLOCK BUILDINGBLOCK1 STOREY 0:Zone Mean Air Temperature [C](Daily),859.9,75.12,247,274,301,322,0,274,91
2100,338,SG_retrofit_2_Insul_retrofit_3_TR_retrofit_2_BW_retrofit_2,1.21,5.5,4.4,4.7,0.016875,10.915489317120306,retained_renamed_boiler_heating_energy_output,1,BLOCK BUILDINGBLOCK1 STOREY 0:Zone Mean Air Temperature [C](Daily),856.9,70.59,247,273,300,322,0,273,92
2100,339,SG_retrofit_2_Insul_retrofit_3_TR_retrofit_2_BW_retrofit_3,1.21,5.5,6.5,4.7,0.016,10.53467978175068,retained_renamed_boiler_heating_energy_output,1,BLOCK BUILDINGBLOCK1 STOREY 0:Zone Mean Air Temperature [C](Daily),877.9,82.92,246,271,300,322,0,271,94
2100,340,SG_retrofit_2_Insul_retrofit_3_TR_retrofit_2_BW_retrofit_4,1.21,5.5,6.7,4.7,0.016,10.527230340470066,retained_renamed_boiler_heating_energy_output,1,BLOCK BUILDINGBLOCK1 STOREY 0:Zone Mean Air Temperature [C](Daily),899.9,74.26,246,270,300,321,0,270,95
2100,341,SG_retrofit_2_Insul_retrofit_3_TR_retrofit_3_BW_current,1.21,5.5,0.45,8.5,0.020125,14.174491720898994,retained_renamed_boiler_heating_energy_output,1,BLOCK BUILDINGBLOCK1 STOREY 0:Zone Mean Air Temperature [C](Daily),673.9,79.5,255,285,311,330,0,285,80
2100,342,SG_retrofit_2_Insul_retrofit_3_TR_retrofit_3_BW_retrofit_1,1.21,5.5,4.2,8.5,0.018375,11.179063927734326,retained_renamed_boiler_heating_energy_output,1,BLOCK BUILDINGBLOCK1 STOREY 0:Zone Mean Air Temperature [C](Daily),855.9,88.86,247,274,301,322,0,274,91
2100,343,SG_retrofit_2_Insul_retrofit_3_TR_retrofit_3_BW_retrofit_2,1.21,5.5,4.4,8.5,0.016625,10.652538832953867,retained_renamed_boiler_heating_energy_output,1,BLOCK BUILDINGBLOCK1 STOREY 0:Zone Mean Air Temperature [C](Daily),852.9,84.33,247,273,300,322,0,273,92
2100,344,SG_retrofit_2_Insul_retrofit_3_TR_retrofit_3_BW_retrofit_3,1.21,5.5,6.5,8.5,0.01575,10.261545995698478,retained_renamed_boiler_heating_energy_output,1,BLOCK BUILDINGBLOCK1 STOREY 0:Zone Mean Air Temperature [C](Daily),873.9,96.66,246,271,300,322,0,271,94
2100,345,SG_retrofit_2_Insul_retrofit_3_TR_retrofit_3_BW_retrofit_4,1.21,5.5,6.7,8.5,0.01575,10.287759955839721,retained_renamed_boiler_heating_energy_output,1,BLOCK BUILDINGBLOCK1 STOREY 0:Zone Mean Air Temperature [C](Daily),895.9,88.0,246,270,300,321,0,270,95
2100,346,SG_retrofit_2_Insul_retrofit_3_TR_retrofit_4_BW_current,1.21,5.5,0.45,8.7,0.020125,14.15102401819617,retained_renamed_boiler_heating_energy_output,1,BLOCK BUILDINGBLOCK1 STOREY 0:Zone Mean Air Temperature [C](Daily),711.9,71.68,255,285,311,330,0,285,80
2100,347,SG_retrofit_2_Insul_retrofit_3_TR_retrofit_4_BW_retrofit_1,1.21,5.5,4.2,8.7,0.018375,11.200056597277513,retained_renamed_boiler_heating_energy_output,1,BLOCK BUILDINGBLOCK1 STOREY 0:Zone Mean Air Temperature [C](Daily),893.9,81.03999999999999,247,274,301,322,0,274,91
2100,348,SG_retrofit_2_Insul_retrofit_3_TR_retrofit_4_BW_retrofit_2,1.21,5.5,4.4,8.7,0.016625,10.731592429706197,retained_renamed_boiler_heating_energy_output,1,BLOCK BUILDINGBLOCK1 STOREY 0:Zone Mean Air Temperature [C](Daily),890.9,76.50999999999999,247,273,300,322,0,273,92
2100,349,SG_retrofit_2_Insul_retrofit_3_TR_retrofit_4_BW_retrofit_3,1.21,5.5,6.5,8.7,0.01575,10.232054276396886,retained_renamed_boiler_heating_energy_output,1,BLOCK BUILDINGBLOCK1 STOREY 0:Zone Mean Air Temperature [C](Daily),911.9,88.84,246,271,300,322,0,271,94
2100,350,SG_retrofit_2_Insul_retrofit_3_TR_retrofit_4_BW_retrofit_4,1.21,5.5,6.7,8.7,0.01575,10.23348925152638,retained_renamed_boiler_heating_energy_output,1,BLOCK BUILDINGBLOCK1 STOREY 0:Zone Mean Air Temperature [C](Daily),933.9,80.18,246,270,300,321,0,270,95
2100,351,SG_retrofit_2_Insul_retrofit_4_TR_current_BW_current,1.21,5.6,0.45,0.48,0.020875,17.26278543213626,retained_renamed_boiler_heating_energy_output,1,BLOCK BUILDINGBLOCK1 STOREY 0:Zone Mean Air Temperature [C](Daily),593.0,57.0,255,285,310,329,0,285,80
2100,352,SG_retrofit_2_Insul_retrofit_4_TR_current_BW_retrofit_1,1.21,5.6,4.2,0.48,0.019125000000000003,14.389630723205574,retained_renamed_boiler_heating_energy_output,1,BLOCK BUILDINGBLOCK1 STOREY 0:Zone Mean Air Temperature [C](Daily),775.0,66.36,247,271,300,322,0,271,94
2100,353,SG_retrofit_2_Insul_retrofit_4_TR_current_BW_retrofit_2,1.21,5.6,4.4,0.48,0.017374999999999998,13.858629086670202,retained_renamed_boiler_heating_energy_output,1,BLOCK BUILDINGBLOCK1 STOREY 0:Zone Mean Air Temperature [C](Daily),772.0,61.83,247,270,300,322,0,270,95
2100,354,SG_retrofit_2_Insul_retrofit_4_TR_current_BW_retrofit_3,1.21,5.6,6.5,0.48,0.0165,13.54531795009921,retained_renamed_boiler_heating_energy_output,1,BLOCK BUILDINGBLOCK1 STOREY 0:Zone Mean Air Temperature [C](Daily),793.0,74.16,246,269,300,320,0,269,96
2100,355,SG_retrofit_2_Insul_retrofit_4_TR_current_BW_retrofit_4,1.21,5.6,6.7,0.48,0.0165,13.458404474130457,retained_renamed_boiler_heating_energy_output,1,BLOCK BUILDINGBLOCK1 STOREY 0:Zone Mean Air Temperature [C](Daily),815.0,65.5,246,268,299,320,0,268,97
2100,356,SG_retrofit_2_Insul_retrofit_4_TR_retrofit_1_BW_current,1.21,5.6,0.45,4.5,0.020625,14.535579333697704,retained_renamed_boiler_heating_energy_output,1,BLOCK BUILDINGBLOCK1 STOREY 0:Zone Mean Air Temperature [C](Daily),682.5,80.28999999999999,255,285,311,330,0,285,80
2100,357,SG_retrofit_2_Insul_retrofit_4_TR_retrofit_1_BW_retrofit_1,1.21,5.6,4.2,4.5,0.018875000000000003,11.536014635013592,retained_renamed_boiler_heating_energy_output,1,BLOCK BUILDINGBLOCK1 STOREY 0:Zone Mean Air Temperature [C](Daily),864.5,89.65,247,274,301,322,0,274,91
2100,358,SG_retrofit_2_Insul_retrofit_4_TR_retrofit_1_BW_retrofit_2,1.21,5.6,4.4,4.5,0.017125,10.985852979989435,retained_renamed_boiler_heating_energy_output,1,BLOCK BUILDINGBLOCK1 STOREY 0:Zone Mean Air Temperature [C](Daily),861.5,85.12,247,273,300,322,0,273,92
2100,359,SG_retrofit_2_Insul_retrofit_4_TR_retrofit_1_BW_retrofit_3,1.21,5.6,6.5,4.5,0.01625,10.631839478151075,retained_renamed_boiler_heating_energy_output,1,BLOCK BUILDINGBLOCK1 STOREY 0:Zone Mean Air Temperature [C](Daily),882.5,97.44999999999999,246,272,300,321,0,272,93
2100,360,SG_retrofit_2_Insul_retrofit_4_TR_retrofit_1_BW_retrofit_4,1.21,5.6,6.7,4.5,0.01625,10.636691444123803,retained_renamed_boiler_heating_energy_output,1,BLOCK BUILDINGBLOCK1 STOREY 0:Zone Mean Air Temperature [C](Daily),904.5,88.78999999999999,246,270,300,321,0,270,95
2100,361,SG_retrofit_2_Insul_retrofit_4_TR_retrofit_2_BW_current,1.21,5.6,0.45,4.7,0.020375,14.43797285436076,retained_renamed_boiler_heating_energy_output,1,BLOCK BUILDINGBLOCK1 STOREY 0:Zone Mean Air Temperature [C](Daily),698.0,61.76,255,285,311,330,0,285,80
2100,362,SG_retrofit_2_Insul_retrofit_4_TR_retrofit_2_BW_retrofit_1,1.21,5.6,4.2,4.7,0.018625,11.442291327849095,retained_renamed_boiler_heating_energy_output,1,BLOCK BUILDINGBLOCK1 STOREY 0:Zone Mean Air Temperature [C](Daily),880.0,71.12,247,274,301,322,0,274,91
2100,363,SG_retrofit_2_Insul_retrofit_4_TR_retrofit_2_BW_retrofit_2,1.21,5.6,4.4,4.7,0.016875,10.853742067520821,retained_renamed_boiler_heating_energy_output,1,BLOCK BUILDINGBLOCK1 STOREY 0:Zone Mean Air Temperature [C](Daily),877.0,66.59,247,273,300,322,0,273,92
2100,364,SG_retrofit_2_Insul_retrofit_4_TR_retrofit_2_BW_retrofit_3,1.21,5.6,6.5,4.7,0.016,10.494853225908473,retained_renamed_boiler_heating_energy_output,1,BLOCK BUILDINGBLOCK1 STOREY 0:Zone Mean Air Temperature [C](Daily),898.0,78.92,246,270,300,321,0,270,95
2100,365,SG_retrofit_2_Insul_retrofit_4_TR_retrofit_2_BW_retrofit_4,1.21,5.6,6.7,4.7,0.016,10.40066057053036,retained_renamed_boiler_heating_energy_output,1,BLOCK BUILDINGBLOCK1 STOREY 0:Zone Mean Air Temperature [C](Daily),920.0,70.26,246,269,300,321,0,269,96
2100,366,SG_retrofit_2_Insul_retrofit_4_TR_retrofit_3_BW_current,1.21,5.6,0.45,8.5,0.020125,14.226724678775666,retained_renamed_boiler_heating_energy_output,1,BLOCK BUILDINGBLOCK1 STOREY 0:Zone Mean Air Temperature [C](Daily),694.0,75.5,255,285,311,331,0,285,80
2100,367,SG_retrofit_2_Insul_retrofit_4_TR_retrofit_3_BW_retrofit_1,1.21,5.6,4.2,8.5,0.018375,11.208971704225744,retained_renamed_boiler_heating_energy_output,1,BLOCK BUILDINGBLOCK1 STOREY 0:Zone Mean Air Temperature [C](Daily),876.0,84.86,247,274,301,322,0,274,91
2100,368,SG_retrofit_2_Insul_retrofit_4_TR_retrofit_3_BW_retrofit_2,1.21,5.6,4.4,8.5,0.016625,10.640988272413754,retained_renamed_boiler_heating_energy_output,1,BLOCK BUILDINGBLOCK1 STOREY 0:Zone Mean Air Temperature [C](Daily),873.0,80.33,247,274,300,322,0,274,91
2100,369,SG_retrofit_2_Insul_retrofit_4_TR_retrofit_3_BW_retrofit_3,1.21,5.6,6.5,8.5,0.01575,10.196329706358318,retained_renamed_boiler_heating_energy_output,1,BLOCK BUILDINGBLOCK1 STOREY 0:Zone Mean Air Temperature [C](Daily),894.0,92.66,246,270,300,321,0,270,95
2100,370,SG_retrofit_2_Insul_retrofit_4_TR_retrofit_3_BW_retrofit_4,1.21,5.6,6.7,8.5,0.01575,10.290175086334791,retained_renamed_boiler_heating_energy_output,1,BLOCK BUILDINGBLOCK1 STOREY 0:Zone Mean Air Temperature [C](Daily),916.0,84.0,246,269,300,321,0,269,96
2100,371,SG_retrofit_2_Insul_retrofit_4_TR_retrofit_4_BW_current,1.21,5.6,0.45,8.7,0.020125,14.124245492324336,retained_renamed_boiler_heating_energy_output,1,BLOCK BUILDINGBLOCK1 STOREY 0:Zone Mean Air Temperature [C](Daily),732.0,67.68,255,285,311,331,0,285,80
2100,372,SG_retrofit_2_Insul_retrofit_4_TR_retrofit_4_BW_retrofit_1,1.21,5.6,4.2,8.7,0.018375,11.116307762240353,retained_renamed_boiler_heating_energy_output,1,BLOCK BUILDINGBLOCK1 STOREY 0:Zone Mean Air Temperature [C](Daily),914.0,77.03999999999999,247,274,301,322,0,274,91
2100,373,SG_retrofit_2_Insul_retrofit_4_TR_retrofit_4_BW_retrofit_2,1.21,5.6,4.4,8.7,0.016625,10.647471586790425,retained_renamed_boiler_heating_energy_output,1,BLOCK BUILDINGBLOCK1 STOREY 0:Zone Mean Air Temperature [C](Daily),911.0,72.50999999999999,247,274,300,322,0,274,91
2100,374,SG_retrofit_2_Insul_retrofit_4_TR_retrofit_4_BW_retrofit_3,1.21,5.6,6.5,8.7,0.01575,10.256948164188975,retained_renamed_boiler_heating_energy_output,1,BLOCK BUILDINGBLOCK1 STOREY 0:Zone Mean Air Temperature [C](Daily),932.0,84.84,246,270,300,321,0,270,95
2100,375,SG_retrofit_2_Insul_retrofit_4_TR_retrofit_4_BW_retrofit_4,1.21,5.6,6.7,8.7,0.01575,10.211761211202473,retained_renamed_boiler_heating_energy_output,1,BLOCK BUILDINGBLOCK1 STOREY 0:Zone Mean Air Temperature [C](Daily),954.0,76.18,246,269,300,321,0,269,96
2100,376,SG_retrofit_3_Insul_current_TR_current_BW_current,0.8,0.41,0.45,0.48,0.020500000000000004,18.728696170935212,retained_renamed_boiler_heating_energy_output,1,BLOCK BUILDINGBLOCK1 STOREY 0:Zone Mean Air Temperature [C](Daily),295.0,150.0,300,323,343,358,0,323,42
2100,377,SG_retrofit_3_Insul_current_TR_current_BW_retrofit_1,0.8,0.41,4.2,0.48,0.018750000000000003,15.870962491346104,retained_renamed_boiler_heating_energy_output,1,BLOCK BUILDINGBLOCK1 STOREY 0:Zone Mean Air Temperature [C](Daily),477.0,159.36,299,323,346,358,0,323,42
2100,378,SG_retrofit_3_Insul_current_TR_current_BW_retrofit_2,0.8,0.41,4.4,0.48,0.017,15.382981218734486,retained_renamed_boiler_heating_energy_output,1,BLOCK BUILDINGBLOCK1 STOREY 0:Zone Mean Air Temperature [C](Daily),474.0,154.83,299,323,345,358,0,323,42
2100,379,SG_retrofit_3_Insul_current_TR_current_BW_retrofit_3,0.8,0.41,6.5,0.48,0.016125,14.906814352754372,retained_renamed_boiler_heating_energy_output,1,BLOCK BUILDINGBLOCK1 STOREY 0:Zone Mean Air Temperature [C](Daily),495.0,167.16,300,325,347,358,0,325,40
2100,380,SG_retrofit_3_Insul_current_TR_current_BW_retrofit_4,0.8,0.41,6.7,0.48,0.016125,14.954701003103203,retained_renamed_boiler_heating_energy_output,1,BLOCK BUILDINGBLOCK1 STOREY 0:Zone Mean Air Temperature [C](Daily),517.0,158.5,300,325,347,359,0,325,40
2100,381,SG_retrofit_3_Insul_current_TR_retrofit_1_BW_current,0.8,0.41,0.45,4.5,0.020250000000000004,15.96988714722242,retained_renamed_boiler_heating_energy_output,1,BLOCK BUILDINGBLOCK1 STOREY 0:Zone Mean Air Temperature [C](Daily),384.5,173.29,301,324,343,358,0,324,41
2100,382,SG_retrofit_3_Insul_current_TR_retrofit_1_BW_retrofit_1,0.8,0.41,4.2,4.5,0.0185,13.026359510748557,retained_renamed_boiler_heating_energy_output,1,BLOCK BUILDINGBLOCK1 STOREY 0:Zone Mean Air Temperature [C](Daily),566.5,182.65,300,326,347,358,0,326,39
2100,383,SG_retrofit_3_Insul_current_TR_retrofit_1_BW_retrofit_2,0.8,0.41,4.4,4.5,0.01675,12.521253197037709,retained_renamed_boiler_heating_energy_output,1,BLOCK BUILDINGBLOCK1 STOREY 0:Zone Mean Air Temperature [C](Daily),563.5,178.12,300,326,348,359,0,326,39
2100,384,SG_retrofit_3_Insul_current_TR_retrofit_1_BW_retrofit_3,0.8,0.41,6.5,4.5,0.015875,12.140686572084658,retained_renamed_boiler_heating_energy_output,1,BLOCK BUILDINGBLOCK1 STOREY 0:Zone Mean Air Temperature [C](Daily),584.5,190.45,300,327,349,359,0,327,38
2100,385,SG_retrofit_3_Insul_current_TR_retrofit_1_BW_retrofit_4,0.8,0.41,6.7,4.5,0.015875,12.022762563121711,retained_renamed_boiler_heating_energy_output,1,BLOCK BUILDINGBLOCK1 STOREY 0:Zone Mean Air Temperature [C](Daily),606.5,181.79,300,327,349,359,0,327,38
2100,386,SG_retrofit_3_Insul_current_TR_retrofit_2_BW_current,0.8,0.41,0.45,4.7,0.020000000000000004,15.858435671000775,retained_renamed_boiler_heating_energy_output,1,BLOCK BUILDINGBLOCK1 STOREY 0:Zone Mean Air Temperature [C](Daily),400.0,154.76,301,324,343,358,0,324,41
2100,387,SG_retrofit_3_Insul_current_TR_retrofit_2_BW_retrofit_1,0.8,0.41,4.2,4.7,0.01825,12.958494272862811,retained_renamed_boiler_heating_energy_output,1,BLOCK BUILDINGBLOCK1 STOREY 0:Zone Mean Air Temperature [C](Daily),582.0,164.12,300,326,347,358,0,326,39
2100,388,SG_retrofit_3_Insul_current_TR_retrofit_2_BW_retrofit_2,0.8,0.41,4.4,4.7,0.0165,12.414572168171967,retained_renamed_boiler_heating_energy_output,1,BLOCK BUILDINGBLOCK1 STOREY 0:Zone Mean Air Temperature [C](Daily),579.0,159.59,300,326,348,359,0,326,39
2100,389,SG_retrofit_3_Insul_current_TR_retrofit_2_BW_retrofit_3,0.8,0.41,6.5,4.7,0.015625,11.968664195350556,retained_renamed_boiler_heating_energy_output,1,BLOCK BUILDINGBLOCK1 STOREY 0:Zone Mean Air Temperature [C](Daily),600.0,171.92,300,327,349,359,0,327,38
2100,390,SG_retrofit_3_Insul_current_TR_retrofit_2_BW_retrofit_4,0.8,0.41,6.7,4.7,0.015625,11.996201099834575,retained_renamed_boiler_heating_energy_output,1,BLOCK BUILDINGBLOCK1 STOREY 0:Zone Mean Air Temperature [C](Daily),622.0,163.26,300,327,349,359,0,327,38
2100,391,SG_retrofit_3_Insul_current_TR_retrofit_3_BW_current,0.8,0.41,0.45,8.5,0.019750000000000004,15.657809703453275,retained_renamed_boiler_heating_energy_output,1,BLOCK BUILDINGBLOCK1 STOREY 0:Zone Mean Air Temperature [C](Daily),396.0,168.5,301,324,343,358,0,324,41
2100,392,SG_retrofit_3_Insul_current_TR_retrofit_3_BW_retrofit_1,0.8,0.41,4.2,8.5,0.018,12.67434196082229,retained_renamed_boiler_heating_energy_output,1,BLOCK BUILDINGBLOCK1 STOREY 0:Zone Mean Air Temperature [C](Daily),578.0,177.86,300,326,347,358,0,326,39
2100,393,SG_retrofit_3_Insul_current_TR_retrofit_3_BW_retrofit_2,0.8,0.41,4.4,8.5,0.01625,12.143009333912342,retained_renamed_boiler_heating_energy_output,1,BLOCK BUILDINGBLOCK1 STOREY 0:Zone Mean Air Temperature [C](Daily),575.0,173.33,300,327,348,359,0,327,38
2100,394,SG_retrofit_3_Insul_current_TR_retrofit_3_BW_retrofit_3,0.8,0.41,6.5,8.5,0.015375,11.783701621224765,retained_renamed_boiler_heating_energy_output,1,BLOCK BUILDINGBLOCK1 STOREY 0:Zone Mean Air Temperature [C](Daily),596.0,185.66,300,327,349,359,0,327,38
2100,395,SG_retrofit_3_Insul_current_TR_retrofit_3_BW_retrofit_4,0.8,0.41,6.7,8.5,0.015375,11.757070295412673,retained_renamed_boiler_heating_energy_output,1,BLOCK BUILDINGBLOCK1 STOREY 0:Zone Mean Air Temperature [C](Daily),618.0,177.0,300,327,349,359,0,327,38
2100,396,SG_retrofit_3_Insul_current_TR_retrofit_4_BW_current,0.8,0.41,0.45,8.7,0.019750000000000004,15.651098768919145,retained_renamed_boiler_heating_energy_output,1,BLOCK BUILDINGBLOCK1 STOREY 0:Zone Mean Air Temperature [C](Daily),434.0,160.68,301,324,343,358,0,324,41
2100,397,SG_retrofit_3_Insul_current_TR_retrofit_4_BW_retrofit_1,0.8,0.41,4.2,8.7,0.018,12.724883512876534,retained_renamed_boiler_heating_energy_output,1,BLOCK BUILDINGBLOCK1 STOREY 0:Zone Mean Air Temperature [C](Daily),616.0,170.04000000000002,300,326,347,358,0,326,39
2100,398,SG_retrofit_3_Insul_current_TR_retrofit_4_BW_retrofit_2,0.8,0.41,4.4,8.7,0.01625,12.176841824400032,retained_renamed_boiler_heating_energy_output,1,BLOCK BUILDINGBLOCK1 STOREY 0:Zone Mean Air Temperature [C](Daily),613.0,165.51000000000002,300,327,348,359,0,327,38
2100,399,SG_retrofit_3_Insul_current_TR_retrofit_4_BW_retrofit_3,0.8,0.41,6.5,8.7,0.015375,11.79374789030507,retained_renamed_boiler_heating_energy_output,1,BLOCK BUILDINGBLOCK1 STOREY 0:Zone Mean Air Temperature [C](Daily),634.0,177.84,300,327,349,359,0,327,38
2100,400,SG_retrofit_3_Insul_current_TR_retrofit_4_BW_retrofit_4,0.8,0.41,6.7,8.7,0.015375,11.704819068310092,retained_renamed_boiler_heating_energy_output,1,BLOCK BUILDINGBLOCK1 STOREY 0:Zone Mean Air Temperature [C](Daily),656.0,169.18,300,327,349,359,0,327,38
2100,401,SG_retrofit_3_Insul_retrofit_1_TR_current_BW_current,0.8,4.8,0.45,0.48,0.020250000000000004,16.838967637838323,retained_renamed_boiler_heating_energy_output,1,BLOCK BUILDINGBLOCK1 STOREY 0:Zone Mean Air Temperature [C](Daily),354.7,160.0,255,286,311,330,0,286,79
2100,402,SG_retrofit_3_Insul_retrofit_1_TR_current_BW_retrofit_1,0.8,4.8,4.2,0.48,0.0185,13.876780324950387,retained_renamed_boiler_heating_energy_output,1,BLOCK BUILDINGBLOCK1 STOREY 0:Zone Mean Air Temperature [C](Daily),536.7,169.36,247,273,300,322,0,273,92
2100,403,SG_retrofit_3_Insul_retrofit_1_TR_current_BW_retrofit_2,0.8,4.8,4.4,0.48,0.01675,13.296241256475808,retained_renamed_boiler_heating_energy_output,1,BLOCK BUILDINGBLOCK1 STOREY 0:Zone Mean Air Temperature [C](Daily),533.7,164.83,246,270,300,322,0,270,95
2100,404,SG_retrofit_3_Insul_retrofit_1_TR_current_BW_retrofit_3,0.8,4.8,6.5,0.48,0.015875,12.867983878879455,retained_renamed_boiler_heating_energy_output,1,BLOCK BUILDINGBLOCK1 STOREY 0:Zone Mean Air Temperature [C](Daily),554.7,177.16,246,267,299,322,0,267,98
2100,405,SG_retrofit_3_Insul_retrofit_1_TR_current_BW_retrofit_4,0.8,4.8,6.7,0.48,0.015875,12.83686607489421,retained_renamed_boiler_heating_energy_output,1,BLOCK BUILDINGBLOCK1 STOREY 0:Zone Mean Air Temperature [C](Daily),576.7,168.5,246,267,299,322,0,267,98
2100,406,SG_retrofit_3_Insul_retrofit_1_TR_retrofit_1_BW_current,0.8,4.8,0.45,4.5,0.020000000000000004,13.912453380085866,retained_renamed_boiler_heating_energy_output,1,BLOCK BUILDINGBLOCK1 STOREY 0:Zone Mean Air Temperature [C](Daily),444.2,183.29,255,286,311,332,0,286,79
2100,407,SG_retrofit_3_Insul_retrofit_1_TR_retrofit_1_BW_retrofit_1,0.8,4.8,4.2,4.5,0.01825,10.947561067689401,retained_renamed_boiler_heating_energy_output,1,BLOCK BUILDINGBLOCK1 STOREY 0:Zone Mean Air Temperature [C](Daily),626.2,192.65,247,276,303,322,0,276,89
2100,408,SG_retrofit_3_Insul_retrofit_1_TR_retrofit_1_BW_retrofit_2,0.8,4.8,4.4,4.5,0.0165,10.379166896337539,retained_renamed_boiler_heating_energy_output,1,BLOCK BUILDINGBLOCK1 STOREY 0:Zone Mean Air Temperature [C](Daily),623.2,188.12,246,275,301,322,0,275,90
2100,409,SG_retrofit_3_Insul_retrofit_1_TR_retrofit_1_BW_retrofit_3,0.8,4.8,6.5,4.5,0.015625,10.083852845954496,retained_renamed_boiler_heating_energy_output,1,BLOCK BUILDINGBLOCK1 STOREY 0:Zone Mean Air Temperature [C](Daily),644.2,200.45,246,273,300,323,0,273,92
2100,410,SG_retrofit_3_Insul_retrofit_1_TR_retrofit_1_BW_retrofit_4,0.8,4.8,6.7,4.5,0.015625,10.11531879940315,retained_renamed_boiler_heating_energy_output,1,BLOCK BUILDINGBLOCK1 STOREY 0:Zone Mean Air Temperature [C](Daily),666.2,191.79,246,273,300,323,0,273,92
2100,411,SG_retrofit_3_Insul_retrofit_1_TR_retrofit_2_BW_current,0.8,4.8,0.45,4.7,0.019750000000000004,13.917436236492241,retained_renamed_boiler_heating_energy_output,1,BLOCK BUILDINGBLOCK1 STOREY 0:Zone Mean Air Temperature [C](Daily),459.7,164.76,255,286,311,332,0,286,79
2100,412,SG_retrofit_3_Insul_retrofit_1_TR_retrofit_2_BW_retrofit_1,0.8,4.8,4.2,4.7,0.018,10.85717120925046,retained_renamed_boiler_heating_energy_output,1,BLOCK BUILDINGBLOCK1 STOREY 0:Zone Mean Air Temperature [C](Daily),641.7,174.12,247,276,302,322,0,276,89
2100,413,SG_retrofit_3_Insul_retrofit_1_TR_retrofit_2_BW_retrofit_2,0.8,4.8,4.4,4.7,0.01625,10.333709912340616,retained_renamed_boiler_heating_energy_output,1,BLOCK BUILDINGBLOCK1 STOREY 0:Zone Mean Air Temperature [C](Daily),638.7,169.59,246,274,300,322,0,274,91
2100,414,SG_retrofit_3_Insul_retrofit_1_TR_retrofit_2_BW_retrofit_3,0.8,4.8,6.5,4.7,0.015375,10.01259368758583,retained_renamed_boiler_heating_energy_output,1,BLOCK BUILDINGBLOCK1 STOREY 0:Zone Mean Air Temperature [C](Daily),659.7,181.92,246,273,300,323,0,273,92
2100,415,SG_retrofit_3_Insul_retrofit_1_TR_retrofit_2_BW_retrofit_4,0.8,4.8,6.7,4.7,0.015375,10.03592249483709,retained_renamed_boiler_heating_energy_output,1,BLOCK BUILDINGBLOCK1 STOREY 0:Zone Mean Air Temperature [C](Daily),681.7,173.26,246,272,300,323,0,272,93
2100,416,SG_retrofit_3_Insul_retrofit_1_TR_retrofit_3_BW_current,0.8,4.8,0.45,8.5,0.019500000000000003,13.588320617629536,retained_renamed_boiler_heating_energy_output,1,BLOCK BUILDINGBLOCK1 STOREY 0:Zone Mean Air Temperature [C](Daily),455.7,178.5,255,286,311,332,0,286,79
2100,417,SG_retrofit_3_Insul_retrofit_1_TR_retrofit_3_BW_retrofit_1,0.8,4.8,4.2,8.5,0.01775,10.570136922844705,retained_renamed_boiler_heating_energy_output,1,BLOCK BUILDINGBLOCK1 STOREY 0:Zone Mean Air Temperature [C](Daily),637.7,187.86,246,276,303,322,0,276,89
2100,418,SG_retrofit_3_Insul_retrofit_1_TR_retrofit_3_BW_retrofit_2,0.8,4.8,4.4,8.5,0.016,10.16255700030258,retained_renamed_boiler_heating_energy_output,1,BLOCK BUILDINGBLOCK1 STOREY 0:Zone Mean Air Temperature [C](Daily),634.7,183.33,246,274,300,322,0,274,91
2100,419,SG_retrofit_3_Insul_retrofit_1_TR_retrofit_3_BW_retrofit_3,0.8,4.8,6.5,8.5,0.015125,9.720120374833444,retained_renamed_boiler_heating_energy_output,1,BLOCK BUILDINGBLOCK1 STOREY 0:Zone Mean Air Temperature [C](Daily),655.7,195.66,246,273,300,323,0,273,92
2100,420,SG_retrofit_3_Insul_retrofit_1_TR_retrofit_3_BW_retrofit_4,0.8,4.8,6.7,8.5,0.015125,9.72732144288724,retained_renamed_boiler_heating_energy_output,1,BLOCK BUILDINGBLOCK1 STOREY 0:Zone Mean Air Temperature [C](Daily),677.7,187.0,246,272,300,323,0,272,93
2100,421,SG_retrofit_3_Insul_retrofit_1_TR_retrofit_4_BW_current,0.8,4.8,0.45,8.7,0.019500000000000003,13.533410612956455,retained_renamed_boiler_heating_energy_output,1,BLOCK BUILDINGBLOCK1 STOREY 0:Zone Mean Air Temperature [C](Daily),493.7,170.68,255,286,311,332,0,286,79
2100,422,SG_retrofit_3_Insul_retrofit_1_TR_retrofit_4_BW_retrofit_1,0.8,4.8,4.2,8.7,0.01775,10.649564466808906,retained_renamed_boiler_heating_energy_output,1,BLOCK BUILDINGBLOCK1 STOREY 0:Zone Mean Air Temperature [C](Daily),675.7,180.04000000000002,246,276,303,322,0,276,89
2100,423,SG_retrofit_3_Insul_retrofit_1_TR_retrofit_4_BW_retrofit_2,0.8,4.8,4.4,8.7,0.016,10.087929595615146,retained_renamed_boiler_heating_energy_output,1,BLOCK BUILDINGBLOCK1 STOREY 0:Zone Mean Air Temperature [C](Daily),672.7,175.51000000000002,246,274,300,322,0,274,91
2100,424,SG_retrofit_3_Insul_retrofit_1_TR_retrofit_4_BW_retrofit_3,0.8,4.8,6.5,8.7,0.015125,9.708836514598625,retained_renamed_boiler_heating_energy_output,1,BLOCK BUILDINGBLOCK1 STOREY 0:Zone Mean Air Temperature [C](Daily),693.7,187.84,246,273,300,323,0,273,92
2100,425,SG_retrofit_3_Insul_retrofit_1_TR_retrofit_4_BW_retrofit_4,0.8,4.8,6.7,8.7,0.015125,9.690241031934356,retained_renamed_boiler_heating_energy_output,1,BLOCK BUILDINGBLOCK1 STOREY 0:Zone Mean Air Temperature [C](Daily),715.7,179.18,246,272,300,323,0,272,93
2100,426,SG_retrofit_3_Insul_retrofit_2_TR_current_BW_current,0.8,5.0,0.45,0.48,0.020000000000000004,16.58496919666705,retained_renamed_boiler_heating_energy_output,1,BLOCK BUILDINGBLOCK1 STOREY 0:Zone Mean Air Temperature [C](Daily),372.0,155.92,255,285,308,328,0,285,80
2100,427,SG_retrofit_3_Insul_retrofit_2_TR_current_BW_retrofit_1,0.8,5.0,4.2,0.48,0.01825,13.683508432023762,retained_renamed_boiler_heating_energy_output,1,BLOCK BUILDINGBLOCK1 STOREY 0:Zone Mean Air Temperature [C](Daily),554.0,165.27999999999997,246,270,299,322,0,270,95
2100,428,SG_retrofit_3_Insul_retrofit_2_TR_current_BW_retrofit_2,0.8,5.0,4.4,0.48,0.0165,13.152786274502718,retained_renamed_boiler_heating_energy_output,1,BLOCK BUILDINGBLOCK1 STOREY 0:Zone Mean Air Temperature [C](Daily),551.0,160.75,245,266,299,321,0,266,99
2100,429,SG_retrofit_3_Insul_retrofit_2_TR_current_BW_retrofit_3,0.8,5.0,6.5,0.48,0.015625,12.734438632518337,retained_renamed_boiler_heating_energy_output,1,BLOCK BUILDINGBLOCK1 STOREY 0:Zone Mean Air Temperature [C](Daily),572.0,173.07999999999998,245,264,297,321,0,264,101
2100,430,SG_retrofit_3_Insul_retrofit_2_TR_current_BW_retrofit_4,0.8,5.0,6.7,0.48,0.015625,12.72223273914572,retained_renamed_boiler_heating_energy_output,1,BLOCK BUILDINGBLOCK1 STOREY 0:Zone Mean Air Temperature [C](Daily),594.0,164.42,245,264,297,321,0,264,101
2100,431,SG_retrofit_3_Insul_retrofit_2_TR_retrofit_1_BW_current,0.8,5.0,0.45,4.5,0.019750000000000004,13.763622334456334,retained_renamed_boiler_heating_energy_output,1,BLOCK BUILDINGBLOCK1 STOREY 0:Zone Mean Air Temperature [C](Daily),461.5,179.20999999999998,255,285,310,330,0,285,80
2100,432,SG_retrofit_3_Insul_retrofit_2_TR_retrofit_1_BW_retrofit_1,0.8,5.0,4.2,4.5,0.018,10.818864492639214,retained_renamed_boiler_heating_energy_output,1,BLOCK BUILDINGBLOCK1 STOREY 0:Zone Mean Air Temperature [C](Daily),643.5,188.56999999999996,246,272,300,322,0,272,93
2100,433,SG_retrofit_3_Insul_retrofit_2_TR_retrofit_1_BW_retrofit_2,0.8,5.0,4.4,4.5,0.01625,10.28478680972758,retained_renamed_boiler_heating_energy_output,1,BLOCK BUILDINGBLOCK1 STOREY 0:Zone Mean Air Temperature [C](Daily),640.5,184.04,246,270,299,322,0,270,95
2100,434,SG_retrofit_3_Insul_retrofit_2_TR_retrofit_1_BW_retrofit_3,0.8,5.0,6.5,4.5,0.015375,9.993503997898557,retained_renamed_boiler_heating_energy_output,1,BLOCK BUILDINGBLOCK1 STOREY 0:Zone Mean Air Temperature [C](Daily),661.5,196.36999999999998,245,265,298,322,0,265,100
2100,435,SG_retrofit_3_Insul_retrofit_2_TR_retrofit_1_BW_retrofit_4,0.8,5.0,6.7,4.5,0.015375,9.889023034838855,retained_renamed_boiler_heating_energy_output,1,BLOCK BUILDINGBLOCK1 STOREY 0:Zone Mean Air Temperature [C](Daily),683.5,187.70999999999998,245,265,297,321,0,265,100
2100,436,SG_retrofit_3_Insul_retrofit_2_TR_retrofit_2_BW_current,0.8,5.0,0.45,4.7,0.019500000000000003,13.786876056169307,retained_renamed_boiler_heating_energy_output,1,BLOCK BUILDINGBLOCK1 STOREY 0:Zone Mean Air Temperature [C](Daily),477.0,160.67999999999998,255,285,310,329,0,285,80
2100,437,SG_retrofit_3_Insul_retrofit_2_TR_retrofit_2_BW_retrofit_1,0.8,5.0,4.2,4.7,0.01775,10.760494099539335,retained_renamed_boiler_heating_energy_output,1,BLOCK BUILDINGBLOCK1 STOREY 0:Zone Mean Air Temperature [C](Daily),659.0,170.03999999999996,246,272,300,322,0,272,93
2100,438,SG_retrofit_3_Insul_retrofit_2_TR_retrofit_2_BW_retrofit_2,0.8,5.0,4.4,4.7,0.016,10.260846112221724,retained_renamed_boiler_heating_energy_output,1,BLOCK BUILDINGBLOCK1 STOREY 0:Zone Mean Air Temperature [C](Daily),656.0,165.51,245,269,299,322,0,269,96
2100,439,SG_retrofit_3_Insul_retrofit_2_TR_retrofit_2_BW_retrofit_3,0.8,5.0,6.5,4.7,0.015125,9.887527557738938,retained_renamed_boiler_heating_energy_output,1,BLOCK BUILDINGBLOCK1 STOREY 0:Zone Mean Air Temperature [C](Daily),677.0,177.83999999999997,245,265,298,322,0,265,100
2100,440,SG_retrofit_3_Insul_retrofit_2_TR_retrofit_2_BW_retrofit_4,0.8,5.0,6.7,4.7,0.015125,9.858263066814379,retained_renamed_boiler_heating_energy_output,1,BLOCK BUILDINGBLOCK1 STOREY 0:Zone Mean Air Temperature [C](Daily),699.0,169.17999999999998,245,265,297,321,0,265,100
2100,441,SG_retrofit_3_Insul_retrofit_2_TR_retrofit_3_BW_current,0.8,5.0,0.45,8.5,0.019250000000000003,13.459503620010118,retained_renamed_boiler_heating_energy_output,1,BLOCK BUILDINGBLOCK1 STOREY 0:Zone Mean Air Temperature [C](Daily),473.0,174.42,255,285,310,329,0,285,80
2100,442,SG_retrofit_3_Insul_retrofit_2_TR_retrofit_3_BW_retrofit_1,0.8,5.0,4.2,8.5,0.017499999999999998,10.543424445769018,retained_renamed_boiler_heating_energy_output,1,BLOCK BUILDINGBLOCK1 STOREY 0:Zone Mean Air Temperature [C](Daily),655.0,183.77999999999997,246,273,300,322,0,273,92
2100,443,SG_retrofit_3_Insul_retrofit_2_TR_retrofit_3_BW_retrofit_2,0.8,5.0,4.4,8.5,0.01575,9.848480846093295,retained_renamed_boiler_heating_energy_output,1,BLOCK BUILDINGBLOCK1 STOREY 0:Zone Mean Air Temperature [C](Daily),652.0,179.25,245,268,299,322,0,268,97
2100,444,SG_retrofit_3_Insul_retrofit_2_TR_retrofit_3_BW_retrofit_3,0.8,5.0,6.5,8.5,0.014875,9.537820961495223,retained_renamed_boiler_heating_energy_output,1,BLOCK BUILDINGBLOCK1 STOREY 0:Zone Mean Air Temperature [C](Daily),673.0,191.57999999999998,245,266,298,322,0,266,99
2100,445,SG_retrofit_3_Insul_retrofit_2_TR_retrofit_3_BW_retrofit_4,0.8,5.0,6.7,8.5,0.014875,9.507334458320065,retained_renamed_boiler_heating_energy_output,1,BLOCK BUILDINGBLOCK1 STOREY 0:Zone Mean Air Temperature [C](Daily),695.0,182.92,244,266,297,322,0,266,99
2100,446,SG_retrofit_3_Insul_retrofit_2_TR_retrofit_4_BW_current,0.8,5.0,0.45,8.7,0.019250000000000003,13.427755202341809,retained_renamed_boiler_heating_energy_output,1,BLOCK BUILDINGBLOCK1 STOREY 0:Zone Mean Air Temperature [C](Daily),511.0,166.6,255,285,310,329,0,285,80
2100,447,SG_retrofit_3_Insul_retrofit_2_TR_retrofit_4_BW_retrofit_1,0.8,5.0,4.2,8.7,0.017499999999999998,10.485795434836733,retained_renamed_boiler_heating_energy_output,1,BLOCK BUILDINGBLOCK1 STOREY 0:Zone Mean Air Temperature [C](Daily),693.0,175.95999999999998,246,273,300,322,0,273,92
2100,448,SG_retrofit_3_Insul_retrofit_2_TR_retrofit_4_BW_retrofit_2,0.8,5.0,4.4,8.7,0.01575,9.94561312813659,retained_renamed_boiler_heating_energy_output,1,BLOCK BUILDINGBLOCK1 STOREY 0:Zone Mean Air Temperature [C](Daily),690.0,171.43,245,268,299,322,0,268,97
2100,449,SG_retrofit_3_Insul_retrofit_2_TR_retrofit_4_BW_retrofit_3,0.8,5.0,6.5,8.7,0.014875,9.54914428989514,retained_renamed_boiler_heating_energy_output,1,BLOCK BUILDINGBLOCK1 STOREY 0:Zone Mean Air Temperature [C](Daily),711.0,183.76,245,266,298,322,0,266,99
2100,450,SG_retrofit_3_Insul_retrofit_2_TR_retrofit_4_BW_retrofit_4,0.8,5.0,6.7,8.7,0.014875,9.596873385161688,retained_renamed_boiler_heating_energy_output,1,BLOCK BUILDINGBLOCK1 STOREY 0:Zone Mean Air Temperature [C](Daily),733.0,175.1,244,266,297,322,0,266,99
2100,451,SG_retrofit_3_Insul_retrofit_3_TR_current_BW_current,0.8,5.5,0.45,0.48,0.019750000000000004,16.610658419263462,retained_renamed_boiler_heating_energy_output,1,BLOCK BUILDINGBLOCK1 STOREY 0:Zone Mean Air Temperature [C](Daily),382.9,161.0,255,283,308,325,0,283,82
2100,452,SG_retrofit_3_Insul_retrofit_3_TR_current_BW_retrofit_1,0.8,5.5,4.2,0.48,0.018,13.67942552072304,retained_renamed_boiler_heating_energy_output,1,BLOCK BUILDINGBLOCK1 STOREY 0:Zone Mean Air Temperature [C](Daily),564.9,170.36,246,268,299,321,0,268,97
2100,453,SG_retrofit_3_Insul_retrofit_3_TR_current_BW_retrofit_2,0.8,5.5,4.4,0.48,0.01625,12.974583324312588,retained_renamed_boiler_heating_energy_output,1,BLOCK BUILDINGBLOCK1 STOREY 0:Zone Mean Air Temperature [C](Daily),561.9,165.83,244,264,297,320,0,264,101
2100,454,SG_retrofit_3_Insul_retrofit_3_TR_current_BW_retrofit_3,0.8,5.5,6.5,0.48,0.015375,12.64311688850161,retained_renamed_boiler_heating_energy_output,1,BLOCK BUILDINGBLOCK1 STOREY 0:Zone Mean Air Temperature [C](Daily),582.9,178.16,245,264,295,319,0,264,101
2100,455,SG_retrofit_3_Insul_retrofit_3_TR_current_BW_retrofit_4,0.8,5.5,6.7,0.48,0.015375,12.636976679888335,retained_renamed_boiler_heating_energy_output,1,BLOCK BUILDINGBLOCK1 STOREY 0:Zone Mean Air Temperature [C](Daily),604.9,169.5,245,264,295,317,0,264,101
2100,456,SG_retrofit_3_Insul_retrofit_3_TR_retrofit_1_BW_current,0.8,5.5,0.45,4.5,0.019500000000000003,13.843369182018158,retained_renamed_boiler_heating_energy_output,1,BLOCK BUILDINGBLOCK1 STOREY 0:Zone Mean Air Temperature [C](Daily),472.4,184.29,255,285,308,328,0,285,80
2100,457,SG_retrofit_3_Insul_retrofit_3_TR_retrofit_1_BW_retrofit_1,0.8,5.5,4.2,4.5,0.01775,10.73562266885521,retained_renamed_boiler_heating_energy_output,1,BLOCK BUILDINGBLOCK1 STOREY 0:Zone Mean Air Temperature [C](Daily),654.4,193.65,246,269,299,322,0,269,96
2100,458,SG_retrofit_3_Insul_retrofit_3_TR_retrofit_1_BW_retrofit_2,0.8,5.5,4.4,4.5,0.016,10.256729759884866,retained_renamed_boiler_heating_energy_output,1,BLOCK BUILDINGBLOCK1 STOREY 0:Zone Mean Air Temperature [C](Daily),651.4,189.12,245,265,299,322,0,265,100
2100,459,SG_retrofit_3_Insul_retrofit_3_TR_retrofit_1_BW_retrofit_3,0.8,5.5,6.5,4.5,0.015125,9.809967929024266,retained_renamed_boiler_heating_energy_output,1,BLOCK BUILDINGBLOCK1 STOREY 0:Zone Mean Air Temperature [C](Daily),672.4,201.45,244,264,297,320,0,264,101
2100,460,SG_retrofit_3_Insul_retrofit_3_TR_retrofit_1_BW_retrofit_4,0.8,5.5,6.7,4.5,0.015125,9.854615426604976,retained_renamed_boiler_heating_energy_output,1,BLOCK BUILDINGBLOCK1 STOREY 0:Zone Mean Air Temperature [C](Daily),694.4,192.79,244,264,297,320,0,264,101
2100,461,SG_retrofit_3_Insul_retrofit_3_TR_retrofit_2_BW_current,0.8,5.5,0.45,4.7,0.019250000000000003,13.748557027892574,retained_renamed_boiler_heating_energy_output,1,BLOCK BUILDINGBLOCK1 STOREY 0:Zone Mean Air Temperature [C](Daily),487.9,165.76,255,284,308,328,0,284,81
2100,462,SG_retrofit_3_Insul_retrofit_3_TR_retrofit_2_BW_retrofit_1,0.8,5.5,4.2,4.7,0.017499999999999998,10.651542271683107,retained_renamed_boiler_heating_energy_output,1,BLOCK BUILDINGBLOCK1 STOREY 0:Zone Mean Air Temperature [C](Daily),669.9,175.12,246,269,299,322,0,269,96
2100,463,SG_retrofit_3_Insul_retrofit_3_TR_retrofit_2_BW_retrofit_2,0.8,5.5,4.4,4.7,0.01575,10.043311724869973,retained_renamed_boiler_heating_energy_output,1,BLOCK BUILDINGBLOCK1 STOREY 0:Zone Mean Air Temperature [C](Daily),666.9,170.59,245,265,298,321,0,265,100
2100,464,SG_retrofit_3_Insul_retrofit_3_TR_retrofit_2_BW_retrofit_3,0.8,5.5,6.5,4.7,0.014875,9.762437049734638,retained_renamed_boiler_heating_energy_output,1,BLOCK BUILDINGBLOCK1 STOREY 0:Zone Mean Air Temperature [C](Daily),687.9,182.92,243,264,297,320,0,264,101
2100,465,SG_retrofit_3_Insul_retrofit_3_TR_retrofit_2_BW_retrofit_4,0.8,5.5,6.7,4.7,0.014875,9.716027061525574,retained_renamed_boiler_heating_energy_output,1,BLOCK BUILDINGBLOCK1 STOREY 0:Zone Mean Air Temperature [C](Daily),709.9,174.26,243,264,297,320,0,264,101
2100,466,SG_retrofit_3_Insul_retrofit_3_TR_retrofit_3_BW_current,0.8,5.5,0.45,8.5,0.019000000000000003,13.381527795867042,retained_renamed_boiler_heating_energy_output,1,BLOCK BUILDINGBLOCK1 STOREY 0:Zone Mean Air Temperature [C](Daily),483.9,179.5,255,284,309,327,0,284,81
2100,467,SG_retrofit_3_Insul_retrofit_3_TR_retrofit_3_BW_retrofit_1,0.8,5.5,4.2,8.5,0.017249999999999998,10.388372061379672,retained_renamed_boiler_heating_energy_output,1,BLOCK BUILDINGBLOCK1 STOREY 0:Zone Mean Air Temperature [C](Daily),665.9,188.86,246,269,299,322,0,269,96
2100,468,SG_retrofit_3_Insul_retrofit_3_TR_retrofit_3_BW_retrofit_2,0.8,5.5,4.4,8.5,0.0155,9.960555526496204,retained_renamed_boiler_heating_energy_output,1,BLOCK BUILDINGBLOCK1 STOREY 0:Zone Mean Air Temperature [C](Daily),662.9,184.33,245,265,298,322,0,265,100
2100,469,SG_retrofit_3_Insul_retrofit_3_TR_retrofit_3_BW_retrofit_3,0.8,5.5,6.5,8.5,0.014624999999999999,9.447570798116926,retained_renamed_boiler_heating_energy_output,1,BLOCK BUILDINGBLOCK1 STOREY 0:Zone Mean Air Temperature [C](Daily),683.9,196.66,242,264,297,320,0,264,101
2100,470,SG_retrofit_3_Insul_retrofit_3_TR_retrofit_3_BW_retrofit_4,0.8,5.5,6.7,8.5,0.014624999999999999,9.42517307802091,retained_renamed_boiler_heating_energy_output,1,BLOCK BUILDINGBLOCK1 STOREY 0:Zone Mean Air Temperature [C](Daily),705.9,188.0,242,264,297,320,0,264,101
2100,471,SG_retrofit_3_Insul_retrofit_3_TR_retrofit_4_BW_current,0.8,5.5,0.45,8.7,0.019000000000000003,13.358815980031762,retained_renamed_boiler_heating_energy_output,1,BLOCK BUILDINGBLOCK1 STOREY 0:Zone Mean Air Temperature [C](Daily),521.9,171.68,255,284,309,327,0,284,81
2100,472,SG_retrofit_3_Insul_retrofit_3_TR_retrofit_4_BW_retrofit_1,0.8,5.5,4.2,8.7,0.017249999999999998,10.450204883215001,retained_renamed_boiler_heating_energy_output,1,BLOCK BUILDINGBLOCK1 STOREY 0:Zone Mean Air Temperature [C](Daily),703.9,181.04000000000002,246,269,299,322,0,269,96
2100,473,SG_retrofit_3_Insul_retrofit_3_TR_retrofit_4_BW_retrofit_2,0.8,5.5,4.4,8.7,0.0155,9.880246551650576,retained_renamed_boiler_heating_energy_output,1,BLOCK BUILDINGBLOCK1 STOREY 0:Zone Mean Air Temperature [C](Daily),700.9,176.51000000000002,245,265,298,322,0,265,100
2100,474,SG_retrofit_3_Insul_retrofit_3_TR_retrofit_4_BW_retrofit_3,0.8,5.5,6.5,8.7,0.014624999999999999,9.456858420224133,retained_renamed_boiler_heating_energy_output,1,BLOCK BUILDINGBLOCK1 STOREY 0:Zone Mean Air Temperature [C](Daily),721.9,188.84,242,264,297,320,0,264,101
2100,475,SG_retrofit_3_Insul_retrofit_3_TR_retrofit_4_BW_retrofit_4,0.8,5.5,6.7,8.7,0.014624999999999999,9.36105899152525,retained_renamed_boiler_heating_energy_output,1,BLOCK BUILDINGBLOCK1 STOREY 0:Zone Mean Air Temperature [C](Daily),743.9,180.18,242,264,297,320,0,264,101
2100,476,SG_retrofit_3_Insul_retrofit_4_TR_current_BW_current,0.8,5.6,0.45,0.48,0.019750000000000004,16.554914256792657,retained_renamed_boiler_heating_energy_output,1,BLOCK BUILDINGBLOCK1 STOREY 0:Zone Mean Air Temperature [C](Daily),403.0,157.0,254,283,307,324,0,283,82
2100,477,SG_retrofit_3_Insul_retrofit_4_TR_current_BW_retrofit_1,0.8,5.6,4.2,0.48,0.018,13.614951707461865,retained_renamed_boiler_heating_energy_output,1,BLOCK BUILDINGBLOCK1 STOREY 0:Zone Mean Air Temperature [C](Daily),585.0,166.36,246,268,299,321,0,268,97
2100,478,SG_retrofit_3_Insul_retrofit_4_TR_current_BW_retrofit_2,0.8,5.6,4.4,0.48,0.01625,12.956296232493203,retained_renamed_boiler_heating_energy_output,1,BLOCK BUILDINGBLOCK1 STOREY 0:Zone Mean Air Temperature [C](Daily),582.0,161.83,245,264,297,320,0,264,101
2100,479,SG_retrofit_3_Insul_retrofit_4_TR_current_BW_retrofit_3,0.8,5.6,6.5,0.48,0.015375,12.690988338090413,retained_renamed_boiler_heating_energy_output,1,BLOCK BUILDINGBLOCK1 STOREY 0:Zone Mean Air Temperature [C](Daily),603.0,174.16,245,264,295,317,0,264,101
2100,480,SG_retrofit_3_Insul_retrofit_4_TR_current_BW_retrofit_4,0.8,5.6,6.7,0.48,0.015375,12.550741161226389,retained_renamed_boiler_heating_energy_output,1,BLOCK BUILDINGBLOCK1 STOREY 0:Zone Mean Air Temperature [C](Daily),625.0,165.5,245,264,295,317,0,264,101
2100,481,SG_retrofit_3_Insul_retrofit_4_TR_retrofit_1_BW_current,0.8,5.6,0.45,4.5,0.019500000000000003,13.821023299284512,retained_renamed_boiler_heating_energy_output,1,BLOCK BUILDINGBLOCK1 STOREY 0:Zone Mean Air Temperature [C](Daily),492.5,180.29,254,285,309,327,0,285,80
2100,482,SG_retrofit_3_Insul_retrofit_4_TR_retrofit_1_BW_retrofit_1,0.8,5.6,4.2,4.5,0.01775,10.736021652724427,retained_renamed_boiler_heating_energy_output,1,BLOCK BUILDINGBLOCK1 STOREY 0:Zone Mean Air Temperature [C](Daily),674.5,189.65,246,269,299,322,0,269,96
2100,483,SG_retrofit_3_Insul_retrofit_4_TR_retrofit_1_BW_retrofit_2,0.8,5.6,4.4,4.5,0.016,10.20477508152726,retained_renamed_boiler_heating_energy_output,1,BLOCK BUILDINGBLOCK1 STOREY 0:Zone Mean Air Temperature [C](Daily),671.5,185.12,245,265,298,321,0,265,100
2100,484,SG_retrofit_3_Insul_retrofit_4_TR_retrofit_1_BW_retrofit_3,0.8,5.6,6.5,4.5,0.015125,9.839952088376863,retained_renamed_boiler_heating_energy_output,1,BLOCK BUILDINGBLOCK1 STOREY 0:Zone Mean Air Temperature [C](Daily),692.5,197.45,244,264,297,320,0,264,101
2100,485,SG_retrofit_3_Insul_retrofit_4_TR_retrofit_1_BW_retrofit_4,0.8,5.6,6.7,4.5,0.015125,9.779058224155664,retained_renamed_boiler_heating_energy_output,1,BLOCK BUILDINGBLOCK1 STOREY 0:Zone Mean Air Temperature [C](Daily),714.5,188.79,244,264,297,320,0,264,101
2100,486,SG_retrofit_3_Insul_retrofit_4_TR_retrofit_2_BW_current,0.8,5.6,0.45,4.7,0.019250000000000003,13.665268220169896,retained_renamed_boiler_heating_energy_output,1,BLOCK BUILDINGBLOCK1 STOREY 0:Zone Mean Air Temperature [C](Daily),508.0,161.76,254,284,309,326,0,284,81
2100,487,SG_retrofit_3_Insul_retrofit_4_TR_retrofit_2_BW_retrofit_1,0.8,5.6,4.2,4.7,0.017499999999999998,10.714284418223185,retained_renamed_boiler_heating_energy_output,1,BLOCK BUILDINGBLOCK1 STOREY 0:Zone Mean Air Temperature [C](Daily),690.0,171.12,246,269,299,322,0,269,96
2100,488,SG_retrofit_3_Insul_retrofit_4_TR_retrofit_2_BW_retrofit_2,0.8,5.6,4.4,4.7,0.01575,10.100506302352754,retained_renamed_boiler_heating_energy_output,1,BLOCK BUILDINGBLOCK1 STOREY 0:Zone Mean Air Temperature [C](Daily),687.0,166.59,245,264,298,321,0,264,101
2100,489,SG_retrofit_3_Insul_retrofit_4_TR_retrofit_2_BW_retrofit_3,0.8,5.6,6.5,4.7,0.014875,9.703409259126877,retained_renamed_boiler_heating_energy_output,1,BLOCK BUILDINGBLOCK1 STOREY 0:Zone Mean Air Temperature [C](Daily),708.0,178.92,243,264,297,320,0,264,101
2100,490,SG_retrofit_3_Insul_retrofit_4_TR_retrofit_2_BW_retrofit_4,0.8,5.6,6.7,4.7,0.014875,9.709548620954342,retained_renamed_boiler_heating_energy_output,1,BLOCK BUILDINGBLOCK1 STOREY 0:Zone Mean Air Temperature [C](Daily),730.0,170.26,243,264,297,319,0,264,101
2100,491,SG_retrofit_3_Insul_retrofit_4_TR_retrofit_3_BW_current,0.8,5.6,0.45,8.5,0.019000000000000003,13.367601772041118,retained_renamed_boiler_heating_energy_output,1,BLOCK BUILDINGBLOCK1 STOREY 0:Zone Mean Air Temperature [C](Daily),504.0,175.5,254,284,308,326,0,284,81
2100,492,SG_retrofit_3_Insul_retrofit_4_TR_retrofit_3_BW_retrofit_1,0.8,5.6,4.2,8.5,0.017249999999999998,10.377725686292534,retained_renamed_boiler_heating_energy_output,1,BLOCK BUILDINGBLOCK1 STOREY 0:Zone Mean Air Temperature [C](Daily),686.0,184.86,246,269,299,322,0,269,96
2100,493,SG_retrofit_3_Insul_retrofit_4_TR_retrofit_3_BW_retrofit_2,0.8,5.6,4.4,8.5,0.0155,9.841481589390298,retained_renamed_boiler_heating_energy_output,1,BLOCK BUILDINGBLOCK1 STOREY 0:Zone Mean Air Temperature [C](Daily),683.0,180.33,245,264,298,321,0,264,101
2100,494,SG_retrofit_3_Insul_retrofit_4_TR_retrofit_3_BW_retrofit_3,0.8,5.6,6.5,8.5,0.014624999999999999,9.462575107077436,retained_renamed_boiler_heating_energy_output,1,BLOCK BUILDINGBLOCK1 STOREY 0:Zone Mean Air Temperature [C](Daily),704.0,192.66,242,265,297,320,0,265,100
2100,495,SG_retrofit_3_Insul_retrofit_4_TR_retrofit_3_BW_retrofit_4,0.8,5.6,6.7,8.5,0.014624999999999999,9.464880717419403,retained_renamed_boiler_heating_energy_output,1,BLOCK BUILDINGBLOCK1 STOREY 0:Zone Mean Air Temperature [C](Daily),726.0,184.0,242,264,297,320,0,264,101
2100,496,SG_retrofit_3_Insul_retrofit_4_TR_retrofit_4_BW_current,0.8,5.6,0.45,8.7,0.019000000000000003,13.301675554296029,retained_renamed_boiler_heating_energy_output,1,BLOCK BUILDINGBLOCK1 STOREY 0:Zone Mean Air Temperature [C](Daily),542.0,167.68,254,284,308,326,0,284,81
2100,497,SG_retrofit_3_Insul_retrofit_4_TR_retrofit_4_BW_retrofit_1,0.8,5.6,4.2,8.7,0.017249999999999998,10.348717610879904,retained_renamed_boiler_heating_energy_output,1,BLOCK BUILDINGBLOCK1 STOREY 0:Zone Mean Air Temperature [C](Daily),724.0,177.04000000000002,246,269,299,322,0,269,96
2100,498,SG_retrofit_3_Insul_retrofit_4_TR_retrofit_4_BW_retrofit_2,0.8,5.6,4.4,8.7,0.0155,9.798642984805364,retained_renamed_boiler_heating_energy_output,1,BLOCK BUILDINGBLOCK1 STOREY 0:Zone Mean Air Temperature [C](Daily),721.0,172.51000000000002,245,264,298,321,0,264,101
2100,499,SG_retrofit_3_Insul_retrofit_4_TR_retrofit_4_BW_retrofit_3,0.8,5.6,6.5,8.7,0.014624999999999999,9.46281529827018,retained_renamed_boiler_heating_energy_output,1,BLOCK BUILDINGBLOCK1 STOREY 0:Zone Mean Air Temperature [C](Daily),742.0,184.84,242,265,297,320,0,265,100
2100,500,SG_retrofit_3_Insul_retrofit_4_TR_retrofit_4_BW_retrofit_4,0.8,5.6,6.7,8.7,0.014624999999999999,9.45295196512257,retained_renamed_boiler_heating_energy_output,1,BLOCK BUILDINGBLOCK1 STOREY 0:Zone Mean Air Temperature [C](Daily),764.0,176.18,242,264,297,320,0,264,101
2100,501,SG_retrofit_4_Insul_current_TR_current_BW_current,0.81,0.41,0.45,0.48,0.019375000000000003,18.315564550801007,retained_renamed_boiler_heating_energy_output,1,BLOCK BUILDINGBLOCK1 STOREY 0:Zone Mean Air Temperature [C](Daily),622.0,120.0,300,322,343,358,0,322,43
2100,502,SG_retrofit_4_Insul_current_TR_current_BW_retrofit_1,0.81,0.41,4.2,0.48,0.017625,15.485348835990651,retained_renamed_boiler_heating_energy_output,1,BLOCK BUILDINGBLOCK1 STOREY 0:Zone Mean Air Temperature [C](Daily),804.0,129.36,300,323,345,358,0,323,42
2100,503,SG_retrofit_4_Insul_current_TR_current_BW_retrofit_2,0.81,0.41,4.4,0.48,0.015875,14.968310342146287,retained_renamed_boiler_heating_energy_output,1,BLOCK BUILDINGBLOCK1 STOREY 0:Zone Mean Air Temperature [C](Daily),801.0,124.83,299,323,346,358,0,323,42
2100,504,SG_retrofit_4_Insul_current_TR_current_BW_retrofit_3,0.81,0.41,6.5,0.48,0.015,14.679316627471815,retained_renamed_boiler_heating_energy_output,1,BLOCK BUILDINGBLOCK1 STOREY 0:Zone Mean Air Temperature [C](Daily),822.0,137.16,299,325,347,359,0,325,40
2100,505,SG_retrofit_4_Insul_current_TR_current_BW_retrofit_4,0.81,0.41,6.7,0.48,0.015,14.599254232992486,retained_renamed_boiler_heating_energy_output,1,BLOCK BUILDINGBLOCK1 STOREY 0:Zone Mean Air Temperature [C](Daily),844.0,128.5,300,325,347,359,0,325,40
2100,506,SG_retrofit_4_Insul_current_TR_retrofit_1_BW_current,0.81,0.41,0.45,4.5,0.019125000000000003,15.570301094989052,retained_renamed_boiler_heating_energy_output,1,BLOCK BUILDINGBLOCK1 STOREY 0:Zone Mean Air Temperature [C](Daily),711.5,143.29,301,324,343,358,0,324,41
2100,507,SG_retrofit_4_Insul_current_TR_retrofit_1_BW_retrofit_1,0.81,0.41,4.2,4.5,0.017374999999999998,12.713993465302526,retained_renamed_boiler_heating_energy_output,1,BLOCK BUILDINGBLOCK1 STOREY 0:Zone Mean Air Temperature [C](Daily),893.5,152.65,300,326,347,358,0,326,39
2100,508,SG_retrofit_4_Insul_current_TR_retrofit_1_BW_retrofit_2,0.81,0.41,4.4,4.5,0.015625,12.210931970937335,retained_renamed_boiler_heating_energy_output,1,BLOCK BUILDINGBLOCK1 STOREY 0:Zone Mean Air Temperature [C](Daily),890.5,148.12,300,326,348,359,0,326,39
2100,509,SG_retrofit_4_Insul_current_TR_retrofit_1_BW_retrofit_3,0.81,0.41,6.5,4.5,0.01475,11.813252044383514,retained_renamed_boiler_heating_energy_output,1,BLOCK BUILDINGBLOCK1 STOREY 0:Zone Mean Air Temperature [C](Daily),911.5,160.45,300,327,348,359,0,327,38
2100,510,SG_retrofit_4_Insul_current_TR_retrofit_1_BW_retrofit_4,0.81,0.41,6.7,4.5,0.01475,11.815557025692303,retained_renamed_boiler_heating_energy_output,1,BLOCK BUILDINGBLOCK1 STOREY 0:Zone Mean Air Temperature [C](Daily),933.5,151.79,300,327,349,359,0,327,38
2100,511,SG_retrofit_4_Insul_current_TR_retrofit_2_BW_current,0.81,0.41,0.45,4.7,0.018875000000000003,15.53521708842362,retained_renamed_boiler_heating_energy_output,1,BLOCK BUILDINGBLOCK1 STOREY 0:Zone Mean Air Temperature [C](Daily),727.0,124.76,301,324,343,358,0,324,41
2100,512,SG_retrofit_4_Insul_current_TR_retrofit_2_BW_retrofit_1,0.81,0.41,4.2,4.7,0.017125,12.56256241273659,retained_renamed_boiler_heating_energy_output,1,BLOCK BUILDINGBLOCK1 STOREY 0:Zone Mean Air Temperature [C](Daily),909.0,134.12,300,326,348,359,0,326,39
2100,513,SG_retrofit_4_Insul_current_TR_retrofit_2_BW_retrofit_2,0.81,0.41,4.4,4.7,0.015375,12.093018570190235,retained_renamed_boiler_heating_energy_output,1,BLOCK BUILDINGBLOCK1 STOREY 0:Zone Mean Air Temperature [C](Daily),906.0,129.59,300,326,348,359,0,326,39
2100,514,SG_retrofit_4_Insul_current_TR_retrofit_2_BW_retrofit_3,0.81,0.41,6.5,4.7,0.014500000000000002,11.715689323916447,retained_renamed_boiler_heating_energy_output,1,BLOCK BUILDINGBLOCK1 STOREY 0:Zone Mean Air Temperature [C](Daily),927.0,141.92,300,327,349,359,0,327,38
2100,515,SG_retrofit_4_Insul_current_TR_retrofit_2_BW_retrofit_4,0.81,0.41,6.7,4.7,0.014500000000000002,11.706131809747898,retained_renamed_boiler_heating_energy_output,1,BLOCK BUILDINGBLOCK1 STOREY 0:Zone Mean Air Temperature [C](Daily),949.0,133.26,300,327,349,359,0,327,38
2100,516,SG_retrofit_4_Insul_current_TR_retrofit_3_BW_current,0.81,0.41,0.45,8.5,0.018625,15.225569238138615,retained_renamed_boiler_heating_energy_output,1,BLOCK BUILDINGBLOCK1 STOREY 0:Zone Mean Air Temperature [C](Daily),723.0,138.5,301,324,343,358,0,324,41
2100,517,SG_retrofit_4_Insul_current_TR_retrofit_3_BW_retrofit_1,0.81,0.41,4.2,8.5,0.016874999999999998,12.426806342765033,retained_renamed_boiler_heating_energy_output,1,BLOCK BUILDINGBLOCK1 STOREY 0:Zone Mean Air Temperature [C](Daily),905.0,147.86,300,327,348,359,0,327,38
2100,518,SG_retrofit_4_Insul_current_TR_retrofit_3_BW_retrofit_2,0.81,0.41,4.4,8.5,0.015125,11.756688342694744,retained_renamed_boiler_heating_energy_output,1,BLOCK BUILDINGBLOCK1 STOREY 0:Zone Mean Air Temperature [C](Daily),902.0,143.32999999999998,300,326,349,359,0,326,39
2100,519,SG_retrofit_4_Insul_current_TR_retrofit_3_BW_retrofit_3,0.81,0.41,6.5,8.5,0.014249999999999999,11.45236326071903,retained_renamed_boiler_heating_energy_output,1,BLOCK BUILDINGBLOCK1 STOREY 0:Zone Mean Air Temperature [C](Daily),923.0,155.66,300,327,350,359,0,327,38
2100,520,SG_retrofit_4_Insul_current_TR_retrofit_3_BW_retrofit_4,0.81,0.41,6.7,8.5,0.014249999999999999,11.513735472987907,retained_renamed_boiler_heating_energy_output,1,BLOCK BUILDINGBLOCK1 STOREY 0:Zone Mean Air Temperature [C](Daily),945.0,147.0,300,327,350,359,0,327,38
2100,521,SG_retrofit_4_Insul_current_TR_retrofit_4_BW_current,0.81,0.41,0.45,8.7,0.018625,15.23775226206437,retained_renamed_boiler_heating_energy_output,1,BLOCK BUILDINGBLOCK1 STOREY 0:Zone Mean Air Temperature [C](Daily),761.0,130.68,301,324,343,358,0,324,41
2100,522,SG_retrofit_4_Insul_current_TR_retrofit_4_BW_retrofit_1,0.81,0.41,4.2,8.7,0.016874999999999998,12.314431705243411,retained_renamed_boiler_heating_energy_output,1,BLOCK BUILDINGBLOCK1 STOREY 0:Zone Mean Air Temperature [C](Daily),943.0,140.04000000000002,300,327,348,359,0,327,38
2100,523,SG_retrofit_4_Insul_current_TR_retrofit_4_BW_retrofit_2,0.81,0.41,4.4,8.7,0.015125,11.74169026765585,retained_renamed_boiler_heating_energy_output,1,BLOCK BUILDINGBLOCK1 STOREY 0:Zone Mean Air Temperature [C](Daily),940.0,135.51,300,326,349,359,0,326,39
2100,524,SG_retrofit_4_Insul_current_TR_retrofit_4_BW_retrofit_3,0.81,0.41,6.5,8.7,0.014249999999999999,11.507145665162572,retained_renamed_boiler_heating_energy_output,1,BLOCK BUILDINGBLOCK1 STOREY 0:Zone Mean Air Temperature [C](Daily),961.0,147.84,300,327,350,359,0,327,38
2100,525,SG_retrofit_4_Insul_current_TR_retrofit_4_BW_retrofit_4,0.81,0.41,6.7,8.7,0.014249999999999999,11.464612683483603,retained_renamed_boiler_heating_energy_output,1,BLOCK BUILDINGBLOCK1 STOREY 0:Zone Mean Air Temperature [C](Daily),983.0,139.18,300,327,350,359,0,327,38
2100,526,SG_retrofit_4_Insul_retrofit_1_TR_current_BW_current,0.81,4.8,0.45,0.48,0.019125000000000003,16.517075835659718,retained_renamed_boiler_heating_energy_output,1,BLOCK BUILDINGBLOCK1 STOREY 0:Zone Mean Air Temperature [C](Daily),681.7,130.0,255,286,310,330,0,286,79
2100,527,SG_retrofit_4_Insul_retrofit_1_TR_current_BW_retrofit_1,0.81,4.8,4.2,0.48,0.017374999999999998,13.551819446197506,retained_renamed_boiler_heating_energy_output,1,BLOCK BUILDINGBLOCK1 STOREY 0:Zone Mean Air Temperature [C](Daily),863.7,139.36,247,272,300,322,0,272,93
2100,528,SG_retrofit_4_Insul_retrofit_1_TR_current_BW_retrofit_2,0.81,4.8,4.4,0.48,0.015625,12.998306785485374,retained_renamed_boiler_heating_energy_output,1,BLOCK BUILDINGBLOCK1 STOREY 0:Zone Mean Air Temperature [C](Daily),860.7,134.83,246,269,299,322,0,269,96
2100,529,SG_retrofit_4_Insul_retrofit_1_TR_current_BW_retrofit_3,0.81,4.8,6.5,0.48,0.01475,12.501178426413498,retained_renamed_boiler_heating_energy_output,1,BLOCK BUILDINGBLOCK1 STOREY 0:Zone Mean Air Temperature [C](Daily),881.7,147.16,245,265,299,322,0,265,100
2100,530,SG_retrofit_4_Insul_retrofit_1_TR_current_BW_retrofit_4,0.81,4.8,6.7,0.48,0.01475,12.571646349254056,retained_renamed_boiler_heating_energy_output,1,BLOCK BUILDINGBLOCK1 STOREY 0:Zone Mean Air Temperature [C](Daily),903.7,138.5,245,264,299,322,0,264,101
2100,531,SG_retrofit_4_Insul_retrofit_1_TR_retrofit_1_BW_current,0.81,4.8,0.45,4.5,0.018875000000000003,13.636390885806641,retained_renamed_boiler_heating_energy_output,1,BLOCK BUILDINGBLOCK1 STOREY 0:Zone Mean Air Temperature [C](Daily),771.2,153.29,255,286,311,332,0,286,79
2100,532,SG_retrofit_4_Insul_retrofit_1_TR_retrofit_1_BW_retrofit_1,0.81,4.8,4.2,4.5,0.017125,10.664373071130358,retained_renamed_boiler_heating_energy_output,1,BLOCK BUILDINGBLOCK1 STOREY 0:Zone Mean Air Temperature [C](Daily),953.2,162.65,246,276,301,322,0,276,89
2100,533,SG_retrofit_4_Insul_retrofit_1_TR_retrofit_1_BW_retrofit_2,0.81,4.8,4.4,4.5,0.015375,10.10334720064637,retained_renamed_boiler_heating_energy_output,1,BLOCK BUILDINGBLOCK1 STOREY 0:Zone Mean Air Temperature [C](Daily),950.2,158.12,246,274,300,322,0,274,91
2100,534,SG_retrofit_4_Insul_retrofit_1_TR_retrofit_1_BW_retrofit_3,0.81,4.8,6.5,4.5,0.014500000000000002,9.802513558968517,retained_renamed_boiler_heating_energy_output,1,BLOCK BUILDINGBLOCK1 STOREY 0:Zone Mean Air Temperature [C](Daily),971.2,170.45,245,270,299,323,0,270,95
2100,535,SG_retrofit_4_Insul_retrofit_1_TR_retrofit_1_BW_retrofit_4,0.81,4.8,6.7,4.5,0.014500000000000002,9.779898876619994,retained_renamed_boiler_heating_energy_output,1,BLOCK BUILDINGBLOCK1 STOREY 0:Zone Mean Air Temperature [C](Daily),993.2,161.79,245,270,299,322,0,270,95
2100,536,SG_retrofit_4_Insul_retrofit_1_TR_retrofit_2_BW_current,0.81,4.8,0.45,4.7,0.018625,13.569579872914485,retained_renamed_boiler_heating_energy_output,1,BLOCK BUILDINGBLOCK1 STOREY 0:Zone Mean Air Temperature [C](Daily),786.7,134.76,255,286,311,332,0,286,79
2100,537,SG_retrofit_4_Insul_retrofit_1_TR_retrofit_2_BW_retrofit_1,0.81,4.8,4.2,4.7,0.016875,10.59295019326792,retained_renamed_boiler_heating_energy_output,1,BLOCK BUILDINGBLOCK1 STOREY 0:Zone Mean Air Temperature [C](Daily),968.7,144.12,246,275,301,322,0,275,90
2100,538,SG_retrofit_4_Insul_retrofit_1_TR_retrofit_2_BW_retrofit_2,0.81,4.8,4.4,4.7,0.015125,10.069447309703218,retained_renamed_boiler_heating_energy_output,1,BLOCK BUILDINGBLOCK1 STOREY 0:Zone Mean Air Temperature [C](Daily),965.7,139.59,246,274,300,322,0,274,91
2100,539,SG_retrofit_4_Insul_retrofit_1_TR_retrofit_2_BW_retrofit_3,0.81,4.8,6.5,4.7,0.014250000000000002,9.583224517072093,retained_renamed_boiler_heating_energy_output,1,BLOCK BUILDINGBLOCK1 STOREY 0:Zone Mean Air Temperature [C](Daily),986.7,151.92,245,270,299,323,0,270,95
2100,540,SG_retrofit_4_Insul_retrofit_1_TR_retrofit_2_BW_retrofit_4,0.81,4.8,6.7,4.7,0.014250000000000002,9.615708145303069,retained_renamed_boiler_heating_energy_output,1,BLOCK BUILDINGBLOCK1 STOREY 0:Zone Mean Air Temperature [C](Daily),1008.7,143.26,245,269,299,323,0,269,96
2100,541,SG_retrofit_4_Insul_retrofit_1_TR_retrofit_3_BW_current,0.81,4.8,0.45,8.5,0.018375,13.34501637443771,retained_renamed_boiler_heating_energy_output,1,BLOCK BUILDINGBLOCK1 STOREY 0:Zone Mean Air Temperature [C](Daily),782.7,148.5,255,286,311,332,0,286,79
2100,542,SG_retrofit_4_Insul_retrofit_1_TR_retrofit_3_BW_retrofit_1,0.81,4.8,4.2,8.5,0.016625,10.325263470610828,retained_renamed_boiler_heating_energy_output,1,BLOCK BUILDINGBLOCK1 STOREY 0:Zone Mean Air Temperature [C](Daily),964.7,157.86,246,275,301,322,0,275,90
2100,543,SG_retrofit_4_Insul_retrofit_1_TR_retrofit_3_BW_retrofit_2,0.81,4.8,4.4,8.5,0.014875,9.792010647723599,retained_renamed_boiler_heating_energy_output,1,BLOCK BUILDINGBLOCK1 STOREY 0:Zone Mean Air Temperature [C](Daily),961.7,153.33,246,274,300,322,0,274,91
2100,544,SG_retrofit_4_Insul_retrofit_1_TR_retrofit_3_BW_retrofit_3,0.81,4.8,6.5,8.5,0.014000000000000002,9.404248338397387,retained_renamed_boiler_heating_energy_output,1,BLOCK BUILDINGBLOCK1 STOREY 0:Zone Mean Air Temperature [C](Daily),982.7,165.66,245,270,299,323,0,270,95
2100,545,SG_retrofit_4_Insul_retrofit_1_TR_retrofit_3_BW_retrofit_4,0.81,4.8,6.7,8.5,0.014000000000000002,9.400594245549051,retained_renamed_boiler_heating_energy_output,1,BLOCK BUILDINGBLOCK1 STOREY 0:Zone Mean Air Temperature [C](Daily),1004.7,157.0,245,269,299,323,0,269,96
2100,546,SG_retrofit_4_Insul_retrofit_1_TR_retrofit_4_BW_current,0.81,4.8,0.45,8.7,0.018375,13.357158856019337,retained_renamed_boiler_heating_energy_output,1,BLOCK BUILDINGBLOCK1 STOREY 0:Zone Mean Air Temperature [C](Daily),820.7,140.68,255,286,311,332,0,286,79
2100,547,SG_retrofit_4_Insul_retrofit_1_TR_retrofit_4_BW_retrofit_1,0.81,4.8,4.2,8.7,0.016625,10.362423371125962,retained_renamed_boiler_heating_energy_output,1,BLOCK BUILDINGBLOCK1 STOREY 0:Zone Mean Air Temperature [C](Daily),1002.7,150.04000000000002,246,275,301,322,0,275,90
2100,548,SG_retrofit_4_Insul_retrofit_1_TR_retrofit_4_BW_retrofit_2,0.81,4.8,4.4,8.7,0.014875,9.747200764415744,retained_renamed_boiler_heating_energy_output,1,BLOCK BUILDINGBLOCK1 STOREY 0:Zone Mean Air Temperature [C](Daily),999.7,145.51000000000002,246,274,300,322,0,274,91
2100,549,SG_retrofit_4_Insul_retrofit_1_TR_retrofit_4_BW_retrofit_3,0.81,4.8,6.5,8.7,0.014000000000000002,9.428653623172714,retained_renamed_boiler_heating_energy_output,1,BLOCK BUILDINGBLOCK1 STOREY 0:Zone Mean Air Temperature [C](Daily),1020.7,157.84,245,270,299,323,0,270,95
2100,550,SG_retrofit_4_Insul_retrofit_1_TR_retrofit_4_BW_retrofit_4,0.81,4.8,6.7,8.7,0.014000000000000002,9.388408091002903,retained_renamed_boiler_heating_energy_output,1,BLOCK BUILDINGBLOCK1 STOREY 0:Zone Mean Air Temperature [C](Daily),1042.7,149.18,245,269,299,323,0,269,96
2100,551,SG_retrofit_4_Insul_retrofit_2_TR_current_BW_current,0.81,5.0,0.45,0.48,0.018875000000000003,16.421398165242707,retained_renamed_boiler_heating_energy_output,1,BLOCK BUILDINGBLOCK1 STOREY 0:Zone Mean Air Temperature [C](Daily),699.0,125.92,255,283,307,326,0,283,82
2100,552,SG_retrofit_4_Insul_retrofit_2_TR_current_BW_retrofit_1,0.81,5.0,4.2,0.48,0.017125,13.334061447681096,retained_renamed_boiler_heating_energy_output,1,BLOCK BUILDINGBLOCK1 STOREY 0:Zone Mean Air Temperature [C](Daily),881.0,135.28,246,268,299,322,0,268,97
2100,553,SG_retrofit_4_Insul_retrofit_2_TR_current_BW_retrofit_2,0.81,5.0,4.4,0.48,0.015375,12.823839542184084,retained_renamed_boiler_heating_energy_output,1,BLOCK BUILDINGBLOCK1 STOREY 0:Zone Mean Air Temperature [C](Daily),878.0,130.75,245,264,297,321,0,264,101
2100,554,SG_retrofit_4_Insul_retrofit_2_TR_current_BW_retrofit_3,0.81,5.0,6.5,0.48,0.014500000000000002,12.33685257302357,retained_renamed_boiler_heating_energy_output,1,BLOCK BUILDINGBLOCK1 STOREY 0:Zone Mean Air Temperature [C](Daily),899.0,143.08,245,264,295,320,0,264,101
2100,555,SG_retrofit_4_Insul_retrofit_2_TR_current_BW_retrofit_4,0.81,5.0,6.7,0.48,0.014500000000000002,12.465961036060438,retained_renamed_boiler_heating_energy_output,1,BLOCK BUILDINGBLOCK1 STOREY 0:Zone Mean Air Temperature [C](Daily),921.0,134.42000000000002,245,264,295,320,0,264,101
2100,556,SG_retrofit_4_Insul_retrofit_2_TR_retrofit_1_BW_current,0.81,5.0,0.45,4.5,0.018625,13.661542437113198,retained_renamed_boiler_heating_energy_output,1,BLOCK BUILDINGBLOCK1 STOREY 0:Zone Mean Air Temperature [C](Daily),788.5,149.21,255,284,309,327,0,284,81
2100,557,SG_retrofit_4_Insul_retrofit_2_TR_retrofit_1_BW_retrofit_1,0.81,5.0,4.2,4.5,0.016875,10.562806326419034,retained_renamed_boiler_heating_energy_output,1,BLOCK BUILDINGBLOCK1 STOREY 0:Zone Mean Air Temperature [C](Daily),970.5,158.57,246,270,299,322,0,270,95
2100,558,SG_retrofit_4_Insul_retrofit_2_TR_retrofit_1_BW_retrofit_2,0.81,5.0,4.4,4.5,0.015125,9.977117212498364,retained_renamed_boiler_heating_energy_output,1,BLOCK BUILDINGBLOCK1 STOREY 0:Zone Mean Air Temperature [C](Daily),967.5,154.04,245,266,299,322,0,266,99
2100,559,SG_retrofit_4_Insul_retrofit_2_TR_retrofit_1_BW_retrofit_3,0.81,5.0,6.5,4.5,0.014250000000000002,9.581995798570633,retained_renamed_boiler_heating_energy_output,1,BLOCK BUILDINGBLOCK1 STOREY 0:Zone Mean Air Temperature [C](Daily),988.5,166.37,244,265,297,321,0,265,100
2100,560,SG_retrofit_4_Insul_retrofit_2_TR_retrofit_1_BW_retrofit_4,0.81,5.0,6.7,4.5,0.014250000000000002,9.630350011298502,retained_renamed_boiler_heating_energy_output,1,BLOCK BUILDINGBLOCK1 STOREY 0:Zone Mean Air Temperature [C](Daily),1010.5,157.71,243,265,297,321,0,265,100
2100,561,SG_retrofit_4_Insul_retrofit_2_TR_retrofit_2_BW_current,0.81,5.0,0.45,4.7,0.018375,13.54654917005955,retained_renamed_boiler_heating_energy_output,1,BLOCK BUILDINGBLOCK1 STOREY 0:Zone Mean Air Temperature [C](Daily),804.0,130.68,255,284,308,327,0,284,81
2100,562,SG_retrofit_4_Insul_retrofit_2_TR_retrofit_2_BW_retrofit_1,0.81,5.0,4.2,4.7,0.016625,10.434965098373853,retained_renamed_boiler_heating_energy_output,1,BLOCK BUILDINGBLOCK1 STOREY 0:Zone Mean Air Temperature [C](Daily),986.0,140.04,246,269,299,322,0,269,96
2100,563,SG_retrofit_4_Insul_retrofit_2_TR_retrofit_2_BW_retrofit_2,0.81,5.0,4.4,4.7,0.014875,9.914064705815075,retained_renamed_boiler_heating_energy_output,1,BLOCK BUILDINGBLOCK1 STOREY 0:Zone Mean Air Temperature [C](Daily),983.0,135.51,245,265,299,322,0,265,100
2100,564,SG_retrofit_4_Insul_retrofit_2_TR_retrofit_2_BW_retrofit_3,0.81,5.0,6.5,4.7,0.014000000000000002,9.50876676806294,retained_renamed_boiler_heating_energy_output,1,BLOCK BUILDINGBLOCK1 STOREY 0:Zone Mean Air Temperature [C](Daily),1004.0,147.84,243,265,297,321,0,265,100
2100,565,SG_retrofit_4_Insul_retrofit_2_TR_retrofit_2_BW_retrofit_4,0.81,5.0,6.7,4.7,0.014000000000000002,9.534474331564557,retained_renamed_boiler_heating_energy_output,1,BLOCK BUILDINGBLOCK1 STOREY 0:Zone Mean Air Temperature [C](Daily),1026.0,139.18,242,265,297,321,0,265,100
2100,566,SG_retrofit_4_Insul_retrofit_2_TR_retrofit_3_BW_current,0.81,5.0,0.45,8.5,0.018125,13.191115025116066,retained_renamed_boiler_heating_energy_output,1,BLOCK BUILDINGBLOCK1 STOREY 0:Zone Mean Air Temperature [C](Daily),800.0,144.42000000000002,255,284,308,327,0,284,81
2100,567,SG_retrofit_4_Insul_retrofit_2_TR_retrofit_3_BW_retrofit_1,0.81,5.0,4.2,8.5,0.016375,10.148200800929077,retained_renamed_boiler_heating_energy_output,1,BLOCK BUILDINGBLOCK1 STOREY 0:Zone Mean Air Temperature [C](Daily),982.0,153.78,246,270,299,322,0,270,95
2100,568,SG_retrofit_4_Insul_retrofit_2_TR_retrofit_3_BW_retrofit_2,0.81,5.0,4.4,8.5,0.014624999999999999,9.618681454687962,retained_renamed_boiler_heating_energy_output,1,BLOCK BUILDINGBLOCK1 STOREY 0:Zone Mean Air Temperature [C](Daily),979.0,149.25,245,265,299,322,0,265,100
2100,569,SG_retrofit_4_Insul_retrofit_2_TR_retrofit_3_BW_retrofit_3,0.81,5.0,6.5,8.5,0.013750000000000002,9.242645426412741,retained_renamed_boiler_heating_energy_output,1,BLOCK BUILDINGBLOCK1 STOREY 0:Zone Mean Air Temperature [C](Daily),1000.0,161.58,242,265,297,321,0,265,100
2100,570,SG_retrofit_4_Insul_retrofit_2_TR_retrofit_3_BW_retrofit_4,0.81,5.0,6.7,8.5,0.013750000000000002,9.23854811009334,retained_renamed_boiler_heating_energy_output,1,BLOCK BUILDINGBLOCK1 STOREY 0:Zone Mean Air Temperature [C](Daily),1022.0,152.92000000000002,242,265,297,321,0,265,100
2100,571,SG_retrofit_4_Insul_retrofit_2_TR_retrofit_4_BW_current,0.81,5.0,0.45,8.7,0.018125,13.23857477665904,retained_renamed_boiler_heating_energy_output,1,BLOCK BUILDINGBLOCK1 STOREY 0:Zone Mean Air Temperature [C](Daily),838.0,136.6,255,284,308,327,0,284,81
2100,572,SG_retrofit_4_Insul_retrofit_2_TR_retrofit_4_BW_retrofit_1,0.81,5.0,4.2,8.7,0.016375,10.200220054995594,retained_renamed_boiler_heating_energy_output,1,BLOCK BUILDINGBLOCK1 STOREY 0:Zone Mean Air Temperature [C](Daily),1020.0,145.96,246,270,299,322,0,270,95
2100,573,SG_retrofit_4_Insul_retrofit_2_TR_retrofit_4_BW_retrofit_2,0.81,5.0,4.4,8.7,0.014624999999999999,9.565697752896611,retained_renamed_boiler_heating_energy_output,1,BLOCK BUILDINGBLOCK1 STOREY 0:Zone Mean Air Temperature [C](Daily),1017.0,141.43,245,265,299,322,0,265,100
2100,574,SG_retrofit_4_Insul_retrofit_2_TR_retrofit_4_BW_retrofit_3,0.81,5.0,6.5,8.7,0.013750000000000002,9.185777974527085,retained_renamed_boiler_heating_energy_output,1,BLOCK BUILDINGBLOCK1 STOREY 0:Zone Mean Air Temperature [C](Daily),1038.0,153.76000000000002,242,265,297,321,0,265,100
2100,575,SG_retrofit_4_Insul_retrofit_2_TR_retrofit_4_BW_retrofit_4,0.81,5.0,6.7,8.7,0.013750000000000002,9.227610559838348,retained_renamed_boiler_heating_energy_output,1,BLOCK BUILDINGBLOCK1 STOREY 0:Zone Mean Air Temperature [C](Daily),1060.0,145.10000000000002,242,265,297,321,0,265,100
2100,576,SG_retrofit_4_Insul_retrofit_3_TR_current_BW_current,0.81,5.5,0.45,0.48,0.018625,16.220197196894503,retained_renamed_boiler_heating_energy_output,1,BLOCK BUILDINGBLOCK1 STOREY 0:Zone Mean Air Temperature [C](Daily),709.9,131.0,254,283,307,322,0,283,82
2100,577,SG_retrofit_4_Insul_retrofit_3_TR_current_BW_retrofit_1,0.81,5.5,4.2,0.48,0.016874999999999998,13.21890535725698,retained_renamed_boiler_heating_energy_output,1,BLOCK BUILDINGBLOCK1 STOREY 0:Zone Mean Air Temperature [C](Daily),891.9,140.36,245,266,299,321,0,266,99
2100,578,SG_retrofit_4_Insul_retrofit_3_TR_current_BW_retrofit_2,0.81,5.5,4.4,0.48,0.015125,12.666338370881393,retained_renamed_boiler_heating_energy_output,1,BLOCK BUILDINGBLOCK1 STOREY 0:Zone Mean Air Temperature [C](Daily),888.9,135.83,244,264,296,319,0,264,101
2100,579,SG_retrofit_4_Insul_retrofit_3_TR_current_BW_retrofit_3,0.81,5.5,6.5,0.48,0.014249999999999999,12.368564370354367,retained_renamed_boiler_heating_energy_output,1,BLOCK BUILDINGBLOCK1 STOREY 0:Zone Mean Air Temperature [C](Daily),909.9,148.16,243,264,294,316,0,264,101
2100,580,SG_retrofit_4_Insul_retrofit_3_TR_current_BW_retrofit_4,0.81,5.5,6.7,0.48,0.014249999999999999,12.33699356230653,retained_renamed_boiler_heating_energy_output,1,BLOCK BUILDINGBLOCK1 STOREY 0:Zone Mean Air Temperature [C](Daily),931.9,139.5,242,262,294,315,0,262,103
2100,581,SG_retrofit_4_Insul_retrofit_3_TR_retrofit_1_BW_current,0.81,5.5,0.45,4.5,0.018375,13.440573576366319,retained_renamed_boiler_heating_energy_output,1,BLOCK BUILDINGBLOCK1 STOREY 0:Zone Mean Air Temperature [C](Daily),799.4,154.29,254,283,307,326,0,283,82
2100,582,SG_retrofit_4_Insul_retrofit_3_TR_retrofit_1_BW_retrofit_1,0.81,5.5,4.2,4.5,0.016625,10.393007396446285,retained_renamed_boiler_heating_energy_output,1,BLOCK BUILDINGBLOCK1 STOREY 0:Zone Mean Air Temperature [C](Daily),981.4,163.65,246,267,299,322,0,267,98
2100,583,SG_retrofit_4_Insul_retrofit_3_TR_retrofit_1_BW_retrofit_2,0.81,5.5,4.4,4.5,0.014875,9.949613422288135,retained_renamed_boiler_heating_energy_output,1,BLOCK BUILDINGBLOCK1 STOREY 0:Zone Mean Air Temperature [C](Daily),978.4,159.12,245,264,297,321,0,264,101
2100,584,SG_retrofit_4_Insul_retrofit_3_TR_retrofit_1_BW_retrofit_3,0.81,5.5,6.5,4.5,0.014000000000000002,9.46216570344653,retained_renamed_boiler_heating_energy_output,1,BLOCK BUILDINGBLOCK1 STOREY 0:Zone Mean Air Temperature [C](Daily),999.4,171.45,242,264,297,320,0,264,101
2100,585,SG_retrofit_4_Insul_retrofit_3_TR_retrofit_1_BW_retrofit_4,0.81,5.5,6.7,4.5,0.014000000000000002,9.525728473488583,retained_renamed_boiler_heating_energy_output,1,BLOCK BUILDINGBLOCK1 STOREY 0:Zone Mean Air Temperature [C](Daily),1021.4,162.79,241,264,296,320,0,264,101
2100,586,SG_retrofit_4_Insul_retrofit_3_TR_retrofit_2_BW_current,0.81,5.5,0.45,4.7,0.018125,13.311565689772463,retained_renamed_boiler_heating_energy_output,1,BLOCK BUILDINGBLOCK1 STOREY 0:Zone Mean Air Temperature [C](Daily),814.9,135.76,254,283,307,326,0,283,82
2100,587,SG_retrofit_4_Insul_retrofit_3_TR_retrofit_2_BW_retrofit_1,0.81,5.5,4.2,4.7,0.016375,10.364331040884156,retained_renamed_boiler_heating_energy_output,1,BLOCK BUILDINGBLOCK1 STOREY 0:Zone Mean Air Temperature [C](Daily),996.9,145.12,245,267,299,322,0,267,98
2100,588,SG_retrofit_4_Insul_retrofit_3_TR_retrofit_2_BW_retrofit_2,0.81,5.5,4.4,4.7,0.014624999999999999,9.813146003085537,retained_renamed_boiler_heating_energy_output,1,BLOCK BUILDINGBLOCK1 STOREY 0:Zone Mean Air Temperature [C](Daily),993.9,140.59,245,264,297,321,0,264,101
2100,589,SG_retrofit_4_Insul_retrofit_3_TR_retrofit_2_BW_retrofit_3,0.81,5.5,6.5,4.7,0.013750000000000002,9.417136395272648,retained_renamed_boiler_heating_energy_output,1,BLOCK BUILDINGBLOCK1 STOREY 0:Zone Mean Air Temperature [C](Daily),1014.9,152.92,242,264,296,319,0,264,101
2100,590,SG_retrofit_4_Insul_retrofit_3_TR_retrofit_2_BW_retrofit_4,0.81,5.5,6.7,4.7,0.013750000000000002,9.445473643311749,retained_renamed_boiler_heating_energy_output,1,BLOCK BUILDINGBLOCK1 STOREY 0:Zone Mean Air Temperature [C](Daily),1036.9,144.26,241,263,296,318,0,263,102
2100,591,SG_retrofit_4_Insul_retrofit_3_TR_retrofit_3_BW_current,0.81,5.5,0.45,8.5,0.017875,13.193871376813512,retained_renamed_boiler_heating_energy_output,1,BLOCK BUILDINGBLOCK1 STOREY 0:Zone Mean Air Temperature [C](Daily),810.9,149.5,254,283,308,326,0,283,82
2100,592,SG_retrofit_4_Insul_retrofit_3_TR_retrofit_3_BW_retrofit_1,0.81,5.5,4.2,8.5,0.016125,9.998581266284416,retained_renamed_boiler_heating_energy_output,1,BLOCK BUILDINGBLOCK1 STOREY 0:Zone Mean Air Temperature [C](Daily),992.9,158.86,245,266,299,322,0,266,99
2100,593,SG_retrofit_4_Insul_retrofit_3_TR_retrofit_3_BW_retrofit_2,0.81,5.5,4.4,8.5,0.014374999999999999,9.568034962967038,retained_renamed_boiler_heating_energy_output,1,BLOCK BUILDINGBLOCK1 STOREY 0:Zone Mean Air Temperature [C](Daily),989.9,154.33,245,264,297,321,0,264,101
2100,594,SG_retrofit_4_Insul_retrofit_3_TR_retrofit_3_BW_retrofit_3,0.81,5.5,6.5,8.5,0.013500000000000002,9.135431568843979,retained_renamed_boiler_heating_energy_output,1,BLOCK BUILDINGBLOCK1 STOREY 0:Zone Mean Air Temperature [C](Daily),1010.9,166.66,241,264,296,321,0,264,101
2100,595,SG_retrofit_4_Insul_retrofit_3_TR_retrofit_3_BW_retrofit_4,0.81,5.5,6.7,8.5,0.013500000000000002,9.132846826631269,retained_renamed_boiler_heating_energy_output,1,BLOCK BUILDINGBLOCK1 STOREY 0:Zone Mean Air Temperature [C](Daily),1032.9,158.0,241,263,296,319,0,263,102
2100,596,SG_retrofit_4_Insul_retrofit_3_TR_retrofit_4_BW_current,0.81,5.5,0.45,8.7,0.017875,13.114262396119479,retained_renamed_boiler_heating_energy_output,1,BLOCK BUILDINGBLOCK1 STOREY 0:Zone Mean Air Temperature [C](Daily),848.9,141.68,254,283,308,326,0,283,82
2100,597,SG_retrofit_4_Insul_retrofit_3_TR_retrofit_4_BW_retrofit_1,0.81,5.5,4.2,8.7,0.016125,10.076027517054124,retained_renamed_boiler_heating_energy_output,1,BLOCK BUILDINGBLOCK1 STOREY 0:Zone Mean Air Temperature [C](Daily),1030.9,151.04000000000002,245,265,299,322,0,265,100
2100,598,SG_retrofit_4_Insul_retrofit_3_TR_retrofit_4_BW_retrofit_2,0.81,5.5,4.4,8.7,0.014374999999999999,9.55835027797306,retained_renamed_boiler_heating_energy_output,1,BLOCK BUILDINGBLOCK1 STOREY 0:Zone Mean Air Temperature [C](Daily),1027.9,146.51000000000002,245,264,297,321,0,264,101
2100,599,SG_retrofit_4_Insul_retrofit_3_TR_retrofit_4_BW_retrofit_3,0.81,5.5,6.5,8.7,0.013500000000000002,9.098499676832315,retained_renamed_boiler_heating_energy_output,1,BLOCK BUILDINGBLOCK1 STOREY 0:Zone Mean Air Temperature [C](Daily),1048.9,158.84,241,264,296,321,0,264,101
2100,600,SG_retrofit_4_Insul_retrofit_3_TR_retrofit_4_BW_retrofit_4,0.81,5.5,6.7,8.7,0.013500000000000002,9.10807916529496,retained_renamed_boiler_heating_energy_output,1,BLOCK BUILDINGBLOCK1 STOREY 0:Zone Mean Air Temperature [C](Daily),1070.9,150.18,241,263,296,319,0,263,102
2100,601,SG_retrofit_4_Insul_retrofit_4_TR_current_BW_current,0.81,5.6,0.45,0.48,0.018625,16.31967409238326,retained_renamed_boiler_heating_energy_output,1,BLOCK BUILDINGBLOCK1 STOREY 0:Zone Mean Air Temperature [C](Daily),730.0,127.0,254,283,307,322,0,283,82
2100,602,SG_retrofit_4_Insul_retrofit_4_TR_current_BW_retrofit_1,0.81,5.6,4.2,0.48,0.016874999999999998,13.256118607624979,retained_renamed_boiler_heating_energy_output,1,BLOCK BUILDINGBLOCK1 STOREY 0:Zone Mean Air Temperature [C](Daily),912.0,136.36,245,264,298,321,0,264,101
2100,603,SG_retrofit_4_Insul_retrofit_4_TR_current_BW_retrofit_2,0.81,5.6,4.4,0.48,0.015125,12.726041066444738,retained_renamed_boiler_heating_energy_output,1,BLOCK BUILDINGBLOCK1 STOREY 0:Zone Mean Air Temperature [C](Daily),909.0,131.83,244,264,296,319,0,264,101
2100,604,SG_retrofit_4_Insul_retrofit_4_TR_current_BW_retrofit_3,0.81,5.6,6.5,0.48,0.014249999999999999,12.33557808159195,retained_renamed_boiler_heating_energy_output,1,BLOCK BUILDINGBLOCK1 STOREY 0:Zone Mean Air Temperature [C](Daily),930.0,144.16,243,262,293,315,0,262,103
2100,605,SG_retrofit_4_Insul_retrofit_4_TR_current_BW_retrofit_4,0.81,5.6,6.7,0.48,0.014249999999999999,12.24718049185426,retained_renamed_boiler_heating_energy_output,1,BLOCK BUILDINGBLOCK1 STOREY 0:Zone Mean Air Temperature [C](Daily),952.0,135.5,241,262,293,315,0,262,103
2100,606,SG_retrofit_4_Insul_retrofit_4_TR_retrofit_1_BW_current,0.81,5.6,0.45,4.5,0.018375,13.447813576325945,retained_renamed_boiler_heating_energy_output,1,BLOCK BUILDINGBLOCK1 STOREY 0:Zone Mean Air Temperature [C](Daily),819.5,150.29,254,283,308,326,0,283,82
2100,607,SG_retrofit_4_Insul_retrofit_4_TR_retrofit_1_BW_retrofit_1,0.81,5.6,4.2,4.5,0.016625,10.371156367294367,retained_renamed_boiler_heating_energy_output,1,BLOCK BUILDINGBLOCK1 STOREY 0:Zone Mean Air Temperature [C](Daily),1001.5,159.65,245,266,299,322,0,266,99
2100,608,SG_retrofit_4_Insul_retrofit_4_TR_retrofit_1_BW_retrofit_2,0.81,5.6,4.4,4.5,0.014875,9.964879048522166,retained_renamed_boiler_heating_energy_output,1,BLOCK BUILDINGBLOCK1 STOREY 0:Zone Mean Air Temperature [C](Daily),998.5,155.12,245,264,297,321,0,264,101
2100,609,SG_retrofit_4_Insul_retrofit_4_TR_retrofit_1_BW_retrofit_3,0.81,5.6,6.5,4.5,0.014000000000000002,9.437591957768499,retained_renamed_boiler_heating_energy_output,1,BLOCK BUILDINGBLOCK1 STOREY 0:Zone Mean Air Temperature [C](Daily),1019.5,167.45,242,264,296,318,0,264,101
2100,610,SG_retrofit_4_Insul_retrofit_4_TR_retrofit_1_BW_retrofit_4,0.81,5.6,6.7,4.5,0.014000000000000002,9.54131841864339,retained_renamed_boiler_heating_energy_output,1,BLOCK BUILDINGBLOCK1 STOREY 0:Zone Mean Air Temperature [C](Daily),1041.5,158.79,241,263,296,318,0,263,102
2100,611,SG_retrofit_4_Insul_retrofit_4_TR_retrofit_2_BW_current,0.81,5.6,0.45,4.7,0.018125,13.324890199578473,retained_renamed_boiler_heating_energy_output,1,BLOCK BUILDINGBLOCK1 STOREY 0:Zone Mean Air Temperature [C](Daily),835.0,131.76,254,283,308,326,0,283,82
2100,612,SG_retrofit_4_Insul_retrofit_4_TR_retrofit_2_BW_retrofit_1,0.81,5.6,4.2,4.7,0.016375,10.341452382814701,retained_renamed_boiler_heating_energy_output,1,BLOCK BUILDINGBLOCK1 STOREY 0:Zone Mean Air Temperature [C](Daily),1017.0,141.12,245,265,299,322,0,265,100
2100,613,SG_retrofit_4_Insul_retrofit_4_TR_retrofit_2_BW_retrofit_2,0.81,5.6,4.4,4.7,0.014624999999999999,9.750978714358432,retained_renamed_boiler_heating_energy_output,1,BLOCK BUILDINGBLOCK1 STOREY 0:Zone Mean Air Temperature [C](Daily),1014.0,136.59,245,264,297,321,0,264,101
2100,614,SG_retrofit_4_Insul_retrofit_4_TR_retrofit_2_BW_retrofit_3,0.81,5.6,6.5,4.7,0.013750000000000002,9.447977318855425,retained_renamed_boiler_heating_energy_output,1,BLOCK BUILDINGBLOCK1 STOREY 0:Zone Mean Air Temperature [C](Daily),1035.0,148.92,241,263,296,318,0,263,102
2100,615,SG_retrofit_4_Insul_retrofit_4_TR_retrofit_2_BW_retrofit_4,0.81,5.6,6.7,4.7,0.013750000000000002,9.412047459610099,retained_renamed_boiler_heating_energy_output,1,BLOCK BUILDINGBLOCK1 STOREY 0:Zone Mean Air Temperature [C](Daily),1057.0,140.26,241,263,296,318,0,263,102
2100,616,SG_retrofit_4_Insul_retrofit_4_TR_retrofit_3_BW_current,0.81,5.6,0.45,8.5,0.017875,13.150539294589533,retained_renamed_boiler_heating_energy_output,1,BLOCK BUILDINGBLOCK1 STOREY 0:Zone Mean Air Temperature [C](Daily),831.0,145.5,254,283,308,326,0,283,82
2100,617,SG_retrofit_4_Insul_retrofit_4_TR_retrofit_3_BW_retrofit_1,0.81,5.6,4.2,8.5,0.016125,10.062735756057881,retained_renamed_boiler_heating_energy_output,1,BLOCK BUILDINGBLOCK1 STOREY 0:Zone Mean Air Temperature [C](Daily),1013.0,154.86,245,265,299,322,0,265,100
2100,618,SG_retrofit_4_Insul_retrofit_4_TR_retrofit_3_BW_retrofit_2,0.81,5.6,4.4,8.5,0.014374999999999999,9.543672809141627,retained_renamed_boiler_heating_energy_output,1,BLOCK BUILDINGBLOCK1 STOREY 0:Zone Mean Air Temperature [C](Daily),1010.0,150.33,245,264,297,321,0,264,101
2100,619,SG_retrofit_4_Insul_retrofit_4_TR_retrofit_3_BW_retrofit_3,0.81,5.6,6.5,8.5,0.013500000000000002,9.11233504146953,retained_renamed_boiler_heating_energy_output,1,BLOCK BUILDINGBLOCK1 STOREY 0:Zone Mean Air Temperature [C](Daily),1031.0,162.66,241,263,296,318,0,263,102
2100,620,SG_retrofit_4_Insul_retrofit_4_TR_retrofit_3_BW_retrofit_4,0.81,5.6,6.7,8.5,0.013500000000000002,9.100489049138101,retained_renamed_boiler_heating_energy_output,1,BLOCK BUILDINGBLOCK1 STOREY 0:Zone Mean Air Temperature [C](Daily),1053.0,154.0,241,263,296,318,0,263,102
2100,621,SG_retrofit_4_Insul_retrofit_4_TR_retrofit_4_BW_current,0.81,5.6,0.45,8.7,0.017875,13.18669687419623,retained_renamed_boiler_heating_energy_output,1,BLOCK BUILDINGBLOCK1 STOREY 0:Zone Mean Air Temperature [C](Daily),869.0,137.68,254,283,308,326,0,283,82
2100,622,SG_retrofit_4_Insul_retrofit_4_TR_retrofit_4_BW_retrofit_1,0.81,5.6,4.2,8.7,0.016125,10.078085044311576,retained_renamed_boiler_heating_energy_output,1,BLOCK BUILDINGBLOCK1 STOREY 0:Zone Mean Air Temperature [C](Daily),1051.0,147.04000000000002,245,265,299,322,0,265,100
2100,623,SG_retrofit_4_Insul_retrofit_4_TR_retrofit_4_BW_retrofit_2,0.81,5.6,4.4,8.7,0.014374999999999999,9.52104663239656,retained_renamed_boiler_heating_energy_output,1,BLOCK BUILDINGBLOCK1 STOREY 0:Zone Mean Air Temperature [C](Daily),1048.0,142.51000000000002,245,264,297,321,0,264,101
2100,624,SG_retrofit_4_Insul_retrofit_4_TR_retrofit_4_BW_retrofit_3,0.81,5.6,6.5,8.7,0.013500000000000002,9.157557062121928,retained_renamed_boiler_heating_energy_output,1,BLOCK BUILDINGBLOCK1 STOREY 0:Zone Mean Air Temperature [C](Daily),1069.0,154.84,241,263,296,318,0,263,102
2100,625,SG_retrofit_4_Insul_retrofit_4_TR_retrofit_4_BW_retrofit_4,0.81,5.6,6.7,8.7,0.013500000000000002,9.10606721116994,retained_renamed_boiler_heating_energy_output,1,BLOCK BUILDINGBLOCK1 STOREY 0:Zone Mean Air Temperature [C](Daily),1091.0,146.18,241,263,296,318,0,263,102
