horizon,simulation_id,scenario,windows_U_Factor,groundfloor_thermal_resistance,ext_walls_thermal_resistance,roof_thermal_resistance,infiltration_design_flow_m3_s,annual_heating_energy_gj,heating_energy_source,heating_energy_source_row_count,temperature_source_row,cost_rate_sum_proxy,carbon_rate_sum_proxy,days_below_23_c,days_below_24_c,days_below_25_c,days_below_26_c,days_at_or_below_17_5_c,legacy_static_band_days,days_at_or_above_24_c
2020,1,SG_current_Insul_current_TR_current_BW_current,2.9,0.41,0.45,0.48,0.025,37.570556156041825,retained_renamed_boiler_heating_energy_output,1,BLOCK BUILDINGBLOCK1 STOREY 0:Zone Mean Air Temperature [C](Daily),0.0,0.0,359,361,364,365,0,361,4
2020,3,SG_current_Insul_current_TR_current_BW_retrofit_2,2.9,0.41,4.4,0.48,0.021500000000000002,32.274639830051086,retained_renamed_boiler_heating_energy_output,1,BLOCK BUILDINGBLOCK1 STOREY 0:Zone Mean Air Temperature [C](Daily),179.0,4.83,360,364,365,365,0,364,1
2020,4,SG_current_Insul_current_TR_current_BW_retrofit_3,2.9,0.41,6.5,0.48,0.020625,31.678293051230458,retained_renamed_boiler_heating_energy_output,1,BLOCK BUILDINGBLOCK1 STOREY 0:Zone Mean Air Temperature [C](Daily),200.0,17.16,360,364,365,365,0,364,1
2020,5,SG_current_Insul_current_TR_current_BW_retrofit_4,2.9,0.41,6.7,0.48,0.020625,31.762269808832635,retained_renamed_boiler_heating_energy_output,1,BLOCK BUILDINGBLOCK1 STOREY 0:Zone Mean Air Temperature [C](Daily),222.0,8.5,360,364,365,365,0,364,1
2020,6,SG_current_Insul_current_TR_retrofit_1_BW_current,2.9,0.41,0.45,4.5,0.02475,33.06559443014046,retained_renamed_boiler_heating_energy_output,1,BLOCK BUILDINGBLOCK1 STOREY 0:Zone Mean Air Temperature [C](Daily),89.5,23.29,359,361,365,365,0,361,4
2020,8,SG_current_Insul_current_TR_retrofit_1_BW_retrofit_2,2.9,0.41,4.4,4.5,0.02125,27.631227618985648,retained_renamed_boiler_heating_energy_output,1,BLOCK BUILDINGBLOCK1 STOREY 0:Zone Mean Air Temperature [C](Daily),268.5,28.119999999999997,360,364,365,365,0,364,1
2020,10,SG_current_Insul_current_TR_retrofit_1_BW_retrofit_4,2.9,0.41,6.7,4.5,0.020375000000000004,26.922775130318566,retained_renamed_boiler_heating_energy_output,1,BLOCK BUILDINGBLOCK1 STOREY 0:Zone Mean Air Temperature [C](Daily),311.5,31.79,361,364,365,365,0,364,1
2020,11,SG_current_Insul_current_TR_retrofit_2_BW_current,2.9,0.41,0.45,4.7,0.0245,32.865169638046396,retained_renamed_boiler_heating_energy_output,1,BLOCK BUILDINGBLOCK1 STOREY 0:Zone Mean Air Temperature [C](Daily),105.0,4.76,359,361,365,365,0,361,4
2020,13,SG_current_Insul_current_TR_retrofit_2_BW_retrofit_2,2.9,0.41,4.4,4.7,0.021000000000000005,27.35907533645337,retained_renamed_boiler_heating_energy_output,1,BLOCK BUILDINGBLOCK1 STOREY 0:Zone Mean Air Temperature [C](Daily),284.0,9.59,360,364,365,365,0,364,1
2020,14,SG_current_Insul_current_TR_retrofit_2_BW_retrofit_3,2.9,0.41,6.5,4.7,0.020125000000000004,26.964265863649874,retained_renamed_boiler_heating_energy_output,1,BLOCK BUILDINGBLOCK1 STOREY 0:Zone Mean Air Temperature [C](Daily),305.0,21.92,361,364,365,365,0,364,1
2020,15,SG_current_Insul_current_TR_retrofit_2_BW_retrofit_4,2.9,0.41,6.7,4.7,0.020125000000000004,26.815898765858332,retained_renamed_boiler_heating_energy_output,1,BLOCK BUILDINGBLOCK1 STOREY 0:Zone Mean Air Temperature [C](Daily),327.0,13.26,361,364,365,365,0,364,1
2020,16,SG_current_Insul_current_TR_retrofit_3_BW_current,2.9,0.41,0.45,8.5,0.02425,32.396849456350985,retained_renamed_boiler_heating_energy_output,1,BLOCK BUILDINGBLOCK1 STOREY 0:Zone Mean Air Temperature [C](Daily),101.0,18.5,359,361,365,365,0,361,4
2020,18,SG_current_Insul_current_TR_retrofit_3_BW_retrofit_2,2.9,0.41,4.4,8.5,0.02075,26.94893554740966,retained_renamed_boiler_heating_energy_output,1,BLOCK BUILDINGBLOCK1 STOREY 0:Zone Mean Air Temperature [C](Daily),280.0,23.33,361,364,365,365,0,364,1
2020,19,SG_current_Insul_current_TR_retrofit_3_BW_retrofit_3,2.9,0.41,6.5,8.5,0.019875000000000004,26.39898484592166,retained_renamed_boiler_heating_energy_output,1,BLOCK BUILDINGBLOCK1 STOREY 0:Zone Mean Air Temperature [C](Daily),301.0,35.66,361,365,365,365,0,365,0
2020,20,SG_current_Insul_current_TR_retrofit_3_BW_retrofit_4,2.9,0.41,6.7,8.5,0.019875000000000004,26.41135631956134,retained_renamed_boiler_heating_energy_output,1,BLOCK BUILDINGBLOCK1 STOREY 0:Zone Mean Air Temperature [C](Daily),323.0,27.0,361,365,365,365,0,365,0
2020,21,SG_current_Insul_current_TR_retrofit_4_BW_current,2.9,0.41,0.45,8.7,0.02425,32.295712614050416,retained_renamed_boiler_heating_energy_output,1,BLOCK BUILDINGBLOCK1 STOREY 0:Zone Mean Air Temperature [C](Daily),139.0,10.68,359,361,365,365,0,361,4
2020,23,SG_current_Insul_current_TR_retrofit_4_BW_retrofit_2,2.9,0.41,4.4,8.7,0.02075,26.991904287198363,retained_renamed_boiler_heating_energy_output,1,BLOCK BUILDINGBLOCK1 STOREY 0:Zone Mean Air Temperature [C](Daily),318.0,15.51,361,364,365,365,0,364,1
2020,24,SG_current_Insul_current_TR_retrofit_4_BW_retrofit_3,2.9,0.41,6.5,8.7,0.019875000000000004,26.319251666968174,retained_renamed_boiler_heating_energy_output,1,BLOCK BUILDINGBLOCK1 STOREY 0:Zone Mean Air Temperature [C](Daily),339.0,27.84,361,365,365,365,0,365,0
2020,25,SG_current_Insul_current_TR_retrofit_4_BW_retrofit_4,2.9,0.41,6.7,8.7,0.019875000000000004,26.413683817050178,retained_renamed_boiler_heating_energy_output,1,BLOCK BUILDINGBLOCK1 STOREY 0:Zone Mean Air Temperature [C](Daily),361.0,19.18,361,365,365,365,0,365,0
2020,26,SG_current_Insul_retrofit_1_TR_current_BW_current,2.9,4.8,0.45,0.48,0.02475,36.20987831362503,retained_renamed_boiler_heating_energy_output,1,BLOCK BUILDINGBLOCK1 STOREY 0:Zone Mean Air Temperature [C](Daily),59.7,10.0,352,359,361,365,0,359,6
2020,28,SG_current_Insul_retrofit_1_TR_current_BW_retrofit_2,2.9,4.8,4.4,0.48,0.02125,30.240746554215605,retained_renamed_boiler_heating_energy_output,1,BLOCK BUILDINGBLOCK1 STOREY 0:Zone Mean Air Temperature [C](Daily),238.7,14.83,356,360,364,365,0,360,5
2020,29,SG_current_Insul_retrofit_1_TR_current_BW_retrofit_3,2.9,4.8,6.5,0.48,0.020375000000000004,29.489418592523144,retained_renamed_boiler_heating_energy_output,1,BLOCK BUILDINGBLOCK1 STOREY 0:Zone Mean Air Temperature [C](Daily),259.7,27.16,356,360,365,365,0,360,5
2020,30,SG_current_Insul_retrofit_1_TR_current_BW_retrofit_4,2.9,4.8,6.7,0.48,0.020375000000000004,29.64124368351169,retained_renamed_boiler_heating_energy_output,1,BLOCK BUILDINGBLOCK1 STOREY 0:Zone Mean Air Temperature [C](Daily),281.7,18.5,356,360,365,365,0,360,5
2020,31,SG_current_Insul_retrofit_1_TR_retrofit_1_BW_current,2.9,4.8,0.45,4.5,0.0245,31.07328892099478,retained_renamed_boiler_heating_energy_output,1,BLOCK BUILDINGBLOCK1 STOREY 0:Zone Mean Air Temperature [C](Daily),149.2,33.29,352,359,363,365,0,359,6
2020,33,SG_current_Insul_retrofit_1_TR_retrofit_1_BW_retrofit_2,2.9,4.8,4.4,4.5,0.021000000000000005,25.621130938145363,retained_renamed_boiler_heating_energy_output,1,BLOCK BUILDINGBLOCK1 STOREY 0:Zone Mean Air Temperature [C](Daily),328.2,38.12,357,362,365,365,0,362,3
2020,34,SG_current_Insul_retrofit_1_TR_retrofit_1_BW_retrofit_3,2.9,4.8,6.5,4.5,0.020125000000000004,24.735809715659965,retained_renamed_boiler_heating_energy_output,1,BLOCK BUILDINGBLOCK1 STOREY 0:Zone Mean Air Temperature [C](Daily),349.2,50.45,357,362,365,365,0,362,3
2020,36,SG_current_Insul_retrofit_1_TR_retrofit_2_BW_current,2.9,4.8,0.45,4.7,0.02425,30.961102164412093,retained_renamed_boiler_heating_energy_output,1,BLOCK BUILDINGBLOCK1 STOREY 0:Zone Mean Air Temperature [C](Daily),164.7,14.76,352,359,363,365,0,359,6
2020,38,SG_current_Insul_retrofit_1_TR_retrofit_2_BW_retrofit_2,2.9,4.8,4.4,4.7,0.020750000000000005,25.420080042978572,retained_renamed_boiler_heating_energy_output,1,BLOCK BUILDINGBLOCK1 STOREY 0:Zone Mean Air Temperature [C](Daily),343.7,19.59,357,362,365,365,0,362,3
2020,39,SG_current_Insul_retrofit_1_TR_retrofit_2_BW_retrofit_3,2.9,4.8,6.5,4.7,0.019875000000000004,24.580238881561332,retained_renamed_boiler_heating_energy_output,1,BLOCK BUILDINGBLOCK1 STOREY 0:Zone Mean Air Temperature [C](Daily),364.7,31.92,358,362,365,365,0,362,3
2020,40,SG_current_Insul_retrofit_1_TR_retrofit_2_BW_retrofit_4,2.9,4.8,6.7,4.7,0.019875000000000004,24.547618943195918,retained_renamed_boiler_heating_energy_output,1,BLOCK BUILDINGBLOCK1 STOREY 0:Zone Mean Air Temperature [C](Daily),386.7,23.259999999999998,358,362,365,365,0,362,3
2020,41,SG_current_Insul_retrofit_1_TR_retrofit_3_BW_current,2.9,4.8,0.45,8.5,0.024,30.393418960821045,retained_renamed_boiler_heating_energy_output,1,BLOCK BUILDINGBLOCK1 STOREY 0:Zone Mean Air Temperature [C](Daily),160.7,28.5,352,360,363,365,0,360,5
2020,43,SG_current_Insul_retrofit_1_TR_retrofit_3_BW_retrofit_2,2.9,4.8,4.4,8.5,0.020500000000000004,24.8169626236094,retained_renamed_boiler_heating_energy_output,1,BLOCK BUILDINGBLOCK1 STOREY 0:Zone Mean Air Temperature [C](Daily),339.7,33.33,357,362,365,365,0,362,3
2020,44,SG_current_Insul_retrofit_1_TR_retrofit_3_BW_retrofit_3,2.9,4.8,6.5,8.5,0.019625000000000004,24.170378797107823,retained_renamed_boiler_heating_energy_output,1,BLOCK BUILDINGBLOCK1 STOREY 0:Zone Mean Air Temperature [C](Daily),360.7,45.66,358,362,365,365,0,362,3
2020,45,SG_current_Insul_retrofit_1_TR_retrofit_3_BW_retrofit_4,2.9,4.8,6.7,8.5,0.019625000000000004,24.11646177463594,retained_renamed_boiler_heating_energy_output,1,BLOCK BUILDINGBLOCK1 STOREY 0:Zone Mean Air Temperature [C](Daily),382.7,37.0,358,362,365,365,0,362,3
2020,46,SG_current_Insul_retrofit_1_TR_retrofit_4_BW_current,2.9,4.8,0.45,8.7,0.024,30.449145438704484,retained_renamed_boiler_heating_energy_output,1,BLOCK BUILDINGBLOCK1 STOREY 0:Zone Mean Air Temperature [C](Daily),198.7,20.68,352,360,363,365,0,360,5
2020,48,SG_current_Insul_retrofit_1_TR_retrofit_4_BW_retrofit_2,2.9,4.8,4.4,8.7,0.020500000000000004,24.7995367943571,retained_renamed_boiler_heating_energy_output,1,BLOCK BUILDINGBLOCK1 STOREY 0:Zone Mean Air Temperature [C](Daily),377.7,25.509999999999998,357,362,365,365,0,362,3
2020,49,SG_current_Insul_retrofit_1_TR_retrofit_4_BW_retrofit_3,2.9,4.8,6.5,8.7,0.019625000000000004,24.067860501368312,retained_renamed_boiler_heating_energy_output,1,BLOCK BUILDINGBLOCK1 STOREY 0:Zone Mean Air Temperature [C](Daily),398.7,37.84,358,362,365,365,0,362,3
2020,50,SG_current_Insul_retrofit_1_TR_retrofit_4_BW_retrofit_4,2.9,4.8,6.7,8.7,0.019625000000000004,24.04651474252447,retained_renamed_boiler_heating_energy_output,1,BLOCK BUILDINGBLOCK1 STOREY 0:Zone Mean Air Temperature [C](Daily),420.7,29.18,358,362,365,365,0,362,3
2020,51,SG_current_Insul_retrofit_2_TR_current_BW_current,2.9,5.0,0.45,0.48,0.0245,35.86206418592958,retained_renamed_boiler_heating_energy_output,1,BLOCK BUILDINGBLOCK1 STOREY 0:Zone Mean Air Temperature [C](Daily),77.0,5.92,352,359,361,365,0,359,6
2020,53,SG_current_Insul_retrofit_2_TR_current_BW_retrofit_2,2.9,5.0,4.4,0.48,0.021000000000000005,30.0795432861496,retained_renamed_boiler_heating_energy_output,1,BLOCK BUILDINGBLOCK1 STOREY 0:Zone Mean Air Temperature [C](Daily),256.0,10.75,356,360,364,365,0,360,5
2020,54,SG_current_Insul_retrofit_2_TR_current_BW_retrofit_3,2.9,5.0,6.5,0.48,0.020125000000000004,29.328678905739928,retained_renamed_boiler_heating_energy_output,1,BLOCK BUILDINGBLOCK1 STOREY 0:Zone Mean Air Temperature [C](Daily),277.0,23.08,356,360,364,365,0,360,5
2020,61,SG_current_Insul_retrofit_2_TR_retrofit_2_BW_current,2.9,5.0,0.45,4.7,0.024,30.744606657660434,retained_renamed_boiler_heating_energy_output,1,BLOCK BUILDINGBLOCK1 STOREY 0:Zone Mean Air Temperature [C](Daily),182.0,10.68,352,359,363,365,0,359,6
2020,63,SG_current_Insul_retrofit_2_TR_retrofit_2_BW_retrofit_2,2.9,5.0,4.4,4.7,0.020500000000000004,25.24034139329432,retained_renamed_boiler_heating_energy_output,1,BLOCK BUILDINGBLOCK1 STOREY 0:Zone Mean Air Temperature [C](Daily),361.0,15.51,357,362,365,365,0,362,3
2020,64,SG_current_Insul_retrofit_2_TR_retrofit_2_BW_retrofit_3,2.9,5.0,6.5,4.7,0.019625000000000004,24.67130554109838,retained_renamed_boiler_heating_energy_output,1,BLOCK BUILDINGBLOCK1 STOREY 0:Zone Mean Air Temperature [C](Daily),382.0,27.839999999999996,357,362,365,365,0,362,3
2020,65,SG_current_Insul_retrofit_2_TR_retrofit_2_BW_retrofit_4,2.9,5.0,6.7,4.7,0.019625000000000004,24.623051956176795,retained_renamed_boiler_heating_energy_output,1,BLOCK BUILDINGBLOCK1 STOREY 0:Zone Mean Air Temperature [C](Daily),404.0,19.18,357,362,365,365,0,362,3
2020,66,SG_current_Insul_retrofit_2_TR_retrofit_3_BW_current,2.9,5.0,0.45,8.5,0.02375,30.223471820355506,retained_renamed_boiler_heating_energy_output,1,BLOCK BUILDINGBLOCK1 STOREY 0:Zone Mean Air Temperature [C](Daily),178.0,24.42,352,359,363,365,0,359,6
2020,68,SG_current_Insul_retrofit_2_TR_retrofit_3_BW_retrofit_2,2.9,5.0,4.4,8.5,0.020250000000000004,24.608850204149995,retained_renamed_boiler_heating_energy_output,1,BLOCK BUILDINGBLOCK1 STOREY 0:Zone Mean Air Temperature [C](Daily),357.0,29.25,357,362,365,365,0,362,3
2020,69,SG_current_Insul_retrofit_2_TR_retrofit_3_BW_retrofit_3,2.9,5.0,6.5,8.5,0.019375000000000003,23.904007102845465,retained_renamed_boiler_heating_energy_output,1,BLOCK BUILDINGBLOCK1 STOREY 0:Zone Mean Air Temperature [C](Daily),378.0,41.58,358,362,365,365,0,362,3
2020,70,SG_current_Insul_retrofit_2_TR_retrofit_3_BW_retrofit_4,2.9,5.0,6.7,8.5,0.019375000000000003,23.96435455809092,retained_renamed_boiler_heating_energy_output,1,BLOCK BUILDINGBLOCK1 STOREY 0:Zone Mean Air Temperature [C](Daily),400.0,32.92,358,362,365,365,0,362,3
2020,71,SG_current_Insul_retrofit_2_TR_retrofit_4_BW_current,2.9,5.0,0.45,8.7,0.02375,30.277812316181848,retained_renamed_boiler_heating_energy_output,1,BLOCK BUILDINGBLOCK1 STOREY 0:Zone Mean Air Temperature [C](Daily),216.0,16.6,352,360,363,365,0,360,5
2020,73,SG_current_Insul_retrofit_2_TR_retrofit_4_BW_retrofit_2,2.9,5.0,4.4,8.7,0.020250000000000004,24.60012535067099,retained_renamed_boiler_heating_energy_output,1,BLOCK BUILDINGBLOCK1 STOREY 0:Zone Mean Air Temperature [C](Daily),395.0,21.43,357,362,365,365,0,362,3
2020,75,SG_current_Insul_retrofit_2_TR_retrofit_4_BW_retrofit_4,2.9,5.0,6.7,8.7,0.019375000000000003,23.966646807870774,retained_renamed_boiler_heating_energy_output,1,BLOCK BUILDINGBLOCK1 STOREY 0:Zone Mean Air Temperature [C](Daily),438.0,25.1,358,362,365,365,0,362,3
2020,76,SG_current_Insul_retrofit_3_TR_current_BW_current,2.9,5.5,0.45,0.48,0.02425,35.63924963652139,retained_renamed_boiler_heating_energy_output,1,BLOCK BUILDINGBLOCK1 STOREY 0:Zone Mean Air Temperature [C](Daily),87.9,11.0,352,359,361,365,0,359,6
2020,78,SG_current_Insul_retrofit_3_TR_current_BW_retrofit_2,2.9,5.5,4.4,0.48,0.02075,29.920824333084557,retained_renamed_boiler_heating_energy_output,1,BLOCK BUILDINGBLOCK1 STOREY 0:Zone Mean Air Temperature [C](Daily),266.9,15.83,355,360,364,365,0,360,5
2020,86,SG_current_Insul_retrofit_3_TR_retrofit_2_BW_current,2.9,5.5,0.45,4.7,0.02375,30.71858537727595,retained_renamed_boiler_heating_energy_output,1,BLOCK BUILDINGBLOCK1 STOREY 0:Zone Mean Air Temperature [C](Daily),192.9,15.76,352,359,363,365,0,359,6
2020,88,SG_current_Insul_retrofit_3_TR_retrofit_2_BW_retrofit_2,2.9,5.5,4.4,4.7,0.020250000000000004,25.18350370979724,retained_renamed_boiler_heating_energy_output,1,BLOCK BUILDINGBLOCK1 STOREY 0:Zone Mean Air Temperature [C](Daily),371.9,20.59,357,362,365,365,0,362,3
2020,89,SG_current_Insul_retrofit_3_TR_retrofit_2_BW_retrofit_3,2.9,5.5,6.5,4.7,0.019375000000000003,24.10858476576364,retained_renamed_boiler_heating_energy_output,1,BLOCK BUILDINGBLOCK1 STOREY 0:Zone Mean Air Temperature [C](Daily),392.9,32.92,357,362,365,365,0,362,3
2020,90,SG_current_Insul_retrofit_3_TR_retrofit_2_BW_retrofit_4,2.9,5.5,6.7,4.7,0.019375000000000003,24.167747635323508,retained_renamed_boiler_heating_energy_output,1,BLOCK BUILDINGBLOCK1 STOREY 0:Zone Mean Air Temperature [C](Daily),414.9,24.259999999999998,357,362,365,365,0,362,3
2020,91,SG_current_Insul_retrofit_3_TR_retrofit_3_BW_current,2.9,5.5,0.45,8.5,0.0235,30.215567340565535,retained_renamed_boiler_heating_energy_output,1,BLOCK BUILDINGBLOCK1 STOREY 0:Zone Mean Air Temperature [C](Daily),188.9,29.5,352,359,363,365,0,359,6
2020,93,SG_current_Insul_retrofit_3_TR_retrofit_3_BW_retrofit_2,2.9,5.5,4.4,8.5,0.020000000000000004,24.359497501559602,retained_renamed_boiler_heating_energy_output,1,BLOCK BUILDINGBLOCK1 STOREY 0:Zone Mean Air Temperature [C](Daily),367.9,34.33,357,362,365,365,0,362,3
2020,94,SG_current_Insul_retrofit_3_TR_retrofit_3_BW_retrofit_3,2.9,5.5,6.5,8.5,0.019125000000000003,23.846371427781968,retained_renamed_boiler_heating_energy_output,1,BLOCK BUILDINGBLOCK1 STOREY 0:Zone Mean Air Temperature [C](Daily),388.9,46.66,357,362,365,365,0,362,3
2020,95,SG_current_Insul_retrofit_3_TR_retrofit_3_BW_retrofit_4,2.9,5.5,6.7,8.5,0.019125000000000003,23.76624182082187,retained_renamed_boiler_heating_energy_output,1,BLOCK BUILDINGBLOCK1 STOREY 0:Zone Mean Air Temperature [C](Daily),410.9,38.0,357,362,365,365,0,362,3
2020,96,SG_current_Insul_retrofit_3_TR_retrofit_4_BW_current,2.9,5.5,0.45,8.7,0.0235,30.02622074624192,retained_renamed_boiler_heating_energy_output,1,BLOCK BUILDINGBLOCK1 STOREY 0:Zone Mean Air Temperature [C](Daily),226.9,21.68,352,359,363,365,0,359,6
2020,98,SG_current_Insul_retrofit_3_TR_retrofit_4_BW_retrofit_2,2.9,5.5,4.4,8.7,0.020000000000000004,24.345463568291198,retained_renamed_boiler_heating_energy_output,1,BLOCK BUILDINGBLOCK1 STOREY 0:Zone Mean Air Temperature [C](Daily),405.9,26.509999999999998,357,362,365,365,0,362,3
2020,99,SG_current_Insul_retrofit_3_TR_retrofit_4_BW_retrofit_3,2.9,5.5,6.5,8.7,0.019125000000000003,23.751362129184194,retained_renamed_boiler_heating_energy_output,1,BLOCK BUILDINGBLOCK1 STOREY 0:Zone Mean Air Temperature [C](Daily),426.9,38.84,357,362,365,365,0,362,3
2020,100,SG_current_Insul_retrofit_3_TR_retrofit_4_BW_retrofit_4,2.9,5.5,6.7,8.7,0.019125000000000003,23.80622906048445,retained_renamed_boiler_heating_energy_output,1,BLOCK BUILDINGBLOCK1 STOREY 0:Zone Mean Air Temperature [C](Daily),448.9,30.18,357,362,365,365,0,362,3
2020,111,SG_current_Insul_retrofit_4_TR_retrofit_2_BW_current,2.9,5.6,0.45,4.7,0.02375,30.70930361053411,retained_renamed_boiler_heating_energy_output,1,BLOCK BUILDINGBLOCK1 STOREY 0:Zone Mean Air Temperature [C](Daily),213.0,11.76,352,359,363,365,0,359,6
2020,113,SG_current_Insul_retrofit_4_TR_retrofit_2_BW_retrofit_2,2.9,5.6,4.4,4.7,0.020250000000000004,25.031468946898606,retained_renamed_boiler_heating_energy_output,1,BLOCK BUILDINGBLOCK1 STOREY 0:Zone Mean Air Temperature [C](Daily),392.0,16.59,357,362,365,365,0,362,3
2020,115,SG_current_Insul_retrofit_4_TR_retrofit_2_BW_retrofit_4,2.9,5.6,6.7,4.7,0.019375000000000003,24.411477764217896,retained_renamed_boiler_heating_energy_output,1,BLOCK BUILDINGBLOCK1 STOREY 0:Zone Mean Air Temperature [C](Daily),435.0,20.259999999999998,357,362,365,365,0,362,3
2020,116,SG_current_Insul_retrofit_4_TR_retrofit_3_BW_current,2.9,5.6,0.45,8.5,0.0235,30.16425193803263,retained_renamed_boiler_heating_energy_output,1,BLOCK BUILDINGBLOCK1 STOREY 0:Zone Mean Air Temperature [C](Daily),209.0,25.5,352,359,363,365,0,359,6
2020,118,SG_current_Insul_retrofit_4_TR_retrofit_3_BW_retrofit_2,2.9,5.6,4.4,8.5,0.020000000000000004,24.434813850809714,retained_renamed_boiler_heating_energy_output,1,BLOCK BUILDINGBLOCK1 STOREY 0:Zone Mean Air Temperature [C](Daily),388.0,30.33,357,362,365,365,0,362,3
2020,119,SG_current_Insul_retrofit_4_TR_retrofit_3_BW_retrofit_3,2.9,5.6,6.5,8.5,0.019125000000000003,23.83102240698011,retained_renamed_boiler_heating_energy_output,1,BLOCK BUILDINGBLOCK1 STOREY 0:Zone Mean Air Temperature [C](Daily),409.0,42.66,357,362,365,365,0,362,3
2020,120,SG_current_Insul_retrofit_4_TR_retrofit_3_BW_retrofit_4,2.9,5.6,6.7,8.5,0.019125000000000003,23.8734606810166,retained_renamed_boiler_heating_energy_output,1,BLOCK BUILDINGBLOCK1 STOREY 0:Zone Mean Air Temperature [C](Daily),431.0,34.0,357,362,365,365,0,362,3
2020,121,SG_current_Insul_retrofit_4_TR_retrofit_4_BW_current,2.9,5.6,0.45,8.7,0.0235,30.07813504507507,retained_renamed_boiler_heating_energy_output,1,BLOCK BUILDINGBLOCK1 STOREY 0:Zone Mean Air Temperature [C](Daily),247.0,17.68,352,359,363,365,0,359,6
2020,123,SG_current_Insul_retrofit_4_TR_retrofit_4_BW_retrofit_2,2.9,5.6,4.4,8.7,0.020000000000000004,24.532652950662545,retained_renamed_boiler_heating_energy_output,1,BLOCK BUILDINGBLOCK1 STOREY 0:Zone Mean Air Temperature [C](Daily),426.0,22.509999999999998,357,362,365,365,0,362,3
2020,124,SG_current_Insul_retrofit_4_TR_retrofit_4_BW_retrofit_3,2.9,5.6,6.5,8.7,0.019125000000000003,23.797338470595825,retained_renamed_boiler_heating_energy_output,1,BLOCK BUILDINGBLOCK1 STOREY 0:Zone Mean Air Temperature [C](Daily),447.0,34.84,357,362,365,365,0,362,3
2020,125,SG_current_Insul_retrofit_4_TR_retrofit_4_BW_retrofit_4,2.9,5.6,6.7,8.7,0.019125000000000003,23.83224589531432,retained_renamed_boiler_heating_energy_output,1,BLOCK BUILDINGBLOCK1 STOREY 0:Zone Mean Air Temperature [C](Daily),469.0,26.18,357,362,365,365,0,362,3
2020,133,SG_retrofit_1_Insul_current_TR_retrofit_1_BW_retrofit_2,1.2,0.41,4.4,4.5,0.019000000000000003,24.221394926511767,retained_renamed_boiler_heating_energy_output,1,BLOCK BUILDINGBLOCK1 STOREY 0:Zone Mean Air Temperature [C](Daily),452.5,98.12,362,365,365,365,0,365,0
2020,134,SG_retrofit_1_Insul_current_TR_retrofit_1_BW_retrofit_3,1.2,0.41,6.5,4.5,0.018125000000000002,23.21962308016024,retained_renamed_boiler_heating_energy_output,1,BLOCK BUILDINGBLOCK1 STOREY 0:Zone Mean Air Temperature [C](Daily),473.5,110.44999999999999,362,365,365,365,0,365,0
2020,138,SG_retrofit_1_Insul_current_TR_retrofit_2_BW_retrofit_2,1.2,0.41,4.4,4.7,0.018750000000000003,24.071699302732046,retained_renamed_boiler_heating_energy_output,1,BLOCK BUILDINGBLOCK1 STOREY 0:Zone Mean Air Temperature [C](Daily),468.0,79.59,362,365,365,365,0,365,0
2020,139,SG_retrofit_1_Insul_current_TR_retrofit_2_BW_retrofit_3,1.2,0.41,6.5,4.7,0.017875000000000002,23.060240410025372,retained_renamed_boiler_heating_energy_output,1,BLOCK BUILDINGBLOCK1 STOREY 0:Zone Mean Air Temperature [C](Daily),489.0,91.92,362,365,365,365,0,365,0
2020,140,SG_retrofit_1_Insul_current_TR_retrofit_2_BW_retrofit_4,1.2,0.41,6.7,4.7,0.017875000000000002,23.07559044803025,retained_renamed_boiler_heating_energy_output,1,BLOCK BUILDINGBLOCK1 STOREY 0:Zone Mean Air Temperature [C](Daily),511.0,83.26,362,365,365,365,0,365,0
2020,143,SG_retrofit_1_Insul_current_TR_retrofit_3_BW_retrofit_2,1.2,0.41,4.4,8.5,0.0185,23.31141642821773,retained_renamed_boiler_heating_energy_output,1,BLOCK BUILDINGBLOCK1 STOREY 0:Zone Mean Air Temperature [C](Daily),464.0,93.33,362,365,365,365,0,365,0
2020,144,SG_retrofit_1_Insul_current_TR_retrofit_3_BW_retrofit_3,1.2,0.41,6.5,8.5,0.017625000000000002,22.767989885669486,retained_renamed_boiler_heating_energy_output,1,BLOCK BUILDINGBLOCK1 STOREY 0:Zone Mean Air Temperature [C](Daily),485.0,105.66,362,365,365,365,0,365,0
2020,145,SG_retrofit_1_Insul_current_TR_retrofit_3_BW_retrofit_4,1.2,0.41,6.7,8.5,0.017625000000000002,22.712137826192265,retained_renamed_boiler_heating_energy_output,1,BLOCK BUILDINGBLOCK1 STOREY 0:Zone Mean Air Temperature [C](Daily),507.0,97.0,362,365,365,365,0,365,0
2020,148,SG_retrofit_1_Insul_current_TR_retrofit_4_BW_retrofit_2,1.2,0.41,4.4,8.7,0.0185,23.35850847445019,retained_renamed_boiler_heating_energy_output,1,BLOCK BUILDINGBLOCK1 STOREY 0:Zone Mean Air Temperature [C](Daily),502.0,85.50999999999999,362,365,365,365,0,365,0
2020,150,SG_retrofit_1_Insul_current_TR_retrofit_4_BW_retrofit_4,1.2,0.41,6.7,8.7,0.017625000000000002,22.840289371409106,retained_renamed_boiler_heating_energy_output,1,BLOCK BUILDINGBLOCK1 STOREY 0:Zone Mean Air Temperature [C](Daily),545.0,89.18,362,365,365,365,0,365,0
2020,158,SG_retrofit_1_Insul_retrofit_1_TR_retrofit_1_BW_retrofit_2,1.2,4.8,4.4,4.5,0.018750000000000003,21.71759373719535,retained_renamed_boiler_heating_energy_output,1,BLOCK BUILDINGBLOCK1 STOREY 0:Zone Mean Air Temperature [C](Daily),512.2,108.12,358,362,365,365,0,362,3
2020,163,SG_retrofit_1_Insul_retrofit_1_TR_retrofit_2_BW_retrofit_2,1.2,4.8,4.4,4.7,0.018500000000000003,21.77982937314996,retained_renamed_boiler_heating_energy_output,1,BLOCK BUILDINGBLOCK1 STOREY 0:Zone Mean Air Temperature [C](Daily),527.7,89.59,358,362,365,365,0,362,3
2020,164,SG_retrofit_1_Insul_retrofit_1_TR_retrofit_2_BW_retrofit_3,1.2,4.8,6.5,4.7,0.017625000000000002,21.05454065445698,retained_renamed_boiler_heating_energy_output,1,BLOCK BUILDINGBLOCK1 STOREY 0:Zone Mean Air Temperature [C](Daily),548.7,101.92,358,362,365,365,0,362,3
2020,165,SG_retrofit_1_Insul_retrofit_1_TR_retrofit_2_BW_retrofit_4,1.2,4.8,6.7,4.7,0.017625000000000002,20.996270999664667,retained_renamed_boiler_heating_energy_output,1,BLOCK BUILDINGBLOCK1 STOREY 0:Zone Mean Air Temperature [C](Daily),570.7,93.26,358,362,365,365,0,362,3
2020,168,SG_retrofit_1_Insul_retrofit_1_TR_retrofit_3_BW_retrofit_2,1.2,4.8,4.4,8.5,0.01825,21.13072764966613,retained_renamed_boiler_heating_energy_output,1,BLOCK BUILDINGBLOCK1 STOREY 0:Zone Mean Air Temperature [C](Daily),523.7,103.33,358,362,365,365,0,362,3
2020,169,SG_retrofit_1_Insul_retrofit_1_TR_retrofit_3_BW_retrofit_3,1.2,4.8,6.5,8.5,0.017375,20.553248154994307,retained_renamed_boiler_heating_energy_output,1,BLOCK BUILDINGBLOCK1 STOREY 0:Zone Mean Air Temperature [C](Daily),544.7,115.66,358,362,365,365,0,362,3
2020,170,SG_retrofit_1_Insul_retrofit_1_TR_retrofit_3_BW_retrofit_4,1.2,4.8,6.7,8.5,0.017375,20.658667182373627,retained_renamed_boiler_heating_energy_output,1,BLOCK BUILDINGBLOCK1 STOREY 0:Zone Mean Air Temperature [C](Daily),566.7,107.0,358,362,365,365,0,362,3
2020,173,SG_retrofit_1_Insul_retrofit_1_TR_retrofit_4_BW_retrofit_2,1.2,4.8,4.4,8.7,0.01825,21.18510571250865,retained_renamed_boiler_heating_energy_output,1,BLOCK BUILDINGBLOCK1 STOREY 0:Zone Mean Air Temperature [C](Daily),561.7,95.50999999999999,358,362,365,365,0,362,3
2020,174,SG_retrofit_1_Insul_retrofit_1_TR_retrofit_4_BW_retrofit_3,1.2,4.8,6.5,8.7,0.017375,20.557108132728494,retained_renamed_boiler_heating_energy_output,1,BLOCK BUILDINGBLOCK1 STOREY 0:Zone Mean Air Temperature [C](Daily),582.7,107.84,358,362,365,365,0,362,3
2020,175,SG_retrofit_1_Insul_retrofit_1_TR_retrofit_4_BW_retrofit_4,1.2,4.8,6.7,8.7,0.017375,20.535580605980062,retained_renamed_boiler_heating_energy_output,1,BLOCK BUILDINGBLOCK1 STOREY 0:Zone Mean Air Temperature [C](Daily),604.7,99.18,358,362,365,365,0,362,3
2020,188,SG_retrofit_1_Insul_retrofit_2_TR_retrofit_2_BW_retrofit_2,1.2,5.0,4.4,4.7,0.018250000000000002,21.49262701391103,retained_renamed_boiler_heating_energy_output,1,BLOCK BUILDINGBLOCK1 STOREY 0:Zone Mean Air Temperature [C](Daily),545.0,85.51,358,362,365,365,0,362,3
2020,189,SG_retrofit_1_Insul_retrofit_2_TR_retrofit_2_BW_retrofit_3,1.2,5.0,6.5,4.7,0.017375,20.773640262752775,retained_renamed_boiler_heating_energy_output,1,BLOCK BUILDINGBLOCK1 STOREY 0:Zone Mean Air Temperature [C](Daily),566.0,97.84,358,362,365,365,0,362,3
2020,190,SG_retrofit_1_Insul_retrofit_2_TR_retrofit_2_BW_retrofit_4,1.2,5.0,6.7,4.7,0.017375,20.6675333675825,retained_renamed_boiler_heating_energy_output,1,BLOCK BUILDINGBLOCK1 STOREY 0:Zone Mean Air Temperature [C](Daily),588.0,89.18,358,362,365,365,0,362,3
2020,193,SG_retrofit_1_Insul_retrofit_2_TR_retrofit_3_BW_retrofit_2,1.2,5.0,4.4,8.5,0.018000000000000002,21.057190032514413,retained_renamed_boiler_heating_energy_output,1,BLOCK BUILDINGBLOCK1 STOREY 0:Zone Mean Air Temperature [C](Daily),541.0,99.25,358,362,365,365,0,362,3
2020,194,SG_retrofit_1_Insul_retrofit_2_TR_retrofit_3_BW_retrofit_3,1.2,5.0,6.5,8.5,0.017125,20.39804195558646,retained_renamed_boiler_heating_energy_output,1,BLOCK BUILDINGBLOCK1 STOREY 0:Zone Mean Air Temperature [C](Daily),562.0,111.58,358,362,365,365,0,362,3
2020,195,SG_retrofit_1_Insul_retrofit_2_TR_retrofit_3_BW_retrofit_4,1.2,5.0,6.7,8.5,0.017125,20.430903394171615,retained_renamed_boiler_heating_energy_output,1,BLOCK BUILDINGBLOCK1 STOREY 0:Zone Mean Air Temperature [C](Daily),584.0,102.92,358,362,365,365,0,362,3
2020,198,SG_retrofit_1_Insul_retrofit_2_TR_retrofit_4_BW_retrofit_2,1.2,5.0,4.4,8.7,0.018000000000000002,20.958768618350824,retained_renamed_boiler_heating_energy_output,1,BLOCK BUILDINGBLOCK1 STOREY 0:Zone Mean Air Temperature [C](Daily),579.0,91.43,358,362,365,365,0,362,3
2020,199,SG_retrofit_1_Insul_retrofit_2_TR_retrofit_4_BW_retrofit_3,1.2,5.0,6.5,8.7,0.017125,20.42785987964202,retained_renamed_boiler_heating_energy_output,1,BLOCK BUILDINGBLOCK1 STOREY 0:Zone Mean Air Temperature [C](Daily),600.0,103.75999999999999,358,362,365,365,0,362,3
2020,200,SG_retrofit_1_Insul_retrofit_2_TR_retrofit_4_BW_retrofit_4,1.2,5.0,6.7,8.7,0.017125,20.316812979254944,retained_renamed_boiler_heating_energy_output,1,BLOCK BUILDINGBLOCK1 STOREY 0:Zone Mean Air Temperature [C](Daily),622.0,95.1,358,362,365,365,0,362,3
2020,213,SG_retrofit_1_Insul_retrofit_3_TR_retrofit_2_BW_retrofit_2,1.2,5.5,4.4,4.7,0.018000000000000002,21.276537354577457,retained_renamed_boiler_heating_energy_output,1,BLOCK BUILDINGBLOCK1 STOREY 0:Zone Mean Air Temperature [C](Daily),555.9,90.59,358,362,365,365,0,362,3
2020,214,SG_retrofit_1_Insul_retrofit_3_TR_retrofit_2_BW_retrofit_3,1.2,5.5,6.5,4.7,0.017125,20.627390033649824,retained_renamed_boiler_heating_energy_output,1,BLOCK BUILDINGBLOCK1 STOREY 0:Zone Mean Air Temperature [C](Daily),576.9,102.92,358,362,365,365,0,362,3
2020,215,SG_retrofit_1_Insul_retrofit_3_TR_retrofit_2_BW_retrofit_4,1.2,5.5,6.7,4.7,0.017125,20.61464275317559,retained_renamed_boiler_heating_energy_output,1,BLOCK BUILDINGBLOCK1 STOREY 0:Zone Mean Air Temperature [C](Daily),598.9,94.26,358,362,365,365,0,362,3
2020,218,SG_retrofit_1_Insul_retrofit_3_TR_retrofit_3_BW_retrofit_2,1.2,5.5,4.4,8.5,0.01775,20.802902527643237,retained_renamed_boiler_heating_energy_output,1,BLOCK BUILDINGBLOCK1 STOREY 0:Zone Mean Air Temperature [C](Daily),551.9,104.33,358,362,365,365,0,362,3
2020,219,SG_retrofit_1_Insul_retrofit_3_TR_retrofit_3_BW_retrofit_3,1.2,5.5,6.5,8.5,0.016875,20.216156931481493,retained_renamed_boiler_heating_energy_output,1,BLOCK BUILDINGBLOCK1 STOREY 0:Zone Mean Air Temperature [C](Daily),572.9,116.66,358,362,365,365,0,362,3
2020,220,SG_retrofit_1_Insul_retrofit_3_TR_retrofit_3_BW_retrofit_4,1.2,5.5,6.7,8.5,0.016875,20.233727283423967,retained_renamed_boiler_heating_energy_output,1,BLOCK BUILDINGBLOCK1 STOREY 0:Zone Mean Air Temperature [C](Daily),594.9,108.0,358,362,365,365,0,362,3
2020,224,SG_retrofit_1_Insul_retrofit_3_TR_retrofit_4_BW_retrofit_3,1.2,5.5,6.5,8.7,0.016875,20.186427495452577,retained_renamed_boiler_heating_energy_output,1,BLOCK BUILDINGBLOCK1 STOREY 0:Zone Mean Air Temperature [C](Daily),610.9,108.84,358,362,365,365,0,362,3
2020,225,SG_retrofit_1_Insul_retrofit_3_TR_retrofit_4_BW_retrofit_4,1.2,5.5,6.7,8.7,0.016875,20.204077340865965,retained_renamed_boiler_heating_energy_output,1,BLOCK BUILDINGBLOCK1 STOREY 0:Zone Mean Air Temperature [C](Daily),632.9,100.18,358,362,365,365,0,362,3
2020,238,SG_retrofit_1_Insul_retrofit_4_TR_retrofit_2_BW_retrofit_2,1.2,5.6,4.4,4.7,0.018000000000000002,21.21972913252075,retained_renamed_boiler_heating_energy_output,1,BLOCK BUILDINGBLOCK1 STOREY 0:Zone Mean Air Temperature [C](Daily),576.0,86.59,358,362,365,365,0,362,3
2020,239,SG_retrofit_1_Insul_retrofit_4_TR_retrofit_2_BW_retrofit_3,1.2,5.6,6.5,4.7,0.017125,20.617734331531093,retained_renamed_boiler_heating_energy_output,1,BLOCK BUILDINGBLOCK1 STOREY 0:Zone Mean Air Temperature [C](Daily),597.0,98.92,358,362,365,365,0,362,3
2020,240,SG_retrofit_1_Insul_retrofit_4_TR_retrofit_2_BW_retrofit_4,1.2,5.6,6.7,4.7,0.017125,20.60016612894131,retained_renamed_boiler_heating_energy_output,1,BLOCK BUILDINGBLOCK1 STOREY 0:Zone Mean Air Temperature [C](Daily),619.0,90.26,358,362,365,365,0,362,3
2020,244,SG_retrofit_1_Insul_retrofit_4_TR_retrofit_3_BW_retrofit_3,1.2,5.6,6.5,8.5,0.016875,20.20552124492679,retained_renamed_boiler_heating_energy_output,1,BLOCK BUILDINGBLOCK1 STOREY 0:Zone Mean Air Temperature [C](Daily),593.0,112.66,358,362,365,365,0,362,3
2020,245,SG_retrofit_1_Insul_retrofit_4_TR_retrofit_3_BW_retrofit_4,1.2,5.6,6.7,8.5,0.016875,20.230265798542074,retained_renamed_boiler_heating_energy_output,1,BLOCK BUILDINGBLOCK1 STOREY 0:Zone Mean Air Temperature [C](Daily),615.0,104.0,358,362,365,365,0,362,3
2020,249,SG_retrofit_1_Insul_retrofit_4_TR_retrofit_4_BW_retrofit_3,1.2,5.6,6.5,8.7,0.016875,20.14886499474875,retained_renamed_boiler_heating_energy_output,1,BLOCK BUILDINGBLOCK1 STOREY 0:Zone Mean Air Temperature [C](Daily),631.0,104.84,358,362,365,365,0,362,3
2020,250,SG_retrofit_1_Insul_retrofit_4_TR_retrofit_4_BW_retrofit_4,1.2,5.6,6.7,8.7,0.016875,20.21859885300492,retained_renamed_boiler_heating_energy_output,1,BLOCK BUILDINGBLOCK1 STOREY 0:Zone Mean Air Temperature [C](Daily),653.0,96.18,358,362,365,365,0,362,3
2020,258,SG_retrofit_2_Insul_current_TR_retrofit_1_BW_retrofit_2,1.21,0.41,4.4,4.5,0.017875,23.68778551819631,retained_renamed_boiler_heating_energy_output,1,BLOCK BUILDINGBLOCK1 STOREY 0:Zone Mean Air Temperature [C](Daily),753.5,78.12,362,365,365,365,0,365,0
2020,263,SG_retrofit_2_Insul_current_TR_retrofit_2_BW_retrofit_2,1.21,0.41,4.4,4.7,0.017625000000000002,23.43464820006105,retained_renamed_boiler_heating_energy_output,1,BLOCK BUILDINGBLOCK1 STOREY 0:Zone Mean Air Temperature [C](Daily),769.0,59.589999999999996,362,365,365,365,0,365,0
2020,264,SG_retrofit_2_Insul_current_TR_retrofit_2_BW_retrofit_3,1.21,0.41,6.5,4.7,0.01675,22.591834473203065,retained_renamed_boiler_heating_energy_output,1,BLOCK BUILDINGBLOCK1 STOREY 0:Zone Mean Air Temperature [C](Daily),790.0,71.92,362,365,365,365,0,365,0
2020,265,SG_retrofit_2_Insul_current_TR_retrofit_2_BW_retrofit_4,1.21,0.41,6.7,4.7,0.01675,22.55183457584212,retained_renamed_boiler_heating_energy_output,1,BLOCK BUILDINGBLOCK1 STOREY 0:Zone Mean Air Temperature [C](Daily),812.0,63.26,362,365,365,365,0,365,0
2020,268,SG_retrofit_2_Insul_current_TR_retrofit_3_BW_retrofit_2,1.21,0.41,4.4,8.5,0.017374999999999998,22.754168138334684,retained_renamed_boiler_heating_energy_output,1,BLOCK BUILDINGBLOCK1 STOREY 0:Zone Mean Air Temperature [C](Daily),765.0,73.33,362,365,365,365,0,365,0
2020,269,SG_retrofit_2_Insul_current_TR_retrofit_3_BW_retrofit_3,1.21,0.41,6.5,8.5,0.0165,22.210991516541824,retained_renamed_boiler_heating_energy_output,1,BLOCK BUILDINGBLOCK1 STOREY 0:Zone Mean Air Temperature [C](Daily),786.0,85.66,362,365,365,365,0,365,0
2020,270,SG_retrofit_2_Insul_current_TR_retrofit_3_BW_retrofit_4,1.21,0.41,6.7,8.5,0.0165,22.05692306041759,retained_renamed_boiler_heating_energy_output,1,BLOCK BUILDINGBLOCK1 STOREY 0:Zone Mean Air Temperature [C](Daily),808.0,77.0,362,365,365,365,0,365,0
2020,273,SG_retrofit_2_Insul_current_TR_retrofit_4_BW_retrofit_2,1.21,0.41,4.4,8.7,0.017374999999999998,22.830425939334646,retained_renamed_boiler_heating_energy_output,1,BLOCK BUILDINGBLOCK1 STOREY 0:Zone Mean Air Temperature [C](Daily),803.0,65.50999999999999,362,365,365,365,0,365,0
2020,275,SG_retrofit_2_Insul_current_TR_retrofit_4_BW_retrofit_4,1.21,0.41,6.7,8.7,0.0165,22.249044228181614,retained_renamed_boiler_heating_energy_output,1,BLOCK BUILDINGBLOCK1 STOREY 0:Zone Mean Air Temperature [C](Daily),846.0,69.18,362,365,365,365,0,365,0
2020,288,SG_retrofit_2_Insul_retrofit_1_TR_retrofit_2_BW_retrofit_2,1.21,4.8,4.4,4.7,0.017375,21.0959159641207,retained_renamed_boiler_heating_energy_output,1,BLOCK BUILDINGBLOCK1 STOREY 0:Zone Mean Air Temperature [C](Daily),828.7,69.59,358,362,365,365,0,362,3
2020,290,SG_retrofit_2_Insul_retrofit_1_TR_retrofit_2_BW_retrofit_4,1.21,4.8,6.7,4.7,0.0165,20.469349801118888,retained_renamed_boiler_heating_energy_output,1,BLOCK BUILDINGBLOCK1 STOREY 0:Zone Mean Air Temperature [C](Daily),871.7,73.26,358,362,365,365,0,362,3
2020,293,SG_retrofit_2_Insul_retrofit_1_TR_retrofit_3_BW_retrofit_2,1.21,4.8,4.4,8.5,0.017125,20.71548385780884,retained_renamed_boiler_heating_energy_output,1,BLOCK BUILDINGBLOCK1 STOREY 0:Zone Mean Air Temperature [C](Daily),824.7,83.33,358,362,365,365,0,362,3
2020,294,SG_retrofit_2_Insul_retrofit_1_TR_retrofit_3_BW_retrofit_3,1.21,4.8,6.5,8.5,0.01625,20.054424698227287,retained_renamed_boiler_heating_energy_output,1,BLOCK BUILDINGBLOCK1 STOREY 0:Zone Mean Air Temperature [C](Daily),845.7,95.66,358,362,365,365,0,362,3
2020,295,SG_retrofit_2_Insul_retrofit_1_TR_retrofit_3_BW_retrofit_4,1.21,4.8,6.7,8.5,0.01625,20.0629167518811,retained_renamed_boiler_heating_energy_output,1,BLOCK BUILDINGBLOCK1 STOREY 0:Zone Mean Air Temperature [C](Daily),867.7,87.0,358,363,365,365,0,363,2
2020,299,SG_retrofit_2_Insul_retrofit_1_TR_retrofit_4_BW_retrofit_3,1.21,4.8,6.5,8.7,0.01625,19.74366297691095,retained_renamed_boiler_heating_energy_output,1,BLOCK BUILDINGBLOCK1 STOREY 0:Zone Mean Air Temperature [C](Daily),883.7,87.84,358,362,365,365,0,362,3
2020,300,SG_retrofit_2_Insul_retrofit_1_TR_retrofit_4_BW_retrofit_4,1.21,4.8,6.7,8.7,0.01625,19.772827463618746,retained_renamed_boiler_heating_energy_output,1,BLOCK BUILDINGBLOCK1 STOREY 0:Zone Mean Air Temperature [C](Daily),905.7,79.18,358,363,365,365,0,363,2
2020,313,SG_retrofit_2_Insul_retrofit_2_TR_retrofit_2_BW_retrofit_2,1.21,5.0,4.4,4.7,0.017125,20.830741656309424,retained_renamed_boiler_heating_energy_output,1,BLOCK BUILDINGBLOCK1 STOREY 0:Zone Mean Air Temperature [C](Daily),846.0,65.51,358,362,365,365,0,362,3
2020,314,SG_retrofit_2_Insul_retrofit_2_TR_retrofit_2_BW_retrofit_3,1.21,5.0,6.5,4.7,0.01625,20.195017796272474,retained_renamed_boiler_heating_energy_output,1,BLOCK BUILDINGBLOCK1 STOREY 0:Zone Mean Air Temperature [C](Daily),867.0,77.84,358,362,365,365,0,362,3
2020,315,SG_retrofit_2_Insul_retrofit_2_TR_retrofit_2_BW_retrofit_4,1.21,5.0,6.7,4.7,0.01625,20.20113168280606,retained_renamed_boiler_heating_energy_output,1,BLOCK BUILDINGBLOCK1 STOREY 0:Zone Mean Air Temperature [C](Daily),889.0,69.18,358,362,365,365,0,362,3
2020,318,SG_retrofit_2_Insul_retrofit_2_TR_retrofit_3_BW_retrofit_2,1.21,5.0,4.4,8.5,0.016875,20.49240073033362,retained_renamed_boiler_heating_energy_output,1,BLOCK BUILDINGBLOCK1 STOREY 0:Zone Mean Air Temperature [C](Daily),842.0,79.25,358,362,365,365,0,362,3
2020,319,SG_retrofit_2_Insul_retrofit_2_TR_retrofit_3_BW_retrofit_3,1.21,5.0,6.5,8.5,0.016,19.55866013133429,retained_renamed_boiler_heating_energy_output,1,BLOCK BUILDINGBLOCK1 STOREY 0:Zone Mean Air Temperature [C](Daily),863.0,91.58,358,362,365,365,0,362,3
2020,320,SG_retrofit_2_Insul_retrofit_2_TR_retrofit_3_BW_retrofit_4,1.21,5.0,6.7,8.5,0.016,19.580674651418004,retained_renamed_boiler_heating_energy_output,1,BLOCK BUILDINGBLOCK1 STOREY 0:Zone Mean Air Temperature [C](Daily),885.0,82.92,358,362,365,365,0,362,3
2020,323,SG_retrofit_2_Insul_retrofit_2_TR_retrofit_4_BW_retrofit_2,1.21,5.0,4.4,8.7,0.016875,20.461528326268756,retained_renamed_boiler_heating_energy_output,1,BLOCK BUILDINGBLOCK1 STOREY 0:Zone Mean Air Temperature [C](Daily),880.0,71.43,358,362,365,365,0,362,3
2020,325,SG_retrofit_2_Insul_retrofit_2_TR_retrofit_4_BW_retrofit_4,1.21,5.0,6.7,8.7,0.016,19.517323905625616,retained_renamed_boiler_heating_energy_output,1,BLOCK BUILDINGBLOCK1 STOREY 0:Zone Mean Air Temperature [C](Daily),923.0,75.1,358,362,365,365,0,362,3
2020,338,SG_retrofit_2_Insul_retrofit_3_TR_retrofit_2_BW_retrofit_2,1.21,5.5,4.4,4.7,0.016875,20.565445862354114,retained_renamed_boiler_heating_energy_output,1,BLOCK BUILDINGBLOCK1 STOREY 0:Zone Mean Air Temperature [C](Daily),856.9,70.59,358,362,365,365,0,362,3
2020,339,SG_retrofit_2_Insul_retrofit_3_TR_retrofit_2_BW_retrofit_3,1.21,5.5,6.5,4.7,0.016,20.079805685983043,retained_renamed_boiler_heating_energy_output,1,BLOCK BUILDINGBLOCK1 STOREY 0:Zone Mean Air Temperature [C](Daily),877.9,82.92,358,362,365,365,0,362,3
2020,340,SG_retrofit_2_Insul_retrofit_3_TR_retrofit_2_BW_retrofit_4,1.21,5.5,6.7,4.7,0.016,19.983427229150436,retained_renamed_boiler_heating_energy_output,1,BLOCK BUILDINGBLOCK1 STOREY 0:Zone Mean Air Temperature [C](Daily),899.9,74.26,358,362,365,365,0,362,3
2020,343,SG_retrofit_2_Insul_retrofit_3_TR_retrofit_3_BW_retrofit_2,1.21,5.5,4.4,8.5,0.016625,20.337723354780227,retained_renamed_boiler_heating_energy_output,1,BLOCK BUILDINGBLOCK1 STOREY 0:Zone Mean Air Temperature [C](Daily),852.9,84.33,358,362,365,365,0,362,3
2020,345,SG_retrofit_2_Insul_retrofit_3_TR_retrofit_3_BW_retrofit_4,1.21,5.5,6.7,8.5,0.01575,19.407670105006762,retained_renamed_boiler_heating_energy_output,1,BLOCK BUILDINGBLOCK1 STOREY 0:Zone Mean Air Temperature [C](Daily),895.9,88.0,358,362,365,365,0,362,3
2020,350,SG_retrofit_2_Insul_retrofit_3_TR_retrofit_4_BW_retrofit_4,1.21,5.5,6.7,8.7,0.01575,19.407322651939293,retained_renamed_boiler_heating_energy_output,1,BLOCK BUILDINGBLOCK1 STOREY 0:Zone Mean Air Temperature [C](Daily),933.9,80.18,358,362,365,365,0,362,3
2020,363,SG_retrofit_2_Insul_retrofit_4_TR_retrofit_2_BW_retrofit_2,1.21,5.6,4.4,4.7,0.016875,20.6895184092293,retained_renamed_boiler_heating_energy_output,1,BLOCK BUILDINGBLOCK1 STOREY 0:Zone Mean Air Temperature [C](Daily),877.0,66.59,357,362,365,365,0,362,3
2020,364,SG_retrofit_2_Insul_retrofit_4_TR_retrofit_2_BW_retrofit_3,1.21,5.6,6.5,4.7,0.016,20.045632103815766,retained_renamed_boiler_heating_energy_output,1,BLOCK BUILDINGBLOCK1 STOREY 0:Zone Mean Air Temperature [C](Daily),898.0,78.92,358,362,365,365,0,362,3
2020,365,SG_retrofit_2_Insul_retrofit_4_TR_retrofit_2_BW_retrofit_4,1.21,5.6,6.7,4.7,0.016,20.05620320154413,retained_renamed_boiler_heating_energy_output,1,BLOCK BUILDINGBLOCK1 STOREY 0:Zone Mean Air Temperature [C](Daily),920.0,70.26,358,362,365,365,0,362,3
2020,370,SG_retrofit_2_Insul_retrofit_4_TR_retrofit_3_BW_retrofit_4,1.21,5.6,6.7,8.5,0.01575,19.390433136319665,retained_renamed_boiler_heating_energy_output,1,BLOCK BUILDINGBLOCK1 STOREY 0:Zone Mean Air Temperature [C](Daily),916.0,84.0,358,362,365,365,0,362,3
2020,375,SG_retrofit_2_Insul_retrofit_4_TR_retrofit_4_BW_retrofit_4,1.21,5.6,6.7,8.7,0.01575,19.402370434613918,retained_renamed_boiler_heating_energy_output,1,BLOCK BUILDINGBLOCK1 STOREY 0:Zone Mean Air Temperature [C](Daily),954.0,76.18,358,362,365,365,0,362,3
2020,383,SG_retrofit_3_Insul_current_TR_retrofit_1_BW_retrofit_2,0.8,0.41,4.4,4.5,0.01675,22.46532317632234,retained_renamed_boiler_heating_energy_output,1,BLOCK BUILDINGBLOCK1 STOREY 0:Zone Mean Air Temperature [C](Daily),563.5,178.12,362,365,365,365,0,365,0
2020,384,SG_retrofit_3_Insul_current_TR_retrofit_1_BW_retrofit_3,0.8,0.41,6.5,4.5,0.015875,21.51118946482596,retained_renamed_boiler_heating_energy_output,1,BLOCK BUILDINGBLOCK1 STOREY 0:Zone Mean Air Temperature [C](Daily),584.5,190.45,362,365,365,365,0,365,0
2020,388,SG_retrofit_3_Insul_current_TR_retrofit_2_BW_retrofit_2,0.8,0.41,4.4,4.7,0.0165,22.23709685491678,retained_renamed_boiler_heating_energy_output,1,BLOCK BUILDINGBLOCK1 STOREY 0:Zone Mean Air Temperature [C](Daily),579.0,159.59,362,365,365,365,0,365,0
2020,389,SG_retrofit_3_Insul_current_TR_retrofit_2_BW_retrofit_3,0.8,0.41,6.5,4.7,0.015625,21.30652769218778,retained_renamed_boiler_heating_energy_output,1,BLOCK BUILDINGBLOCK1 STOREY 0:Zone Mean Air Temperature [C](Daily),600.0,171.92,362,365,365,365,0,365,0
2020,390,SG_retrofit_3_Insul_current_TR_retrofit_2_BW_retrofit_4,0.8,0.41,6.7,4.7,0.015625,21.3622456758593,retained_renamed_boiler_heating_energy_output,1,BLOCK BUILDINGBLOCK1 STOREY 0:Zone Mean Air Temperature [C](Daily),622.0,163.26,362,365,365,365,0,365,0
2020,393,SG_retrofit_3_Insul_current_TR_retrofit_3_BW_retrofit_2,0.8,0.41,4.4,8.5,0.01625,21.59924289377017,retained_renamed_boiler_heating_energy_output,1,BLOCK BUILDINGBLOCK1 STOREY 0:Zone Mean Air Temperature [C](Daily),575.0,173.33,362,365,365,365,0,365,0
2020,394,SG_retrofit_3_Insul_current_TR_retrofit_3_BW_retrofit_3,0.8,0.41,6.5,8.5,0.015375,20.89420593547883,retained_renamed_boiler_heating_energy_output,1,BLOCK BUILDINGBLOCK1 STOREY 0:Zone Mean Air Temperature [C](Daily),596.0,185.66,362,365,365,365,0,365,0
2020,395,SG_retrofit_3_Insul_current_TR_retrofit_3_BW_retrofit_4,0.8,0.41,6.7,8.5,0.015375,20.919305593197276,retained_renamed_boiler_heating_energy_output,1,BLOCK BUILDINGBLOCK1 STOREY 0:Zone Mean Air Temperature [C](Daily),618.0,177.0,362,365,365,365,0,365,0
2020,398,SG_retrofit_3_Insul_current_TR_retrofit_4_BW_retrofit_2,0.8,0.41,4.4,8.7,0.01625,21.57391385093092,retained_renamed_boiler_heating_energy_output,1,BLOCK BUILDINGBLOCK1 STOREY 0:Zone Mean Air Temperature [C](Daily),613.0,165.51000000000002,362,365,365,365,0,365,0
2020,399,SG_retrofit_3_Insul_current_TR_retrofit_4_BW_retrofit_3,0.8,0.41,6.5,8.7,0.015375,20.88414625543464,retained_renamed_boiler_heating_energy_output,1,BLOCK BUILDINGBLOCK1 STOREY 0:Zone Mean Air Temperature [C](Daily),634.0,177.84,362,365,365,365,0,365,0
2020,400,SG_retrofit_3_Insul_current_TR_retrofit_4_BW_retrofit_4,0.8,0.41,6.7,8.7,0.015375,20.894019807834763,retained_renamed_boiler_heating_energy_output,1,BLOCK BUILDINGBLOCK1 STOREY 0:Zone Mean Air Temperature [C](Daily),656.0,169.18,362,365,365,365,0,365,0
2020,408,SG_retrofit_3_Insul_retrofit_1_TR_retrofit_1_BW_retrofit_2,0.8,4.8,4.4,4.5,0.0165,19.88989315229744,retained_renamed_boiler_heating_energy_output,1,BLOCK BUILDINGBLOCK1 STOREY 0:Zone Mean Air Temperature [C](Daily),623.2,188.12,358,362,365,365,0,362,3
2020,409,SG_retrofit_3_Insul_retrofit_1_TR_retrofit_1_BW_retrofit_3,0.8,4.8,6.5,4.5,0.015625,19.338126191014332,retained_renamed_boiler_heating_energy_output,1,BLOCK BUILDINGBLOCK1 STOREY 0:Zone Mean Air Temperature [C](Daily),644.2,200.45,358,362,365,365,0,362,3
2020,413,SG_retrofit_3_Insul_retrofit_1_TR_retrofit_2_BW_retrofit_2,0.8,4.8,4.4,4.7,0.01625,19.78648526428157,retained_renamed_boiler_heating_energy_output,1,BLOCK BUILDINGBLOCK1 STOREY 0:Zone Mean Air Temperature [C](Daily),638.7,169.59,358,362,365,365,0,362,3
2020,414,SG_retrofit_3_Insul_retrofit_1_TR_retrofit_2_BW_retrofit_3,0.8,4.8,6.5,4.7,0.015375,19.122370672748698,retained_renamed_boiler_heating_energy_output,1,BLOCK BUILDINGBLOCK1 STOREY 0:Zone Mean Air Temperature [C](Daily),659.7,181.92,358,363,365,365,0,363,2
2020,415,SG_retrofit_3_Insul_retrofit_1_TR_retrofit_2_BW_retrofit_4,0.8,4.8,6.7,4.7,0.015375,19.051596161666996,retained_renamed_boiler_heating_energy_output,1,BLOCK BUILDINGBLOCK1 STOREY 0:Zone Mean Air Temperature [C](Daily),681.7,173.26,358,363,365,365,0,363,2
2020,418,SG_retrofit_3_Insul_retrofit_1_TR_retrofit_3_BW_retrofit_2,0.8,4.8,4.4,8.5,0.016,19.35588068083935,retained_renamed_boiler_heating_energy_output,1,BLOCK BUILDINGBLOCK1 STOREY 0:Zone Mean Air Temperature [C](Daily),634.7,183.33,358,363,365,365,0,363,2
2020,419,SG_retrofit_3_Insul_retrofit_1_TR_retrofit_3_BW_retrofit_3,0.8,4.8,6.5,8.5,0.015125,18.34778510764866,retained_renamed_boiler_heating_energy_output,1,BLOCK BUILDINGBLOCK1 STOREY 0:Zone Mean Air Temperature [C](Daily),655.7,195.66,358,363,365,365,0,363,2
2020,420,SG_retrofit_3_Insul_retrofit_1_TR_retrofit_3_BW_retrofit_4,0.8,4.8,6.7,8.5,0.015125,18.369205605569075,retained_renamed_boiler_heating_energy_output,1,BLOCK BUILDINGBLOCK1 STOREY 0:Zone Mean Air Temperature [C](Daily),677.7,187.0,358,363,365,365,0,363,2
2020,423,SG_retrofit_3_Insul_retrofit_1_TR_retrofit_4_BW_retrofit_2,0.8,4.8,4.4,8.7,0.016,19.348678410040964,retained_renamed_boiler_heating_energy_output,1,BLOCK BUILDINGBLOCK1 STOREY 0:Zone Mean Air Temperature [C](Daily),672.7,175.51000000000002,358,363,365,365,0,363,2
2020,425,SG_retrofit_3_Insul_retrofit_1_TR_retrofit_4_BW_retrofit_4,0.8,4.8,6.7,8.7,0.015125,18.414233163223432,retained_renamed_boiler_heating_energy_output,1,BLOCK BUILDINGBLOCK1 STOREY 0:Zone Mean Air Temperature [C](Daily),715.7,179.18,358,363,365,365,0,363,2
2020,438,SG_retrofit_3_Insul_retrofit_2_TR_retrofit_2_BW_retrofit_2,0.8,5.0,4.4,4.7,0.016,19.603580970694544,retained_renamed_boiler_heating_energy_output,1,BLOCK BUILDINGBLOCK1 STOREY 0:Zone Mean Air Temperature [C](Daily),656.0,165.51,357,362,365,365,0,362,3
2020,439,SG_retrofit_3_Insul_retrofit_2_TR_retrofit_2_BW_retrofit_3,0.8,5.0,6.5,4.7,0.015125,18.865440645266506,retained_renamed_boiler_heating_energy_output,1,BLOCK BUILDINGBLOCK1 STOREY 0:Zone Mean Air Temperature [C](Daily),677.0,177.83999999999997,357,362,365,365,0,362,3
2020,440,SG_retrofit_3_Insul_retrofit_2_TR_retrofit_2_BW_retrofit_4,0.8,5.0,6.7,4.7,0.015125,18.888981511921337,retained_renamed_boiler_heating_energy_output,1,BLOCK BUILDINGBLOCK1 STOREY 0:Zone Mean Air Temperature [C](Daily),699.0,169.17999999999998,357,362,365,365,0,362,3
2020,443,SG_retrofit_3_Insul_retrofit_2_TR_retrofit_3_BW_retrofit_2,0.8,5.0,4.4,8.5,0.01575,19.18888165366874,retained_renamed_boiler_heating_energy_output,1,BLOCK BUILDINGBLOCK1 STOREY 0:Zone Mean Air Temperature [C](Daily),652.0,179.25,357,362,365,365,0,362,3
2020,444,SG_retrofit_3_Insul_retrofit_2_TR_retrofit_3_BW_retrofit_3,0.8,5.0,6.5,8.5,0.014875,18.19371156079474,retained_renamed_boiler_heating_energy_output,1,BLOCK BUILDINGBLOCK1 STOREY 0:Zone Mean Air Temperature [C](Daily),673.0,191.57999999999998,357,362,365,365,0,362,3
2020,445,SG_retrofit_3_Insul_retrofit_2_TR_retrofit_3_BW_retrofit_4,0.8,5.0,6.7,8.5,0.014875,18.215114603341107,retained_renamed_boiler_heating_energy_output,1,BLOCK BUILDINGBLOCK1 STOREY 0:Zone Mean Air Temperature [C](Daily),695.0,182.92,357,362,365,365,0,362,3
2020,448,SG_retrofit_3_Insul_retrofit_2_TR_retrofit_4_BW_retrofit_2,0.8,5.0,4.4,8.7,0.01575,19.20858630021467,retained_renamed_boiler_heating_energy_output,1,BLOCK BUILDINGBLOCK1 STOREY 0:Zone Mean Air Temperature [C](Daily),690.0,171.43,357,362,365,365,0,362,3
2020,449,SG_retrofit_3_Insul_retrofit_2_TR_retrofit_4_BW_retrofit_3,0.8,5.0,6.5,8.7,0.014875,18.196803321781246,retained_renamed_boiler_heating_energy_output,1,BLOCK BUILDINGBLOCK1 STOREY 0:Zone Mean Air Temperature [C](Daily),711.0,183.76,357,362,365,365,0,362,3
2020,450,SG_retrofit_3_Insul_retrofit_2_TR_retrofit_4_BW_retrofit_4,0.8,5.0,6.7,8.7,0.014875,18.216233233352334,retained_renamed_boiler_heating_energy_output,1,BLOCK BUILDINGBLOCK1 STOREY 0:Zone Mean Air Temperature [C](Daily),733.0,175.1,357,362,365,365,0,362,3
2020,463,SG_retrofit_3_Insul_retrofit_3_TR_retrofit_2_BW_retrofit_2,0.8,5.5,4.4,4.7,0.01575,19.37927803713319,retained_renamed_boiler_heating_energy_output,1,BLOCK BUILDINGBLOCK1 STOREY 0:Zone Mean Air Temperature [C](Daily),666.9,170.59,357,362,365,365,0,362,3
2020,464,SG_retrofit_3_Insul_retrofit_3_TR_retrofit_2_BW_retrofit_3,0.8,5.5,6.5,4.7,0.014875,18.717935207077904,retained_renamed_boiler_heating_energy_output,1,BLOCK BUILDINGBLOCK1 STOREY 0:Zone Mean Air Temperature [C](Daily),687.9,182.92,356,362,365,365,0,362,3
2020,465,SG_retrofit_3_Insul_retrofit_3_TR_retrofit_2_BW_retrofit_4,0.8,5.5,6.7,4.7,0.014875,18.71236118795274,retained_renamed_boiler_heating_energy_output,1,BLOCK BUILDINGBLOCK1 STOREY 0:Zone Mean Air Temperature [C](Daily),709.9,174.26,356,362,365,365,0,362,3
2020,468,SG_retrofit_3_Insul_retrofit_3_TR_retrofit_3_BW_retrofit_2,0.8,5.5,4.4,8.5,0.0155,19.02269665340067,retained_renamed_boiler_heating_energy_output,1,BLOCK BUILDINGBLOCK1 STOREY 0:Zone Mean Air Temperature [C](Daily),662.9,184.33,357,362,365,365,0,362,3
2020,469,SG_retrofit_3_Insul_retrofit_3_TR_retrofit_3_BW_retrofit_3,0.8,5.5,6.5,8.5,0.014624999999999999,17.94557922343332,retained_renamed_boiler_heating_energy_output,1,BLOCK BUILDINGBLOCK1 STOREY 0:Zone Mean Air Temperature [C](Daily),683.9,196.66,357,362,365,365,0,362,3
2020,470,SG_retrofit_3_Insul_retrofit_3_TR_retrofit_3_BW_retrofit_4,0.8,5.5,6.7,8.5,0.014624999999999999,18.01612488582695,retained_renamed_boiler_heating_energy_output,1,BLOCK BUILDINGBLOCK1 STOREY 0:Zone Mean Air Temperature [C](Daily),705.9,188.0,357,362,365,365,0,362,3
2020,475,SG_retrofit_3_Insul_retrofit_3_TR_retrofit_4_BW_retrofit_4,0.8,5.5,6.7,8.7,0.014624999999999999,18.20939468782382,retained_renamed_boiler_heating_energy_output,1,BLOCK BUILDINGBLOCK1 STOREY 0:Zone Mean Air Temperature [C](Daily),743.9,180.18,357,362,365,365,0,362,3
2020,488,SG_retrofit_3_Insul_retrofit_4_TR_retrofit_2_BW_retrofit_2,0.8,5.6,4.4,4.7,0.01575,19.388232901819617,retained_renamed_boiler_heating_energy_output,1,BLOCK BUILDINGBLOCK1 STOREY 0:Zone Mean Air Temperature [C](Daily),687.0,166.59,356,362,365,365,0,362,3
2020,489,SG_retrofit_3_Insul_retrofit_4_TR_retrofit_2_BW_retrofit_3,0.8,5.6,6.5,4.7,0.014875,18.722189180328584,retained_renamed_boiler_heating_energy_output,1,BLOCK BUILDINGBLOCK1 STOREY 0:Zone Mean Air Temperature [C](Daily),708.0,178.92,356,362,365,365,0,362,3
2020,490,SG_retrofit_3_Insul_retrofit_4_TR_retrofit_2_BW_retrofit_4,0.8,5.6,6.7,4.7,0.014875,18.678591912404045,retained_renamed_boiler_heating_energy_output,1,BLOCK BUILDINGBLOCK1 STOREY 0:Zone Mean Air Temperature [C](Daily),730.0,170.26,356,362,365,365,0,362,3
2020,494,SG_retrofit_3_Insul_retrofit_4_TR_retrofit_3_BW_retrofit_3,0.8,5.6,6.5,8.5,0.014624999999999999,17.942549820469573,retained_renamed_boiler_heating_energy_output,1,BLOCK BUILDINGBLOCK1 STOREY 0:Zone Mean Air Temperature [C](Daily),704.0,192.66,356,362,365,365,0,362,3
2020,495,SG_retrofit_3_Insul_retrofit_4_TR_retrofit_3_BW_retrofit_4,0.8,5.6,6.7,8.5,0.014624999999999999,18.032162975515195,retained_renamed_boiler_heating_energy_output,1,BLOCK BUILDINGBLOCK1 STOREY 0:Zone Mean Air Temperature [C](Daily),726.0,184.0,356,362,365,365,0,362,3
2020,499,SG_retrofit_3_Insul_retrofit_4_TR_retrofit_4_BW_retrofit_3,0.8,5.6,6.5,8.7,0.014624999999999999,17.96808226783268,retained_renamed_boiler_heating_energy_output,1,BLOCK BUILDINGBLOCK1 STOREY 0:Zone Mean Air Temperature [C](Daily),742.0,184.84,356,362,365,365,0,362,3
2020,508,SG_retrofit_4_Insul_current_TR_retrofit_1_BW_retrofit_2,0.81,0.41,4.4,4.5,0.015625,21.896474912250365,retained_renamed_boiler_heating_energy_output,1,BLOCK BUILDINGBLOCK1 STOREY 0:Zone Mean Air Temperature [C](Daily),890.5,148.12,362,365,365,365,0,365,0
2020,509,SG_retrofit_4_Insul_current_TR_retrofit_1_BW_retrofit_3,0.81,0.41,6.5,4.5,0.01475,20.94628771559644,retained_renamed_boiler_heating_energy_output,1,BLOCK BUILDINGBLOCK1 STOREY 0:Zone Mean Air Temperature [C](Daily),911.5,160.45,362,365,365,365,0,365,0
2020,513,SG_retrofit_4_Insul_current_TR_retrofit_2_BW_retrofit_2,0.81,0.41,4.4,4.7,0.015375,21.325200067732585,retained_renamed_boiler_heating_energy_output,1,BLOCK BUILDINGBLOCK1 STOREY 0:Zone Mean Air Temperature [C](Daily),906.0,129.59,362,365,365,365,0,365,0
2020,514,SG_retrofit_4_Insul_current_TR_retrofit_2_BW_retrofit_3,0.81,0.41,6.5,4.7,0.014500000000000002,20.856363359315637,retained_renamed_boiler_heating_energy_output,1,BLOCK BUILDINGBLOCK1 STOREY 0:Zone Mean Air Temperature [C](Daily),927.0,141.92,362,365,365,365,0,365,0
2020,515,SG_retrofit_4_Insul_current_TR_retrofit_2_BW_retrofit_4,0.81,0.41,6.7,4.7,0.014500000000000002,20.777323687774345,retained_renamed_boiler_heating_energy_output,1,BLOCK BUILDINGBLOCK1 STOREY 0:Zone Mean Air Temperature [C](Daily),949.0,133.26,362,365,365,365,0,365,0
2020,518,SG_retrofit_4_Insul_current_TR_retrofit_3_BW_retrofit_2,0.81,0.41,4.4,8.5,0.015125,21.045009080899902,retained_renamed_boiler_heating_energy_output,1,BLOCK BUILDINGBLOCK1 STOREY 0:Zone Mean Air Temperature [C](Daily),902.0,143.32999999999998,362,365,365,365,0,365,0
2020,519,SG_retrofit_4_Insul_current_TR_retrofit_3_BW_retrofit_3,0.81,0.41,6.5,8.5,0.014249999999999999,20.32875861139746,retained_renamed_boiler_heating_energy_output,1,BLOCK BUILDINGBLOCK1 STOREY 0:Zone Mean Air Temperature [C](Daily),923.0,155.66,362,365,365,365,0,365,0
2020,520,SG_retrofit_4_Insul_current_TR_retrofit_3_BW_retrofit_4,0.81,0.41,6.7,8.5,0.014249999999999999,20.330763690234736,retained_renamed_boiler_heating_energy_output,1,BLOCK BUILDINGBLOCK1 STOREY 0:Zone Mean Air Temperature [C](Daily),945.0,147.0,362,365,365,365,0,365,0
2020,523,SG_retrofit_4_Insul_current_TR_retrofit_4_BW_retrofit_2,0.81,0.41,4.4,8.7,0.015125,21.00677795287376,retained_renamed_boiler_heating_energy_output,1,BLOCK BUILDINGBLOCK1 STOREY 0:Zone Mean Air Temperature [C](Daily),940.0,135.51,362,365,365,365,0,365,0
2020,525,SG_retrofit_4_Insul_current_TR_retrofit_4_BW_retrofit_4,0.81,0.41,6.7,8.7,0.014249999999999999,20.30703382024961,retained_renamed_boiler_heating_energy_output,1,BLOCK BUILDINGBLOCK1 STOREY 0:Zone Mean Air Temperature [C](Daily),983.0,139.18,362,365,365,365,0,365,0
2020,533,SG_retrofit_4_Insul_retrofit_1_TR_retrofit_1_BW_retrofit_2,0.81,4.8,4.4,4.5,0.015375,19.399920659059738,retained_renamed_boiler_heating_energy_output,1,BLOCK BUILDINGBLOCK1 STOREY 0:Zone Mean Air Temperature [C](Daily),950.2,158.12,357,363,365,365,0,363,2
2020,534,SG_retrofit_4_Insul_retrofit_1_TR_retrofit_1_BW_retrofit_3,0.81,4.8,6.5,4.5,0.014500000000000002,18.767814690575683,retained_renamed_boiler_heating_energy_output,1,BLOCK BUILDINGBLOCK1 STOREY 0:Zone Mean Air Temperature [C](Daily),971.2,170.45,358,363,365,365,0,363,2
2020,538,SG_retrofit_4_Insul_retrofit_1_TR_retrofit_2_BW_retrofit_2,0.81,4.8,4.4,4.7,0.015125,19.26180542305628,retained_renamed_boiler_heating_energy_output,1,BLOCK BUILDINGBLOCK1 STOREY 0:Zone Mean Air Temperature [C](Daily),965.7,139.59,357,363,365,365,0,363,2
2020,539,SG_retrofit_4_Insul_retrofit_1_TR_retrofit_2_BW_retrofit_3,0.81,4.8,6.5,4.7,0.014250000000000002,18.553445588909156,retained_renamed_boiler_heating_energy_output,1,BLOCK BUILDINGBLOCK1 STOREY 0:Zone Mean Air Temperature [C](Daily),986.7,151.92,358,363,365,365,0,363,2
2020,540,SG_retrofit_4_Insul_retrofit_1_TR_retrofit_2_BW_retrofit_4,0.81,4.8,6.7,4.7,0.014250000000000002,18.60182587847288,retained_renamed_boiler_heating_energy_output,1,BLOCK BUILDINGBLOCK1 STOREY 0:Zone Mean Air Temperature [C](Daily),1008.7,143.26,358,363,365,365,0,363,2
2020,543,SG_retrofit_4_Insul_retrofit_1_TR_retrofit_3_BW_retrofit_2,0.81,4.8,4.4,8.5,0.014875,18.837588075335503,retained_renamed_boiler_heating_energy_output,1,BLOCK BUILDINGBLOCK1 STOREY 0:Zone Mean Air Temperature [C](Daily),961.7,153.33,357,363,365,365,0,363,2
2020,544,SG_retrofit_4_Insul_retrofit_1_TR_retrofit_3_BW_retrofit_3,0.81,4.8,6.5,8.5,0.014000000000000002,18.110415802925857,retained_renamed_boiler_heating_energy_output,1,BLOCK BUILDINGBLOCK1 STOREY 0:Zone Mean Air Temperature [C](Daily),982.7,165.66,358,363,365,365,0,363,2
2020,545,SG_retrofit_4_Insul_retrofit_1_TR_retrofit_3_BW_retrofit_4,0.81,4.8,6.7,8.5,0.014000000000000002,18.145946750608086,retained_renamed_boiler_heating_energy_output,1,BLOCK BUILDINGBLOCK1 STOREY 0:Zone Mean Air Temperature [C](Daily),1004.7,157.0,358,363,365,365,0,363,2
2020,548,SG_retrofit_4_Insul_retrofit_1_TR_retrofit_4_BW_retrofit_2,0.81,4.8,4.4,8.7,0.014875,18.759170187436624,retained_renamed_boiler_heating_energy_output,1,BLOCK BUILDINGBLOCK1 STOREY 0:Zone Mean Air Temperature [C](Daily),999.7,145.51000000000002,357,363,365,365,0,363,2
2020,550,SG_retrofit_4_Insul_retrofit_1_TR_retrofit_4_BW_retrofit_4,0.81,4.8,6.7,8.7,0.014000000000000002,17.901343341603532,retained_renamed_boiler_heating_energy_output,1,BLOCK BUILDINGBLOCK1 STOREY 0:Zone Mean Air Temperature [C](Daily),1042.7,149.18,358,363,365,365,0,363,2
2020,563,SG_retrofit_4_Insul_retrofit_2_TR_retrofit_2_BW_retrofit_2,0.81,5.0,4.4,4.7,0.014875,18.99224564759914,retained_renamed_boiler_heating_energy_output,1,BLOCK BUILDINGBLOCK1 STOREY 0:Zone Mean Air Temperature [C](Daily),983.0,135.51,357,362,365,365,0,362,3
2020,564,SG_retrofit_4_Insul_retrofit_2_TR_retrofit_2_BW_retrofit_3,0.81,5.0,6.5,4.7,0.014000000000000002,18.338593827321084,retained_renamed_boiler_heating_energy_output,1,BLOCK BUILDINGBLOCK1 STOREY 0:Zone Mean Air Temperature [C](Daily),1004.0,147.84,356,362,365,365,0,362,3
2020,565,SG_retrofit_4_Insul_retrofit_2_TR_retrofit_2_BW_retrofit_4,0.81,5.0,6.7,4.7,0.014000000000000002,18.364507833478644,retained_renamed_boiler_heating_energy_output,1,BLOCK BUILDINGBLOCK1 STOREY 0:Zone Mean Air Temperature [C](Daily),1026.0,139.18,357,362,365,365,0,362,3
2020,568,SG_retrofit_4_Insul_retrofit_2_TR_retrofit_3_BW_retrofit_2,0.81,5.0,4.4,8.5,0.014624999999999999,18.480844395932937,retained_renamed_boiler_heating_energy_output,1,BLOCK BUILDINGBLOCK1 STOREY 0:Zone Mean Air Temperature [C](Daily),979.0,149.25,357,362,365,365,0,362,3
2020,569,SG_retrofit_4_Insul_retrofit_2_TR_retrofit_3_BW_retrofit_3,0.81,5.0,6.5,8.5,0.013750000000000002,17.94421008263449,retained_renamed_boiler_heating_energy_output,1,BLOCK BUILDINGBLOCK1 STOREY 0:Zone Mean Air Temperature [C](Daily),1000.0,161.58,357,362,365,365,0,362,3
2020,570,SG_retrofit_4_Insul_retrofit_2_TR_retrofit_3_BW_retrofit_4,0.81,5.0,6.7,8.5,0.013750000000000002,17.655173534028332,retained_renamed_boiler_heating_energy_output,1,BLOCK BUILDINGBLOCK1 STOREY 0:Zone Mean Air Temperature [C](Daily),1022.0,152.92000000000002,357,362,365,365,0,362,3
2020,573,SG_retrofit_4_Insul_retrofit_2_TR_retrofit_4_BW_retrofit_2,0.81,5.0,4.4,8.7,0.014624999999999999,18.530208477560272,retained_renamed_boiler_heating_energy_output,1,BLOCK BUILDINGBLOCK1 STOREY 0:Zone Mean Air Temperature [C](Daily),1017.0,141.43,357,362,365,365,0,362,3
2020,575,SG_retrofit_4_Insul_retrofit_2_TR_retrofit_4_BW_retrofit_4,0.81,5.0,6.7,8.7,0.013750000000000002,17.620988843096328,retained_renamed_boiler_heating_energy_output,1,BLOCK BUILDINGBLOCK1 STOREY 0:Zone Mean Air Temperature [C](Daily),1060.0,145.10000000000002,357,362,365,365,0,362,3
2020,588,SG_retrofit_4_Insul_retrofit_3_TR_retrofit_2_BW_retrofit_2,0.81,5.5,4.4,4.7,0.014624999999999999,18.768165646038337,retained_renamed_boiler_heating_energy_output,1,BLOCK BUILDINGBLOCK1 STOREY 0:Zone Mean Air Temperature [C](Daily),993.9,140.59,356,362,365,365,0,362,3
2020,589,SG_retrofit_4_Insul_retrofit_3_TR_retrofit_2_BW_retrofit_3,0.81,5.5,6.5,4.7,0.013750000000000002,18.1975373602333,retained_renamed_boiler_heating_energy_output,1,BLOCK BUILDINGBLOCK1 STOREY 0:Zone Mean Air Temperature [C](Daily),1014.9,152.92,356,362,365,365,0,362,3
2020,590,SG_retrofit_4_Insul_retrofit_3_TR_retrofit_2_BW_retrofit_4,0.81,5.5,6.7,4.7,0.013750000000000002,18.147105136234543,retained_renamed_boiler_heating_energy_output,1,BLOCK BUILDINGBLOCK1 STOREY 0:Zone Mean Air Temperature [C](Daily),1036.9,144.26,356,362,365,365,0,362,3
2020,593,SG_retrofit_4_Insul_retrofit_3_TR_retrofit_3_BW_retrofit_2,0.81,5.5,4.4,8.5,0.014374999999999999,18.358800851642105,retained_renamed_boiler_heating_energy_output,1,BLOCK BUILDINGBLOCK1 STOREY 0:Zone Mean Air Temperature [C](Daily),989.9,154.33,357,362,365,365,0,362,3
2020,594,SG_retrofit_4_Insul_retrofit_3_TR_retrofit_3_BW_retrofit_3,0.81,5.5,6.5,8.5,0.013500000000000002,17.509182047500207,retained_renamed_boiler_heating_energy_output,1,BLOCK BUILDINGBLOCK1 STOREY 0:Zone Mean Air Temperature [C](Daily),1010.9,166.66,356,362,365,365,0,362,3
2020,598,SG_retrofit_4_Insul_retrofit_3_TR_retrofit_4_BW_retrofit_2,0.81,5.5,4.4,8.7,0.014374999999999999,18.349769020319375,retained_renamed_boiler_heating_energy_output,1,BLOCK BUILDINGBLOCK1 STOREY 0:Zone Mean Air Temperature [C](Daily),1027.9,146.51000000000002,357,362,365,365,0,362,3
2020,599,SG_retrofit_4_Insul_retrofit_3_TR_retrofit_4_BW_retrofit_3,0.81,5.5,6.5,8.7,0.013500000000000002,17.53840302631913,retained_renamed_boiler_heating_energy_output,1,BLOCK BUILDINGBLOCK1 STOREY 0:Zone Mean Air Temperature [C](Daily),1048.9,158.84,356,362,365,365,0,362,3
2020,600,SG_retrofit_4_Insul_retrofit_3_TR_retrofit_4_BW_retrofit_4,0.81,5.5,6.7,8.7,0.013500000000000002,17.510920427546772,retained_renamed_boiler_heating_energy_output,1,BLOCK BUILDINGBLOCK1 STOREY 0:Zone Mean Air Temperature [C](Daily),1070.9,150.18,357,362,365,365,0,362,3
2020,613,SG_retrofit_4_Insul_retrofit_4_TR_retrofit_2_BW_retrofit_2,0.81,5.6,4.4,4.7,0.014624999999999999,18.819331106487983,retained_renamed_boiler_heating_energy_output,1,BLOCK BUILDINGBLOCK1 STOREY 0:Zone Mean Air Temperature [C](Daily),1014.0,136.59,356,362,365,365,0,362,3
2020,614,SG_retrofit_4_Insul_retrofit_4_TR_retrofit_2_BW_retrofit_3,0.81,5.6,6.5,4.7,0.013750000000000002,18.22222292731004,retained_renamed_boiler_heating_energy_output,1,BLOCK BUILDINGBLOCK1 STOREY 0:Zone Mean Air Temperature [C](Daily),1035.0,148.92,356,362,365,365,0,362,3
2020,615,SG_retrofit_4_Insul_retrofit_4_TR_retrofit_2_BW_retrofit_4,0.81,5.6,6.7,4.7,0.013750000000000002,18.184757500746077,retained_renamed_boiler_heating_energy_output,1,BLOCK BUILDINGBLOCK1 STOREY 0:Zone Mean Air Temperature [C](Daily),1057.0,140.26,356,362,365,365,0,362,3
2020,620,SG_retrofit_4_Insul_retrofit_4_TR_retrofit_3_BW_retrofit_4,0.81,5.6,6.7,8.5,0.013500000000000002,17.54112233271182,retained_renamed_boiler_heating_energy_output,1,BLOCK BUILDINGBLOCK1 STOREY 0:Zone Mean Air Temperature [C](Daily),1053.0,154.0,356,362,365,365,0,362,3
2020,623,SG_retrofit_4_Insul_retrofit_4_TR_retrofit_4_BW_retrofit_2,0.81,5.6,4.4,8.7,0.014374999999999999,18.291787200048372,retained_renamed_boiler_heating_energy_output,1,BLOCK BUILDINGBLOCK1 STOREY 0:Zone Mean Air Temperature [C](Daily),1048.0,142.51000000000002,356,362,365,365,0,362,3
2020,624,SG_retrofit_4_Insul_retrofit_4_TR_retrofit_4_BW_retrofit_3,0.81,5.6,6.5,8.7,0.013500000000000002,17.502663853231446,retained_renamed_boiler_heating_energy_output,1,BLOCK BUILDINGBLOCK1 STOREY 0:Zone Mean Air Temperature [C](Daily),1069.0,154.84,356,362,365,365,0,362,3
2020,625,SG_retrofit_4_Insul_retrofit_4_TR_retrofit_4_BW_retrofit_4,0.81,5.6,6.7,8.7,0.013500000000000002,17.470063240355348,retained_renamed_boiler_heating_energy_output,1,BLOCK BUILDINGBLOCK1 STOREY 0:Zone Mean Air Temperature [C](Daily),1091.0,146.18,356,362,365,365,0,362,3
2050,1,SG_current_Insul_current_TR_current_BW_current,2.9,0.41,0.45,0.48,0.025,29.960081137605304,retained_renamed_boiler_heating_energy_output,1,BLOCK BUILDINGBLOCK1 STOREY 0:Zone Mean Air Temperature [C](Daily),0.0,0.0,324,339,346,358,0,339,26
2050,3,SG_current_Insul_current_TR_current_BW_retrofit_2,2.9,0.41,4.4,0.48,0.021500000000000002,25.223520607757475,retained_renamed_boiler_heating_energy_output,1,BLOCK BUILDINGBLOCK1 STOREY 0:Zone Mean Air Temperature [C](Daily),179.0,4.83,321,341,349,360,0,341,24
2050,4,SG_current_Insul_current_TR_current_BW_retrofit_3,2.9,0.41,6.5,0.48,0.020625,24.686273748612578,retained_renamed_boiler_heating_energy_output,1,BLOCK BUILDINGBLOCK1 STOREY 0:Zone Mean Air Temperature [C](Daily),200.0,17.16,322,342,349,360,0,342,23
2050,5,SG_current_Insul_current_TR_current_BW_retrofit_4,2.9,0.41,6.7,0.48,0.020625,24.602532716886596,retained_renamed_boiler_heating_energy_output,1,BLOCK BUILDINGBLOCK1 STOREY 0:Zone Mean Air Temperature [C](Daily),222.0,8.5,322,342,349,360,0,342,23
2050,6,SG_current_Insul_current_TR_retrofit_1_BW_current,2.9,0.41,0.45,4.5,0.02475,25.944475585732942,retained_renamed_boiler_heating_energy_output,1,BLOCK BUILDINGBLOCK1 STOREY 0:Zone Mean Air Temperature [C](Daily),89.5,23.29,324,340,346,358,0,340,25
2050,8,SG_current_Insul_current_TR_retrofit_1_BW_retrofit_2,2.9,0.41,4.4,4.5,0.02125,21.17318698741802,retained_renamed_boiler_heating_energy_output,1,BLOCK BUILDINGBLOCK1 STOREY 0:Zone Mean Air Temperature [C](Daily),268.5,28.119999999999997,322,342,349,360,0,342,23
2050,9,SG_current_Insul_current_TR_retrofit_1_BW_retrofit_3,2.9,0.41,6.5,4.5,0.020375000000000004,20.639726831627815,retained_renamed_boiler_heating_energy_output,1,BLOCK BUILDINGBLOCK1 STOREY 0:Zone Mean Air Temperature [C](Daily),289.5,40.45,322,343,349,360,0,343,22
2050,11,SG_current_Insul_current_TR_retrofit_2_BW_current,2.9,0.41,0.45,4.7,0.0245,25.78603884826043,retained_renamed_boiler_heating_energy_output,1,BLOCK BUILDINGBLOCK1 STOREY 0:Zone Mean Air Temperature [C](Daily),105.0,4.76,324,340,346,358,0,340,25
2050,13,SG_current_Insul_current_TR_retrofit_2_BW_retrofit_2,2.9,0.41,4.4,4.7,0.021000000000000005,21.07400284832853,retained_renamed_boiler_heating_energy_output,1,BLOCK BUILDINGBLOCK1 STOREY 0:Zone Mean Air Temperature [C](Daily),284.0,9.59,322,342,349,360,0,342,23
2050,14,SG_current_Insul_current_TR_retrofit_2_BW_retrofit_3,2.9,0.41,6.5,4.7,0.020125000000000004,20.531161991854106,retained_renamed_boiler_heating_energy_output,1,BLOCK BUILDINGBLOCK1 STOREY 0:Zone Mean Air Temperature [C](Daily),305.0,21.92,322,343,349,360,0,343,22
2050,15,SG_current_Insul_current_TR_retrofit_2_BW_retrofit_4,2.9,0.41,6.7,4.7,0.020125000000000004,20.541920990499367,retained_renamed_boiler_heating_energy_output,1,BLOCK BUILDINGBLOCK1 STOREY 0:Zone Mean Air Temperature [C](Daily),327.0,13.26,322,343,349,360,0,343,22
2050,16,SG_current_Insul_current_TR_retrofit_3_BW_current,2.9,0.41,0.45,8.5,0.02425,25.34263460380745,retained_renamed_boiler_heating_energy_output,1,BLOCK BUILDINGBLOCK1 STOREY 0:Zone Mean Air Temperature [C](Daily),101.0,18.5,324,340,346,358,0,340,25
2050,18,SG_current_Insul_current_TR_retrofit_3_BW_retrofit_2,2.9,0.41,4.4,8.5,0.02075,20.737426795952985,retained_renamed_boiler_heating_energy_output,1,BLOCK BUILDINGBLOCK1 STOREY 0:Zone Mean Air Temperature [C](Daily),280.0,23.33,322,343,349,360,0,343,22
2050,19,SG_current_Insul_current_TR_retrofit_3_BW_retrofit_3,2.9,0.41,6.5,8.5,0.019875000000000004,20.242239510839337,retained_renamed_boiler_heating_energy_output,1,BLOCK BUILDINGBLOCK1 STOREY 0:Zone Mean Air Temperature [C](Daily),301.0,35.66,322,343,349,360,0,343,22
2050,20,SG_current_Insul_current_TR_retrofit_3_BW_retrofit_4,2.9,0.41,6.7,8.5,0.019875000000000004,20.199066579687933,retained_renamed_boiler_heating_energy_output,1,BLOCK BUILDINGBLOCK1 STOREY 0:Zone Mean Air Temperature [C](Daily),323.0,27.0,322,343,349,360,0,343,22
2050,21,SG_current_Insul_current_TR_retrofit_4_BW_current,2.9,0.41,0.45,8.7,0.02425,25.29882676757368,retained_renamed_boiler_heating_energy_output,1,BLOCK BUILDINGBLOCK1 STOREY 0:Zone Mean Air Temperature [C](Daily),139.0,10.68,324,340,346,358,0,340,25
2050,23,SG_current_Insul_current_TR_retrofit_4_BW_retrofit_2,2.9,0.41,4.4,8.7,0.02075,20.81247146753215,retained_renamed_boiler_heating_energy_output,1,BLOCK BUILDINGBLOCK1 STOREY 0:Zone Mean Air Temperature [C](Daily),318.0,15.51,322,343,349,360,0,343,22
2050,25,SG_current_Insul_current_TR_retrofit_4_BW_retrofit_4,2.9,0.41,6.7,8.7,0.019875000000000004,20.228670425183434,retained_renamed_boiler_heating_energy_output,1,BLOCK BUILDINGBLOCK1 STOREY 0:Zone Mean Air Temperature [C](Daily),361.0,19.18,322,343,349,360,0,343,22
2050,26,SG_current_Insul_retrofit_1_TR_current_BW_current,2.9,4.8,0.45,0.48,0.02475,28.0955717936343,retained_renamed_boiler_heating_energy_output,1,BLOCK BUILDINGBLOCK1 STOREY 0:Zone Mean Air Temperature [C](Daily),59.7,10.0,302,321,333,345,0,321,44
2050,28,SG_current_Insul_retrofit_1_TR_current_BW_retrofit_2,2.9,4.8,4.4,0.48,0.02125,23.190936394176738,retained_renamed_boiler_heating_energy_output,1,BLOCK BUILDINGBLOCK1 STOREY 0:Zone Mean Air Temperature [C](Daily),238.7,14.83,297,311,330,346,0,311,54
2050,29,SG_current_Insul_retrofit_1_TR_current_BW_retrofit_3,2.9,4.8,6.5,0.48,0.020375000000000004,22.532761579223454,retained_renamed_boiler_heating_energy_output,1,BLOCK BUILDINGBLOCK1 STOREY 0:Zone Mean Air Temperature [C](Daily),259.7,27.16,297,310,331,346,0,310,55
2050,30,SG_current_Insul_retrofit_1_TR_current_BW_retrofit_4,2.9,4.8,6.7,0.48,0.020375000000000004,22.67831689659903,retained_renamed_boiler_heating_energy_output,1,BLOCK BUILDINGBLOCK1 STOREY 0:Zone Mean Air Temperature [C](Daily),281.7,18.5,298,310,331,346,0,310,55
2050,31,SG_current_Insul_retrofit_1_TR_retrofit_1_BW_current,2.9,4.8,0.45,4.5,0.0245,24.33231636666489,retained_renamed_boiler_heating_energy_output,1,BLOCK BUILDINGBLOCK1 STOREY 0:Zone Mean Air Temperature [C](Daily),149.2,33.29,303,321,335,346,0,321,44
2050,32,SG_current_Insul_retrofit_1_TR_retrofit_1_BW_retrofit_1,2.9,4.8,4.2,4.5,0.022750000000000003,19.971475942265297,retained_renamed_boiler_heating_energy_output,1,BLOCK BUILDINGBLOCK1 STOREY 0:Zone Mean Air Temperature [C](Daily),331.2,42.65,298,314,332,346,0,314,51
2050,33,SG_current_Insul_retrofit_1_TR_retrofit_1_BW_retrofit_2,2.9,4.8,4.4,4.5,0.021000000000000005,19.266261670563694,retained_renamed_boiler_heating_energy_output,1,BLOCK BUILDINGBLOCK1 STOREY 0:Zone Mean Air Temperature [C](Daily),328.2,38.12,298,311,331,346,0,311,54
2050,36,SG_current_Insul_retrofit_1_TR_retrofit_2_BW_current,2.9,4.8,0.45,4.7,0.02425,24.24701492982668,retained_renamed_boiler_heating_energy_output,1,BLOCK BUILDINGBLOCK1 STOREY 0:Zone Mean Air Temperature [C](Daily),164.7,14.76,303,321,334,346,0,321,44
2050,37,SG_current_Insul_retrofit_1_TR_retrofit_2_BW_retrofit_1,2.9,4.8,4.2,4.7,0.022500000000000003,19.864057459660845,retained_renamed_boiler_heating_energy_output,1,BLOCK BUILDINGBLOCK1 STOREY 0:Zone Mean Air Temperature [C](Daily),346.7,24.119999999999997,298,313,332,346,0,313,52
2050,38,SG_current_Insul_retrofit_1_TR_retrofit_2_BW_retrofit_2,2.9,4.8,4.4,4.7,0.020750000000000005,19.049256526942326,retained_renamed_boiler_heating_energy_output,1,BLOCK BUILDINGBLOCK1 STOREY 0:Zone Mean Air Temperature [C](Daily),343.7,19.59,298,311,331,346,0,311,54
2050,40,SG_current_Insul_retrofit_1_TR_retrofit_2_BW_retrofit_4,2.9,4.8,6.7,4.7,0.019875000000000004,18.47647338835434,retained_renamed_boiler_heating_energy_output,1,BLOCK BUILDINGBLOCK1 STOREY 0:Zone Mean Air Temperature [C](Daily),386.7,23.259999999999998,298,310,331,346,0,310,55
2050,41,SG_current_Insul_retrofit_1_TR_retrofit_3_BW_current,2.9,4.8,0.45,8.5,0.024,23.82302811607944,retained_renamed_boiler_heating_energy_output,1,BLOCK BUILDINGBLOCK1 STOREY 0:Zone Mean Air Temperature [C](Daily),160.7,28.5,303,321,334,346,0,321,44
2050,42,SG_current_Insul_retrofit_1_TR_retrofit_3_BW_retrofit_1,2.9,4.8,4.2,8.5,0.022250000000000002,19.433495428773284,retained_renamed_boiler_heating_energy_output,1,BLOCK BUILDINGBLOCK1 STOREY 0:Zone Mean Air Temperature [C](Daily),342.7,37.86,298,313,332,346,0,313,52
2050,43,SG_current_Insul_retrofit_1_TR_retrofit_3_BW_retrofit_2,2.9,4.8,4.4,8.5,0.020500000000000004,18.747916004334336,retained_renamed_boiler_heating_energy_output,1,BLOCK BUILDINGBLOCK1 STOREY 0:Zone Mean Air Temperature [C](Daily),339.7,33.33,298,311,331,346,0,311,54
2050,44,SG_current_Insul_retrofit_1_TR_retrofit_3_BW_retrofit_3,2.9,4.8,6.5,8.5,0.019625000000000004,18.26083936001268,retained_renamed_boiler_heating_energy_output,1,BLOCK BUILDINGBLOCK1 STOREY 0:Zone Mean Air Temperature [C](Daily),360.7,45.66,298,310,331,346,0,310,55
2050,45,SG_current_Insul_retrofit_1_TR_retrofit_3_BW_retrofit_4,2.9,4.8,6.7,8.5,0.019625000000000004,18.189106347017244,retained_renamed_boiler_heating_energy_output,1,BLOCK BUILDINGBLOCK1 STOREY 0:Zone Mean Air Temperature [C](Daily),382.7,37.0,298,310,331,346,0,310,55
2050,47,SG_current_Insul_retrofit_1_TR_retrofit_4_BW_retrofit_1,2.9,4.8,4.2,8.7,0.022250000000000002,19.473690509296706,retained_renamed_boiler_heating_energy_output,1,BLOCK BUILDINGBLOCK1 STOREY 0:Zone Mean Air Temperature [C](Daily),380.7,30.04,298,313,332,346,0,313,52
2050,50,SG_current_Insul_retrofit_1_TR_retrofit_4_BW_retrofit_4,2.9,4.8,6.7,8.7,0.019625000000000004,18.18603458454986,retained_renamed_boiler_heating_energy_output,1,BLOCK BUILDINGBLOCK1 STOREY 0:Zone Mean Air Temperature [C](Daily),420.7,29.18,298,310,331,346,0,310,55
2050,51,SG_current_Insul_retrofit_2_TR_current_BW_current,2.9,5.0,0.45,0.48,0.0245,27.80742715942531,retained_renamed_boiler_heating_energy_output,1,BLOCK BUILDINGBLOCK1 STOREY 0:Zone Mean Air Temperature [C](Daily),77.0,5.92,301,321,331,345,0,321,44
2050,53,SG_current_Insul_retrofit_2_TR_current_BW_retrofit_2,2.9,5.0,4.4,0.48,0.021000000000000005,23.10034053475849,retained_renamed_boiler_heating_energy_output,1,BLOCK BUILDINGBLOCK1 STOREY 0:Zone Mean Air Temperature [C](Daily),256.0,10.75,296,311,329,345,0,311,54
2050,54,SG_current_Insul_retrofit_2_TR_current_BW_retrofit_3,2.9,5.0,6.5,0.48,0.020125000000000004,22.562078020331263,retained_renamed_boiler_heating_energy_output,1,BLOCK BUILDINGBLOCK1 STOREY 0:Zone Mean Air Temperature [C](Daily),277.0,23.08,295,309,329,345,0,309,56
2050,61,SG_current_Insul_retrofit_2_TR_retrofit_2_BW_current,2.9,5.0,0.45,4.7,0.024,23.898954101875525,retained_renamed_boiler_heating_energy_output,1,BLOCK BUILDINGBLOCK1 STOREY 0:Zone Mean Air Temperature [C](Daily),182.0,10.68,301,321,333,346,0,321,44
2050,63,SG_current_Insul_retrofit_2_TR_retrofit_2_BW_retrofit_2,2.9,5.0,4.4,4.7,0.020500000000000004,18.854126381196533,retained_renamed_boiler_heating_energy_output,1,BLOCK BUILDINGBLOCK1 STOREY 0:Zone Mean Air Temperature [C](Daily),361.0,15.51,297,311,331,346,0,311,54
2050,64,SG_current_Insul_retrofit_2_TR_retrofit_2_BW_retrofit_3,2.9,5.0,6.5,4.7,0.019625000000000004,18.349679775098167,retained_renamed_boiler_heating_energy_output,1,BLOCK BUILDINGBLOCK1 STOREY 0:Zone Mean Air Temperature [C](Daily),382.0,27.839999999999996,296,310,331,346,0,310,55
2050,65,SG_current_Insul_retrofit_2_TR_retrofit_2_BW_retrofit_4,2.9,5.0,6.7,4.7,0.019625000000000004,18.307911677380314,retained_renamed_boiler_heating_energy_output,1,BLOCK BUILDINGBLOCK1 STOREY 0:Zone Mean Air Temperature [C](Daily),404.0,19.18,296,310,331,346,0,310,55
2050,66,SG_current_Insul_retrofit_2_TR_retrofit_3_BW_current,2.9,5.0,0.45,8.5,0.02375,23.778129916846634,retained_renamed_boiler_heating_energy_output,1,BLOCK BUILDINGBLOCK1 STOREY 0:Zone Mean Air Temperature [C](Daily),178.0,24.42,302,321,333,346,0,321,44
2050,68,SG_current_Insul_retrofit_2_TR_retrofit_3_BW_retrofit_2,2.9,5.0,4.4,8.5,0.020250000000000004,18.474541978078516,retained_renamed_boiler_heating_energy_output,1,BLOCK BUILDINGBLOCK1 STOREY 0:Zone Mean Air Temperature [C](Daily),357.0,29.25,297,311,331,346,0,311,54
2050,69,SG_current_Insul_retrofit_2_TR_retrofit_3_BW_retrofit_3,2.9,5.0,6.5,8.5,0.019375000000000003,17.925824549259715,retained_renamed_boiler_heating_energy_output,1,BLOCK BUILDINGBLOCK1 STOREY 0:Zone Mean Air Temperature [C](Daily),378.0,41.58,296,310,331,346,0,310,55
2050,70,SG_current_Insul_retrofit_2_TR_retrofit_3_BW_retrofit_4,2.9,5.0,6.7,8.5,0.019375000000000003,18.02930102712916,retained_renamed_boiler_heating_energy_output,1,BLOCK BUILDINGBLOCK1 STOREY 0:Zone Mean Air Temperature [C](Daily),400.0,32.92,296,310,331,346,0,310,55
2050,71,SG_current_Insul_retrofit_2_TR_retrofit_4_BW_current,2.9,5.0,0.45,8.7,0.02375,23.702623026634917,retained_renamed_boiler_heating_energy_output,1,BLOCK BUILDINGBLOCK1 STOREY 0:Zone Mean Air Temperature [C](Daily),216.0,16.6,302,321,333,346,0,321,44
2050,73,SG_current_Insul_retrofit_2_TR_retrofit_4_BW_retrofit_2,2.9,5.0,4.4,8.7,0.020250000000000004,18.503061954448736,retained_renamed_boiler_heating_energy_output,1,BLOCK BUILDINGBLOCK1 STOREY 0:Zone Mean Air Temperature [C](Daily),395.0,21.43,297,311,331,346,0,311,54
2050,74,SG_current_Insul_retrofit_2_TR_retrofit_4_BW_retrofit_3,2.9,5.0,6.5,8.7,0.019375000000000003,17.986995359675714,retained_renamed_boiler_heating_energy_output,1,BLOCK BUILDINGBLOCK1 STOREY 0:Zone Mean Air Temperature [C](Daily),416.0,33.76,296,310,331,346,0,310,55
2050,75,SG_current_Insul_retrofit_2_TR_retrofit_4_BW_retrofit_4,2.9,5.0,6.7,8.7,0.019375000000000003,18.03210387701901,retained_renamed_boiler_heating_energy_output,1,BLOCK BUILDINGBLOCK1 STOREY 0:Zone Mean Air Temperature [C](Daily),438.0,25.1,296,310,331,346,0,310,55
2050,76,SG_current_Insul_retrofit_3_TR_current_BW_current,2.9,5.5,0.45,0.48,0.02425,27.71680733914121,retained_renamed_boiler_heating_energy_output,1,BLOCK BUILDINGBLOCK1 STOREY 0:Zone Mean Air Temperature [C](Daily),87.9,11.0,301,321,331,345,0,321,44
2050,78,SG_current_Insul_retrofit_3_TR_current_BW_retrofit_2,2.9,5.5,4.4,0.48,0.02075,22.88121142949694,retained_renamed_boiler_heating_energy_output,1,BLOCK BUILDINGBLOCK1 STOREY 0:Zone Mean Air Temperature [C](Daily),266.9,15.83,295,310,329,345,0,310,55
2050,86,SG_current_Insul_retrofit_3_TR_retrofit_2_BW_current,2.9,5.5,0.45,4.7,0.02375,23.895740785522623,retained_renamed_boiler_heating_energy_output,1,BLOCK BUILDINGBLOCK1 STOREY 0:Zone Mean Air Temperature [C](Daily),192.9,15.76,301,321,332,345,0,321,44
2050,88,SG_current_Insul_retrofit_3_TR_retrofit_2_BW_retrofit_2,2.9,5.5,4.4,4.7,0.020250000000000004,18.70692684548338,retained_renamed_boiler_heating_energy_output,1,BLOCK BUILDINGBLOCK1 STOREY 0:Zone Mean Air Temperature [C](Daily),371.9,20.59,295,311,331,346,0,311,54
2050,89,SG_current_Insul_retrofit_3_TR_retrofit_2_BW_retrofit_3,2.9,5.5,6.5,4.7,0.019375000000000003,18.207305632393982,retained_renamed_boiler_heating_energy_output,1,BLOCK BUILDINGBLOCK1 STOREY 0:Zone Mean Air Temperature [C](Daily),392.9,32.92,295,310,330,346,0,310,55
2050,90,SG_current_Insul_retrofit_3_TR_retrofit_2_BW_retrofit_4,2.9,5.5,6.7,4.7,0.019375000000000003,18.21256511948807,retained_renamed_boiler_heating_energy_output,1,BLOCK BUILDINGBLOCK1 STOREY 0:Zone Mean Air Temperature [C](Daily),414.9,24.259999999999998,295,309,330,346,0,309,56
2050,91,SG_current_Insul_retrofit_3_TR_retrofit_3_BW_current,2.9,5.5,0.45,8.5,0.0235,23.571997219384762,retained_renamed_boiler_heating_energy_output,1,BLOCK BUILDINGBLOCK1 STOREY 0:Zone Mean Air Temperature [C](Daily),188.9,29.5,301,321,333,345,0,321,44
2050,93,SG_current_Insul_retrofit_3_TR_retrofit_3_BW_retrofit_2,2.9,5.5,4.4,8.5,0.020000000000000004,18.424374798753476,retained_renamed_boiler_heating_energy_output,1,BLOCK BUILDINGBLOCK1 STOREY 0:Zone Mean Air Temperature [C](Daily),367.9,34.33,295,310,331,346,0,310,55
2050,94,SG_current_Insul_retrofit_3_TR_retrofit_3_BW_retrofit_3,2.9,5.5,6.5,8.5,0.019125000000000003,17.86616504163347,retained_renamed_boiler_heating_energy_output,1,BLOCK BUILDINGBLOCK1 STOREY 0:Zone Mean Air Temperature [C](Daily),388.9,46.66,295,310,330,346,0,310,55
2050,95,SG_current_Insul_retrofit_3_TR_retrofit_3_BW_retrofit_4,2.9,5.5,6.7,8.5,0.019125000000000003,17.88077328243615,retained_renamed_boiler_heating_energy_output,1,BLOCK BUILDINGBLOCK1 STOREY 0:Zone Mean Air Temperature [C](Daily),410.9,38.0,295,309,330,346,0,309,56
2050,96,SG_current_Insul_retrofit_3_TR_retrofit_4_BW_current,2.9,5.5,0.45,8.7,0.0235,23.585001695027884,retained_renamed_boiler_heating_energy_output,1,BLOCK BUILDINGBLOCK1 STOREY 0:Zone Mean Air Temperature [C](Daily),226.9,21.68,301,321,333,345,0,321,44
2050,100,SG_current_Insul_retrofit_3_TR_retrofit_4_BW_retrofit_4,2.9,5.5,6.7,8.7,0.019125000000000003,17.98300557391588,retained_renamed_boiler_heating_energy_output,1,BLOCK BUILDINGBLOCK1 STOREY 0:Zone Mean Air Temperature [C](Daily),448.9,30.18,295,309,330,346,0,309,56
2050,113,SG_current_Insul_retrofit_4_TR_retrofit_2_BW_retrofit_2,2.9,5.6,4.4,4.7,0.020250000000000004,18.850472405527828,retained_renamed_boiler_heating_energy_output,1,BLOCK BUILDINGBLOCK1 STOREY 0:Zone Mean Air Temperature [C](Daily),392.0,16.59,295,310,331,346,0,310,55
2050,115,SG_current_Insul_retrofit_4_TR_retrofit_2_BW_retrofit_4,2.9,5.6,6.7,4.7,0.019375000000000003,18.242927710100304,retained_renamed_boiler_heating_energy_output,1,BLOCK BUILDINGBLOCK1 STOREY 0:Zone Mean Air Temperature [C](Daily),435.0,20.259999999999998,295,309,330,346,0,309,56
2050,116,SG_current_Insul_retrofit_4_TR_retrofit_3_BW_current,2.9,5.6,0.45,8.5,0.0235,23.599855009791554,retained_renamed_boiler_heating_energy_output,1,BLOCK BUILDINGBLOCK1 STOREY 0:Zone Mean Air Temperature [C](Daily),209.0,25.5,300,321,333,345,0,321,44
2050,119,SG_current_Insul_retrofit_4_TR_retrofit_3_BW_retrofit_3,2.9,5.6,6.5,8.5,0.019125000000000003,17.867032421056155,retained_renamed_boiler_heating_energy_output,1,BLOCK BUILDINGBLOCK1 STOREY 0:Zone Mean Air Temperature [C](Daily),409.0,42.66,295,309,330,346,0,309,56
2050,120,SG_current_Insul_retrofit_4_TR_retrofit_3_BW_retrofit_4,2.9,5.6,6.7,8.5,0.019125000000000003,17.83082952545371,retained_renamed_boiler_heating_energy_output,1,BLOCK BUILDINGBLOCK1 STOREY 0:Zone Mean Air Temperature [C](Daily),431.0,34.0,296,309,330,346,0,309,56
2050,121,SG_current_Insul_retrofit_4_TR_retrofit_4_BW_current,2.9,5.6,0.45,8.7,0.0235,23.57998652751788,retained_renamed_boiler_heating_energy_output,1,BLOCK BUILDINGBLOCK1 STOREY 0:Zone Mean Air Temperature [C](Daily),247.0,17.68,300,321,333,345,0,321,44
2050,124,SG_current_Insul_retrofit_4_TR_retrofit_4_BW_retrofit_3,2.9,5.6,6.5,8.7,0.019125000000000003,17.805711250645665,retained_renamed_boiler_heating_energy_output,1,BLOCK BUILDINGBLOCK1 STOREY 0:Zone Mean Air Temperature [C](Daily),447.0,34.84,295,309,330,346,0,309,56
2050,125,SG_current_Insul_retrofit_4_TR_retrofit_4_BW_retrofit_4,2.9,5.6,6.7,8.7,0.019125000000000003,17.977017428619817,retained_renamed_boiler_heating_energy_output,1,BLOCK BUILDINGBLOCK1 STOREY 0:Zone Mean Air Temperature [C](Daily),469.0,26.18,296,309,330,346,0,309,56
2050,133,SG_retrofit_1_Insul_current_TR_retrofit_1_BW_retrofit_2,1.2,0.41,4.4,4.5,0.019000000000000003,18.161597720110432,retained_renamed_boiler_heating_energy_output,1,BLOCK BUILDINGBLOCK1 STOREY 0:Zone Mean Air Temperature [C](Daily),452.5,98.12,321,343,350,362,0,343,22
2050,134,SG_retrofit_1_Insul_current_TR_retrofit_1_BW_retrofit_3,1.2,0.41,6.5,4.5,0.018125000000000002,17.60684392345206,retained_renamed_boiler_heating_energy_output,1,BLOCK BUILDINGBLOCK1 STOREY 0:Zone Mean Air Temperature [C](Daily),473.5,110.44999999999999,321,345,350,362,0,345,20
2050,138,SG_retrofit_1_Insul_current_TR_retrofit_2_BW_retrofit_2,1.2,0.41,4.4,4.7,0.018750000000000003,17.98849067628637,retained_renamed_boiler_heating_energy_output,1,BLOCK BUILDINGBLOCK1 STOREY 0:Zone Mean Air Temperature [C](Daily),468.0,79.59,321,343,350,362,0,343,22
2050,139,SG_retrofit_1_Insul_current_TR_retrofit_2_BW_retrofit_3,1.2,0.41,6.5,4.7,0.017875000000000002,17.510830757442612,retained_renamed_boiler_heating_energy_output,1,BLOCK BUILDINGBLOCK1 STOREY 0:Zone Mean Air Temperature [C](Daily),489.0,91.92,321,345,350,362,0,345,20
2050,140,SG_retrofit_1_Insul_current_TR_retrofit_2_BW_retrofit_4,1.2,0.41,6.7,4.7,0.017875000000000002,17.473869280195355,retained_renamed_boiler_heating_energy_output,1,BLOCK BUILDINGBLOCK1 STOREY 0:Zone Mean Air Temperature [C](Daily),511.0,83.26,321,345,350,362,0,345,20
2050,143,SG_retrofit_1_Insul_current_TR_retrofit_3_BW_retrofit_2,1.2,0.41,4.4,8.5,0.0185,17.576724515296586,retained_renamed_boiler_heating_energy_output,1,BLOCK BUILDINGBLOCK1 STOREY 0:Zone Mean Air Temperature [C](Daily),464.0,93.33,321,344,350,362,0,344,21
2050,144,SG_retrofit_1_Insul_current_TR_retrofit_3_BW_retrofit_3,1.2,0.41,6.5,8.5,0.017625000000000002,17.138494682900497,retained_renamed_boiler_heating_energy_output,1,BLOCK BUILDINGBLOCK1 STOREY 0:Zone Mean Air Temperature [C](Daily),485.0,105.66,321,345,351,363,0,345,20
2050,145,SG_retrofit_1_Insul_current_TR_retrofit_3_BW_retrofit_4,1.2,0.41,6.7,8.5,0.017625000000000002,17.20398854771861,retained_renamed_boiler_heating_energy_output,1,BLOCK BUILDINGBLOCK1 STOREY 0:Zone Mean Air Temperature [C](Daily),507.0,97.0,321,345,350,362,0,345,20
2050,148,SG_retrofit_1_Insul_current_TR_retrofit_4_BW_retrofit_2,1.2,0.41,4.4,8.7,0.0185,17.633027535089102,retained_renamed_boiler_heating_energy_output,1,BLOCK BUILDINGBLOCK1 STOREY 0:Zone Mean Air Temperature [C](Daily),502.0,85.50999999999999,321,344,350,362,0,344,21
2050,149,SG_retrofit_1_Insul_current_TR_retrofit_4_BW_retrofit_3,1.2,0.41,6.5,8.7,0.017625000000000002,17.122439003055057,retained_renamed_boiler_heating_energy_output,1,BLOCK BUILDINGBLOCK1 STOREY 0:Zone Mean Air Temperature [C](Daily),523.0,97.84,321,345,351,363,0,345,20
2050,150,SG_retrofit_1_Insul_current_TR_retrofit_4_BW_retrofit_4,1.2,0.41,6.7,8.7,0.017625000000000002,17.11432697286165,retained_renamed_boiler_heating_energy_output,1,BLOCK BUILDINGBLOCK1 STOREY 0:Zone Mean Air Temperature [C](Daily),545.0,89.18,321,345,350,362,0,345,20
2050,157,SG_retrofit_1_Insul_retrofit_1_TR_retrofit_1_BW_retrofit_1,1.2,4.8,4.2,4.5,0.020500000000000004,16.7516388281457,retained_renamed_boiler_heating_energy_output,1,BLOCK BUILDINGBLOCK1 STOREY 0:Zone Mean Air Temperature [C](Daily),515.2,112.65,293,308,329,345,0,308,57
2050,158,SG_retrofit_1_Insul_retrofit_1_TR_retrofit_1_BW_retrofit_2,1.2,4.8,4.4,4.5,0.018750000000000003,15.936107856507777,retained_renamed_boiler_heating_energy_output,1,BLOCK BUILDINGBLOCK1 STOREY 0:Zone Mean Air Temperature [C](Daily),512.2,108.12,291,307,329,345,0,307,58
2050,163,SG_retrofit_1_Insul_retrofit_1_TR_retrofit_2_BW_retrofit_2,1.2,4.8,4.4,4.7,0.018500000000000003,15.87536682380128,retained_renamed_boiler_heating_energy_output,1,BLOCK BUILDINGBLOCK1 STOREY 0:Zone Mean Air Temperature [C](Daily),527.7,89.59,290,307,329,345,0,307,58
2050,164,SG_retrofit_1_Insul_retrofit_1_TR_retrofit_2_BW_retrofit_3,1.2,4.8,6.5,4.7,0.017625000000000002,15.419918437451697,retained_renamed_boiler_heating_energy_output,1,BLOCK BUILDINGBLOCK1 STOREY 0:Zone Mean Air Temperature [C](Daily),548.7,101.92,289,306,329,345,0,306,59
2050,165,SG_retrofit_1_Insul_retrofit_1_TR_retrofit_2_BW_retrofit_4,1.2,4.8,6.7,4.7,0.017625000000000002,15.278804320008748,retained_renamed_boiler_heating_energy_output,1,BLOCK BUILDINGBLOCK1 STOREY 0:Zone Mean Air Temperature [C](Daily),570.7,93.26,289,306,330,345,0,306,59
2050,168,SG_retrofit_1_Insul_retrofit_1_TR_retrofit_3_BW_retrofit_2,1.2,4.8,4.4,8.5,0.01825,15.54121462589699,retained_renamed_boiler_heating_energy_output,1,BLOCK BUILDINGBLOCK1 STOREY 0:Zone Mean Air Temperature [C](Daily),523.7,103.33,290,307,329,345,0,307,58
2050,169,SG_retrofit_1_Insul_retrofit_1_TR_retrofit_3_BW_retrofit_3,1.2,4.8,6.5,8.5,0.017375,15.147855273616214,retained_renamed_boiler_heating_energy_output,1,BLOCK BUILDINGBLOCK1 STOREY 0:Zone Mean Air Temperature [C](Daily),544.7,115.66,289,306,330,345,0,306,59
2050,170,SG_retrofit_1_Insul_retrofit_1_TR_retrofit_3_BW_retrofit_4,1.2,4.8,6.7,8.5,0.017375,15.091387430018655,retained_renamed_boiler_heating_energy_output,1,BLOCK BUILDINGBLOCK1 STOREY 0:Zone Mean Air Temperature [C](Daily),566.7,107.0,289,306,330,345,0,306,59
2050,173,SG_retrofit_1_Insul_retrofit_1_TR_retrofit_4_BW_retrofit_2,1.2,4.8,4.4,8.7,0.01825,15.541559968820305,retained_renamed_boiler_heating_energy_output,1,BLOCK BUILDINGBLOCK1 STOREY 0:Zone Mean Air Temperature [C](Daily),561.7,95.50999999999999,290,307,329,345,0,307,58
2050,174,SG_retrofit_1_Insul_retrofit_1_TR_retrofit_4_BW_retrofit_3,1.2,4.8,6.5,8.7,0.017375,15.076482317594872,retained_renamed_boiler_heating_energy_output,1,BLOCK BUILDINGBLOCK1 STOREY 0:Zone Mean Air Temperature [C](Daily),582.7,107.84,289,306,330,345,0,306,59
2050,175,SG_retrofit_1_Insul_retrofit_1_TR_retrofit_4_BW_retrofit_4,1.2,4.8,6.7,8.7,0.017375,14.99193340941034,retained_renamed_boiler_heating_energy_output,1,BLOCK BUILDINGBLOCK1 STOREY 0:Zone Mean Air Temperature [C](Daily),604.7,99.18,289,306,330,345,0,306,59
2050,188,SG_retrofit_1_Insul_retrofit_2_TR_retrofit_2_BW_retrofit_2,1.2,5.0,4.4,4.7,0.018250000000000002,15.669872251776608,retained_renamed_boiler_heating_energy_output,1,BLOCK BUILDINGBLOCK1 STOREY 0:Zone Mean Air Temperature [C](Daily),545.0,85.51,289,306,329,345,0,306,59
2050,189,SG_retrofit_1_Insul_retrofit_2_TR_retrofit_2_BW_retrofit_3,1.2,5.0,6.5,4.7,0.017375,15.171820170946015,retained_renamed_boiler_heating_energy_output,1,BLOCK BUILDINGBLOCK1 STOREY 0:Zone Mean Air Temperature [C](Daily),566.0,97.84,289,304,325,345,0,304,61
2050,190,SG_retrofit_1_Insul_retrofit_2_TR_retrofit_2_BW_retrofit_4,1.2,5.0,6.7,4.7,0.017375,15.187965175557133,retained_renamed_boiler_heating_energy_output,1,BLOCK BUILDINGBLOCK1 STOREY 0:Zone Mean Air Temperature [C](Daily),588.0,89.18,289,304,325,345,0,304,61
2050,193,SG_retrofit_1_Insul_retrofit_2_TR_retrofit_3_BW_retrofit_2,1.2,5.0,4.4,8.5,0.018000000000000002,15.466504677062565,retained_renamed_boiler_heating_energy_output,1,BLOCK BUILDINGBLOCK1 STOREY 0:Zone Mean Air Temperature [C](Daily),541.0,99.25,289,306,329,345,0,306,59
2050,194,SG_retrofit_1_Insul_retrofit_2_TR_retrofit_3_BW_retrofit_3,1.2,5.0,6.5,8.5,0.017125,14.82826000693822,retained_renamed_boiler_heating_energy_output,1,BLOCK BUILDINGBLOCK1 STOREY 0:Zone Mean Air Temperature [C](Daily),562.0,111.58,289,304,325,345,0,304,61
2050,195,SG_retrofit_1_Insul_retrofit_2_TR_retrofit_3_BW_retrofit_4,1.2,5.0,6.7,8.5,0.017125,14.863710205006726,retained_renamed_boiler_heating_energy_output,1,BLOCK BUILDINGBLOCK1 STOREY 0:Zone Mean Air Temperature [C](Daily),584.0,102.92,289,304,325,345,0,304,61
2050,198,SG_retrofit_1_Insul_retrofit_2_TR_retrofit_4_BW_retrofit_2,1.2,5.0,4.4,8.7,0.018000000000000002,15.408399083495038,retained_renamed_boiler_heating_energy_output,1,BLOCK BUILDINGBLOCK1 STOREY 0:Zone Mean Air Temperature [C](Daily),579.0,91.43,289,306,329,345,0,306,59
2050,200,SG_retrofit_1_Insul_retrofit_2_TR_retrofit_4_BW_retrofit_4,1.2,5.0,6.7,8.7,0.017125,14.881471750460998,retained_renamed_boiler_heating_energy_output,1,BLOCK BUILDINGBLOCK1 STOREY 0:Zone Mean Air Temperature [C](Daily),622.0,95.1,289,304,325,345,0,304,61
2050,209,SG_retrofit_1_Insul_retrofit_3_TR_retrofit_1_BW_retrofit_3,1.2,5.5,6.5,4.5,0.017375,15.13543343429056,retained_renamed_boiler_heating_energy_output,1,BLOCK BUILDINGBLOCK1 STOREY 0:Zone Mean Air Temperature [C](Daily),561.4,121.44999999999999,289,304,325,345,0,304,61
2050,213,SG_retrofit_1_Insul_retrofit_3_TR_retrofit_2_BW_retrofit_2,1.2,5.5,4.4,4.7,0.018000000000000002,15.570713244153893,retained_renamed_boiler_heating_energy_output,1,BLOCK BUILDINGBLOCK1 STOREY 0:Zone Mean Air Temperature [C](Daily),555.9,90.59,289,306,328,345,0,306,59
2050,214,SG_retrofit_1_Insul_retrofit_3_TR_retrofit_2_BW_retrofit_3,1.2,5.5,6.5,4.7,0.017125,15.016095715509604,retained_renamed_boiler_heating_energy_output,1,BLOCK BUILDINGBLOCK1 STOREY 0:Zone Mean Air Temperature [C](Daily),576.9,102.92,289,304,325,345,0,304,61
2050,215,SG_retrofit_1_Insul_retrofit_3_TR_retrofit_2_BW_retrofit_4,1.2,5.5,6.7,4.7,0.017125,14.982299661450119,retained_renamed_boiler_heating_energy_output,1,BLOCK BUILDINGBLOCK1 STOREY 0:Zone Mean Air Temperature [C](Daily),598.9,94.26,289,304,325,344,0,304,61
2050,218,SG_retrofit_1_Insul_retrofit_3_TR_retrofit_3_BW_retrofit_2,1.2,5.5,4.4,8.5,0.01775,15.299500241030842,retained_renamed_boiler_heating_energy_output,1,BLOCK BUILDINGBLOCK1 STOREY 0:Zone Mean Air Temperature [C](Daily),551.9,104.33,289,306,329,345,0,306,59
2050,219,SG_retrofit_1_Insul_retrofit_3_TR_retrofit_3_BW_retrofit_3,1.2,5.5,6.5,8.5,0.016875,14.720775452875072,retained_renamed_boiler_heating_energy_output,1,BLOCK BUILDINGBLOCK1 STOREY 0:Zone Mean Air Temperature [C](Daily),572.9,116.66,289,304,325,345,0,304,61
2050,220,SG_retrofit_1_Insul_retrofit_3_TR_retrofit_3_BW_retrofit_4,1.2,5.5,6.7,8.5,0.016875,14.817330744836022,retained_renamed_boiler_heating_energy_output,1,BLOCK BUILDINGBLOCK1 STOREY 0:Zone Mean Air Temperature [C](Daily),594.9,108.0,289,304,325,345,0,304,61
2050,224,SG_retrofit_1_Insul_retrofit_3_TR_retrofit_4_BW_retrofit_3,1.2,5.5,6.5,8.7,0.016875,14.759277493687028,retained_renamed_boiler_heating_energy_output,1,BLOCK BUILDINGBLOCK1 STOREY 0:Zone Mean Air Temperature [C](Daily),610.9,108.84,289,304,325,345,0,304,61
2050,225,SG_retrofit_1_Insul_retrofit_3_TR_retrofit_4_BW_retrofit_4,1.2,5.5,6.7,8.7,0.016875,14.783043088737166,retained_renamed_boiler_heating_energy_output,1,BLOCK BUILDINGBLOCK1 STOREY 0:Zone Mean Air Temperature [C](Daily),632.9,100.18,289,304,325,345,0,304,61
2050,238,SG_retrofit_1_Insul_retrofit_4_TR_retrofit_2_BW_retrofit_2,1.2,5.6,4.4,4.7,0.018000000000000002,15.52472401543695,retained_renamed_boiler_heating_energy_output,1,BLOCK BUILDINGBLOCK1 STOREY 0:Zone Mean Air Temperature [C](Daily),576.0,86.59,289,306,327,345,0,306,59
2050,239,SG_retrofit_1_Insul_retrofit_4_TR_retrofit_2_BW_retrofit_3,1.2,5.6,6.5,4.7,0.017125,14.987942248570688,retained_renamed_boiler_heating_energy_output,1,BLOCK BUILDINGBLOCK1 STOREY 0:Zone Mean Air Temperature [C](Daily),597.0,98.92,289,304,325,344,0,304,61
2050,240,SG_retrofit_1_Insul_retrofit_4_TR_retrofit_2_BW_retrofit_4,1.2,5.6,6.7,4.7,0.017125,14.97424928607606,retained_renamed_boiler_heating_energy_output,1,BLOCK BUILDINGBLOCK1 STOREY 0:Zone Mean Air Temperature [C](Daily),619.0,90.26,289,304,325,344,0,304,61
2050,244,SG_retrofit_1_Insul_retrofit_4_TR_retrofit_3_BW_retrofit_3,1.2,5.6,6.5,8.5,0.016875,14.635139410197803,retained_renamed_boiler_heating_energy_output,1,BLOCK BUILDINGBLOCK1 STOREY 0:Zone Mean Air Temperature [C](Daily),593.0,112.66,288,304,325,344,0,304,61
2050,245,SG_retrofit_1_Insul_retrofit_4_TR_retrofit_3_BW_retrofit_4,1.2,5.6,6.7,8.5,0.016875,14.795759406967372,retained_renamed_boiler_heating_energy_output,1,BLOCK BUILDINGBLOCK1 STOREY 0:Zone Mean Air Temperature [C](Daily),615.0,104.0,288,304,325,344,0,304,61
2050,248,SG_retrofit_1_Insul_retrofit_4_TR_retrofit_4_BW_retrofit_2,1.2,5.6,4.4,8.7,0.01775,15.309006924512275,retained_renamed_boiler_heating_energy_output,1,BLOCK BUILDINGBLOCK1 STOREY 0:Zone Mean Air Temperature [C](Daily),610.0,92.50999999999999,289,306,329,345,0,306,59
2050,249,SG_retrofit_1_Insul_retrofit_4_TR_retrofit_4_BW_retrofit_3,1.2,5.6,6.5,8.7,0.016875,14.722746939832195,retained_renamed_boiler_heating_energy_output,1,BLOCK BUILDINGBLOCK1 STOREY 0:Zone Mean Air Temperature [C](Daily),631.0,104.84,288,304,325,344,0,304,61
2050,250,SG_retrofit_1_Insul_retrofit_4_TR_retrofit_4_BW_retrofit_4,1.2,5.6,6.7,8.7,0.016875,14.702298417409569,retained_renamed_boiler_heating_energy_output,1,BLOCK BUILDINGBLOCK1 STOREY 0:Zone Mean Air Temperature [C](Daily),653.0,96.18,288,304,325,344,0,304,61
2050,258,SG_retrofit_2_Insul_current_TR_retrofit_1_BW_retrofit_2,1.21,0.41,4.4,4.5,0.017875,17.68758802861722,retained_renamed_boiler_heating_energy_output,1,BLOCK BUILDINGBLOCK1 STOREY 0:Zone Mean Air Temperature [C](Daily),753.5,78.12,321,344,350,362,0,344,21
2050,259,SG_retrofit_2_Insul_current_TR_retrofit_1_BW_retrofit_3,1.21,0.41,6.5,4.5,0.017,17.103586064063975,retained_renamed_boiler_heating_energy_output,1,BLOCK BUILDINGBLOCK1 STOREY 0:Zone Mean Air Temperature [C](Daily),774.5,90.44999999999999,321,345,351,363,0,345,20
2050,263,SG_retrofit_2_Insul_current_TR_retrofit_2_BW_retrofit_2,1.21,0.41,4.4,4.7,0.017625000000000002,17.527782117440434,retained_renamed_boiler_heating_energy_output,1,BLOCK BUILDINGBLOCK1 STOREY 0:Zone Mean Air Temperature [C](Daily),769.0,59.589999999999996,321,344,351,362,0,344,21
2050,264,SG_retrofit_2_Insul_current_TR_retrofit_2_BW_retrofit_3,1.21,0.41,6.5,4.7,0.01675,16.85384730720807,retained_renamed_boiler_heating_energy_output,1,BLOCK BUILDINGBLOCK1 STOREY 0:Zone Mean Air Temperature [C](Daily),790.0,71.92,321,345,351,363,0,345,20
2050,265,SG_retrofit_2_Insul_current_TR_retrofit_2_BW_retrofit_4,1.21,0.41,6.7,4.7,0.01675,16.907291473971778,retained_renamed_boiler_heating_energy_output,1,BLOCK BUILDINGBLOCK1 STOREY 0:Zone Mean Air Temperature [C](Daily),812.0,63.26,321,345,351,363,0,345,20
2050,268,SG_retrofit_2_Insul_current_TR_retrofit_3_BW_retrofit_2,1.21,0.41,4.4,8.5,0.017374999999999998,17.11808502979232,retained_renamed_boiler_heating_energy_output,1,BLOCK BUILDINGBLOCK1 STOREY 0:Zone Mean Air Temperature [C](Daily),765.0,73.33,321,344,351,362,0,344,21
2050,269,SG_retrofit_2_Insul_current_TR_retrofit_3_BW_retrofit_3,1.21,0.41,6.5,8.5,0.0165,16.673348538762834,retained_renamed_boiler_heating_energy_output,1,BLOCK BUILDINGBLOCK1 STOREY 0:Zone Mean Air Temperature [C](Daily),786.0,85.66,322,345,351,363,0,345,20
2050,270,SG_retrofit_2_Insul_current_TR_retrofit_3_BW_retrofit_4,1.21,0.41,6.7,8.5,0.0165,16.73062467466168,retained_renamed_boiler_heating_energy_output,1,BLOCK BUILDINGBLOCK1 STOREY 0:Zone Mean Air Temperature [C](Daily),808.0,77.0,322,345,351,363,0,345,20
2050,273,SG_retrofit_2_Insul_current_TR_retrofit_4_BW_retrofit_2,1.21,0.41,4.4,8.7,0.017374999999999998,17.140807336143197,retained_renamed_boiler_heating_energy_output,1,BLOCK BUILDINGBLOCK1 STOREY 0:Zone Mean Air Temperature [C](Daily),803.0,65.50999999999999,321,344,351,362,0,344,21
2050,274,SG_retrofit_2_Insul_current_TR_retrofit_4_BW_retrofit_3,1.21,0.41,6.5,8.7,0.0165,16.644012566749236,retained_renamed_boiler_heating_energy_output,1,BLOCK BUILDINGBLOCK1 STOREY 0:Zone Mean Air Temperature [C](Daily),824.0,77.84,322,345,351,363,0,345,20
2050,275,SG_retrofit_2_Insul_current_TR_retrofit_4_BW_retrofit_4,1.21,0.41,6.7,8.7,0.0165,16.673115560717168,retained_renamed_boiler_heating_energy_output,1,BLOCK BUILDINGBLOCK1 STOREY 0:Zone Mean Air Temperature [C](Daily),846.0,69.18,322,345,351,363,0,345,20
2050,283,SG_retrofit_2_Insul_retrofit_1_TR_retrofit_1_BW_retrofit_2,1.21,4.8,4.4,4.5,0.017625000000000002,15.671165379838648,retained_renamed_boiler_heating_energy_output,1,BLOCK BUILDINGBLOCK1 STOREY 0:Zone Mean Air Temperature [C](Daily),813.2,88.12,290,307,329,345,0,307,58
2050,285,SG_retrofit_2_Insul_retrofit_1_TR_retrofit_1_BW_retrofit_4,1.21,4.8,6.7,4.5,0.01675,15.043292762232554,retained_renamed_boiler_heating_energy_output,1,BLOCK BUILDINGBLOCK1 STOREY 0:Zone Mean Air Temperature [C](Daily),856.2,91.78999999999999,289,306,329,345,0,306,59
2050,288,SG_retrofit_2_Insul_retrofit_1_TR_retrofit_2_BW_retrofit_2,1.21,4.8,4.4,4.7,0.017375,15.406953255889755,retained_renamed_boiler_heating_energy_output,1,BLOCK BUILDINGBLOCK1 STOREY 0:Zone Mean Air Temperature [C](Daily),828.7,69.59,290,307,329,345,0,307,58
2050,289,SG_retrofit_2_Insul_retrofit_1_TR_retrofit_2_BW_retrofit_3,1.21,4.8,6.5,4.7,0.0165,14.883336320415536,retained_renamed_boiler_heating_energy_output,1,BLOCK BUILDINGBLOCK1 STOREY 0:Zone Mean Air Temperature [C](Daily),849.7,81.92,289,305,329,345,0,305,60
2050,290,SG_retrofit_2_Insul_retrofit_1_TR_retrofit_2_BW_retrofit_4,1.21,4.8,6.7,4.7,0.0165,14.900926245361152,retained_renamed_boiler_heating_energy_output,1,BLOCK BUILDINGBLOCK1 STOREY 0:Zone Mean Air Temperature [C](Daily),871.7,73.26,289,305,329,345,0,305,60
2050,293,SG_retrofit_2_Insul_retrofit_1_TR_retrofit_3_BW_retrofit_2,1.21,4.8,4.4,8.5,0.017125,15.261068659135995,retained_renamed_boiler_heating_energy_output,1,BLOCK BUILDINGBLOCK1 STOREY 0:Zone Mean Air Temperature [C](Daily),824.7,83.33,290,307,329,345,0,307,58
2050,294,SG_retrofit_2_Insul_retrofit_1_TR_retrofit_3_BW_retrofit_3,1.21,4.8,6.5,8.5,0.01625,14.60348893135191,retained_renamed_boiler_heating_energy_output,1,BLOCK BUILDINGBLOCK1 STOREY 0:Zone Mean Air Temperature [C](Daily),845.7,95.66,289,306,329,345,0,306,59
2050,295,SG_retrofit_2_Insul_retrofit_1_TR_retrofit_3_BW_retrofit_4,1.21,4.8,6.7,8.5,0.01625,14.66188016434597,retained_renamed_boiler_heating_energy_output,1,BLOCK BUILDINGBLOCK1 STOREY 0:Zone Mean Air Temperature [C](Daily),867.7,87.0,289,305,330,345,0,305,60
2050,298,SG_retrofit_2_Insul_retrofit_1_TR_retrofit_4_BW_retrofit_2,1.21,4.8,4.4,8.7,0.017125,15.174904338838143,retained_renamed_boiler_heating_energy_output,1,BLOCK BUILDINGBLOCK1 STOREY 0:Zone Mean Air Temperature [C](Daily),862.7,75.50999999999999,290,307,329,345,0,307,58
2050,300,SG_retrofit_2_Insul_retrofit_1_TR_retrofit_4_BW_retrofit_4,1.21,4.8,6.7,8.7,0.01625,14.565517722379253,retained_renamed_boiler_heating_energy_output,1,BLOCK BUILDINGBLOCK1 STOREY 0:Zone Mean Air Temperature [C](Daily),905.7,79.18,289,305,330,345,0,305,60
2050,313,SG_retrofit_2_Insul_retrofit_2_TR_retrofit_2_BW_retrofit_2,1.21,5.0,4.4,4.7,0.017125,15.196400193518782,retained_renamed_boiler_heating_energy_output,1,BLOCK BUILDINGBLOCK1 STOREY 0:Zone Mean Air Temperature [C](Daily),846.0,65.51,289,306,329,345,0,306,59
2050,314,SG_retrofit_2_Insul_retrofit_2_TR_retrofit_2_BW_retrofit_3,1.21,5.0,6.5,4.7,0.01625,14.690383352111695,retained_renamed_boiler_heating_energy_output,1,BLOCK BUILDINGBLOCK1 STOREY 0:Zone Mean Air Temperature [C](Daily),867.0,77.84,288,304,325,345,0,304,61
2050,315,SG_retrofit_2_Insul_retrofit_2_TR_retrofit_2_BW_retrofit_4,1.21,5.0,6.7,4.7,0.01625,14.679268799485135,retained_renamed_boiler_heating_energy_output,1,BLOCK BUILDINGBLOCK1 STOREY 0:Zone Mean Air Temperature [C](Daily),889.0,69.18,289,304,325,345,0,304,61
2050,316,SG_retrofit_2_Insul_retrofit_2_TR_retrofit_3_BW_current,1.21,5.0,0.45,8.5,0.020375,20.024019457825364,retained_renamed_boiler_heating_energy_output,1,BLOCK BUILDINGBLOCK1 STOREY 0:Zone Mean Air Temperature [C](Daily),663.0,74.42,297,316,330,345,0,316,49
2050,318,SG_retrofit_2_Insul_retrofit_2_TR_retrofit_3_BW_retrofit_2,1.21,5.0,4.4,8.5,0.016875,14.98875962509491,retained_renamed_boiler_heating_energy_output,1,BLOCK BUILDINGBLOCK1 STOREY 0:Zone Mean Air Temperature [C](Daily),842.0,79.25,289,305,329,345,0,305,60
2050,319,SG_retrofit_2_Insul_retrofit_2_TR_retrofit_3_BW_retrofit_3,1.21,5.0,6.5,8.5,0.016,14.4459617916585,retained_renamed_boiler_heating_energy_output,1,BLOCK BUILDINGBLOCK1 STOREY 0:Zone Mean Air Temperature [C](Daily),863.0,91.58,288,304,326,345,0,304,61
2050,320,SG_retrofit_2_Insul_retrofit_2_TR_retrofit_3_BW_retrofit_4,1.21,5.0,6.7,8.5,0.016,14.44231589052182,retained_renamed_boiler_heating_energy_output,1,BLOCK BUILDINGBLOCK1 STOREY 0:Zone Mean Air Temperature [C](Daily),885.0,82.92,288,304,325,345,0,304,61
2050,321,SG_retrofit_2_Insul_retrofit_2_TR_retrofit_4_BW_current,1.21,5.0,0.45,8.7,0.020375,19.900262763646122,retained_renamed_boiler_heating_energy_output,1,BLOCK BUILDINGBLOCK1 STOREY 0:Zone Mean Air Temperature [C](Daily),701.0,66.6,297,316,330,345,0,316,49
2050,323,SG_retrofit_2_Insul_retrofit_2_TR_retrofit_4_BW_retrofit_2,1.21,5.0,4.4,8.7,0.016875,14.863089142015545,retained_renamed_boiler_heating_energy_output,1,BLOCK BUILDINGBLOCK1 STOREY 0:Zone Mean Air Temperature [C](Daily),880.0,71.43,289,305,329,345,0,305,60
2050,324,SG_retrofit_2_Insul_retrofit_2_TR_retrofit_4_BW_retrofit_3,1.21,5.0,6.5,8.7,0.016,14.37446044436044,retained_renamed_boiler_heating_energy_output,1,BLOCK BUILDINGBLOCK1 STOREY 0:Zone Mean Air Temperature [C](Daily),901.0,83.75999999999999,288,304,326,345,0,304,61
2050,325,SG_retrofit_2_Insul_retrofit_2_TR_retrofit_4_BW_retrofit_4,1.21,5.0,6.7,8.7,0.016,14.44074395237698,retained_renamed_boiler_heating_energy_output,1,BLOCK BUILDINGBLOCK1 STOREY 0:Zone Mean Air Temperature [C](Daily),923.0,75.1,288,304,325,345,0,304,61
2050,333,SG_retrofit_2_Insul_retrofit_3_TR_retrofit_1_BW_retrofit_2,1.21,5.5,4.4,4.5,0.017125,15.212101454986747,retained_renamed_boiler_heating_energy_output,1,BLOCK BUILDINGBLOCK1 STOREY 0:Zone Mean Air Temperature [C](Daily),841.4,89.12,289,304,327,344,0,304,61
2050,336,SG_retrofit_2_Insul_retrofit_3_TR_retrofit_2_BW_current,1.21,5.5,0.45,4.7,0.020375,20.161659943948003,retained_renamed_boiler_heating_energy_output,1,BLOCK BUILDINGBLOCK1 STOREY 0:Zone Mean Air Temperature [C](Daily),677.9,65.76,294,316,329,345,0,316,49
2050,338,SG_retrofit_2_Insul_retrofit_3_TR_retrofit_2_BW_retrofit_2,1.21,5.5,4.4,4.7,0.016875,15.126102875228042,retained_renamed_boiler_heating_energy_output,1,BLOCK BUILDINGBLOCK1 STOREY 0:Zone Mean Air Temperature [C](Daily),856.9,70.59,289,304,327,343,0,304,61
2050,339,SG_retrofit_2_Insul_retrofit_3_TR_retrofit_2_BW_retrofit_3,1.21,5.5,6.5,4.7,0.016,14.566534962684441,retained_renamed_boiler_heating_energy_output,1,BLOCK BUILDINGBLOCK1 STOREY 0:Zone Mean Air Temperature [C](Daily),877.9,82.92,288,302,324,344,0,302,63
2050,340,SG_retrofit_2_Insul_retrofit_3_TR_retrofit_2_BW_retrofit_4,1.21,5.5,6.7,4.7,0.016,14.50380951660457,retained_renamed_boiler_heating_energy_output,1,BLOCK BUILDINGBLOCK1 STOREY 0:Zone Mean Air Temperature [C](Daily),899.9,74.26,288,302,325,344,0,302,63
2050,341,SG_retrofit_2_Insul_retrofit_3_TR_retrofit_3_BW_current,1.21,5.5,0.45,8.5,0.020125,19.773823345467875,retained_renamed_boiler_heating_energy_output,1,BLOCK BUILDINGBLOCK1 STOREY 0:Zone Mean Air Temperature [C](Daily),673.9,79.5,294,316,329,345,0,316,49
2050,343,SG_retrofit_2_Insul_retrofit_3_TR_retrofit_3_BW_retrofit_2,1.21,5.5,4.4,8.5,0.016625,14.786088340104138,retained_renamed_boiler_heating_energy_output,1,BLOCK BUILDINGBLOCK1 STOREY 0:Zone Mean Air Temperature [C](Daily),852.9,84.33,289,304,327,344,0,304,61
2050,344,SG_retrofit_2_Insul_retrofit_3_TR_retrofit_3_BW_retrofit_3,1.21,5.5,6.5,8.5,0.01575,14.250489466453477,retained_renamed_boiler_heating_energy_output,1,BLOCK BUILDINGBLOCK1 STOREY 0:Zone Mean Air Temperature [C](Daily),873.9,96.66,287,302,324,344,0,302,63
2050,345,SG_retrofit_2_Insul_retrofit_3_TR_retrofit_3_BW_retrofit_4,1.21,5.5,6.7,8.5,0.01575,14.306227308133728,retained_renamed_boiler_heating_energy_output,1,BLOCK BUILDINGBLOCK1 STOREY 0:Zone Mean Air Temperature [C](Daily),895.9,88.0,287,302,325,344,0,302,63
2050,349,SG_retrofit_2_Insul_retrofit_3_TR_retrofit_4_BW_retrofit_3,1.21,5.5,6.5,8.7,0.01575,14.283809037120113,retained_renamed_boiler_heating_energy_output,1,BLOCK BUILDINGBLOCK1 STOREY 0:Zone Mean Air Temperature [C](Daily),911.9,88.84,287,302,324,344,0,302,63
2050,350,SG_retrofit_2_Insul_retrofit_3_TR_retrofit_4_BW_retrofit_4,1.21,5.5,6.7,8.7,0.01575,14.341874167024157,retained_renamed_boiler_heating_energy_output,1,BLOCK BUILDINGBLOCK1 STOREY 0:Zone Mean Air Temperature [C](Daily),933.9,80.18,287,302,325,344,0,302,63
2050,363,SG_retrofit_2_Insul_retrofit_4_TR_retrofit_2_BW_retrofit_2,1.21,5.6,4.4,4.7,0.016875,14.996923849819943,retained_renamed_boiler_heating_energy_output,1,BLOCK BUILDINGBLOCK1 STOREY 0:Zone Mean Air Temperature [C](Daily),877.0,66.59,289,304,326,343,0,304,61
2050,364,SG_retrofit_2_Insul_retrofit_4_TR_retrofit_2_BW_retrofit_3,1.21,5.6,6.5,4.7,0.016,14.544902255880944,retained_renamed_boiler_heating_energy_output,1,BLOCK BUILDINGBLOCK1 STOREY 0:Zone Mean Air Temperature [C](Daily),898.0,78.92,287,302,324,343,0,302,63
2050,365,SG_retrofit_2_Insul_retrofit_4_TR_retrofit_2_BW_retrofit_4,1.21,5.6,6.7,4.7,0.016,14.521024765460846,retained_renamed_boiler_heating_energy_output,1,BLOCK BUILDINGBLOCK1 STOREY 0:Zone Mean Air Temperature [C](Daily),920.0,70.26,287,302,324,344,0,302,63
2050,366,SG_retrofit_2_Insul_retrofit_4_TR_retrofit_3_BW_current,1.21,5.6,0.45,8.5,0.020125,19.836811497565147,retained_renamed_boiler_heating_energy_output,1,BLOCK BUILDINGBLOCK1 STOREY 0:Zone Mean Air Temperature [C](Daily),694.0,75.5,295,316,329,345,0,316,49
2050,369,SG_retrofit_2_Insul_retrofit_4_TR_retrofit_3_BW_retrofit_3,1.21,5.6,6.5,8.5,0.01575,14.295309562207263,retained_renamed_boiler_heating_energy_output,1,BLOCK BUILDINGBLOCK1 STOREY 0:Zone Mean Air Temperature [C](Daily),894.0,92.66,287,302,324,343,0,302,63
2050,370,SG_retrofit_2_Insul_retrofit_4_TR_retrofit_3_BW_retrofit_4,1.21,5.6,6.7,8.5,0.01575,14.262279831105186,retained_renamed_boiler_heating_energy_output,1,BLOCK BUILDINGBLOCK1 STOREY 0:Zone Mean Air Temperature [C](Daily),916.0,84.0,287,302,324,344,0,302,63
2050,371,SG_retrofit_2_Insul_retrofit_4_TR_retrofit_4_BW_current,1.21,5.6,0.45,8.7,0.020125,19.847362651420145,retained_renamed_boiler_heating_energy_output,1,BLOCK BUILDINGBLOCK1 STOREY 0:Zone Mean Air Temperature [C](Daily),732.0,67.68,295,316,329,345,0,316,49
2050,375,SG_retrofit_2_Insul_retrofit_4_TR_retrofit_4_BW_retrofit_4,1.21,5.6,6.7,8.7,0.01575,14.282566260114537,retained_renamed_boiler_heating_energy_output,1,BLOCK BUILDINGBLOCK1 STOREY 0:Zone Mean Air Temperature [C](Daily),954.0,76.18,287,302,324,344,0,302,63
2050,383,SG_retrofit_3_Insul_current_TR_retrofit_1_BW_retrofit_2,0.8,0.41,4.4,4.5,0.01675,16.56676152987954,retained_renamed_boiler_heating_energy_output,1,BLOCK BUILDINGBLOCK1 STOREY 0:Zone Mean Air Temperature [C](Daily),563.5,178.12,322,345,351,363,0,345,20
2050,384,SG_retrofit_3_Insul_current_TR_retrofit_1_BW_retrofit_3,0.8,0.41,6.5,4.5,0.015875,16.009134656902773,retained_renamed_boiler_heating_energy_output,1,BLOCK BUILDINGBLOCK1 STOREY 0:Zone Mean Air Temperature [C](Daily),584.5,190.45,322,346,352,363,0,346,19
2050,388,SG_retrofit_3_Insul_current_TR_retrofit_2_BW_retrofit_2,0.8,0.41,4.4,4.7,0.0165,16.436013164014252,retained_renamed_boiler_heating_energy_output,1,BLOCK BUILDINGBLOCK1 STOREY 0:Zone Mean Air Temperature [C](Daily),579.0,159.59,322,345,351,363,0,345,20
2050,389,SG_retrofit_3_Insul_current_TR_retrofit_2_BW_retrofit_3,0.8,0.41,6.5,4.7,0.015625,15.871006279299309,retained_renamed_boiler_heating_energy_output,1,BLOCK BUILDINGBLOCK1 STOREY 0:Zone Mean Air Temperature [C](Daily),600.0,171.92,322,346,352,363,0,346,19
2050,390,SG_retrofit_3_Insul_current_TR_retrofit_2_BW_retrofit_4,0.8,0.41,6.7,4.7,0.015625,15.812412895811855,retained_renamed_boiler_heating_energy_output,1,BLOCK BUILDINGBLOCK1 STOREY 0:Zone Mean Air Temperature [C](Daily),622.0,163.26,322,346,352,363,0,346,19
2050,393,SG_retrofit_3_Insul_current_TR_retrofit_3_BW_retrofit_2,0.8,0.41,4.4,8.5,0.01625,16.122709446867383,retained_renamed_boiler_heating_energy_output,1,BLOCK BUILDINGBLOCK1 STOREY 0:Zone Mean Air Temperature [C](Daily),575.0,173.33,322,345,351,363,0,345,20
2050,394,SG_retrofit_3_Insul_current_TR_retrofit_3_BW_retrofit_3,0.8,0.41,6.5,8.5,0.015375,15.547744962380547,retained_renamed_boiler_heating_energy_output,1,BLOCK BUILDINGBLOCK1 STOREY 0:Zone Mean Air Temperature [C](Daily),596.0,185.66,322,346,353,363,0,346,19
2050,395,SG_retrofit_3_Insul_current_TR_retrofit_3_BW_retrofit_4,0.8,0.41,6.7,8.5,0.015375,15.578663217928902,retained_renamed_boiler_heating_energy_output,1,BLOCK BUILDINGBLOCK1 STOREY 0:Zone Mean Air Temperature [C](Daily),618.0,177.0,322,346,352,363,0,346,19
2050,398,SG_retrofit_3_Insul_current_TR_retrofit_4_BW_retrofit_2,0.8,0.41,4.4,8.7,0.01625,16.138170211902377,retained_renamed_boiler_heating_energy_output,1,BLOCK BUILDINGBLOCK1 STOREY 0:Zone Mean Air Temperature [C](Daily),613.0,165.51000000000002,322,345,351,363,0,345,20
2050,399,SG_retrofit_3_Insul_current_TR_retrofit_4_BW_retrofit_3,0.8,0.41,6.5,8.7,0.015375,15.577207775849557,retained_renamed_boiler_heating_energy_output,1,BLOCK BUILDINGBLOCK1 STOREY 0:Zone Mean Air Temperature [C](Daily),634.0,177.84,322,346,352,363,0,346,19
2050,400,SG_retrofit_3_Insul_current_TR_retrofit_4_BW_retrofit_4,0.8,0.41,6.7,8.7,0.015375,15.624935874550628,retained_renamed_boiler_heating_energy_output,1,BLOCK BUILDINGBLOCK1 STOREY 0:Zone Mean Air Temperature [C](Daily),656.0,169.18,322,346,352,363,0,346,19
2050,406,SG_retrofit_3_Insul_retrofit_1_TR_retrofit_1_BW_current,0.8,4.8,0.45,4.5,0.020000000000000004,19.572535512117383,retained_renamed_boiler_heating_energy_output,1,BLOCK BUILDINGBLOCK1 STOREY 0:Zone Mean Air Temperature [C](Daily),444.2,183.29,297,316,330,345,0,316,49
2050,408,SG_retrofit_3_Insul_retrofit_1_TR_retrofit_1_BW_retrofit_2,0.8,4.8,4.4,4.5,0.0165,14.46513223790005,retained_renamed_boiler_heating_energy_output,1,BLOCK BUILDINGBLOCK1 STOREY 0:Zone Mean Air Temperature [C](Daily),623.2,188.12,288,304,327,344,0,304,61
2050,409,SG_retrofit_3_Insul_retrofit_1_TR_retrofit_1_BW_retrofit_3,0.8,4.8,6.5,4.5,0.015625,13.895269511250792,retained_renamed_boiler_heating_energy_output,1,BLOCK BUILDINGBLOCK1 STOREY 0:Zone Mean Air Temperature [C](Daily),644.2,200.45,287,302,325,345,0,302,63
2050,412,SG_retrofit_3_Insul_retrofit_1_TR_retrofit_2_BW_retrofit_1,0.8,4.8,4.2,4.7,0.018,14.976883974169343,retained_renamed_boiler_heating_energy_output,1,BLOCK BUILDINGBLOCK1 STOREY 0:Zone Mean Air Temperature [C](Daily),641.7,174.12,289,305,328,345,0,305,60
2050,413,SG_retrofit_3_Insul_retrofit_1_TR_retrofit_2_BW_retrofit_2,0.8,4.8,4.4,4.7,0.01625,14.285198428198056,retained_renamed_boiler_heating_energy_output,1,BLOCK BUILDINGBLOCK1 STOREY 0:Zone Mean Air Temperature [C](Daily),638.7,169.59,288,304,327,344,0,304,61
2050,414,SG_retrofit_3_Insul_retrofit_1_TR_retrofit_2_BW_retrofit_3,0.8,4.8,6.5,4.7,0.015375,13.859457975653497,retained_renamed_boiler_heating_energy_output,1,BLOCK BUILDINGBLOCK1 STOREY 0:Zone Mean Air Temperature [C](Daily),659.7,181.92,287,301,325,345,0,301,64
2050,415,SG_retrofit_3_Insul_retrofit_1_TR_retrofit_2_BW_retrofit_4,0.8,4.8,6.7,4.7,0.015375,13.84715331147007,retained_renamed_boiler_heating_energy_output,1,BLOCK BUILDINGBLOCK1 STOREY 0:Zone Mean Air Temperature [C](Daily),681.7,173.26,287,301,325,345,0,301,64
2050,417,SG_retrofit_3_Insul_retrofit_1_TR_retrofit_3_BW_retrofit_1,0.8,4.8,4.2,8.5,0.01775,14.78023008551339,retained_renamed_boiler_heating_energy_output,1,BLOCK BUILDINGBLOCK1 STOREY 0:Zone Mean Air Temperature [C](Daily),637.7,187.86,289,305,328,345,0,305,60
2050,418,SG_retrofit_3_Insul_retrofit_1_TR_retrofit_3_BW_retrofit_2,0.8,4.8,4.4,8.5,0.016,14.164742614101291,retained_renamed_boiler_heating_energy_output,1,BLOCK BUILDINGBLOCK1 STOREY 0:Zone Mean Air Temperature [C](Daily),634.7,183.33,288,304,327,344,0,304,61
2050,419,SG_retrofit_3_Insul_retrofit_1_TR_retrofit_3_BW_retrofit_3,0.8,4.8,6.5,8.5,0.015125,13.62103924035741,retained_renamed_boiler_heating_energy_output,1,BLOCK BUILDINGBLOCK1 STOREY 0:Zone Mean Air Temperature [C](Daily),655.7,195.66,287,301,325,345,0,301,64
2050,420,SG_retrofit_3_Insul_retrofit_1_TR_retrofit_3_BW_retrofit_4,0.8,4.8,6.7,8.5,0.015125,13.558221997591435,retained_renamed_boiler_heating_energy_output,1,BLOCK BUILDINGBLOCK1 STOREY 0:Zone Mean Air Temperature [C](Daily),677.7,187.0,287,301,325,345,0,301,64
2050,422,SG_retrofit_3_Insul_retrofit_1_TR_retrofit_4_BW_retrofit_1,0.8,4.8,4.2,8.7,0.01775,14.78124889660011,retained_renamed_boiler_heating_energy_output,1,BLOCK BUILDINGBLOCK1 STOREY 0:Zone Mean Air Temperature [C](Daily),675.7,180.04000000000002,289,305,328,345,0,305,60
2050,423,SG_retrofit_3_Insul_retrofit_1_TR_retrofit_4_BW_retrofit_2,0.8,4.8,4.4,8.7,0.016,14.055048448352933,retained_renamed_boiler_heating_energy_output,1,BLOCK BUILDINGBLOCK1 STOREY 0:Zone Mean Air Temperature [C](Daily),672.7,175.51000000000002,288,304,327,344,0,304,61
2050,425,SG_retrofit_3_Insul_retrofit_1_TR_retrofit_4_BW_retrofit_4,0.8,4.8,6.7,8.7,0.015125,13.548237826999683,retained_renamed_boiler_heating_energy_output,1,BLOCK BUILDINGBLOCK1 STOREY 0:Zone Mean Air Temperature [C](Daily),715.7,179.18,287,301,325,345,0,301,64
2050,438,SG_retrofit_3_Insul_retrofit_2_TR_retrofit_2_BW_retrofit_2,0.8,5.0,4.4,4.7,0.016,14.123361420957485,retained_renamed_boiler_heating_energy_output,1,BLOCK BUILDINGBLOCK1 STOREY 0:Zone Mean Air Temperature [C](Daily),656.0,165.51,286,300,325,343,0,300,65
2050,439,SG_retrofit_3_Insul_retrofit_2_TR_retrofit_2_BW_retrofit_3,0.8,5.0,6.5,4.7,0.015125,13.707806230387845,retained_renamed_boiler_heating_energy_output,1,BLOCK BUILDINGBLOCK1 STOREY 0:Zone Mean Air Temperature [C](Daily),677.0,177.83999999999997,286,300,321,343,0,300,65
2050,440,SG_retrofit_3_Insul_retrofit_2_TR_retrofit_2_BW_retrofit_4,0.8,5.0,6.7,4.7,0.015125,13.55489551305814,retained_renamed_boiler_heating_energy_output,1,BLOCK BUILDINGBLOCK1 STOREY 0:Zone Mean Air Temperature [C](Daily),699.0,169.17999999999998,286,300,321,343,0,300,65
2050,443,SG_retrofit_3_Insul_retrofit_2_TR_retrofit_3_BW_retrofit_2,0.8,5.0,4.4,8.5,0.01575,13.98097485904735,retained_renamed_boiler_heating_energy_output,1,BLOCK BUILDINGBLOCK1 STOREY 0:Zone Mean Air Temperature [C](Daily),652.0,179.25,286,300,325,343,0,300,65
2050,444,SG_retrofit_3_Insul_retrofit_2_TR_retrofit_3_BW_retrofit_3,0.8,5.0,6.5,8.5,0.014875,13.385018232315135,retained_renamed_boiler_heating_energy_output,1,BLOCK BUILDINGBLOCK1 STOREY 0:Zone Mean Air Temperature [C](Daily),673.0,191.57999999999998,286,300,321,343,0,300,65
2050,445,SG_retrofit_3_Insul_retrofit_2_TR_retrofit_3_BW_retrofit_4,0.8,5.0,6.7,8.5,0.014875,13.352599863279515,retained_renamed_boiler_heating_energy_output,1,BLOCK BUILDINGBLOCK1 STOREY 0:Zone Mean Air Temperature [C](Daily),695.0,182.92,286,300,321,343,0,300,65
2050,448,SG_retrofit_3_Insul_retrofit_2_TR_retrofit_4_BW_retrofit_2,0.8,5.0,4.4,8.7,0.01575,13.947427007319222,retained_renamed_boiler_heating_energy_output,1,BLOCK BUILDINGBLOCK1 STOREY 0:Zone Mean Air Temperature [C](Daily),690.0,171.43,286,300,325,343,0,300,65
2050,449,SG_retrofit_3_Insul_retrofit_2_TR_retrofit_4_BW_retrofit_3,0.8,5.0,6.5,8.7,0.014875,13.336206417436498,retained_renamed_boiler_heating_energy_output,1,BLOCK BUILDINGBLOCK1 STOREY 0:Zone Mean Air Temperature [C](Daily),711.0,183.76,286,300,321,343,0,300,65
2050,450,SG_retrofit_3_Insul_retrofit_2_TR_retrofit_4_BW_retrofit_4,0.8,5.0,6.7,8.7,0.014875,13.32878177773796,retained_renamed_boiler_heating_energy_output,1,BLOCK BUILDINGBLOCK1 STOREY 0:Zone Mean Air Temperature [C](Daily),733.0,175.1,286,300,321,343,0,300,65
2050,463,SG_retrofit_3_Insul_retrofit_3_TR_retrofit_2_BW_retrofit_2,0.8,5.5,4.4,4.7,0.01575,14.023835401180548,retained_renamed_boiler_heating_energy_output,1,BLOCK BUILDINGBLOCK1 STOREY 0:Zone Mean Air Temperature [C](Daily),666.9,170.59,286,300,322,343,0,300,65
2050,464,SG_retrofit_3_Insul_retrofit_3_TR_retrofit_2_BW_retrofit_3,0.8,5.5,6.5,4.7,0.014875,13.554940178534393,retained_renamed_boiler_heating_energy_output,1,BLOCK BUILDINGBLOCK1 STOREY 0:Zone Mean Air Temperature [C](Daily),687.9,182.92,286,300,319,343,0,300,65
2050,468,SG_retrofit_3_Insul_retrofit_3_TR_retrofit_3_BW_retrofit_2,0.8,5.5,4.4,8.5,0.0155,13.822317978346055,retained_renamed_boiler_heating_energy_output,1,BLOCK BUILDINGBLOCK1 STOREY 0:Zone Mean Air Temperature [C](Daily),662.9,184.33,286,300,322,343,0,300,65
2050,469,SG_retrofit_3_Insul_retrofit_3_TR_retrofit_3_BW_retrofit_3,0.8,5.5,6.5,8.5,0.014624999999999999,13.25976121666978,retained_renamed_boiler_heating_energy_output,1,BLOCK BUILDINGBLOCK1 STOREY 0:Zone Mean Air Temperature [C](Daily),683.9,196.66,284,300,319,343,0,300,65
2050,470,SG_retrofit_3_Insul_retrofit_3_TR_retrofit_3_BW_retrofit_4,0.8,5.5,6.7,8.5,0.014624999999999999,13.197032712689252,retained_renamed_boiler_heating_energy_output,1,BLOCK BUILDINGBLOCK1 STOREY 0:Zone Mean Air Temperature [C](Daily),705.9,188.0,284,300,319,343,0,300,65
2050,475,SG_retrofit_3_Insul_retrofit_3_TR_retrofit_4_BW_retrofit_4,0.8,5.5,6.7,8.7,0.014624999999999999,13.209127359242032,retained_renamed_boiler_heating_energy_output,1,BLOCK BUILDINGBLOCK1 STOREY 0:Zone Mean Air Temperature [C](Daily),743.9,180.18,284,300,319,343,0,300,65
2050,488,SG_retrofit_3_Insul_retrofit_4_TR_retrofit_2_BW_retrofit_2,0.8,5.6,4.4,4.7,0.01575,13.967524604150483,retained_renamed_boiler_heating_energy_output,1,BLOCK BUILDINGBLOCK1 STOREY 0:Zone Mean Air Temperature [C](Daily),687.0,166.59,286,300,321,343,0,300,65
2050,490,SG_retrofit_3_Insul_retrofit_4_TR_retrofit_2_BW_retrofit_4,0.8,5.6,6.7,4.7,0.014875,13.462294305054234,retained_renamed_boiler_heating_energy_output,1,BLOCK BUILDINGBLOCK1 STOREY 0:Zone Mean Air Temperature [C](Daily),730.0,170.26,284,300,318,341,0,300,65
2050,494,SG_retrofit_3_Insul_retrofit_4_TR_retrofit_3_BW_retrofit_3,0.8,5.6,6.5,8.5,0.014624999999999999,13.215677599867478,retained_renamed_boiler_heating_energy_output,1,BLOCK BUILDINGBLOCK1 STOREY 0:Zone Mean Air Temperature [C](Daily),704.0,192.66,284,300,318,342,0,300,65
2050,495,SG_retrofit_3_Insul_retrofit_4_TR_retrofit_3_BW_retrofit_4,0.8,5.6,6.7,8.5,0.014624999999999999,13.233602184480667,retained_renamed_boiler_heating_energy_output,1,BLOCK BUILDINGBLOCK1 STOREY 0:Zone Mean Air Temperature [C](Daily),726.0,184.0,284,300,318,342,0,300,65
2050,500,SG_retrofit_3_Insul_retrofit_4_TR_retrofit_4_BW_retrofit_4,0.8,5.6,6.7,8.7,0.014624999999999999,13.25301687789708,retained_renamed_boiler_heating_energy_output,1,BLOCK BUILDINGBLOCK1 STOREY 0:Zone Mean Air Temperature [C](Daily),764.0,176.18,284,300,318,342,0,300,65
2050,508,SG_retrofit_4_Insul_current_TR_retrofit_1_BW_retrofit_2,0.81,0.41,4.4,4.5,0.015625,16.106405754645493,retained_renamed_boiler_heating_energy_output,1,BLOCK BUILDINGBLOCK1 STOREY 0:Zone Mean Air Temperature [C](Daily),890.5,148.12,322,345,351,363,0,345,20
2050,509,SG_retrofit_4_Insul_current_TR_retrofit_1_BW_retrofit_3,0.81,0.41,6.5,4.5,0.01475,15.553574248004717,retained_renamed_boiler_heating_energy_output,1,BLOCK BUILDINGBLOCK1 STOREY 0:Zone Mean Air Temperature [C](Daily),911.5,160.45,322,346,354,363,0,346,19
2050,513,SG_retrofit_4_Insul_current_TR_retrofit_2_BW_retrofit_2,0.81,0.41,4.4,4.7,0.015375,15.839034659635717,retained_renamed_boiler_heating_energy_output,1,BLOCK BUILDINGBLOCK1 STOREY 0:Zone Mean Air Temperature [C](Daily),906.0,129.59,322,345,351,363,0,345,20
2050,514,SG_retrofit_4_Insul_current_TR_retrofit_2_BW_retrofit_3,0.81,0.41,6.5,4.7,0.014500000000000002,15.354820537423082,retained_renamed_boiler_heating_energy_output,1,BLOCK BUILDINGBLOCK1 STOREY 0:Zone Mean Air Temperature [C](Daily),927.0,141.92,322,346,354,363,0,346,19
2050,515,SG_retrofit_4_Insul_current_TR_retrofit_2_BW_retrofit_4,0.81,0.41,6.7,4.7,0.014500000000000002,15.419594741341786,retained_renamed_boiler_heating_energy_output,1,BLOCK BUILDINGBLOCK1 STOREY 0:Zone Mean Air Temperature [C](Daily),949.0,133.26,322,346,354,363,0,346,19
2050,518,SG_retrofit_4_Insul_current_TR_retrofit_3_BW_retrofit_2,0.81,0.41,4.4,8.5,0.015125,15.672859881760472,retained_renamed_boiler_heating_energy_output,1,BLOCK BUILDINGBLOCK1 STOREY 0:Zone Mean Air Temperature [C](Daily),902.0,143.32999999999998,322,345,352,363,0,345,20
2050,519,SG_retrofit_4_Insul_current_TR_retrofit_3_BW_retrofit_3,0.81,0.41,6.5,8.5,0.014249999999999999,15.29757630052576,retained_renamed_boiler_heating_energy_output,1,BLOCK BUILDINGBLOCK1 STOREY 0:Zone Mean Air Temperature [C](Daily),923.0,155.66,322,346,354,363,0,346,19
2050,520,SG_retrofit_4_Insul_current_TR_retrofit_3_BW_retrofit_4,0.81,0.41,6.7,8.5,0.014249999999999999,15.33756457502034,retained_renamed_boiler_heating_energy_output,1,BLOCK BUILDINGBLOCK1 STOREY 0:Zone Mean Air Temperature [C](Daily),945.0,147.0,322,346,354,363,0,346,19
2050,523,SG_retrofit_4_Insul_current_TR_retrofit_4_BW_retrofit_2,0.81,0.41,4.4,8.7,0.015125,15.774484458029923,retained_renamed_boiler_heating_energy_output,1,BLOCK BUILDINGBLOCK1 STOREY 0:Zone Mean Air Temperature [C](Daily),940.0,135.51,322,345,352,363,0,345,20
2050,524,SG_retrofit_4_Insul_current_TR_retrofit_4_BW_retrofit_3,0.81,0.41,6.5,8.7,0.014249999999999999,15.294875464287946,retained_renamed_boiler_heating_energy_output,1,BLOCK BUILDINGBLOCK1 STOREY 0:Zone Mean Air Temperature [C](Daily),961.0,147.84,322,346,354,363,0,346,19
2050,525,SG_retrofit_4_Insul_current_TR_retrofit_4_BW_retrofit_4,0.81,0.41,6.7,8.7,0.014249999999999999,15.25836548692963,retained_renamed_boiler_heating_energy_output,1,BLOCK BUILDINGBLOCK1 STOREY 0:Zone Mean Air Temperature [C](Daily),983.0,139.18,322,346,355,363,0,346,19
2050,533,SG_retrofit_4_Insul_retrofit_1_TR_retrofit_1_BW_retrofit_2,0.81,4.8,4.4,4.5,0.015375,14.115594149367787,retained_renamed_boiler_heating_energy_output,1,BLOCK BUILDINGBLOCK1 STOREY 0:Zone Mean Air Temperature [C](Daily),950.2,158.12,287,302,326,344,0,302,63
2050,534,SG_retrofit_4_Insul_retrofit_1_TR_retrofit_1_BW_retrofit_3,0.81,4.8,6.5,4.5,0.014500000000000002,13.51193090057031,retained_renamed_boiler_heating_energy_output,1,BLOCK BUILDINGBLOCK1 STOREY 0:Zone Mean Air Temperature [C](Daily),971.2,170.45,286,301,324,344,0,301,64
2050,535,SG_retrofit_4_Insul_retrofit_1_TR_retrofit_1_BW_retrofit_4,0.81,4.8,6.7,4.5,0.014500000000000002,13.615262747870187,retained_renamed_boiler_heating_energy_output,1,BLOCK BUILDINGBLOCK1 STOREY 0:Zone Mean Air Temperature [C](Daily),993.2,161.79,286,301,324,344,0,301,64
2050,538,SG_retrofit_4_Insul_retrofit_1_TR_retrofit_2_BW_retrofit_2,0.81,4.8,4.4,4.7,0.015125,13.812538561518481,retained_renamed_boiler_heating_energy_output,1,BLOCK BUILDINGBLOCK1 STOREY 0:Zone Mean Air Temperature [C](Daily),965.7,139.59,287,301,326,344,0,301,64
2050,540,SG_retrofit_4_Insul_retrofit_1_TR_retrofit_2_BW_retrofit_4,0.81,4.8,6.7,4.7,0.014250000000000002,13.449081139995798,retained_renamed_boiler_heating_energy_output,1,BLOCK BUILDINGBLOCK1 STOREY 0:Zone Mean Air Temperature [C](Daily),1008.7,143.26,286,301,324,344,0,301,64
2050,542,SG_retrofit_4_Insul_retrofit_1_TR_retrofit_3_BW_retrofit_1,0.81,4.8,4.2,8.5,0.016625,14.293781099124773,retained_renamed_boiler_heating_energy_output,1,BLOCK BUILDINGBLOCK1 STOREY 0:Zone Mean Air Temperature [C](Daily),964.7,157.86,289,304,327,345,0,304,61
2050,543,SG_retrofit_4_Insul_retrofit_1_TR_retrofit_3_BW_retrofit_2,0.81,4.8,4.4,8.5,0.014875,13.621395927822737,retained_renamed_boiler_heating_energy_output,1,BLOCK BUILDINGBLOCK1 STOREY 0:Zone Mean Air Temperature [C](Daily),961.7,153.33,287,302,326,344,0,302,63
2050,544,SG_retrofit_4_Insul_retrofit_1_TR_retrofit_3_BW_retrofit_3,0.81,4.8,6.5,8.5,0.014000000000000002,13.182455667103687,retained_renamed_boiler_heating_energy_output,1,BLOCK BUILDINGBLOCK1 STOREY 0:Zone Mean Air Temperature [C](Daily),982.7,165.66,286,301,324,344,0,301,64
2050,545,SG_retrofit_4_Insul_retrofit_1_TR_retrofit_3_BW_retrofit_4,0.81,4.8,6.7,8.5,0.014000000000000002,13.139860860799052,retained_renamed_boiler_heating_energy_output,1,BLOCK BUILDINGBLOCK1 STOREY 0:Zone Mean Air Temperature [C](Daily),1004.7,157.0,286,301,324,344,0,301,64
2050,547,SG_retrofit_4_Insul_retrofit_1_TR_retrofit_4_BW_retrofit_1,0.81,4.8,4.2,8.7,0.016625,14.281219325558922,retained_renamed_boiler_heating_energy_output,1,BLOCK BUILDINGBLOCK1 STOREY 0:Zone Mean Air Temperature [C](Daily),1002.7,150.04000000000002,289,304,327,345,0,304,61
2050,548,SG_retrofit_4_Insul_retrofit_1_TR_retrofit_4_BW_retrofit_2,0.81,4.8,4.4,8.7,0.014875,13.598077132922757,retained_renamed_boiler_heating_energy_output,1,BLOCK BUILDINGBLOCK1 STOREY 0:Zone Mean Air Temperature [C](Daily),999.7,145.51000000000002,287,302,326,344,0,302,63
2050,550,SG_retrofit_4_Insul_retrofit_1_TR_retrofit_4_BW_retrofit_4,0.81,4.8,6.7,8.7,0.014000000000000002,13.188224571932523,retained_renamed_boiler_heating_energy_output,1,BLOCK BUILDINGBLOCK1 STOREY 0:Zone Mean Air Temperature [C](Daily),1042.7,149.18,286,301,324,344,0,301,64
2050,563,SG_retrofit_4_Insul_retrofit_2_TR_retrofit_2_BW_retrofit_2,0.81,5.0,4.4,4.7,0.014875,13.874318812502171,retained_renamed_boiler_heating_energy_output,1,BLOCK BUILDINGBLOCK1 STOREY 0:Zone Mean Air Temperature [C](Daily),983.0,135.51,286,300,322,343,0,300,65
2050,564,SG_retrofit_4_Insul_retrofit_2_TR_retrofit_2_BW_retrofit_3,0.81,5.0,6.5,4.7,0.014000000000000002,13.280282298064416,retained_renamed_boiler_heating_energy_output,1,BLOCK BUILDINGBLOCK1 STOREY 0:Zone Mean Air Temperature [C](Daily),1004.0,147.84,284,300,319,342,0,300,65
2050,565,SG_retrofit_4_Insul_retrofit_2_TR_retrofit_2_BW_retrofit_4,0.81,5.0,6.7,4.7,0.014000000000000002,13.2697456033777,retained_renamed_boiler_heating_energy_output,1,BLOCK BUILDINGBLOCK1 STOREY 0:Zone Mean Air Temperature [C](Daily),1026.0,139.18,284,300,319,343,0,300,65
2050,568,SG_retrofit_4_Insul_retrofit_2_TR_retrofit_3_BW_retrofit_2,0.81,5.0,4.4,8.5,0.014624999999999999,13.492942279554747,retained_renamed_boiler_heating_energy_output,1,BLOCK BUILDINGBLOCK1 STOREY 0:Zone Mean Air Temperature [C](Daily),979.0,149.25,286,300,322,343,0,300,65
2050,569,SG_retrofit_4_Insul_retrofit_2_TR_retrofit_3_BW_retrofit_3,0.81,5.0,6.5,8.5,0.013750000000000002,12.925320431166615,retained_renamed_boiler_heating_energy_output,1,BLOCK BUILDINGBLOCK1 STOREY 0:Zone Mean Air Temperature [C](Daily),1000.0,161.58,284,300,319,342,0,300,65
2050,570,SG_retrofit_4_Insul_retrofit_2_TR_retrofit_3_BW_retrofit_4,0.81,5.0,6.7,8.5,0.013750000000000002,12.918348033622923,retained_renamed_boiler_heating_energy_output,1,BLOCK BUILDINGBLOCK1 STOREY 0:Zone Mean Air Temperature [C](Daily),1022.0,152.92000000000002,284,300,319,343,0,300,65
2050,573,SG_retrofit_4_Insul_retrofit_2_TR_retrofit_4_BW_retrofit_2,0.81,5.0,4.4,8.7,0.014624999999999999,13.468178414546912,retained_renamed_boiler_heating_energy_output,1,BLOCK BUILDINGBLOCK1 STOREY 0:Zone Mean Air Temperature [C](Daily),1017.0,141.43,286,300,322,343,0,300,65
2050,575,SG_retrofit_4_Insul_retrofit_2_TR_retrofit_4_BW_retrofit_4,0.81,5.0,6.7,8.7,0.013750000000000002,12.942884968264423,retained_renamed_boiler_heating_energy_output,1,BLOCK BUILDINGBLOCK1 STOREY 0:Zone Mean Air Temperature [C](Daily),1060.0,145.10000000000002,284,300,319,343,0,300,65
2050,588,SG_retrofit_4_Insul_retrofit_3_TR_retrofit_2_BW_retrofit_2,0.81,5.5,4.4,4.7,0.014624999999999999,13.678979739347042,retained_renamed_boiler_heating_energy_output,1,BLOCK BUILDINGBLOCK1 STOREY 0:Zone Mean Air Temperature [C](Daily),993.9,140.59,286,300,319,342,0,300,65
2050,589,SG_retrofit_4_Insul_retrofit_3_TR_retrofit_2_BW_retrofit_3,0.81,5.5,6.5,4.7,0.013750000000000002,13.12046699049276,retained_renamed_boiler_heating_energy_output,1,BLOCK BUILDINGBLOCK1 STOREY 0:Zone Mean Air Temperature [C](Daily),1014.9,152.92,284,300,318,341,0,300,65
2050,590,SG_retrofit_4_Insul_retrofit_3_TR_retrofit_2_BW_retrofit_4,0.81,5.5,6.7,4.7,0.013750000000000002,13.167174165286312,retained_renamed_boiler_heating_energy_output,1,BLOCK BUILDINGBLOCK1 STOREY 0:Zone Mean Air Temperature [C](Daily),1036.9,144.26,284,300,318,340,0,300,65
2050,593,SG_retrofit_4_Insul_retrofit_3_TR_retrofit_3_BW_retrofit_2,0.81,5.5,4.4,8.5,0.014374999999999999,13.339997704575469,retained_renamed_boiler_heating_energy_output,1,BLOCK BUILDINGBLOCK1 STOREY 0:Zone Mean Air Temperature [C](Daily),989.9,154.33,286,300,319,342,0,300,65
2050,594,SG_retrofit_4_Insul_retrofit_3_TR_retrofit_3_BW_retrofit_3,0.81,5.5,6.5,8.5,0.013500000000000002,12.879809068562057,retained_renamed_boiler_heating_energy_output,1,BLOCK BUILDINGBLOCK1 STOREY 0:Zone Mean Air Temperature [C](Daily),1010.9,166.66,284,300,318,341,0,300,65
2050,595,SG_retrofit_4_Insul_retrofit_3_TR_retrofit_3_BW_retrofit_4,0.81,5.5,6.7,8.5,0.013500000000000002,12.828599150787987,retained_renamed_boiler_heating_energy_output,1,BLOCK BUILDINGBLOCK1 STOREY 0:Zone Mean Air Temperature [C](Daily),1032.9,158.0,283,300,318,342,0,300,65
2050,600,SG_retrofit_4_Insul_retrofit_3_TR_retrofit_4_BW_retrofit_4,0.81,5.5,6.7,8.7,0.013500000000000002,12.831242046883778,retained_renamed_boiler_heating_energy_output,1,BLOCK BUILDINGBLOCK1 STOREY 0:Zone Mean Air Temperature [C](Daily),1070.9,150.18,283,300,318,342,0,300,65
2050,613,SG_retrofit_4_Insul_retrofit_4_TR_retrofit_2_BW_retrofit_2,0.81,5.6,4.4,4.7,0.014624999999999999,13.647842272040085,retained_renamed_boiler_heating_energy_output,1,BLOCK BUILDINGBLOCK1 STOREY 0:Zone Mean Air Temperature [C](Daily),1014.0,136.59,286,300,319,342,0,300,65
2050,614,SG_retrofit_4_Insul_retrofit_4_TR_retrofit_2_BW_retrofit_3,0.81,5.6,6.5,4.7,0.013750000000000002,13.158931931064071,retained_renamed_boiler_heating_energy_output,1,BLOCK BUILDINGBLOCK1 STOREY 0:Zone Mean Air Temperature [C](Daily),1035.0,148.92,284,300,318,340,0,300,65
2050,615,SG_retrofit_4_Insul_retrofit_4_TR_retrofit_2_BW_retrofit_4,0.81,5.6,6.7,4.7,0.013750000000000002,13.09542098573371,retained_renamed_boiler_heating_energy_output,1,BLOCK BUILDINGBLOCK1 STOREY 0:Zone Mean Air Temperature [C](Daily),1057.0,140.26,283,300,318,340,0,300,65
2050,619,SG_retrofit_4_Insul_retrofit_4_TR_retrofit_3_BW_retrofit_3,0.81,5.6,6.5,8.5,0.013500000000000002,12.881656052469179,retained_renamed_boiler_heating_energy_output,1,BLOCK BUILDINGBLOCK1 STOREY 0:Zone Mean Air Temperature [C](Daily),1031.0,162.66,283,300,318,341,0,300,65
2050,620,SG_retrofit_4_Insul_retrofit_4_TR_retrofit_3_BW_retrofit_4,0.81,5.6,6.7,8.5,0.013500000000000002,12.819851076310714,retained_renamed_boiler_heating_energy_output,1,BLOCK BUILDINGBLOCK1 STOREY 0:Zone Mean Air Temperature [C](Daily),1053.0,154.0,283,300,318,340,0,300,65
2050,625,SG_retrofit_4_Insul_retrofit_4_TR_retrofit_4_BW_retrofit_4,0.81,5.6,6.7,8.7,0.013500000000000002,12.751411269693511,retained_renamed_boiler_heating_energy_output,1,BLOCK BUILDINGBLOCK1 STOREY 0:Zone Mean Air Temperature [C](Daily),1091.0,146.18,283,300,318,340,0,300,65
2100,1,SG_current_Insul_current_TR_current_BW_current,2.9,0.41,0.45,0.48,0.025,22.166712550710866,retained_renamed_boiler_heating_energy_output,1,BLOCK BUILDINGBLOCK1 STOREY 0:Zone Mean Air Temperature [C](Daily),0.0,0.0,297,321,343,356,0,321,44
2100,2,SG_current_Insul_current_TR_current_BW_retrofit_1,2.9,0.41,4.2,0.48,0.02325,19.534116134779275,retained_renamed_boiler_heating_energy_output,1,BLOCK BUILDINGBLOCK1 STOREY 0:Zone Mean Air Temperature [C](Daily),182.0,9.36,300,323,343,358,0,323,42
2100,3,SG_current_Insul_current_TR_current_BW_retrofit_2,2.9,0.41,4.4,0.48,0.021500000000000002,18.872881065982572,retained_renamed_boiler_heating_energy_output,1,BLOCK BUILDINGBLOCK1 STOREY 0:Zone Mean Air Temperature [C](Daily),179.0,4.83,300,322,344,358,0,322,43
2100,4,SG_current_Insul_current_TR_current_BW_retrofit_3,2.9,0.41,6.5,0.48,0.020625,18.43742304774067,retained_renamed_boiler_heating_energy_output,1,BLOCK BUILDINGBLOCK1 STOREY 0:Zone Mean Air Temperature [C](Daily),200.0,17.16,300,322,343,358,0,322,43
2100,5,SG_current_Insul_current_TR_current_BW_retrofit_4,2.9,0.41,6.7,0.48,0.020625,18.293398768431686,retained_renamed_boiler_heating_energy_output,1,BLOCK BUILDINGBLOCK1 STOREY 0:Zone Mean Air Temperature [C](Daily),222.0,8.5,300,322,343,358,0,322,43
2100,6,SG_current_Insul_current_TR_retrofit_1_BW_current,2.9,0.41,0.45,4.5,0.02475,19.449984590596376,retained_renamed_boiler_heating_energy_output,1,BLOCK BUILDINGBLOCK1 STOREY 0:Zone Mean Air Temperature [C](Daily),89.5,23.29,299,321,343,356,0,321,44
2100,8,SG_current_Insul_current_TR_retrofit_1_BW_retrofit_2,2.9,0.41,4.4,4.5,0.02125,16.087512118912898,retained_renamed_boiler_heating_energy_output,1,BLOCK BUILDINGBLOCK1 STOREY 0:Zone Mean Air Temperature [C](Daily),268.5,28.119999999999997,300,325,345,358,0,325,40
2100,9,SG_current_Insul_current_TR_retrofit_1_BW_retrofit_3,2.9,0.41,6.5,4.5,0.020375000000000004,15.625425731840858,retained_renamed_boiler_heating_energy_output,1,BLOCK BUILDINGBLOCK1 STOREY 0:Zone Mean Air Temperature [C](Daily),289.5,40.45,301,326,345,358,0,326,39
2100,11,SG_current_Insul_current_TR_retrofit_2_BW_current,2.9,0.41,0.45,4.7,0.0245,19.211430489445597,retained_renamed_boiler_heating_energy_output,1,BLOCK BUILDINGBLOCK1 STOREY 0:Zone Mean Air Temperature [C](Daily),105.0,4.76,299,321,343,356,0,321,44
2100,13,SG_current_Insul_current_TR_retrofit_2_BW_retrofit_2,2.9,0.41,4.4,4.7,0.021000000000000005,16.044134775595097,retained_renamed_boiler_heating_energy_output,1,BLOCK BUILDINGBLOCK1 STOREY 0:Zone Mean Air Temperature [C](Daily),284.0,9.59,301,325,345,358,0,325,40
2100,14,SG_current_Insul_current_TR_retrofit_2_BW_retrofit_3,2.9,0.41,6.5,4.7,0.020125000000000004,15.4840527026138,retained_renamed_boiler_heating_energy_output,1,BLOCK BUILDINGBLOCK1 STOREY 0:Zone Mean Air Temperature [C](Daily),305.0,21.92,301,326,346,358,0,326,39
2100,15,SG_current_Insul_current_TR_retrofit_2_BW_retrofit_4,2.9,0.41,6.7,4.7,0.020125000000000004,15.511505955321466,retained_renamed_boiler_heating_energy_output,1,BLOCK BUILDINGBLOCK1 STOREY 0:Zone Mean Air Temperature [C](Daily),327.0,13.26,301,326,345,358,0,326,39
2100,16,SG_current_Insul_current_TR_retrofit_3_BW_current,2.9,0.41,0.45,8.5,0.02425,19.06621208308644,retained_renamed_boiler_heating_energy_output,1,BLOCK BUILDINGBLOCK1 STOREY 0:Zone Mean Air Temperature [C](Daily),101.0,18.5,299,321,343,357,0,321,44
2100,18,SG_current_Insul_current_TR_retrofit_3_BW_retrofit_2,2.9,0.41,4.4,8.5,0.02075,15.603309101418423,retained_renamed_boiler_heating_energy_output,1,BLOCK BUILDINGBLOCK1 STOREY 0:Zone Mean Air Temperature [C](Daily),280.0,23.33,301,325,345,358,0,325,40
2100,19,SG_current_Insul_current_TR_retrofit_3_BW_retrofit_3,2.9,0.41,6.5,8.5,0.019875000000000004,15.29487253680967,retained_renamed_boiler_heating_energy_output,1,BLOCK BUILDINGBLOCK1 STOREY 0:Zone Mean Air Temperature [C](Daily),301.0,35.66,301,326,346,358,0,326,39
2100,20,SG_current_Insul_current_TR_retrofit_3_BW_retrofit_4,2.9,0.41,6.7,8.5,0.019875000000000004,15.211429522852976,retained_renamed_boiler_heating_energy_output,1,BLOCK BUILDINGBLOCK1 STOREY 0:Zone Mean Air Temperature [C](Daily),323.0,27.0,301,326,346,358,0,326,39
2100,21,SG_current_Insul_current_TR_retrofit_4_BW_current,2.9,0.41,0.45,8.7,0.02425,18.93811758294378,retained_renamed_boiler_heating_energy_output,1,BLOCK BUILDINGBLOCK1 STOREY 0:Zone Mean Air Temperature [C](Daily),139.0,10.68,299,321,343,357,0,321,44
2100,23,SG_current_Insul_current_TR_retrofit_4_BW_retrofit_2,2.9,0.41,4.4,8.7,0.02075,15.58066887099662,retained_renamed_boiler_heating_energy_output,1,BLOCK BUILDINGBLOCK1 STOREY 0:Zone Mean Air Temperature [C](Daily),318.0,15.51,301,325,345,358,0,325,40
2100,25,SG_current_Insul_current_TR_retrofit_4_BW_retrofit_4,2.9,0.41,6.7,8.7,0.019875000000000004,15.281100409760855,retained_renamed_boiler_heating_energy_output,1,BLOCK BUILDINGBLOCK1 STOREY 0:Zone Mean Air Temperature [C](Daily),361.0,19.18,301,326,346,358,0,326,39
2100,26,SG_current_Insul_retrofit_1_TR_current_BW_current,2.9,4.8,0.45,0.48,0.02475,20.43742330907678,retained_renamed_boiler_heating_energy_output,1,BLOCK BUILDINGBLOCK1 STOREY 0:Zone Mean Air Temperature [C](Daily),59.7,10.0,262,292,314,335,0,292,73
2100,28,SG_current_Insul_retrofit_1_TR_current_BW_retrofit_2,2.9,4.8,4.4,0.48,0.02125,16.77878807008077,retained_renamed_boiler_heating_energy_output,1,BLOCK BUILDINGBLOCK1 STOREY 0:Zone Mean Air Temperature [C](Daily),238.7,14.83,257,283,311,327,0,283,82
2100,29,SG_current_Insul_retrofit_1_TR_current_BW_retrofit_3,2.9,4.8,6.5,0.48,0.020375000000000004,16.489988818745193,retained_renamed_boiler_heating_energy_output,1,BLOCK BUILDINGBLOCK1 STOREY 0:Zone Mean Air Temperature [C](Daily),259.7,27.16,257,283,310,327,0,283,82
2100,30,SG_current_Insul_retrofit_1_TR_current_BW_retrofit_4,2.9,4.8,6.7,0.48,0.020375000000000004,16.43164811256805,retained_renamed_boiler_heating_energy_output,1,BLOCK BUILDINGBLOCK1 STOREY 0:Zone Mean Air Temperature [C](Daily),281.7,18.5,256,283,310,327,0,283,82
2100,31,SG_current_Insul_retrofit_1_TR_retrofit_1_BW_current,2.9,4.8,0.45,4.5,0.0245,17.59999178726225,retained_renamed_boiler_heating_energy_output,1,BLOCK BUILDINGBLOCK1 STOREY 0:Zone Mean Air Temperature [C](Daily),149.2,33.29,263,294,315,336,0,294,71
2100,32,SG_current_Insul_retrofit_1_TR_retrofit_1_BW_retrofit_1,2.9,4.8,4.2,4.5,0.022750000000000003,14.523993544587936,retained_renamed_boiler_heating_energy_output,1,BLOCK BUILDINGBLOCK1 STOREY 0:Zone Mean Air Temperature [C](Daily),331.2,42.65,260,288,311,329,0,288,77
2100,33,SG_current_Insul_retrofit_1_TR_retrofit_1_BW_retrofit_2,2.9,4.8,4.4,4.5,0.021000000000000005,14.123843343822925,retained_renamed_boiler_heating_energy_output,1,BLOCK BUILDINGBLOCK1 STOREY 0:Zone Mean Air Temperature [C](Daily),328.2,38.12,258,285,311,328,0,285,80
2100,34,SG_current_Insul_retrofit_1_TR_retrofit_1_BW_retrofit_3,2.9,4.8,6.5,4.5,0.020125000000000004,13.646510320460134,retained_renamed_boiler_heating_energy_output,1,BLOCK BUILDINGBLOCK1 STOREY 0:Zone Mean Air Temperature [C](Daily),349.2,50.45,257,284,311,328,0,284,81
2100,36,SG_current_Insul_retrofit_1_TR_retrofit_2_BW_current,2.9,4.8,0.45,4.7,0.02425,17.362951395893536,retained_renamed_boiler_heating_energy_output,1,BLOCK BUILDINGBLOCK1 STOREY 0:Zone Mean Air Temperature [C](Daily),164.7,14.76,263,293,315,336,0,293,72
2100,37,SG_current_Insul_retrofit_1_TR_retrofit_2_BW_retrofit_1,2.9,4.8,4.2,4.7,0.022500000000000003,14.451309908717324,retained_renamed_boiler_heating_energy_output,1,BLOCK BUILDINGBLOCK1 STOREY 0:Zone Mean Air Temperature [C](Daily),346.7,24.119999999999997,259,288,311,329,0,288,77
2100,38,SG_current_Insul_retrofit_1_TR_retrofit_2_BW_retrofit_2,2.9,4.8,4.4,4.7,0.020750000000000005,13.98411836075565,retained_renamed_boiler_heating_energy_output,1,BLOCK BUILDINGBLOCK1 STOREY 0:Zone Mean Air Temperature [C](Daily),343.7,19.59,258,285,311,328,0,285,80
2100,40,SG_current_Insul_retrofit_1_TR_retrofit_2_BW_retrofit_4,2.9,4.8,6.7,4.7,0.019875000000000004,13.543084876188882,retained_renamed_boiler_heating_energy_output,1,BLOCK BUILDINGBLOCK1 STOREY 0:Zone Mean Air Temperature [C](Daily),386.7,23.259999999999998,256,284,311,329,0,284,81
2100,41,SG_current_Insul_retrofit_1_TR_retrofit_3_BW_current,2.9,4.8,0.45,8.5,0.024,17.229734098935392,retained_renamed_boiler_heating_energy_output,1,BLOCK BUILDINGBLOCK1 STOREY 0:Zone Mean Air Temperature [C](Daily),160.7,28.5,263,293,315,336,0,293,72
2100,42,SG_current_Insul_retrofit_1_TR_retrofit_3_BW_retrofit_1,2.9,4.8,4.2,8.5,0.022250000000000002,14.255757118465748,retained_renamed_boiler_heating_energy_output,1,BLOCK BUILDINGBLOCK1 STOREY 0:Zone Mean Air Temperature [C](Daily),342.7,37.86,259,288,311,329,0,288,77
2100,43,SG_current_Insul_retrofit_1_TR_retrofit_3_BW_retrofit_2,2.9,4.8,4.4,8.5,0.020500000000000004,13.828493181762177,retained_renamed_boiler_heating_energy_output,1,BLOCK BUILDINGBLOCK1 STOREY 0:Zone Mean Air Temperature [C](Daily),339.7,33.33,258,285,311,328,0,285,80
2100,44,SG_current_Insul_retrofit_1_TR_retrofit_3_BW_retrofit_3,2.9,4.8,6.5,8.5,0.019625000000000004,13.309027276803787,retained_renamed_boiler_heating_energy_output,1,BLOCK BUILDINGBLOCK1 STOREY 0:Zone Mean Air Temperature [C](Daily),360.7,45.66,256,284,311,329,0,284,81
2100,45,SG_current_Insul_retrofit_1_TR_retrofit_3_BW_retrofit_4,2.9,4.8,6.7,8.5,0.019625000000000004,13.163322186374316,retained_renamed_boiler_heating_energy_output,1,BLOCK BUILDINGBLOCK1 STOREY 0:Zone Mean Air Temperature [C](Daily),382.7,37.0,256,284,311,329,0,284,81
2100,46,SG_current_Insul_retrofit_1_TR_retrofit_4_BW_current,2.9,4.8,0.45,8.7,0.024,17.12262055659794,retained_renamed_boiler_heating_energy_output,1,BLOCK BUILDINGBLOCK1 STOREY 0:Zone Mean Air Temperature [C](Daily),198.7,20.68,263,293,315,336,0,293,72
2100,47,SG_current_Insul_retrofit_1_TR_retrofit_4_BW_retrofit_1,2.9,4.8,4.2,8.7,0.022250000000000002,14.1436561901652,retained_renamed_boiler_heating_energy_output,1,BLOCK BUILDINGBLOCK1 STOREY 0:Zone Mean Air Temperature [C](Daily),380.7,30.04,259,288,311,329,0,288,77
2100,50,SG_current_Insul_retrofit_1_TR_retrofit_4_BW_retrofit_4,2.9,4.8,6.7,8.7,0.019625000000000004,13.314969378117901,retained_renamed_boiler_heating_energy_output,1,BLOCK BUILDINGBLOCK1 STOREY 0:Zone Mean Air Temperature [C](Daily),420.7,29.18,256,284,311,329,0,284,81
2100,51,SG_current_Insul_retrofit_2_TR_current_BW_current,2.9,5.0,0.45,0.48,0.0245,20.096074955629174,retained_renamed_boiler_heating_energy_output,1,BLOCK BUILDINGBLOCK1 STOREY 0:Zone Mean Air Temperature [C](Daily),77.0,5.92,260,290,312,333,0,290,75
2100,53,SG_current_Insul_retrofit_2_TR_current_BW_retrofit_2,2.9,5.0,4.4,0.48,0.021000000000000005,16.700511956550624,retained_renamed_boiler_heating_energy_output,1,BLOCK BUILDINGBLOCK1 STOREY 0:Zone Mean Air Temperature [C](Daily),256.0,10.75,256,281,310,326,0,281,84
2100,54,SG_current_Insul_retrofit_2_TR_current_BW_retrofit_3,2.9,5.0,6.5,0.48,0.020125000000000004,16.3778051313478,retained_renamed_boiler_heating_energy_output,1,BLOCK BUILDINGBLOCK1 STOREY 0:Zone Mean Air Temperature [C](Daily),277.0,23.08,253,280,308,325,0,280,85
2100,58,SG_current_Insul_retrofit_2_TR_retrofit_1_BW_retrofit_2,2.9,5.0,4.4,4.5,0.020750000000000005,13.826345844365596,retained_renamed_boiler_heating_energy_output,1,BLOCK BUILDINGBLOCK1 STOREY 0:Zone Mean Air Temperature [C](Daily),345.5,34.04,256,284,310,327,0,284,81
2100,61,SG_current_Insul_retrofit_2_TR_retrofit_2_BW_current,2.9,5.0,0.45,4.7,0.024,17.220010961722473,retained_renamed_boiler_heating_energy_output,1,BLOCK BUILDINGBLOCK1 STOREY 0:Zone Mean Air Temperature [C](Daily),182.0,10.68,261,292,313,336,0,292,73
2100,63,SG_current_Insul_retrofit_2_TR_retrofit_2_BW_retrofit_2,2.9,5.0,4.4,4.7,0.020500000000000004,13.697985731732025,retained_renamed_boiler_heating_energy_output,1,BLOCK BUILDINGBLOCK1 STOREY 0:Zone Mean Air Temperature [C](Daily),361.0,15.51,256,284,310,327,0,284,81
2100,64,SG_current_Insul_retrofit_2_TR_retrofit_2_BW_retrofit_3,2.9,5.0,6.5,4.7,0.019625000000000004,13.376263555524261,retained_renamed_boiler_heating_energy_output,1,BLOCK BUILDINGBLOCK1 STOREY 0:Zone Mean Air Temperature [C](Daily),382.0,27.839999999999996,253,284,309,326,0,284,81
2100,65,SG_current_Insul_retrofit_2_TR_retrofit_2_BW_retrofit_4,2.9,5.0,6.7,4.7,0.019625000000000004,13.395633425273452,retained_renamed_boiler_heating_energy_output,1,BLOCK BUILDINGBLOCK1 STOREY 0:Zone Mean Air Temperature [C](Daily),404.0,19.18,253,284,309,326,0,284,81
2100,66,SG_current_Insul_retrofit_2_TR_retrofit_3_BW_current,2.9,5.0,0.45,8.5,0.02375,17.0739035238944,retained_renamed_boiler_heating_energy_output,1,BLOCK BUILDINGBLOCK1 STOREY 0:Zone Mean Air Temperature [C](Daily),178.0,24.42,261,292,313,336,0,292,73
2100,68,SG_current_Insul_retrofit_2_TR_retrofit_3_BW_retrofit_2,2.9,5.0,4.4,8.5,0.020250000000000004,13.436916851107663,retained_renamed_boiler_heating_energy_output,1,BLOCK BUILDINGBLOCK1 STOREY 0:Zone Mean Air Temperature [C](Daily),357.0,29.25,256,284,310,327,0,284,81
2100,69,SG_current_Insul_retrofit_2_TR_retrofit_3_BW_retrofit_3,2.9,5.0,6.5,8.5,0.019375000000000003,13.110370807626675,retained_renamed_boiler_heating_energy_output,1,BLOCK BUILDINGBLOCK1 STOREY 0:Zone Mean Air Temperature [C](Daily),378.0,41.58,253,284,309,326,0,284,81
2100,70,SG_current_Insul_retrofit_2_TR_retrofit_3_BW_retrofit_4,2.9,5.0,6.7,8.5,0.019375000000000003,13.20154311255103,retained_renamed_boiler_heating_energy_output,1,BLOCK BUILDINGBLOCK1 STOREY 0:Zone Mean Air Temperature [C](Daily),400.0,32.92,253,283,309,326,0,283,82
2100,71,SG_current_Insul_retrofit_2_TR_retrofit_4_BW_current,2.9,5.0,0.45,8.7,0.02375,17.007411309496877,retained_renamed_boiler_heating_energy_output,1,BLOCK BUILDINGBLOCK1 STOREY 0:Zone Mean Air Temperature [C](Daily),216.0,16.6,261,292,313,336,0,292,73
2100,73,SG_current_Insul_retrofit_2_TR_retrofit_4_BW_retrofit_2,2.9,5.0,4.4,8.7,0.020250000000000004,13.54898537412701,retained_renamed_boiler_heating_energy_output,1,BLOCK BUILDINGBLOCK1 STOREY 0:Zone Mean Air Temperature [C](Daily),395.0,21.43,256,284,310,327,0,284,81
2100,74,SG_current_Insul_retrofit_2_TR_retrofit_4_BW_retrofit_3,2.9,5.0,6.5,8.7,0.019375000000000003,13.123623173567799,retained_renamed_boiler_heating_energy_output,1,BLOCK BUILDINGBLOCK1 STOREY 0:Zone Mean Air Temperature [C](Daily),416.0,33.76,253,284,309,326,0,284,81
2100,75,SG_current_Insul_retrofit_2_TR_retrofit_4_BW_retrofit_4,2.9,5.0,6.7,8.7,0.019375000000000003,13.085661234969212,retained_renamed_boiler_heating_energy_output,1,BLOCK BUILDINGBLOCK1 STOREY 0:Zone Mean Air Temperature [C](Daily),438.0,25.1,253,283,309,326,0,283,82
2100,78,SG_current_Insul_retrofit_3_TR_current_BW_retrofit_2,2.9,5.5,4.4,0.48,0.02075,16.567682211169796,retained_renamed_boiler_heating_energy_output,1,BLOCK BUILDINGBLOCK1 STOREY 0:Zone Mean Air Temperature [C](Daily),266.9,15.83,254,281,307,326,0,281,84
2100,81,SG_current_Insul_retrofit_3_TR_retrofit_1_BW_current,2.9,5.5,0.45,4.5,0.024,17.200313614594613,retained_renamed_boiler_heating_energy_output,1,BLOCK BUILDINGBLOCK1 STOREY 0:Zone Mean Air Temperature [C](Daily),177.4,34.29,261,290,312,334,0,290,75
2100,83,SG_current_Insul_retrofit_3_TR_retrofit_1_BW_retrofit_2,2.9,5.5,4.4,4.5,0.020500000000000004,13.744098731851988,retained_renamed_boiler_heating_energy_output,1,BLOCK BUILDINGBLOCK1 STOREY 0:Zone Mean Air Temperature [C](Daily),356.4,39.12,256,282,310,326,0,282,83
2100,86,SG_current_Insul_retrofit_3_TR_retrofit_2_BW_current,2.9,5.5,0.45,4.7,0.02375,17.118372563366375,retained_renamed_boiler_heating_energy_output,1,BLOCK BUILDINGBLOCK1 STOREY 0:Zone Mean Air Temperature [C](Daily),192.9,15.76,261,290,312,333,0,290,75
2100,88,SG_current_Insul_retrofit_3_TR_retrofit_2_BW_retrofit_2,2.9,5.5,4.4,4.7,0.020250000000000004,13.672655324766616,retained_renamed_boiler_heating_energy_output,1,BLOCK BUILDINGBLOCK1 STOREY 0:Zone Mean Air Temperature [C](Daily),371.9,20.59,255,282,310,326,0,282,83
2100,89,SG_current_Insul_retrofit_3_TR_retrofit_2_BW_retrofit_3,2.9,5.5,6.5,4.7,0.019375000000000003,13.294825301688807,retained_renamed_boiler_heating_energy_output,1,BLOCK BUILDINGBLOCK1 STOREY 0:Zone Mean Air Temperature [C](Daily),392.9,32.92,253,281,308,326,0,281,84
2100,90,SG_current_Insul_retrofit_3_TR_retrofit_2_BW_retrofit_4,2.9,5.5,6.7,4.7,0.019375000000000003,13.216562531476463,retained_renamed_boiler_heating_energy_output,1,BLOCK BUILDINGBLOCK1 STOREY 0:Zone Mean Air Temperature [C](Daily),414.9,24.259999999999998,253,281,308,326,0,281,84
2100,91,SG_current_Insul_retrofit_3_TR_retrofit_3_BW_current,2.9,5.5,0.45,8.5,0.0235,16.889725699826702,retained_renamed_boiler_heating_energy_output,1,BLOCK BUILDINGBLOCK1 STOREY 0:Zone Mean Air Temperature [C](Daily),188.9,29.5,261,290,313,334,0,290,75
2100,93,SG_current_Insul_retrofit_3_TR_retrofit_3_BW_retrofit_2,2.9,5.5,4.4,8.5,0.020000000000000004,13.436476995647999,retained_renamed_boiler_heating_energy_output,1,BLOCK BUILDINGBLOCK1 STOREY 0:Zone Mean Air Temperature [C](Daily),367.9,34.33,255,282,309,327,0,282,83
2100,94,SG_current_Insul_retrofit_3_TR_retrofit_3_BW_retrofit_3,2.9,5.5,6.5,8.5,0.019125000000000003,13.003174851582642,retained_renamed_boiler_heating_energy_output,1,BLOCK BUILDINGBLOCK1 STOREY 0:Zone Mean Air Temperature [C](Daily),388.9,46.66,252,281,308,326,0,281,84
2100,95,SG_current_Insul_retrofit_3_TR_retrofit_3_BW_retrofit_4,2.9,5.5,6.7,8.5,0.019125000000000003,12.964355821661355,retained_renamed_boiler_heating_energy_output,1,BLOCK BUILDINGBLOCK1 STOREY 0:Zone Mean Air Temperature [C](Daily),410.9,38.0,252,281,308,326,0,281,84
2100,96,SG_current_Insul_retrofit_3_TR_retrofit_4_BW_current,2.9,5.5,0.45,8.7,0.0235,16.9500159780393,retained_renamed_boiler_heating_energy_output,1,BLOCK BUILDINGBLOCK1 STOREY 0:Zone Mean Air Temperature [C](Daily),226.9,21.68,261,290,313,334,0,290,75
2100,100,SG_current_Insul_retrofit_3_TR_retrofit_4_BW_retrofit_4,2.9,5.5,6.7,8.7,0.019125000000000003,13.05753035533523,retained_renamed_boiler_heating_energy_output,1,BLOCK BUILDINGBLOCK1 STOREY 0:Zone Mean Air Temperature [C](Daily),448.9,30.18,252,281,308,326,0,281,84
2100,111,SG_current_Insul_retrofit_4_TR_retrofit_2_BW_current,2.9,5.6,0.45,4.7,0.02375,17.09959152706028,retained_renamed_boiler_heating_energy_output,1,BLOCK BUILDINGBLOCK1 STOREY 0:Zone Mean Air Temperature [C](Daily),213.0,11.76,261,290,313,334,0,290,75
2100,113,SG_current_Insul_retrofit_4_TR_retrofit_2_BW_retrofit_2,2.9,5.6,4.4,4.7,0.020250000000000004,13.683937879446171,retained_renamed_boiler_heating_energy_output,1,BLOCK BUILDINGBLOCK1 STOREY 0:Zone Mean Air Temperature [C](Daily),392.0,16.59,255,282,309,326,0,282,83
2100,114,SG_current_Insul_retrofit_4_TR_retrofit_2_BW_retrofit_3,2.9,5.6,6.5,4.7,0.019375000000000003,13.319382136232871,retained_renamed_boiler_heating_energy_output,1,BLOCK BUILDINGBLOCK1 STOREY 0:Zone Mean Air Temperature [C](Daily),413.0,28.92,252,281,307,326,0,281,84
2100,115,SG_current_Insul_retrofit_4_TR_retrofit_2_BW_retrofit_4,2.9,5.6,6.7,4.7,0.019375000000000003,13.294393310680098,retained_renamed_boiler_heating_energy_output,1,BLOCK BUILDINGBLOCK1 STOREY 0:Zone Mean Air Temperature [C](Daily),435.0,20.259999999999998,252,281,307,326,0,281,84
2100,116,SG_current_Insul_retrofit_4_TR_retrofit_3_BW_current,2.9,5.6,0.45,8.5,0.0235,16.909512702867758,retained_renamed_boiler_heating_energy_output,1,BLOCK BUILDINGBLOCK1 STOREY 0:Zone Mean Air Temperature [C](Daily),209.0,25.5,261,290,313,334,0,290,75
2100,119,SG_current_Insul_retrofit_4_TR_retrofit_3_BW_retrofit_3,2.9,5.6,6.5,8.5,0.019125000000000003,13.007414360262072,retained_renamed_boiler_heating_energy_output,1,BLOCK BUILDINGBLOCK1 STOREY 0:Zone Mean Air Temperature [C](Daily),409.0,42.66,252,281,307,326,0,281,84
2100,120,SG_current_Insul_retrofit_4_TR_retrofit_3_BW_retrofit_4,2.9,5.6,6.7,8.5,0.019125000000000003,12.993370037085532,retained_renamed_boiler_heating_energy_output,1,BLOCK BUILDINGBLOCK1 STOREY 0:Zone Mean Air Temperature [C](Daily),431.0,34.0,252,280,307,326,0,280,85
2100,121,SG_current_Insul_retrofit_4_TR_retrofit_4_BW_current,2.9,5.6,0.45,8.7,0.0235,16.964916855077576,retained_renamed_boiler_heating_energy_output,1,BLOCK BUILDINGBLOCK1 STOREY 0:Zone Mean Air Temperature [C](Daily),247.0,17.68,261,290,313,334,0,290,75
2100,123,SG_current_Insul_retrofit_4_TR_retrofit_4_BW_retrofit_2,2.9,5.6,4.4,8.7,0.020000000000000004,13.3739506378538,retained_renamed_boiler_heating_energy_output,1,BLOCK BUILDINGBLOCK1 STOREY 0:Zone Mean Air Temperature [C](Daily),426.0,22.509999999999998,255,282,309,326,0,282,83
2100,124,SG_current_Insul_retrofit_4_TR_retrofit_4_BW_retrofit_3,2.9,5.6,6.5,8.7,0.019125000000000003,12.980864676214786,retained_renamed_boiler_heating_energy_output,1,BLOCK BUILDINGBLOCK1 STOREY 0:Zone Mean Air Temperature [C](Daily),447.0,34.84,252,281,307,326,0,281,84
2100,125,SG_current_Insul_retrofit_4_TR_retrofit_4_BW_retrofit_4,2.9,5.6,6.7,8.7,0.019125000000000003,12.995744348481853,retained_renamed_boiler_heating_energy_output,1,BLOCK BUILDINGBLOCK1 STOREY 0:Zone Mean Air Temperature [C](Daily),469.0,26.18,252,280,307,326,0,280,85
2100,133,SG_retrofit_1_Insul_current_TR_retrofit_1_BW_retrofit_2,1.2,0.41,4.4,4.5,0.019000000000000003,13.614213949267034,retained_renamed_boiler_heating_energy_output,1,BLOCK BUILDINGBLOCK1 STOREY 0:Zone Mean Air Temperature [C](Daily),452.5,98.12,300,326,347,359,0,326,39
2100,134,SG_retrofit_1_Insul_current_TR_retrofit_1_BW_retrofit_3,1.2,0.41,6.5,4.5,0.018125000000000002,13.249527107377663,retained_renamed_boiler_heating_energy_output,1,BLOCK BUILDINGBLOCK1 STOREY 0:Zone Mean Air Temperature [C](Daily),473.5,110.44999999999999,300,327,348,359,0,327,38
2100,138,SG_retrofit_1_Insul_current_TR_retrofit_2_BW_retrofit_2,1.2,0.41,4.4,4.7,0.018750000000000003,13.570933554384423,retained_renamed_boiler_heating_energy_output,1,BLOCK BUILDINGBLOCK1 STOREY 0:Zone Mean Air Temperature [C](Daily),468.0,79.59,300,326,347,359,0,326,39
2100,139,SG_retrofit_1_Insul_current_TR_retrofit_2_BW_retrofit_3,1.2,0.41,6.5,4.7,0.017875000000000002,13.177124886759007,retained_renamed_boiler_heating_energy_output,1,BLOCK BUILDINGBLOCK1 STOREY 0:Zone Mean Air Temperature [C](Daily),489.0,91.92,300,327,349,359,0,327,38
2100,140,SG_retrofit_1_Insul_current_TR_retrofit_2_BW_retrofit_4,1.2,0.41,6.7,4.7,0.017875000000000002,13.10878173177397,retained_renamed_boiler_heating_energy_output,1,BLOCK BUILDINGBLOCK1 STOREY 0:Zone Mean Air Temperature [C](Daily),511.0,83.26,300,326,349,359,0,326,39
2100,143,SG_retrofit_1_Insul_current_TR_retrofit_3_BW_retrofit_2,1.2,0.41,4.4,8.5,0.0185,13.20292208944845,retained_renamed_boiler_heating_energy_output,1,BLOCK BUILDINGBLOCK1 STOREY 0:Zone Mean Air Temperature [C](Daily),464.0,93.33,300,326,347,359,0,326,39
2100,144,SG_retrofit_1_Insul_current_TR_retrofit_3_BW_retrofit_3,1.2,0.41,6.5,8.5,0.017625000000000002,12.934877848972194,retained_renamed_boiler_heating_energy_output,1,BLOCK BUILDINGBLOCK1 STOREY 0:Zone Mean Air Temperature [C](Daily),485.0,105.66,300,327,349,359,0,327,38
2100,145,SG_retrofit_1_Insul_current_TR_retrofit_3_BW_retrofit_4,1.2,0.41,6.7,8.5,0.017625000000000002,12.795772841767022,retained_renamed_boiler_heating_energy_output,1,BLOCK BUILDINGBLOCK1 STOREY 0:Zone Mean Air Temperature [C](Daily),507.0,97.0,301,327,349,359,0,327,38
2100,148,SG_retrofit_1_Insul_current_TR_retrofit_4_BW_retrofit_2,1.2,0.41,4.4,8.7,0.0185,13.26814892791817,retained_renamed_boiler_heating_energy_output,1,BLOCK BUILDINGBLOCK1 STOREY 0:Zone Mean Air Temperature [C](Daily),502.0,85.50999999999999,300,326,347,359,0,326,39
2100,150,SG_retrofit_1_Insul_current_TR_retrofit_4_BW_retrofit_4,1.2,0.41,6.7,8.7,0.017625000000000002,12.8751932216312,retained_renamed_boiler_heating_energy_output,1,BLOCK BUILDINGBLOCK1 STOREY 0:Zone Mean Air Temperature [C](Daily),545.0,89.18,301,327,349,359,0,327,38
2100,158,SG_retrofit_1_Insul_retrofit_1_TR_retrofit_1_BW_retrofit_2,1.2,4.8,4.4,4.5,0.018750000000000003,11.541781897796904,retained_renamed_boiler_heating_energy_output,1,BLOCK BUILDINGBLOCK1 STOREY 0:Zone Mean Air Temperature [C](Daily),512.2,108.12,248,279,306,324,0,279,86
2100,159,SG_retrofit_1_Insul_retrofit_1_TR_retrofit_1_BW_retrofit_3,1.2,4.8,6.5,4.5,0.017875000000000002,11.139336791057675,retained_renamed_boiler_heating_energy_output,1,BLOCK BUILDINGBLOCK1 STOREY 0:Zone Mean Air Temperature [C](Daily),533.2,120.44999999999999,248,277,305,324,0,277,88
2100,163,SG_retrofit_1_Insul_retrofit_1_TR_retrofit_2_BW_retrofit_2,1.2,4.8,4.4,4.7,0.018500000000000003,11.530875835971923,retained_renamed_boiler_heating_energy_output,1,BLOCK BUILDINGBLOCK1 STOREY 0:Zone Mean Air Temperature [C](Daily),527.7,89.59,248,279,306,324,0,279,86
2100,164,SG_retrofit_1_Insul_retrofit_1_TR_retrofit_2_BW_retrofit_3,1.2,4.8,6.5,4.7,0.017625000000000002,11.166233505846838,retained_renamed_boiler_heating_energy_output,1,BLOCK BUILDINGBLOCK1 STOREY 0:Zone Mean Air Temperature [C](Daily),548.7,101.92,248,277,305,324,0,277,88
2100,165,SG_retrofit_1_Insul_retrofit_1_TR_retrofit_2_BW_retrofit_4,1.2,4.8,6.7,4.7,0.017625000000000002,11.059569496869488,retained_renamed_boiler_heating_energy_output,1,BLOCK BUILDINGBLOCK1 STOREY 0:Zone Mean Air Temperature [C](Daily),570.7,93.26,248,276,305,324,0,276,89
2100,168,SG_retrofit_1_Insul_retrofit_1_TR_retrofit_3_BW_retrofit_2,1.2,4.8,4.4,8.5,0.01825,11.224194901011437,retained_renamed_boiler_heating_energy_output,1,BLOCK BUILDINGBLOCK1 STOREY 0:Zone Mean Air Temperature [C](Daily),523.7,103.33,248,279,306,324,0,279,86
2100,169,SG_retrofit_1_Insul_retrofit_1_TR_retrofit_3_BW_retrofit_3,1.2,4.8,6.5,8.5,0.017375,10.84443345336606,retained_renamed_boiler_heating_energy_output,1,BLOCK BUILDINGBLOCK1 STOREY 0:Zone Mean Air Temperature [C](Daily),544.7,115.66,248,277,305,324,0,277,88
2100,170,SG_retrofit_1_Insul_retrofit_1_TR_retrofit_3_BW_retrofit_4,1.2,4.8,6.7,8.5,0.017375,10.786817646523943,retained_renamed_boiler_heating_energy_output,1,BLOCK BUILDINGBLOCK1 STOREY 0:Zone Mean Air Temperature [C](Daily),566.7,107.0,248,276,305,324,0,276,89
2100,173,SG_retrofit_1_Insul_retrofit_1_TR_retrofit_4_BW_retrofit_2,1.2,4.8,4.4,8.7,0.01825,11.120818662332022,retained_renamed_boiler_heating_energy_output,1,BLOCK BUILDINGBLOCK1 STOREY 0:Zone Mean Air Temperature [C](Daily),561.7,95.50999999999999,248,279,306,324,0,279,86
2100,174,SG_retrofit_1_Insul_retrofit_1_TR_retrofit_4_BW_retrofit_3,1.2,4.8,6.5,8.7,0.017375,10.796971758491754,retained_renamed_boiler_heating_energy_output,1,BLOCK BUILDINGBLOCK1 STOREY 0:Zone Mean Air Temperature [C](Daily),582.7,107.84,248,277,305,324,0,277,88
2100,175,SG_retrofit_1_Insul_retrofit_1_TR_retrofit_4_BW_retrofit_4,1.2,4.8,6.7,8.7,0.017375,10.755314682501288,retained_renamed_boiler_heating_energy_output,1,BLOCK BUILDINGBLOCK1 STOREY 0:Zone Mean Air Temperature [C](Daily),604.7,99.18,248,276,305,324,0,276,89
2100,188,SG_retrofit_1_Insul_retrofit_2_TR_retrofit_2_BW_retrofit_2,1.2,5.0,4.4,4.7,0.018250000000000002,11.29667191489644,retained_renamed_boiler_heating_energy_output,1,BLOCK BUILDINGBLOCK1 STOREY 0:Zone Mean Air Temperature [C](Daily),545.0,85.51,247,276,301,322,0,276,89
2100,189,SG_retrofit_1_Insul_retrofit_2_TR_retrofit_2_BW_retrofit_3,1.2,5.0,6.5,4.7,0.017375,10.947627391932766,retained_renamed_boiler_heating_energy_output,1,BLOCK BUILDINGBLOCK1 STOREY 0:Zone Mean Air Temperature [C](Daily),566.0,97.84,247,274,301,322,0,274,91
2100,190,SG_retrofit_1_Insul_retrofit_2_TR_retrofit_2_BW_retrofit_4,1.2,5.0,6.7,4.7,0.017375,10.948443973977337,retained_renamed_boiler_heating_energy_output,1,BLOCK BUILDINGBLOCK1 STOREY 0:Zone Mean Air Temperature [C](Daily),588.0,89.18,247,274,301,321,0,274,91
2100,193,SG_retrofit_1_Insul_retrofit_2_TR_retrofit_3_BW_retrofit_2,1.2,5.0,4.4,8.5,0.018000000000000002,11.032876883880613,retained_renamed_boiler_heating_energy_output,1,BLOCK BUILDINGBLOCK1 STOREY 0:Zone Mean Air Temperature [C](Daily),541.0,99.25,247,276,303,322,0,276,89
2100,194,SG_retrofit_1_Insul_retrofit_2_TR_retrofit_3_BW_retrofit_3,1.2,5.0,6.5,8.5,0.017125,10.74359506224512,retained_renamed_boiler_heating_energy_output,1,BLOCK BUILDINGBLOCK1 STOREY 0:Zone Mean Air Temperature [C](Daily),562.0,111.58,247,275,301,322,0,275,90
2100,195,SG_retrofit_1_Insul_retrofit_2_TR_retrofit_3_BW_retrofit_4,1.2,5.0,6.7,8.5,0.017125,10.725879032040714,retained_renamed_boiler_heating_energy_output,1,BLOCK BUILDINGBLOCK1 STOREY 0:Zone Mean Air Temperature [C](Daily),584.0,102.92,247,275,301,321,0,275,90
2100,198,SG_retrofit_1_Insul_retrofit_2_TR_retrofit_4_BW_retrofit_2,1.2,5.0,4.4,8.7,0.018000000000000002,11.066676582569153,retained_renamed_boiler_heating_energy_output,1,BLOCK BUILDINGBLOCK1 STOREY 0:Zone Mean Air Temperature [C](Daily),579.0,91.43,247,276,303,322,0,276,89
2100,199,SG_retrofit_1_Insul_retrofit_2_TR_retrofit_4_BW_retrofit_3,1.2,5.0,6.5,8.7,0.017125,10.666439061848578,retained_renamed_boiler_heating_energy_output,1,BLOCK BUILDINGBLOCK1 STOREY 0:Zone Mean Air Temperature [C](Daily),600.0,103.75999999999999,247,275,301,322,0,275,90
2100,200,SG_retrofit_1_Insul_retrofit_2_TR_retrofit_4_BW_retrofit_4,1.2,5.0,6.7,8.7,0.017125,10.675658016048363,retained_renamed_boiler_heating_energy_output,1,BLOCK BUILDINGBLOCK1 STOREY 0:Zone Mean Air Temperature [C](Daily),622.0,95.1,247,275,301,321,0,275,90
2100,213,SG_retrofit_1_Insul_retrofit_3_TR_retrofit_2_BW_retrofit_2,1.2,5.5,4.4,4.7,0.018000000000000002,11.28926909143084,retained_renamed_boiler_heating_energy_output,1,BLOCK BUILDINGBLOCK1 STOREY 0:Zone Mean Air Temperature [C](Daily),555.9,90.59,247,273,301,322,0,273,92
2100,214,SG_retrofit_1_Insul_retrofit_3_TR_retrofit_2_BW_retrofit_3,1.2,5.5,6.5,4.7,0.017125,10.829859050507128,retained_renamed_boiler_heating_energy_output,1,BLOCK BUILDINGBLOCK1 STOREY 0:Zone Mean Air Temperature [C](Daily),576.9,102.92,246,273,300,321,0,273,92
2100,215,SG_retrofit_1_Insul_retrofit_3_TR_retrofit_2_BW_retrofit_4,1.2,5.5,6.7,4.7,0.017125,10.857604571043963,retained_renamed_boiler_heating_energy_output,1,BLOCK BUILDINGBLOCK1 STOREY 0:Zone Mean Air Temperature [C](Daily),598.9,94.26,246,273,300,321,0,273,92
2100,218,SG_retrofit_1_Insul_retrofit_3_TR_retrofit_3_BW_retrofit_2,1.2,5.5,4.4,8.5,0.01775,10.9174355501637,retained_renamed_boiler_heating_energy_output,1,BLOCK BUILDINGBLOCK1 STOREY 0:Zone Mean Air Temperature [C](Daily),551.9,104.33,247,274,301,322,0,274,91
2100,219,SG_retrofit_1_Insul_retrofit_3_TR_retrofit_3_BW_retrofit_3,1.2,5.5,6.5,8.5,0.016875,10.57315245294997,retained_renamed_boiler_heating_energy_output,1,BLOCK BUILDINGBLOCK1 STOREY 0:Zone Mean Air Temperature [C](Daily),572.9,116.66,246,273,300,321,0,273,92
2100,220,SG_retrofit_1_Insul_retrofit_3_TR_retrofit_3_BW_retrofit_4,1.2,5.5,6.7,8.5,0.016875,10.55511585122163,retained_renamed_boiler_heating_energy_output,1,BLOCK BUILDINGBLOCK1 STOREY 0:Zone Mean Air Temperature [C](Daily),594.9,108.0,246,273,300,321,0,273,92
2100,224,SG_retrofit_1_Insul_retrofit_3_TR_retrofit_4_BW_retrofit_3,1.2,5.5,6.5,8.7,0.016875,10.520299507419574,retained_renamed_boiler_heating_energy_output,1,BLOCK BUILDINGBLOCK1 STOREY 0:Zone Mean Air Temperature [C](Daily),610.9,108.84,246,273,300,321,0,273,92
2100,225,SG_retrofit_1_Insul_retrofit_3_TR_retrofit_4_BW_retrofit_4,1.2,5.5,6.7,8.7,0.016875,10.526321951614884,retained_renamed_boiler_heating_energy_output,1,BLOCK BUILDINGBLOCK1 STOREY 0:Zone Mean Air Temperature [C](Daily),632.9,100.18,246,273,300,321,0,273,92
2100,238,SG_retrofit_1_Insul_retrofit_4_TR_retrofit_2_BW_retrofit_2,1.2,5.6,4.4,4.7,0.018000000000000002,11.17848573496886,retained_renamed_boiler_heating_energy_output,1,BLOCK BUILDINGBLOCK1 STOREY 0:Zone Mean Air Temperature [C](Daily),576.0,86.59,247,274,300,322,0,274,91
2100,239,SG_retrofit_1_Insul_retrofit_4_TR_retrofit_2_BW_retrofit_3,1.2,5.6,6.5,4.7,0.017125,10.77140162031618,retained_renamed_boiler_heating_energy_output,1,BLOCK BUILDINGBLOCK1 STOREY 0:Zone Mean Air Temperature [C](Daily),597.0,98.92,246,274,300,321,0,274,91
2100,240,SG_retrofit_1_Insul_retrofit_4_TR_retrofit_2_BW_retrofit_4,1.2,5.6,6.7,4.7,0.017125,10.852003687301917,retained_renamed_boiler_heating_energy_output,1,BLOCK BUILDINGBLOCK1 STOREY 0:Zone Mean Air Temperature [C](Daily),619.0,90.26,246,273,300,321,0,273,92
2100,244,SG_retrofit_1_Insul_retrofit_4_TR_retrofit_3_BW_retrofit_3,1.2,5.6,6.5,8.5,0.016875,10.601286453792143,retained_renamed_boiler_heating_energy_output,1,BLOCK BUILDINGBLOCK1 STOREY 0:Zone Mean Air Temperature [C](Daily),593.0,112.66,246,273,300,321,0,273,92
2100,245,SG_retrofit_1_Insul_retrofit_4_TR_retrofit_3_BW_retrofit_4,1.2,5.6,6.7,8.5,0.016875,10.624865157443754,retained_renamed_boiler_heating_energy_output,1,BLOCK BUILDINGBLOCK1 STOREY 0:Zone Mean Air Temperature [C](Daily),615.0,104.0,246,273,300,321,0,273,92
2100,249,SG_retrofit_1_Insul_retrofit_4_TR_retrofit_4_BW_retrofit_3,1.2,5.6,6.5,8.7,0.016875,10.592121702017167,retained_renamed_boiler_heating_energy_output,1,BLOCK BUILDINGBLOCK1 STOREY 0:Zone Mean Air Temperature [C](Daily),631.0,104.84,246,273,300,321,0,273,92
2100,250,SG_retrofit_1_Insul_retrofit_4_TR_retrofit_4_BW_retrofit_4,1.2,5.6,6.7,8.7,0.016875,10.520387907427587,retained_renamed_boiler_heating_energy_output,1,BLOCK BUILDINGBLOCK1 STOREY 0:Zone Mean Air Temperature [C](Daily),653.0,96.18,246,273,300,321,0,273,92
2100,258,SG_retrofit_2_Insul_current_TR_retrofit_1_BW_retrofit_2,1.21,0.41,4.4,4.5,0.017875,13.312248356248524,retained_renamed_boiler_heating_energy_output,1,BLOCK BUILDINGBLOCK1 STOREY 0:Zone Mean Air Temperature [C](Daily),753.5,78.12,300,326,347,359,0,326,39
2100,263,SG_retrofit_2_Insul_current_TR_retrofit_2_BW_retrofit_2,1.21,0.41,4.4,4.7,0.017625000000000002,13.222058614528493,retained_renamed_boiler_heating_energy_output,1,BLOCK BUILDINGBLOCK1 STOREY 0:Zone Mean Air Temperature [C](Daily),769.0,59.589999999999996,300,327,347,359,0,327,38
2100,264,SG_retrofit_2_Insul_current_TR_retrofit_2_BW_retrofit_3,1.21,0.41,6.5,4.7,0.01675,12.789572005045395,retained_renamed_boiler_heating_energy_output,1,BLOCK BUILDINGBLOCK1 STOREY 0:Zone Mean Air Temperature [C](Daily),790.0,71.92,301,326,349,359,0,326,39
2100,265,SG_retrofit_2_Insul_current_TR_retrofit_2_BW_retrofit_4,1.21,0.41,6.7,4.7,0.01675,12.787626455536936,retained_renamed_boiler_heating_energy_output,1,BLOCK BUILDINGBLOCK1 STOREY 0:Zone Mean Air Temperature [C](Daily),812.0,63.26,300,327,349,359,0,327,38
2100,268,SG_retrofit_2_Insul_current_TR_retrofit_3_BW_retrofit_2,1.21,0.41,4.4,8.5,0.017374999999999998,12.858581418352768,retained_renamed_boiler_heating_energy_output,1,BLOCK BUILDINGBLOCK1 STOREY 0:Zone Mean Air Temperature [C](Daily),765.0,73.33,301,327,348,359,0,327,38
2100,269,SG_retrofit_2_Insul_current_TR_retrofit_3_BW_retrofit_3,1.21,0.41,6.5,8.5,0.0165,12.566684708297089,retained_renamed_boiler_heating_energy_output,1,BLOCK BUILDINGBLOCK1 STOREY 0:Zone Mean Air Temperature [C](Daily),786.0,85.66,301,329,349,359,0,329,36
2100,270,SG_retrofit_2_Insul_current_TR_retrofit_3_BW_retrofit_4,1.21,0.41,6.7,8.5,0.0165,12.446824816627991,retained_renamed_boiler_heating_energy_output,1,BLOCK BUILDINGBLOCK1 STOREY 0:Zone Mean Air Temperature [C](Daily),808.0,77.0,301,328,349,359,0,328,37
2100,273,SG_retrofit_2_Insul_current_TR_retrofit_4_BW_retrofit_2,1.21,0.41,4.4,8.7,0.017374999999999998,12.835188152387852,retained_renamed_boiler_heating_energy_output,1,BLOCK BUILDINGBLOCK1 STOREY 0:Zone Mean Air Temperature [C](Daily),803.0,65.50999999999999,301,327,348,359,0,327,38
2100,274,SG_retrofit_2_Insul_current_TR_retrofit_4_BW_retrofit_3,1.21,0.41,6.5,8.7,0.0165,12.56408930504091,retained_renamed_boiler_heating_energy_output,1,BLOCK BUILDINGBLOCK1 STOREY 0:Zone Mean Air Temperature [C](Daily),824.0,77.84,301,329,349,359,0,329,36
2100,275,SG_retrofit_2_Insul_current_TR_retrofit_4_BW_retrofit_4,1.21,0.41,6.7,8.7,0.0165,12.596005324944523,retained_renamed_boiler_heating_energy_output,1,BLOCK BUILDINGBLOCK1 STOREY 0:Zone Mean Air Temperature [C](Daily),846.0,69.18,301,327,349,359,0,327,38
2100,283,SG_retrofit_2_Insul_retrofit_1_TR_retrofit_1_BW_retrofit_2,1.21,4.8,4.4,4.5,0.017625000000000002,11.259759368437166,retained_renamed_boiler_heating_energy_output,1,BLOCK BUILDINGBLOCK1 STOREY 0:Zone Mean Air Temperature [C](Daily),813.2,88.12,248,278,306,323,0,278,87
2100,287,SG_retrofit_2_Insul_retrofit_1_TR_retrofit_2_BW_retrofit_1,1.21,4.8,4.2,4.7,0.019125000000000003,11.601105068267742,retained_renamed_boiler_heating_energy_output,1,BLOCK BUILDINGBLOCK1 STOREY 0:Zone Mean Air Temperature [C](Daily),831.7,74.12,250,279,306,324,0,279,86
2100,288,SG_retrofit_2_Insul_retrofit_1_TR_retrofit_2_BW_retrofit_2,1.21,4.8,4.4,4.7,0.017375,11.129230180277133,retained_renamed_boiler_heating_energy_output,1,BLOCK BUILDINGBLOCK1 STOREY 0:Zone Mean Air Temperature [C](Daily),828.7,69.59,248,278,306,323,0,278,87
2100,289,SG_retrofit_2_Insul_retrofit_1_TR_retrofit_2_BW_retrofit_3,1.21,4.8,6.5,4.7,0.0165,10.722373536991409,retained_renamed_boiler_heating_energy_output,1,BLOCK BUILDINGBLOCK1 STOREY 0:Zone Mean Air Temperature [C](Daily),849.7,81.92,248,276,304,323,0,276,89
2100,290,SG_retrofit_2_Insul_retrofit_1_TR_retrofit_2_BW_retrofit_4,1.21,4.8,6.7,4.7,0.0165,10.757969157139172,retained_renamed_boiler_heating_energy_output,1,BLOCK BUILDINGBLOCK1 STOREY 0:Zone Mean Air Temperature [C](Daily),871.7,73.26,248,276,304,323,0,276,89
2100,292,SG_retrofit_2_Insul_retrofit_1_TR_retrofit_3_BW_retrofit_1,1.21,4.8,4.2,8.5,0.018875000000000003,11.460531668820924,retained_renamed_boiler_heating_energy_output,1,BLOCK BUILDINGBLOCK1 STOREY 0:Zone Mean Air Temperature [C](Daily),827.7,87.86,250,279,306,324,0,279,86
2100,293,SG_retrofit_2_Insul_retrofit_1_TR_retrofit_3_BW_retrofit_2,1.21,4.8,4.4,8.5,0.017125,10.82431578777354,retained_renamed_boiler_heating_energy_output,1,BLOCK BUILDINGBLOCK1 STOREY 0:Zone Mean Air Temperature [C](Daily),824.7,83.33,248,278,306,323,0,278,87
2100,294,SG_retrofit_2_Insul_retrofit_1_TR_retrofit_3_BW_retrofit_3,1.21,4.8,6.5,8.5,0.01625,10.504021316382582,retained_renamed_boiler_heating_energy_output,1,BLOCK BUILDINGBLOCK1 STOREY 0:Zone Mean Air Temperature [C](Daily),845.7,95.66,248,276,305,323,0,276,89
2100,295,SG_retrofit_2_Insul_retrofit_1_TR_retrofit_3_BW_retrofit_4,1.21,4.8,6.7,8.5,0.01625,10.50690895048389,retained_renamed_boiler_heating_energy_output,1,BLOCK BUILDINGBLOCK1 STOREY 0:Zone Mean Air Temperature [C](Daily),867.7,87.0,248,276,304,323,0,276,89
2100,297,SG_retrofit_2_Insul_retrofit_1_TR_retrofit_4_BW_retrofit_1,1.21,4.8,4.2,8.7,0.018875000000000003,11.51513010599927,retained_renamed_boiler_heating_energy_output,1,BLOCK BUILDINGBLOCK1 STOREY 0:Zone Mean Air Temperature [C](Daily),865.7,80.03999999999999,250,279,306,324,0,279,86
2100,298,SG_retrofit_2_Insul_retrofit_1_TR_retrofit_4_BW_retrofit_2,1.21,4.8,4.4,8.7,0.017125,10.818049001641842,retained_renamed_boiler_heating_energy_output,1,BLOCK BUILDINGBLOCK1 STOREY 0:Zone Mean Air Temperature [C](Daily),862.7,75.50999999999999,248,278,306,323,0,278,87
2100,300,SG_retrofit_2_Insul_retrofit_1_TR_retrofit_4_BW_retrofit_4,1.21,4.8,6.7,8.7,0.01625,10.4799490701896,retained_renamed_boiler_heating_energy_output,1,BLOCK BUILDINGBLOCK1 STOREY 0:Zone Mean Air Temperature [C](Daily),905.7,79.18,248,276,304,323,0,276,89
2100,313,SG_retrofit_2_Insul_retrofit_2_TR_retrofit_2_BW_retrofit_2,1.21,5.0,4.4,4.7,0.017125,11.014482001796017,retained_renamed_boiler_heating_energy_output,1,BLOCK BUILDINGBLOCK1 STOREY 0:Zone Mean Air Temperature [C](Daily),846.0,65.51,247,274,301,322,0,274,91
2100,314,SG_retrofit_2_Insul_retrofit_2_TR_retrofit_2_BW_retrofit_3,1.21,5.0,6.5,4.7,0.01625,10.617667588364954,retained_renamed_boiler_heating_energy_output,1,BLOCK BUILDINGBLOCK1 STOREY 0:Zone Mean Air Temperature [C](Daily),867.0,77.84,246,273,300,322,0,273,92
2100,315,SG_retrofit_2_Insul_retrofit_2_TR_retrofit_2_BW_retrofit_4,1.21,5.0,6.7,4.7,0.01625,10.578269950102268,retained_renamed_boiler_heating_energy_output,1,BLOCK BUILDINGBLOCK1 STOREY 0:Zone Mean Air Temperature [C](Daily),889.0,69.18,246,273,300,322,0,273,92
2100,318,SG_retrofit_2_Insul_retrofit_2_TR_retrofit_3_BW_retrofit_2,1.21,5.0,4.4,8.5,0.016875,10.723780555812791,retained_renamed_boiler_heating_energy_output,1,BLOCK BUILDINGBLOCK1 STOREY 0:Zone Mean Air Temperature [C](Daily),842.0,79.25,247,275,300,322,0,275,90
2100,319,SG_retrofit_2_Insul_retrofit_2_TR_retrofit_3_BW_retrofit_3,1.21,5.0,6.5,8.5,0.016,10.382133482553364,retained_renamed_boiler_heating_energy_output,1,BLOCK BUILDINGBLOCK1 STOREY 0:Zone Mean Air Temperature [C](Daily),863.0,91.58,246,274,300,322,0,274,91
2100,320,SG_retrofit_2_Insul_retrofit_2_TR_retrofit_3_BW_retrofit_4,1.21,5.0,6.7,8.5,0.016,10.267798646363854,retained_renamed_boiler_heating_energy_output,1,BLOCK BUILDINGBLOCK1 STOREY 0:Zone Mean Air Temperature [C](Daily),885.0,82.92,246,273,300,322,0,273,92
2100,323,SG_retrofit_2_Insul_retrofit_2_TR_retrofit_4_BW_retrofit_2,1.21,5.0,4.4,8.7,0.016875,10.76902649557623,retained_renamed_boiler_heating_energy_output,1,BLOCK BUILDINGBLOCK1 STOREY 0:Zone Mean Air Temperature [C](Daily),880.0,71.43,247,274,300,322,0,274,91
2100,324,SG_retrofit_2_Insul_retrofit_2_TR_retrofit_4_BW_retrofit_3,1.21,5.0,6.5,8.7,0.016,10.437239963841417,retained_renamed_boiler_heating_energy_output,1,BLOCK BUILDINGBLOCK1 STOREY 0:Zone Mean Air Temperature [C](Daily),901.0,83.75999999999999,246,274,300,322,0,274,91
2100,325,SG_retrofit_2_Insul_retrofit_2_TR_retrofit_4_BW_retrofit_4,1.21,5.0,6.7,8.7,0.016,10.369278758146574,retained_renamed_boiler_heating_energy_output,1,BLOCK BUILDINGBLOCK1 STOREY 0:Zone Mean Air Temperature [C](Daily),923.0,75.1,246,274,300,322,0,274,91
2100,338,SG_retrofit_2_Insul_retrofit_3_TR_retrofit_2_BW_retrofit_2,1.21,5.5,4.4,4.7,0.016875,10.915489317120306,retained_renamed_boiler_heating_energy_output,1,BLOCK BUILDINGBLOCK1 STOREY 0:Zone Mean Air Temperature [C](Daily),856.9,70.59,247,273,300,322,0,273,92
2100,339,SG_retrofit_2_Insul_retrofit_3_TR_retrofit_2_BW_retrofit_3,1.21,5.5,6.5,4.7,0.016,10.53467978175068,retained_renamed_boiler_heating_energy_output,1,BLOCK BUILDINGBLOCK1 STOREY 0:Zone Mean Air Temperature [C](Daily),877.9,82.92,246,271,300,322,0,271,94
2100,340,SG_retrofit_2_Insul_retrofit_3_TR_retrofit_2_BW_retrofit_4,1.21,5.5,6.7,4.7,0.016,10.527230340470066,retained_renamed_boiler_heating_energy_output,1,BLOCK BUILDINGBLOCK1 STOREY 0:Zone Mean Air Temperature [C](Daily),899.9,74.26,246,270,300,321,0,270,95
2100,343,SG_retrofit_2_Insul_retrofit_3_TR_retrofit_3_BW_retrofit_2,1.21,5.5,4.4,8.5,0.016625,10.652538832953867,retained_renamed_boiler_heating_energy_output,1,BLOCK BUILDINGBLOCK1 STOREY 0:Zone Mean Air Temperature [C](Daily),852.9,84.33,247,273,300,322,0,273,92
2100,344,SG_retrofit_2_Insul_retrofit_3_TR_retrofit_3_BW_retrofit_3,1.21,5.5,6.5,8.5,0.01575,10.261545995698478,retained_renamed_boiler_heating_energy_output,1,BLOCK BUILDINGBLOCK1 STOREY 0:Zone Mean Air Temperature [C](Daily),873.9,96.66,246,271,300,322,0,271,94
2100,349,SG_retrofit_2_Insul_retrofit_3_TR_retrofit_4_BW_retrofit_3,1.21,5.5,6.5,8.7,0.01575,10.232054276396886,retained_renamed_boiler_heating_energy_output,1,BLOCK BUILDINGBLOCK1 STOREY 0:Zone Mean Air Temperature [C](Daily),911.9,88.84,246,271,300,322,0,271,94
2100,350,SG_retrofit_2_Insul_retrofit_3_TR_retrofit_4_BW_retrofit_4,1.21,5.5,6.7,8.7,0.01575,10.23348925152638,retained_renamed_boiler_heating_energy_output,1,BLOCK BUILDINGBLOCK1 STOREY 0:Zone Mean Air Temperature [C](Daily),933.9,80.18,246,270,300,321,0,270,95
2100,363,SG_retrofit_2_Insul_retrofit_4_TR_retrofit_2_BW_retrofit_2,1.21,5.6,4.4,4.7,0.016875,10.853742067520821,retained_renamed_boiler_heating_energy_output,1,BLOCK BUILDINGBLOCK1 STOREY 0:Zone Mean Air Temperature [C](Daily),877.0,66.59,247,273,300,322,0,273,92
2100,364,SG_retrofit_2_Insul_retrofit_4_TR_retrofit_2_BW_retrofit_3,1.21,5.6,6.5,4.7,0.016,10.494853225908473,retained_renamed_boiler_heating_energy_output,1,BLOCK BUILDINGBLOCK1 STOREY 0:Zone Mean Air Temperature [C](Daily),898.0,78.92,246,270,300,321,0,270,95
2100,365,SG_retrofit_2_Insul_retrofit_4_TR_retrofit_2_BW_retrofit_4,1.21,5.6,6.7,4.7,0.016,10.40066057053036,retained_renamed_boiler_heating_energy_output,1,BLOCK BUILDINGBLOCK1 STOREY 0:Zone Mean Air Temperature [C](Daily),920.0,70.26,246,269,300,321,0,269,96
2100,368,SG_retrofit_2_Insul_retrofit_4_TR_retrofit_3_BW_retrofit_2,1.21,5.6,4.4,8.5,0.016625,10.640988272413754,retained_renamed_boiler_heating_energy_output,1,BLOCK BUILDINGBLOCK1 STOREY 0:Zone Mean Air Temperature [C](Daily),873.0,80.33,247,274,300,322,0,274,91
2100,369,SG_retrofit_2_Insul_retrofit_4_TR_retrofit_3_BW_retrofit_3,1.21,5.6,6.5,8.5,0.01575,10.196329706358318,retained_renamed_boiler_heating_energy_output,1,BLOCK BUILDINGBLOCK1 STOREY 0:Zone Mean Air Temperature [C](Daily),894.0,92.66,246,270,300,321,0,270,95
2100,373,SG_retrofit_2_Insul_retrofit_4_TR_retrofit_4_BW_retrofit_2,1.21,5.6,4.4,8.7,0.016625,10.647471586790425,retained_renamed_boiler_heating_energy_output,1,BLOCK BUILDINGBLOCK1 STOREY 0:Zone Mean Air Temperature [C](Daily),911.0,72.50999999999999,247,274,300,322,0,274,91
2100,374,SG_retrofit_2_Insul_retrofit_4_TR_retrofit_4_BW_retrofit_3,1.21,5.6,6.5,8.7,0.01575,10.256948164188975,retained_renamed_boiler_heating_energy_output,1,BLOCK BUILDINGBLOCK1 STOREY 0:Zone Mean Air Temperature [C](Daily),932.0,84.84,246,270,300,321,0,270,95
2100,375,SG_retrofit_2_Insul_retrofit_4_TR_retrofit_4_BW_retrofit_4,1.21,5.6,6.7,8.7,0.01575,10.211761211202473,retained_renamed_boiler_heating_energy_output,1,BLOCK BUILDINGBLOCK1 STOREY 0:Zone Mean Air Temperature [C](Daily),954.0,76.18,246,269,300,321,0,269,96
2100,383,SG_retrofit_3_Insul_current_TR_retrofit_1_BW_retrofit_2,0.8,0.41,4.4,4.5,0.01675,12.521253197037709,retained_renamed_boiler_heating_energy_output,1,BLOCK BUILDINGBLOCK1 STOREY 0:Zone Mean Air Temperature [C](Daily),563.5,178.12,300,326,348,359,0,326,39
2100,384,SG_retrofit_3_Insul_current_TR_retrofit_1_BW_retrofit_3,0.8,0.41,6.5,4.5,0.015875,12.140686572084658,retained_renamed_boiler_heating_energy_output,1,BLOCK BUILDINGBLOCK1 STOREY 0:Zone Mean Air Temperature [C](Daily),584.5,190.45,300,327,349,359,0,327,38
2100,388,SG_retrofit_3_Insul_current_TR_retrofit_2_BW_retrofit_2,0.8,0.41,4.4,4.7,0.0165,12.414572168171967,retained_renamed_boiler_heating_energy_output,1,BLOCK BUILDINGBLOCK1 STOREY 0:Zone Mean Air Temperature [C](Daily),579.0,159.59,300,326,348,359,0,326,39
2100,389,SG_retrofit_3_Insul_current_TR_retrofit_2_BW_retrofit_3,0.8,0.41,6.5,4.7,0.015625,11.968664195350556,retained_renamed_boiler_heating_energy_output,1,BLOCK BUILDINGBLOCK1 STOREY 0:Zone Mean Air Temperature [C](Daily),600.0,171.92,300,327,349,359,0,327,38
2100,390,SG_retrofit_3_Insul_current_TR_retrofit_2_BW_retrofit_4,0.8,0.41,6.7,4.7,0.015625,11.996201099834575,retained_renamed_boiler_heating_energy_output,1,BLOCK BUILDINGBLOCK1 STOREY 0:Zone Mean Air Temperature [C](Daily),622.0,163.26,300,327,349,359,0,327,38
2100,393,SG_retrofit_3_Insul_current_TR_retrofit_3_BW_retrofit_2,0.8,0.41,4.4,8.5,0.01625,12.143009333912342,retained_renamed_boiler_heating_energy_output,1,BLOCK BUILDINGBLOCK1 STOREY 0:Zone Mean Air Temperature [C](Daily),575.0,173.33,300,327,348,359,0,327,38
2100,394,SG_retrofit_3_Insul_current_TR_retrofit_3_BW_retrofit_3,0.8,0.41,6.5,8.5,0.015375,11.783701621224765,retained_renamed_boiler_heating_energy_output,1,BLOCK BUILDINGBLOCK1 STOREY 0:Zone Mean Air Temperature [C](Daily),596.0,185.66,300,327,349,359,0,327,38
2100,395,SG_retrofit_3_Insul_current_TR_retrofit_3_BW_retrofit_4,0.8,0.41,6.7,8.5,0.015375,11.757070295412673,retained_renamed_boiler_heating_energy_output,1,BLOCK BUILDINGBLOCK1 STOREY 0:Zone Mean Air Temperature [C](Daily),618.0,177.0,300,327,349,359,0,327,38
2100,398,SG_retrofit_3_Insul_current_TR_retrofit_4_BW_retrofit_2,0.8,0.41,4.4,8.7,0.01625,12.176841824400032,retained_renamed_boiler_heating_energy_output,1,BLOCK BUILDINGBLOCK1 STOREY 0:Zone Mean Air Temperature [C](Daily),613.0,165.51000000000002,300,327,348,359,0,327,38
2100,400,SG_retrofit_3_Insul_current_TR_retrofit_4_BW_retrofit_4,0.8,0.41,6.7,8.7,0.015375,11.704819068310092,retained_renamed_boiler_heating_energy_output,1,BLOCK BUILDINGBLOCK1 STOREY 0:Zone Mean Air Temperature [C](Daily),656.0,169.18,300,327,349,359,0,327,38
2100,406,SG_retrofit_3_Insul_retrofit_1_TR_retrofit_1_BW_current,0.8,4.8,0.45,4.5,0.020000000000000004,13.912453380085866,retained_renamed_boiler_heating_energy_output,1,BLOCK BUILDINGBLOCK1 STOREY 0:Zone Mean Air Temperature [C](Daily),444.2,183.29,255,286,311,332,0,286,79
2100,408,SG_retrofit_3_Insul_retrofit_1_TR_retrofit_1_BW_retrofit_2,0.8,4.8,4.4,4.5,0.0165,10.379166896337539,retained_renamed_boiler_heating_energy_output,1,BLOCK BUILDINGBLOCK1 STOREY 0:Zone Mean Air Temperature [C](Daily),623.2,188.12,246,275,301,322,0,275,90
2100,409,SG_retrofit_3_Insul_retrofit_1_TR_retrofit_1_BW_retrofit_3,0.8,4.8,6.5,4.5,0.015625,10.083852845954496,retained_renamed_boiler_heating_energy_output,1,BLOCK BUILDINGBLOCK1 STOREY 0:Zone Mean Air Temperature [C](Daily),644.2,200.45,246,273,300,323,0,273,92
2100,413,SG_retrofit_3_Insul_retrofit_1_TR_retrofit_2_BW_retrofit_2,0.8,4.8,4.4,4.7,0.01625,10.333709912340616,retained_renamed_boiler_heating_energy_output,1,BLOCK BUILDINGBLOCK1 STOREY 0:Zone Mean Air Temperature [C](Daily),638.7,169.59,246,274,300,322,0,274,91
2100,414,SG_retrofit_3_Insul_retrofit_1_TR_retrofit_2_BW_retrofit_3,0.8,4.8,6.5,4.7,0.015375,10.01259368758583,retained_renamed_boiler_heating_energy_output,1,BLOCK BUILDINGBLOCK1 STOREY 0:Zone Mean Air Temperature [C](Daily),659.7,181.92,246,273,300,323,0,273,92
2100,415,SG_retrofit_3_Insul_retrofit_1_TR_retrofit_2_BW_retrofit_4,0.8,4.8,6.7,4.7,0.015375,10.03592249483709,retained_renamed_boiler_heating_energy_output,1,BLOCK BUILDINGBLOCK1 STOREY 0:Zone Mean Air Temperature [C](Daily),681.7,173.26,246,272,300,323,0,272,93
2100,416,SG_retrofit_3_Insul_retrofit_1_TR_retrofit_3_BW_current,0.8,4.8,0.45,8.5,0.019500000000000003,13.588320617629536,retained_renamed_boiler_heating_energy_output,1,BLOCK BUILDINGBLOCK1 STOREY 0:Zone Mean Air Temperature [C](Daily),455.7,178.5,255,286,311,332,0,286,79
2100,417,SG_retrofit_3_Insul_retrofit_1_TR_retrofit_3_BW_retrofit_1,0.8,4.8,4.2,8.5,0.01775,10.570136922844705,retained_renamed_boiler_heating_energy_output,1,BLOCK BUILDINGBLOCK1 STOREY 0:Zone Mean Air Temperature [C](Daily),637.7,187.86,246,276,303,322,0,276,89
2100,418,SG_retrofit_3_Insul_retrofit_1_TR_retrofit_3_BW_retrofit_2,0.8,4.8,4.4,8.5,0.016,10.16255700030258,retained_renamed_boiler_heating_energy_output,1,BLOCK BUILDINGBLOCK1 STOREY 0:Zone Mean Air Temperature [C](Daily),634.7,183.33,246,274,300,322,0,274,91
2100,419,SG_retrofit_3_Insul_retrofit_1_TR_retrofit_3_BW_retrofit_3,0.8,4.8,6.5,8.5,0.015125,9.720120374833444,retained_renamed_boiler_heating_energy_output,1,BLOCK BUILDINGBLOCK1 STOREY 0:Zone Mean Air Temperature [C](Daily),655.7,195.66,246,273,300,323,0,273,92
2100,420,SG_retrofit_3_Insul_retrofit_1_TR_retrofit_3_BW_retrofit_4,0.8,4.8,6.7,8.5,0.015125,9.72732144288724,retained_renamed_boiler_heating_energy_output,1,BLOCK BUILDINGBLOCK1 STOREY 0:Zone Mean Air Temperature [C](Daily),677.7,187.0,246,272,300,323,0,272,93
2100,422,SG_retrofit_3_Insul_retrofit_1_TR_retrofit_4_BW_retrofit_1,0.8,4.8,4.2,8.7,0.01775,10.649564466808906,retained_renamed_boiler_heating_energy_output,1,BLOCK BUILDINGBLOCK1 STOREY 0:Zone Mean Air Temperature [C](Daily),675.7,180.04000000000002,246,276,303,322,0,276,89
2100,423,SG_retrofit_3_Insul_retrofit_1_TR_retrofit_4_BW_retrofit_2,0.8,4.8,4.4,8.7,0.016,10.087929595615146,retained_renamed_boiler_heating_energy_output,1,BLOCK BUILDINGBLOCK1 STOREY 0:Zone Mean Air Temperature [C](Daily),672.7,175.51000000000002,246,274,300,322,0,274,91
2100,424,SG_retrofit_3_Insul_retrofit_1_TR_retrofit_4_BW_retrofit_3,0.8,4.8,6.5,8.7,0.015125,9.708836514598625,retained_renamed_boiler_heating_energy_output,1,BLOCK BUILDINGBLOCK1 STOREY 0:Zone Mean Air Temperature [C](Daily),693.7,187.84,246,273,300,323,0,273,92
2100,425,SG_retrofit_3_Insul_retrofit_1_TR_retrofit_4_BW_retrofit_4,0.8,4.8,6.7,8.7,0.015125,9.690241031934356,retained_renamed_boiler_heating_energy_output,1,BLOCK BUILDINGBLOCK1 STOREY 0:Zone Mean Air Temperature [C](Daily),715.7,179.18,246,272,300,323,0,272,93
2100,438,SG_retrofit_3_Insul_retrofit_2_TR_retrofit_2_BW_retrofit_2,0.8,5.0,4.4,4.7,0.016,10.260846112221724,retained_renamed_boiler_heating_energy_output,1,BLOCK BUILDINGBLOCK1 STOREY 0:Zone Mean Air Temperature [C](Daily),656.0,165.51,245,269,299,322,0,269,96
2100,439,SG_retrofit_3_Insul_retrofit_2_TR_retrofit_2_BW_retrofit_3,0.8,5.0,6.5,4.7,0.015125,9.887527557738938,retained_renamed_boiler_heating_energy_output,1,BLOCK BUILDINGBLOCK1 STOREY 0:Zone Mean Air Temperature [C](Daily),677.0,177.83999999999997,245,265,298,322,0,265,100
2100,440,SG_retrofit_3_Insul_retrofit_2_TR_retrofit_2_BW_retrofit_4,0.8,5.0,6.7,4.7,0.015125,9.858263066814379,retained_renamed_boiler_heating_energy_output,1,BLOCK BUILDINGBLOCK1 STOREY 0:Zone Mean Air Temperature [C](Daily),699.0,169.17999999999998,245,265,297,321,0,265,100
2100,443,SG_retrofit_3_Insul_retrofit_2_TR_retrofit_3_BW_retrofit_2,0.8,5.0,4.4,8.5,0.01575,9.848480846093295,retained_renamed_boiler_heating_energy_output,1,BLOCK BUILDINGBLOCK1 STOREY 0:Zone Mean Air Temperature [C](Daily),652.0,179.25,245,268,299,322,0,268,97
2100,444,SG_retrofit_3_Insul_retrofit_2_TR_retrofit_3_BW_retrofit_3,0.8,5.0,6.5,8.5,0.014875,9.537820961495223,retained_renamed_boiler_heating_energy_output,1,BLOCK BUILDINGBLOCK1 STOREY 0:Zone Mean Air Temperature [C](Daily),673.0,191.57999999999998,245,266,298,322,0,266,99
2100,445,SG_retrofit_3_Insul_retrofit_2_TR_retrofit_3_BW_retrofit_4,0.8,5.0,6.7,8.5,0.014875,9.507334458320065,retained_renamed_boiler_heating_energy_output,1,BLOCK BUILDINGBLOCK1 STOREY 0:Zone Mean Air Temperature [C](Daily),695.0,182.92,244,266,297,322,0,266,99
2100,448,SG_retrofit_3_Insul_retrofit_2_TR_retrofit_4_BW_retrofit_2,0.8,5.0,4.4,8.7,0.01575,9.94561312813659,retained_renamed_boiler_heating_energy_output,1,BLOCK BUILDINGBLOCK1 STOREY 0:Zone Mean Air Temperature [C](Daily),690.0,171.43,245,268,299,322,0,268,97
2100,450,SG_retrofit_3_Insul_retrofit_2_TR_retrofit_4_BW_retrofit_4,0.8,5.0,6.7,8.7,0.014875,9.596873385161688,retained_renamed_boiler_heating_energy_output,1,BLOCK BUILDINGBLOCK1 STOREY 0:Zone Mean Air Temperature [C](Daily),733.0,175.1,244,266,297,322,0,266,99
2100,463,SG_retrofit_3_Insul_retrofit_3_TR_retrofit_2_BW_retrofit_2,0.8,5.5,4.4,4.7,0.01575,10.043311724869973,retained_renamed_boiler_heating_energy_output,1,BLOCK BUILDINGBLOCK1 STOREY 0:Zone Mean Air Temperature [C](Daily),666.9,170.59,245,265,298,321,0,265,100
2100,464,SG_retrofit_3_Insul_retrofit_3_TR_retrofit_2_BW_retrofit_3,0.8,5.5,6.5,4.7,0.014875,9.762437049734638,retained_renamed_boiler_heating_energy_output,1,BLOCK BUILDINGBLOCK1 STOREY 0:Zone Mean Air Temperature [C](Daily),687.9,182.92,243,264,297,320,0,264,101
2100,465,SG_retrofit_3_Insul_retrofit_3_TR_retrofit_2_BW_retrofit_4,0.8,5.5,6.7,4.7,0.014875,9.716027061525574,retained_renamed_boiler_heating_energy_output,1,BLOCK BUILDINGBLOCK1 STOREY 0:Zone Mean Air Temperature [C](Daily),709.9,174.26,243,264,297,320,0,264,101
2100,469,SG_retrofit_3_Insul_retrofit_3_TR_retrofit_3_BW_retrofit_3,0.8,5.5,6.5,8.5,0.014624999999999999,9.447570798116926,retained_renamed_boiler_heating_energy_output,1,BLOCK BUILDINGBLOCK1 STOREY 0:Zone Mean Air Temperature [C](Daily),683.9,196.66,242,264,297,320,0,264,101
2100,470,SG_retrofit_3_Insul_retrofit_3_TR_retrofit_3_BW_retrofit_4,0.8,5.5,6.7,8.5,0.014624999999999999,9.42517307802091,retained_renamed_boiler_heating_energy_output,1,BLOCK BUILDINGBLOCK1 STOREY 0:Zone Mean Air Temperature [C](Daily),705.9,188.0,242,264,297,320,0,264,101
2100,475,SG_retrofit_3_Insul_retrofit_3_TR_retrofit_4_BW_retrofit_4,0.8,5.5,6.7,8.7,0.014624999999999999,9.36105899152525,retained_renamed_boiler_heating_energy_output,1,BLOCK BUILDINGBLOCK1 STOREY 0:Zone Mean Air Temperature [C](Daily),743.9,180.18,242,264,297,320,0,264,101
2100,488,SG_retrofit_3_Insul_retrofit_4_TR_retrofit_2_BW_retrofit_2,0.8,5.6,4.4,4.7,0.01575,10.100506302352754,retained_renamed_boiler_heating_energy_output,1,BLOCK BUILDINGBLOCK1 STOREY 0:Zone Mean Air Temperature [C](Daily),687.0,166.59,245,264,298,321,0,264,101
2100,489,SG_retrofit_3_Insul_retrofit_4_TR_retrofit_2_BW_retrofit_3,0.8,5.6,6.5,4.7,0.014875,9.703409259126877,retained_renamed_boiler_heating_energy_output,1,BLOCK BUILDINGBLOCK1 STOREY 0:Zone Mean Air Temperature [C](Daily),708.0,178.92,243,264,297,320,0,264,101
2100,490,SG_retrofit_3_Insul_retrofit_4_TR_retrofit_2_BW_retrofit_4,0.8,5.6,6.7,4.7,0.014875,9.709548620954342,retained_renamed_boiler_heating_energy_output,1,BLOCK BUILDINGBLOCK1 STOREY 0:Zone Mean Air Temperature [C](Daily),730.0,170.26,243,264,297,319,0,264,101
2100,493,SG_retrofit_3_Insul_retrofit_4_TR_retrofit_3_BW_retrofit_2,0.8,5.6,4.4,8.5,0.0155,9.841481589390298,retained_renamed_boiler_heating_energy_output,1,BLOCK BUILDINGBLOCK1 STOREY 0:Zone Mean Air Temperature [C](Daily),683.0,180.33,245,264,298,321,0,264,101
2100,494,SG_retrofit_3_Insul_retrofit_4_TR_retrofit_3_BW_retrofit_3,0.8,5.6,6.5,8.5,0.014624999999999999,9.462575107077436,retained_renamed_boiler_heating_energy_output,1,BLOCK BUILDINGBLOCK1 STOREY 0:Zone Mean Air Temperature [C](Daily),704.0,192.66,242,265,297,320,0,265,100
2100,495,SG_retrofit_3_Insul_retrofit_4_TR_retrofit_3_BW_retrofit_4,0.8,5.6,6.7,8.5,0.014624999999999999,9.464880717419403,retained_renamed_boiler_heating_energy_output,1,BLOCK BUILDINGBLOCK1 STOREY 0:Zone Mean Air Temperature [C](Daily),726.0,184.0,242,264,297,320,0,264,101
2100,498,SG_retrofit_3_Insul_retrofit_4_TR_retrofit_4_BW_retrofit_2,0.8,5.6,4.4,8.7,0.0155,9.798642984805364,retained_renamed_boiler_heating_energy_output,1,BLOCK BUILDINGBLOCK1 STOREY 0:Zone Mean Air Temperature [C](Daily),721.0,172.51000000000002,245,264,298,321,0,264,101
2100,499,SG_retrofit_3_Insul_retrofit_4_TR_retrofit_4_BW_retrofit_3,0.8,5.6,6.5,8.7,0.014624999999999999,9.46281529827018,retained_renamed_boiler_heating_energy_output,1,BLOCK BUILDINGBLOCK1 STOREY 0:Zone Mean Air Temperature [C](Daily),742.0,184.84,242,265,297,320,0,265,100
2100,500,SG_retrofit_3_Insul_retrofit_4_TR_retrofit_4_BW_retrofit_4,0.8,5.6,6.7,8.7,0.014624999999999999,9.45295196512257,retained_renamed_boiler_heating_energy_output,1,BLOCK BUILDINGBLOCK1 STOREY 0:Zone Mean Air Temperature [C](Daily),764.0,176.18,242,264,297,320,0,264,101
2100,508,SG_retrofit_4_Insul_current_TR_retrofit_1_BW_retrofit_2,0.81,0.41,4.4,4.5,0.015625,12.210931970937335,retained_renamed_boiler_heating_energy_output,1,BLOCK BUILDINGBLOCK1 STOREY 0:Zone Mean Air Temperature [C](Daily),890.5,148.12,300,326,348,359,0,326,39
2100,509,SG_retrofit_4_Insul_current_TR_retrofit_1_BW_retrofit_3,0.81,0.41,6.5,4.5,0.01475,11.813252044383514,retained_renamed_boiler_heating_energy_output,1,BLOCK BUILDINGBLOCK1 STOREY 0:Zone Mean Air Temperature [C](Daily),911.5,160.45,300,327,348,359,0,327,38
2100,513,SG_retrofit_4_Insul_current_TR_retrofit_2_BW_retrofit_2,0.81,0.41,4.4,4.7,0.015375,12.093018570190235,retained_renamed_boiler_heating_energy_output,1,BLOCK BUILDINGBLOCK1 STOREY 0:Zone Mean Air Temperature [C](Daily),906.0,129.59,300,326,348,359,0,326,39
2100,514,SG_retrofit_4_Insul_current_TR_retrofit_2_BW_retrofit_3,0.81,0.41,6.5,4.7,0.014500000000000002,11.715689323916447,retained_renamed_boiler_heating_energy_output,1,BLOCK BUILDINGBLOCK1 STOREY 0:Zone Mean Air Temperature [C](Daily),927.0,141.92,300,327,349,359,0,327,38
2100,515,SG_retrofit_4_Insul_current_TR_retrofit_2_BW_retrofit_4,0.81,0.41,6.7,4.7,0.014500000000000002,11.706131809747898,retained_renamed_boiler_heating_energy_output,1,BLOCK BUILDINGBLOCK1 STOREY 0:Zone Mean Air Temperature [C](Daily),949.0,133.26,300,327,349,359,0,327,38
2100,517,SG_retrofit_4_Insul_current_TR_retrofit_3_BW_retrofit_1,0.81,0.41,4.2,8.5,0.016874999999999998,12.426806342765033,retained_renamed_boiler_heating_energy_output,1,BLOCK BUILDINGBLOCK1 STOREY 0:Zone Mean Air Temperature [C](Daily),905.0,147.86,300,327,348,359,0,327,38
2100,518,SG_retrofit_4_Insul_current_TR_retrofit_3_BW_retrofit_2,0.81,0.41,4.4,8.5,0.015125,11.756688342694744,retained_renamed_boiler_heating_energy_output,1,BLOCK BUILDINGBLOCK1 STOREY 0:Zone Mean Air Temperature [C](Daily),902.0,143.32999999999998,300,326,349,359,0,326,39
2100,519,SG_retrofit_4_Insul_current_TR_retrofit_3_BW_retrofit_3,0.81,0.41,6.5,8.5,0.014249999999999999,11.45236326071903,retained_renamed_boiler_heating_energy_output,1,BLOCK BUILDINGBLOCK1 STOREY 0:Zone Mean Air Temperature [C](Daily),923.0,155.66,300,327,350,359,0,327,38
2100,520,SG_retrofit_4_Insul_current_TR_retrofit_3_BW_retrofit_4,0.81,0.41,6.7,8.5,0.014249999999999999,11.513735472987907,retained_renamed_boiler_heating_energy_output,1,BLOCK BUILDINGBLOCK1 STOREY 0:Zone Mean Air Temperature [C](Daily),945.0,147.0,300,327,350,359,0,327,38
2100,522,SG_retrofit_4_Insul_current_TR_retrofit_4_BW_retrofit_1,0.81,0.41,4.2,8.7,0.016874999999999998,12.314431705243411,retained_renamed_boiler_heating_energy_output,1,BLOCK BUILDINGBLOCK1 STOREY 0:Zone Mean Air Temperature [C](Daily),943.0,140.04000000000002,300,327,348,359,0,327,38
2100,523,SG_retrofit_4_Insul_current_TR_retrofit_4_BW_retrofit_2,0.81,0.41,4.4,8.7,0.015125,11.74169026765585,retained_renamed_boiler_heating_energy_output,1,BLOCK BUILDINGBLOCK1 STOREY 0:Zone Mean Air Temperature [C](Daily),940.0,135.51,300,326,349,359,0,326,39
2100,524,SG_retrofit_4_Insul_current_TR_retrofit_4_BW_retrofit_3,0.81,0.41,6.5,8.7,0.014249999999999999,11.507145665162572,retained_renamed_boiler_heating_energy_output,1,BLOCK BUILDINGBLOCK1 STOREY 0:Zone Mean Air Temperature [C](Daily),961.0,147.84,300,327,350,359,0,327,38
2100,525,SG_retrofit_4_Insul_current_TR_retrofit_4_BW_retrofit_4,0.81,0.41,6.7,8.7,0.014249999999999999,11.464612683483603,retained_renamed_boiler_heating_energy_output,1,BLOCK BUILDINGBLOCK1 STOREY 0:Zone Mean Air Temperature [C](Daily),983.0,139.18,300,327,350,359,0,327,38
2100,533,SG_retrofit_4_Insul_retrofit_1_TR_retrofit_1_BW_retrofit_2,0.81,4.8,4.4,4.5,0.015375,10.10334720064637,retained_renamed_boiler_heating_energy_output,1,BLOCK BUILDINGBLOCK1 STOREY 0:Zone Mean Air Temperature [C](Daily),950.2,158.12,246,274,300,322,0,274,91
2100,538,SG_retrofit_4_Insul_retrofit_1_TR_retrofit_2_BW_retrofit_2,0.81,4.8,4.4,4.7,0.015125,10.069447309703218,retained_renamed_boiler_heating_energy_output,1,BLOCK BUILDINGBLOCK1 STOREY 0:Zone Mean Air Temperature [C](Daily),965.7,139.59,246,274,300,322,0,274,91
2100,539,SG_retrofit_4_Insul_retrofit_1_TR_retrofit_2_BW_retrofit_3,0.81,4.8,6.5,4.7,0.014250000000000002,9.583224517072093,retained_renamed_boiler_heating_energy_output,1,BLOCK BUILDINGBLOCK1 STOREY 0:Zone Mean Air Temperature [C](Daily),986.7,151.92,245,270,299,323,0,270,95
2100,540,SG_retrofit_4_Insul_retrofit_1_TR_retrofit_2_BW_retrofit_4,0.81,4.8,6.7,4.7,0.014250000000000002,9.615708145303069,retained_renamed_boiler_heating_energy_output,1,BLOCK BUILDINGBLOCK1 STOREY 0:Zone Mean Air Temperature [C](Daily),1008.7,143.26,245,269,299,323,0,269,96
2100,542,SG_retrofit_4_Insul_retrofit_1_TR_retrofit_3_BW_retrofit_1,0.81,4.8,4.2,8.5,0.016625,10.325263470610828,retained_renamed_boiler_heating_energy_output,1,BLOCK BUILDINGBLOCK1 STOREY 0:Zone Mean Air Temperature [C](Daily),964.7,157.86,246,275,301,322,0,275,90
2100,543,SG_retrofit_4_Insul_retrofit_1_TR_retrofit_3_BW_retrofit_2,0.81,4.8,4.4,8.5,0.014875,9.792010647723599,retained_renamed_boiler_heating_energy_output,1,BLOCK BUILDINGBLOCK1 STOREY 0:Zone Mean Air Temperature [C](Daily),961.7,153.33,246,274,300,322,0,274,91
2100,544,SG_retrofit_4_Insul_retrofit_1_TR_retrofit_3_BW_retrofit_3,0.81,4.8,6.5,8.5,0.014000000000000002,9.404248338397387,retained_renamed_boiler_heating_energy_output,1,BLOCK BUILDINGBLOCK1 STOREY 0:Zone Mean Air Temperature [C](Daily),982.7,165.66,245,270,299,323,0,270,95
2100,545,SG_retrofit_4_Insul_retrofit_1_TR_retrofit_3_BW_retrofit_4,0.81,4.8,6.7,8.5,0.014000000000000002,9.400594245549051,retained_renamed_boiler_heating_energy_output,1,BLOCK BUILDINGBLOCK1 STOREY 0:Zone Mean Air Temperature [C](Daily),1004.7,157.0,245,269,299,323,0,269,96
2100,547,SG_retrofit_4_Insul_retrofit_1_TR_retrofit_4_BW_retrofit_1,0.81,4.8,4.2,8.7,0.016625,10.362423371125962,retained_renamed_boiler_heating_energy_output,1,BLOCK BUILDINGBLOCK1 STOREY 0:Zone Mean Air Temperature [C](Daily),1002.7,150.04000000000002,246,275,301,322,0,275,90
2100,548,SG_retrofit_4_Insul_retrofit_1_TR_retrofit_4_BW_retrofit_2,0.81,4.8,4.4,8.7,0.014875,9.747200764415744,retained_renamed_boiler_heating_energy_output,1,BLOCK BUILDINGBLOCK1 STOREY 0:Zone Mean Air Temperature [C](Daily),999.7,145.51000000000002,246,274,300,322,0,274,91
2100,549,SG_retrofit_4_Insul_retrofit_1_TR_retrofit_4_BW_retrofit_3,0.81,4.8,6.5,8.7,0.014000000000000002,9.428653623172714,retained_renamed_boiler_heating_energy_output,1,BLOCK BUILDINGBLOCK1 STOREY 0:Zone Mean Air Temperature [C](Daily),1020.7,157.84,245,270,299,323,0,270,95
2100,550,SG_retrofit_4_Insul_retrofit_1_TR_retrofit_4_BW_retrofit_4,0.81,4.8,6.7,8.7,0.014000000000000002,9.388408091002903,retained_renamed_boiler_heating_energy_output,1,BLOCK BUILDINGBLOCK1 STOREY 0:Zone Mean Air Temperature [C](Daily),1042.7,149.18,245,269,299,323,0,269,96
2100,563,SG_retrofit_4_Insul_retrofit_2_TR_retrofit_2_BW_retrofit_2,0.81,5.0,4.4,4.7,0.014875,9.914064705815075,retained_renamed_boiler_heating_energy_output,1,BLOCK BUILDINGBLOCK1 STOREY 0:Zone Mean Air Temperature [C](Daily),983.0,135.51,245,265,299,322,0,265,100
2100,564,SG_retrofit_4_Insul_retrofit_2_TR_retrofit_2_BW_retrofit_3,0.81,5.0,6.5,4.7,0.014000000000000002,9.50876676806294,retained_renamed_boiler_heating_energy_output,1,BLOCK BUILDINGBLOCK1 STOREY 0:Zone Mean Air Temperature [C](Daily),1004.0,147.84,243,265,297,321,0,265,100
2100,565,SG_retrofit_4_Insul_retrofit_2_TR_retrofit_2_BW_retrofit_4,0.81,5.0,6.7,4.7,0.014000000000000002,9.534474331564557,retained_renamed_boiler_heating_energy_output,1,BLOCK BUILDINGBLOCK1 STOREY 0:Zone Mean Air Temperature [C](Daily),1026.0,139.18,242,265,297,321,0,265,100
2100,568,SG_retrofit_4_Insul_retrofit_2_TR_retrofit_3_BW_retrofit_2,0.81,5.0,4.4,8.5,0.014624999999999999,9.618681454687962,retained_renamed_boiler_heating_energy_output,1,BLOCK BUILDINGBLOCK1 STOREY 0:Zone Mean Air Temperature [C](Daily),979.0,149.25,245,265,299,322,0,265,100
2100,569,SG_retrofit_4_Insul_retrofit_2_TR_retrofit_3_BW_retrofit_3,0.81,5.0,6.5,8.5,0.013750000000000002,9.242645426412741,retained_renamed_boiler_heating_energy_output,1,BLOCK BUILDINGBLOCK1 STOREY 0:Zone Mean Air Temperature [C](Daily),1000.0,161.58,242,265,297,321,0,265,100
2100,570,SG_retrofit_4_Insul_retrofit_2_TR_retrofit_3_BW_retrofit_4,0.81,5.0,6.7,8.5,0.013750000000000002,9.23854811009334,retained_renamed_boiler_heating_energy_output,1,BLOCK BUILDINGBLOCK1 STOREY 0:Zone Mean Air Temperature [C](Daily),1022.0,152.92000000000002,242,265,297,321,0,265,100
2100,573,SG_retrofit_4_Insul_retrofit_2_TR_retrofit_4_BW_retrofit_2,0.81,5.0,4.4,8.7,0.014624999999999999,9.565697752896611,retained_renamed_boiler_heating_energy_output,1,BLOCK BUILDINGBLOCK1 STOREY 0:Zone Mean Air Temperature [C](Daily),1017.0,141.43,245,265,299,322,0,265,100
2100,574,SG_retrofit_4_Insul_retrofit_2_TR_retrofit_4_BW_retrofit_3,0.81,5.0,6.5,8.7,0.013750000000000002,9.185777974527085,retained_renamed_boiler_heating_energy_output,1,BLOCK BUILDINGBLOCK1 STOREY 0:Zone Mean Air Temperature [C](Daily),1038.0,153.76000000000002,242,265,297,321,0,265,100
2100,575,SG_retrofit_4_Insul_retrofit_2_TR_retrofit_4_BW_retrofit_4,0.81,5.0,6.7,8.7,0.013750000000000002,9.227610559838348,retained_renamed_boiler_heating_energy_output,1,BLOCK BUILDINGBLOCK1 STOREY 0:Zone Mean Air Temperature [C](Daily),1060.0,145.10000000000002,242,265,297,321,0,265,100
2100,588,SG_retrofit_4_Insul_retrofit_3_TR_retrofit_2_BW_retrofit_2,0.81,5.5,4.4,4.7,0.014624999999999999,9.813146003085537,retained_renamed_boiler_heating_energy_output,1,BLOCK BUILDINGBLOCK1 STOREY 0:Zone Mean Air Temperature [C](Daily),993.9,140.59,245,264,297,321,0,264,101
2100,589,SG_retrofit_4_Insul_retrofit_3_TR_retrofit_2_BW_retrofit_3,0.81,5.5,6.5,4.7,0.013750000000000002,9.417136395272648,retained_renamed_boiler_heating_energy_output,1,BLOCK BUILDINGBLOCK1 STOREY 0:Zone Mean Air Temperature [C](Daily),1014.9,152.92,242,264,296,319,0,264,101
2100,590,SG_retrofit_4_Insul_retrofit_3_TR_retrofit_2_BW_retrofit_4,0.81,5.5,6.7,4.7,0.013750000000000002,9.445473643311749,retained_renamed_boiler_heating_energy_output,1,BLOCK BUILDINGBLOCK1 STOREY 0:Zone Mean Air Temperature [C](Daily),1036.9,144.26,241,263,296,318,0,263,102
2100,593,SG_retrofit_4_Insul_retrofit_3_TR_retrofit_3_BW_retrofit_2,0.81,5.5,4.4,8.5,0.014374999999999999,9.568034962967038,retained_renamed_boiler_heating_energy_output,1,BLOCK BUILDINGBLOCK1 STOREY 0:Zone Mean Air Temperature [C](Daily),989.9,154.33,245,264,297,321,0,264,101
2100,594,SG_retrofit_4_Insul_retrofit_3_TR_retrofit_3_BW_retrofit_3,0.81,5.5,6.5,8.5,0.013500000000000002,9.135431568843979,retained_renamed_boiler_heating_energy_output,1,BLOCK BUILDINGBLOCK1 STOREY 0:Zone Mean Air Temperature [C](Daily),1010.9,166.66,241,264,296,321,0,264,101
2100,595,SG_retrofit_4_Insul_retrofit_3_TR_retrofit_3_BW_retrofit_4,0.81,5.5,6.7,8.5,0.013500000000000002,9.132846826631269,retained_renamed_boiler_heating_energy_output,1,BLOCK BUILDINGBLOCK1 STOREY 0:Zone Mean Air Temperature [C](Daily),1032.9,158.0,241,263,296,319,0,263,102
2100,599,SG_retrofit_4_Insul_retrofit_3_TR_retrofit_4_BW_retrofit_3,0.81,5.5,6.5,8.7,0.013500000000000002,9.098499676832315,retained_renamed_boiler_heating_energy_output,1,BLOCK BUILDINGBLOCK1 STOREY 0:Zone Mean Air Temperature [C](Daily),1048.9,158.84,241,264,296,321,0,264,101
2100,600,SG_retrofit_4_Insul_retrofit_3_TR_retrofit_4_BW_retrofit_4,0.81,5.5,6.7,8.7,0.013500000000000002,9.10807916529496,retained_renamed_boiler_heating_energy_output,1,BLOCK BUILDINGBLOCK1 STOREY 0:Zone Mean Air Temperature [C](Daily),1070.9,150.18,241,263,296,319,0,263,102
2100,613,SG_retrofit_4_Insul_retrofit_4_TR_retrofit_2_BW_retrofit_2,0.81,5.6,4.4,4.7,0.014624999999999999,9.750978714358432,retained_renamed_boiler_heating_energy_output,1,BLOCK BUILDINGBLOCK1 STOREY 0:Zone Mean Air Temperature [C](Daily),1014.0,136.59,245,264,297,321,0,264,101
2100,614,SG_retrofit_4_Insul_retrofit_4_TR_retrofit_2_BW_retrofit_3,0.81,5.6,6.5,4.7,0.013750000000000002,9.447977318855425,retained_renamed_boiler_heating_energy_output,1,BLOCK BUILDINGBLOCK1 STOREY 0:Zone Mean Air Temperature [C](Daily),1035.0,148.92,241,263,296,318,0,263,102
2100,615,SG_retrofit_4_Insul_retrofit_4_TR_retrofit_2_BW_retrofit_4,0.81,5.6,6.7,4.7,0.013750000000000002,9.412047459610099,retained_renamed_boiler_heating_energy_output,1,BLOCK BUILDINGBLOCK1 STOREY 0:Zone Mean Air Temperature [C](Daily),1057.0,140.26,241,263,296,318,0,263,102
2100,619,SG_retrofit_4_Insul_retrofit_4_TR_retrofit_3_BW_retrofit_3,0.81,5.6,6.5,8.5,0.013500000000000002,9.11233504146953,retained_renamed_boiler_heating_energy_output,1,BLOCK BUILDINGBLOCK1 STOREY 0:Zone Mean Air Temperature [C](Daily),1031.0,162.66,241,263,296,318,0,263,102
2100,620,SG_retrofit_4_Insul_retrofit_4_TR_retrofit_3_BW_retrofit_4,0.81,5.6,6.7,8.5,0.013500000000000002,9.100489049138101,retained_renamed_boiler_heating_energy_output,1,BLOCK BUILDINGBLOCK1 STOREY 0:Zone Mean Air Temperature [C](Daily),1053.0,154.0,241,263,296,318,0,263,102
2100,623,SG_retrofit_4_Insul_retrofit_4_TR_retrofit_4_BW_retrofit_2,0.81,5.6,4.4,8.7,0.014374999999999999,9.52104663239656,retained_renamed_boiler_heating_energy_output,1,BLOCK BUILDINGBLOCK1 STOREY 0:Zone Mean Air Temperature [C](Daily),1048.0,142.51000000000002,245,264,297,321,0,264,101
2100,625,SG_retrofit_4_Insul_retrofit_4_TR_retrofit_4_BW_retrofit_4,0.81,5.6,6.7,8.7,0.013500000000000002,9.10606721116994,retained_renamed_boiler_heating_energy_output,1,BLOCK BUILDINGBLOCK1 STOREY 0:Zone Mean Air Temperature [C](Daily),1091.0,146.18,241,263,296,318,0,263,102
