horizon,simulation_id,scenario,upper_threshold_c,days_below_threshold
2020,1,SG_current_Insul_current_TR_current_BW_current,23.0,359
2020,1,SG_current_Insul_current_TR_current_BW_current,24.0,361
2020,1,SG_current_Insul_current_TR_current_BW_current,25.0,364
2020,1,SG_current_Insul_current_TR_current_BW_current,26.0,365
2020,2,SG_current_Insul_current_TR_current_BW_retrofit_1,23.0,360
2020,2,SG_current_Insul_current_TR_current_BW_retrofit_1,24.0,364
2020,2,SG_current_Insul_current_TR_current_BW_retrofit_1,25.0,365
2020,2,SG_current_Insul_current_TR_current_BW_retrofit_1,26.0,365
2020,3,SG_current_Insul_current_TR_current_BW_retrofit_2,23.0,360
2020,3,SG_current_Insul_current_TR_current_BW_retrofit_2,24.0,364
2020,3,SG_current_Insul_current_TR_current_BW_retrofit_2,25.0,365
2020,3,SG_current_Insul_current_TR_current_BW_retrofit_2,26.0,365
2020,4,SG_current_Insul_current_TR_current_BW_retrofit_3,23.0,360
2020,4,SG_current_Insul_current_TR_current_BW_retrofit_3,24.0,364
2020,4,SG_current_Insul_current_TR_current_BW_retrofit_3,25.0,365
2020,4,SG_current_Insul_current_TR_current_BW_retrofit_3,26.0,365
2020,5,SG_current_Insul_current_TR_current_BW_retrofit_4,23.0,360
2020,5,SG_current_Insul_current_TR_current_BW_retrofit_4,24.0,364
2020,5,SG_current_Insul_current_TR_current_BW_retrofit_4,25.0,365
2020,5,SG_current_Insul_current_TR_current_BW_retrofit_4,26.0,365
2020,6,SG_current_Insul_current_TR_retrofit_1_BW_current,23.0,359
2020,6,SG_current_Insul_current_TR_retrofit_1_BW_current,24.0,361
2020,6,SG_current_Insul_current_TR_retrofit_1_BW_current,25.0,365
2020,6,SG_current_Insul_current_TR_retrofit_1_BW_current,26.0,365
2020,7,SG_current_Insul_current_TR_retrofit_1_BW_retrofit_1,23.0,360
2020,7,SG_current_Insul_current_TR_retrofit_1_BW_retrofit_1,24.0,364
2020,7,SG_current_Insul_current_TR_retrofit_1_BW_retrofit_1,25.0,365
2020,7,SG_current_Insul_current_TR_retrofit_1_BW_retrofit_1,26.0,365
2020,8,SG_current_Insul_current_TR_retrofit_1_BW_retrofit_2,23.0,360
2020,8,SG_current_Insul_current_TR_retrofit_1_BW_retrofit_2,24.0,364
2020,8,SG_current_Insul_current_TR_retrofit_1_BW_retrofit_2,25.0,365
2020,8,SG_current_Insul_current_TR_retrofit_1_BW_retrofit_2,26.0,365
2020,9,SG_current_Insul_current_TR_retrofit_1_BW_retrofit_3,23.0,361
2020,9,SG_current_Insul_current_TR_retrofit_1_BW_retrofit_3,24.0,364
2020,9,SG_current_Insul_current_TR_retrofit_1_BW_retrofit_3,25.0,365
2020,9,SG_current_Insul_current_TR_retrofit_1_BW_retrofit_3,26.0,365
2020,10,SG_current_Insul_current_TR_retrofit_1_BW_retrofit_4,23.0,361
2020,10,SG_current_Insul_current_TR_retrofit_1_BW_retrofit_4,24.0,364
2020,10,SG_current_Insul_current_TR_retrofit_1_BW_retrofit_4,25.0,365
2020,10,SG_current_Insul_current_TR_retrofit_1_BW_retrofit_4,26.0,365
2020,11,SG_current_Insul_current_TR_retrofit_2_BW_current,23.0,359
2020,11,SG_current_Insul_current_TR_retrofit_2_BW_current,24.0,361
2020,11,SG_current_Insul_current_TR_retrofit_2_BW_current,25.0,365
2020,11,SG_current_Insul_current_TR_retrofit_2_BW_current,26.0,365
2020,12,SG_current_Insul_current_TR_retrofit_2_BW_retrofit_1,23.0,360
2020,12,SG_current_Insul_current_TR_retrofit_2_BW_retrofit_1,24.0,364
2020,12,SG_current_Insul_current_TR_retrofit_2_BW_retrofit_1,25.0,365
2020,12,SG_current_Insul_current_TR_retrofit_2_BW_retrofit_1,26.0,365
2020,13,SG_current_Insul_current_TR_retrofit_2_BW_retrofit_2,23.0,360
2020,13,SG_current_Insul_current_TR_retrofit_2_BW_retrofit_2,24.0,364
2020,13,SG_current_Insul_current_TR_retrofit_2_BW_retrofit_2,25.0,365
2020,13,SG_current_Insul_current_TR_retrofit_2_BW_retrofit_2,26.0,365
2020,14,SG_current_Insul_current_TR_retrofit_2_BW_retrofit_3,23.0,361
2020,14,SG_current_Insul_current_TR_retrofit_2_BW_retrofit_3,24.0,364
2020,14,SG_current_Insul_current_TR_retrofit_2_BW_retrofit_3,25.0,365
2020,14,SG_current_Insul_current_TR_retrofit_2_BW_retrofit_3,26.0,365
2020,15,SG_current_Insul_current_TR_retrofit_2_BW_retrofit_4,23.0,361
2020,15,SG_current_Insul_current_TR_retrofit_2_BW_retrofit_4,24.0,364
2020,15,SG_current_Insul_current_TR_retrofit_2_BW_retrofit_4,25.0,365
2020,15,SG_current_Insul_current_TR_retrofit_2_BW_retrofit_4,26.0,365
2020,16,SG_current_Insul_current_TR_retrofit_3_BW_current,23.0,359
2020,16,SG_current_Insul_current_TR_retrofit_3_BW_current,24.0,361
2020,16,SG_current_Insul_current_TR_retrofit_3_BW_current,25.0,365
2020,16,SG_current_Insul_current_TR_retrofit_3_BW_current,26.0,365
2020,17,SG_current_Insul_current_TR_retrofit_3_BW_retrofit_1,23.0,360
2020,17,SG_current_Insul_current_TR_retrofit_3_BW_retrofit_1,24.0,364
2020,17,SG_current_Insul_current_TR_retrofit_3_BW_retrofit_1,25.0,365
2020,17,SG_current_Insul_current_TR_retrofit_3_BW_retrofit_1,26.0,365
2020,18,SG_current_Insul_current_TR_retrofit_3_BW_retrofit_2,23.0,361
2020,18,SG_current_Insul_current_TR_retrofit_3_BW_retrofit_2,24.0,364
2020,18,SG_current_Insul_current_TR_retrofit_3_BW_retrofit_2,25.0,365
2020,18,SG_current_Insul_current_TR_retrofit_3_BW_retrofit_2,26.0,365
2020,19,SG_current_Insul_current_TR_retrofit_3_BW_retrofit_3,23.0,361
2020,19,SG_current_Insul_current_TR_retrofit_3_BW_retrofit_3,24.0,365
2020,19,SG_current_Insul_current_TR_retrofit_3_BW_retrofit_3,25.0,365
2020,19,SG_current_Insul_current_TR_retrofit_3_BW_retrofit_3,26.0,365
2020,20,SG_current_Insul_current_TR_retrofit_3_BW_retrofit_4,23.0,361
2020,20,SG_current_Insul_current_TR_retrofit_3_BW_retrofit_4,24.0,365
2020,20,SG_current_Insul_current_TR_retrofit_3_BW_retrofit_4,25.0,365
2020,20,SG_current_Insul_current_TR_retrofit_3_BW_retrofit_4,26.0,365
2020,21,SG_current_Insul_current_TR_retrofit_4_BW_current,23.0,359
2020,21,SG_current_Insul_current_TR_retrofit_4_BW_current,24.0,361
2020,21,SG_current_Insul_current_TR_retrofit_4_BW_current,25.0,365
2020,21,SG_current_Insul_current_TR_retrofit_4_BW_current,26.0,365
2020,22,SG_current_Insul_current_TR_retrofit_4_BW_retrofit_1,23.0,360
2020,22,SG_current_Insul_current_TR_retrofit_4_BW_retrofit_1,24.0,364
2020,22,SG_current_Insul_current_TR_retrofit_4_BW_retrofit_1,25.0,365
2020,22,SG_current_Insul_current_TR_retrofit_4_BW_retrofit_1,26.0,365
2020,23,SG_current_Insul_current_TR_retrofit_4_BW_retrofit_2,23.0,361
2020,23,SG_current_Insul_current_TR_retrofit_4_BW_retrofit_2,24.0,364
2020,23,SG_current_Insul_current_TR_retrofit_4_BW_retrofit_2,25.0,365
2020,23,SG_current_Insul_current_TR_retrofit_4_BW_retrofit_2,26.0,365
2020,24,SG_current_Insul_current_TR_retrofit_4_BW_retrofit_3,23.0,361
2020,24,SG_current_Insul_current_TR_retrofit_4_BW_retrofit_3,24.0,365
2020,24,SG_current_Insul_current_TR_retrofit_4_BW_retrofit_3,25.0,365
2020,24,SG_current_Insul_current_TR_retrofit_4_BW_retrofit_3,26.0,365
2020,25,SG_current_Insul_current_TR_retrofit_4_BW_retrofit_4,23.0,361
2020,25,SG_current_Insul_current_TR_retrofit_4_BW_retrofit_4,24.0,365
2020,25,SG_current_Insul_current_TR_retrofit_4_BW_retrofit_4,25.0,365
2020,25,SG_current_Insul_current_TR_retrofit_4_BW_retrofit_4,26.0,365
2020,26,SG_current_Insul_retrofit_1_TR_current_BW_current,23.0,352
2020,26,SG_current_Insul_retrofit_1_TR_current_BW_current,24.0,359
2020,26,SG_current_Insul_retrofit_1_TR_current_BW_current,25.0,361
2020,26,SG_current_Insul_retrofit_1_TR_current_BW_current,26.0,365
2020,27,SG_current_Insul_retrofit_1_TR_current_BW_retrofit_1,23.0,356
2020,27,SG_current_Insul_retrofit_1_TR_current_BW_retrofit_1,24.0,360
2020,27,SG_current_Insul_retrofit_1_TR_current_BW_retrofit_1,25.0,364
2020,27,SG_current_Insul_retrofit_1_TR_current_BW_retrofit_1,26.0,365
2020,28,SG_current_Insul_retrofit_1_TR_current_BW_retrofit_2,23.0,356
2020,28,SG_current_Insul_retrofit_1_TR_current_BW_retrofit_2,24.0,360
2020,28,SG_current_Insul_retrofit_1_TR_current_BW_retrofit_2,25.0,364
2020,28,SG_current_Insul_retrofit_1_TR_current_BW_retrofit_2,26.0,365
2020,29,SG_current_Insul_retrofit_1_TR_current_BW_retrofit_3,23.0,356
2020,29,SG_current_Insul_retrofit_1_TR_current_BW_retrofit_3,24.0,360
2020,29,SG_current_Insul_retrofit_1_TR_current_BW_retrofit_3,25.0,365
2020,29,SG_current_Insul_retrofit_1_TR_current_BW_retrofit_3,26.0,365
2020,30,SG_current_Insul_retrofit_1_TR_current_BW_retrofit_4,23.0,356
2020,30,SG_current_Insul_retrofit_1_TR_current_BW_retrofit_4,24.0,360
2020,30,SG_current_Insul_retrofit_1_TR_current_BW_retrofit_4,25.0,365
2020,30,SG_current_Insul_retrofit_1_TR_current_BW_retrofit_4,26.0,365
2020,31,SG_current_Insul_retrofit_1_TR_retrofit_1_BW_current,23.0,352
2020,31,SG_current_Insul_retrofit_1_TR_retrofit_1_BW_current,24.0,359
2020,31,SG_current_Insul_retrofit_1_TR_retrofit_1_BW_current,25.0,363
2020,31,SG_current_Insul_retrofit_1_TR_retrofit_1_BW_current,26.0,365
2020,32,SG_current_Insul_retrofit_1_TR_retrofit_1_BW_retrofit_1,23.0,357
2020,32,SG_current_Insul_retrofit_1_TR_retrofit_1_BW_retrofit_1,24.0,362
2020,32,SG_current_Insul_retrofit_1_TR_retrofit_1_BW_retrofit_1,25.0,365
2020,32,SG_current_Insul_retrofit_1_TR_retrofit_1_BW_retrofit_1,26.0,365
2020,33,SG_current_Insul_retrofit_1_TR_retrofit_1_BW_retrofit_2,23.0,357
2020,33,SG_current_Insul_retrofit_1_TR_retrofit_1_BW_retrofit_2,24.0,362
2020,33,SG_current_Insul_retrofit_1_TR_retrofit_1_BW_retrofit_2,25.0,365
2020,33,SG_current_Insul_retrofit_1_TR_retrofit_1_BW_retrofit_2,26.0,365
2020,34,SG_current_Insul_retrofit_1_TR_retrofit_1_BW_retrofit_3,23.0,357
2020,34,SG_current_Insul_retrofit_1_TR_retrofit_1_BW_retrofit_3,24.0,362
2020,34,SG_current_Insul_retrofit_1_TR_retrofit_1_BW_retrofit_3,25.0,365
2020,34,SG_current_Insul_retrofit_1_TR_retrofit_1_BW_retrofit_3,26.0,365
2020,35,SG_current_Insul_retrofit_1_TR_retrofit_1_BW_retrofit_4,23.0,357
2020,35,SG_current_Insul_retrofit_1_TR_retrofit_1_BW_retrofit_4,24.0,362
2020,35,SG_current_Insul_retrofit_1_TR_retrofit_1_BW_retrofit_4,25.0,365
2020,35,SG_current_Insul_retrofit_1_TR_retrofit_1_BW_retrofit_4,26.0,365
2020,36,SG_current_Insul_retrofit_1_TR_retrofit_2_BW_current,23.0,352
2020,36,SG_current_Insul_retrofit_1_TR_retrofit_2_BW_current,24.0,359
2020,36,SG_current_Insul_retrofit_1_TR_retrofit_2_BW_current,25.0,363
2020,36,SG_current_Insul_retrofit_1_TR_retrofit_2_BW_current,26.0,365
2020,37,SG_current_Insul_retrofit_1_TR_retrofit_2_BW_retrofit_1,23.0,357
2020,37,SG_current_Insul_retrofit_1_TR_retrofit_2_BW_retrofit_1,24.0,362
2020,37,SG_current_Insul_retrofit_1_TR_retrofit_2_BW_retrofit_1,25.0,365
2020,37,SG_current_Insul_retrofit_1_TR_retrofit_2_BW_retrofit_1,26.0,365
2020,38,SG_current_Insul_retrofit_1_TR_retrofit_2_BW_retrofit_2,23.0,357
2020,38,SG_current_Insul_retrofit_1_TR_retrofit_2_BW_retrofit_2,24.0,362
2020,38,SG_current_Insul_retrofit_1_TR_retrofit_2_BW_retrofit_2,25.0,365
2020,38,SG_current_Insul_retrofit_1_TR_retrofit_2_BW_retrofit_2,26.0,365
2020,39,SG_current_Insul_retrofit_1_TR_retrofit_2_BW_retrofit_3,23.0,358
2020,39,SG_current_Insul_retrofit_1_TR_retrofit_2_BW_retrofit_3,24.0,362
2020,39,SG_current_Insul_retrofit_1_TR_retrofit_2_BW_retrofit_3,25.0,365
2020,39,SG_current_Insul_retrofit_1_TR_retrofit_2_BW_retrofit_3,26.0,365
2020,40,SG_current_Insul_retrofit_1_TR_retrofit_2_BW_retrofit_4,23.0,358
2020,40,SG_current_Insul_retrofit_1_TR_retrofit_2_BW_retrofit_4,24.0,362
2020,40,SG_current_Insul_retrofit_1_TR_retrofit_2_BW_retrofit_4,25.0,365
2020,40,SG_current_Insul_retrofit_1_TR_retrofit_2_BW_retrofit_4,26.0,365
2020,41,SG_current_Insul_retrofit_1_TR_retrofit_3_BW_current,23.0,352
2020,41,SG_current_Insul_retrofit_1_TR_retrofit_3_BW_current,24.0,360
2020,41,SG_current_Insul_retrofit_1_TR_retrofit_3_BW_current,25.0,363
2020,41,SG_current_Insul_retrofit_1_TR_retrofit_3_BW_current,26.0,365
2020,42,SG_current_Insul_retrofit_1_TR_retrofit_3_BW_retrofit_1,23.0,357
2020,42,SG_current_Insul_retrofit_1_TR_retrofit_3_BW_retrofit_1,24.0,362
2020,42,SG_current_Insul_retrofit_1_TR_retrofit_3_BW_retrofit_1,25.0,365
2020,42,SG_current_Insul_retrofit_1_TR_retrofit_3_BW_retrofit_1,26.0,365
2020,43,SG_current_Insul_retrofit_1_TR_retrofit_3_BW_retrofit_2,23.0,357
2020,43,SG_current_Insul_retrofit_1_TR_retrofit_3_BW_retrofit_2,24.0,362
2020,43,SG_current_Insul_retrofit_1_TR_retrofit_3_BW_retrofit_2,25.0,365
2020,43,SG_current_Insul_retrofit_1_TR_retrofit_3_BW_retrofit_2,26.0,365
2020,44,SG_current_Insul_retrofit_1_TR_retrofit_3_BW_retrofit_3,23.0,358
2020,44,SG_current_Insul_retrofit_1_TR_retrofit_3_BW_retrofit_3,24.0,362
2020,44,SG_current_Insul_retrofit_1_TR_retrofit_3_BW_retrofit_3,25.0,365
2020,44,SG_current_Insul_retrofit_1_TR_retrofit_3_BW_retrofit_3,26.0,365
2020,45,SG_current_Insul_retrofit_1_TR_retrofit_3_BW_retrofit_4,23.0,358
2020,45,SG_current_Insul_retrofit_1_TR_retrofit_3_BW_retrofit_4,24.0,362
2020,45,SG_current_Insul_retrofit_1_TR_retrofit_3_BW_retrofit_4,25.0,365
2020,45,SG_current_Insul_retrofit_1_TR_retrofit_3_BW_retrofit_4,26.0,365
2020,46,SG_current_Insul_retrofit_1_TR_retrofit_4_BW_current,23.0,352
2020,46,SG_current_Insul_retrofit_1_TR_retrofit_4_BW_current,24.0,360
2020,46,SG_current_Insul_retrofit_1_TR_retrofit_4_BW_current,25.0,363
2020,46,SG_current_Insul_retrofit_1_TR_retrofit_4_BW_current,26.0,365
2020,47,SG_current_Insul_retrofit_1_TR_retrofit_4_BW_retrofit_1,23.0,357
2020,47,SG_current_Insul_retrofit_1_TR_retrofit_4_BW_retrofit_1,24.0,362
2020,47,SG_current_Insul_retrofit_1_TR_retrofit_4_BW_retrofit_1,25.0,365
2020,47,SG_current_Insul_retrofit_1_TR_retrofit_4_BW_retrofit_1,26.0,365
2020,48,SG_current_Insul_retrofit_1_TR_retrofit_4_BW_retrofit_2,23.0,357
2020,48,SG_current_Insul_retrofit_1_TR_retrofit_4_BW_retrofit_2,24.0,362
2020,48,SG_current_Insul_retrofit_1_TR_retrofit_4_BW_retrofit_2,25.0,365
2020,48,SG_current_Insul_retrofit_1_TR_retrofit_4_BW_retrofit_2,26.0,365
2020,49,SG_current_Insul_retrofit_1_TR_retrofit_4_BW_retrofit_3,23.0,358
2020,49,SG_current_Insul_retrofit_1_TR_retrofit_4_BW_retrofit_3,24.0,362
2020,49,SG_current_Insul_retrofit_1_TR_retrofit_4_BW_retrofit_3,25.0,365
2020,49,SG_current_Insul_retrofit_1_TR_retrofit_4_BW_retrofit_3,26.0,365
2020,50,SG_current_Insul_retrofit_1_TR_retrofit_4_BW_retrofit_4,23.0,358
2020,50,SG_current_Insul_retrofit_1_TR_retrofit_4_BW_retrofit_4,24.0,362
2020,50,SG_current_Insul_retrofit_1_TR_retrofit_4_BW_retrofit_4,25.0,365
2020,50,SG_current_Insul_retrofit_1_TR_retrofit_4_BW_retrofit_4,26.0,365
2020,51,SG_current_Insul_retrofit_2_TR_current_BW_current,23.0,352
2020,51,SG_current_Insul_retrofit_2_TR_current_BW_current,24.0,359
2020,51,SG_current_Insul_retrofit_2_TR_current_BW_current,25.0,361
2020,51,SG_current_Insul_retrofit_2_TR_current_BW_current,26.0,365
2020,52,SG_current_Insul_retrofit_2_TR_current_BW_retrofit_1,23.0,356
2020,52,SG_current_Insul_retrofit_2_TR_current_BW_retrofit_1,24.0,360
2020,52,SG_current_Insul_retrofit_2_TR_current_BW_retrofit_1,25.0,364
2020,52,SG_current_Insul_retrofit_2_TR_current_BW_retrofit_1,26.0,365
2020,53,SG_current_Insul_retrofit_2_TR_current_BW_retrofit_2,23.0,356
2020,53,SG_current_Insul_retrofit_2_TR_current_BW_retrofit_2,24.0,360
2020,53,SG_current_Insul_retrofit_2_TR_current_BW_retrofit_2,25.0,364
2020,53,SG_current_Insul_retrofit_2_TR_current_BW_retrofit_2,26.0,365
2020,54,SG_current_Insul_retrofit_2_TR_current_BW_retrofit_3,23.0,356
2020,54,SG_current_Insul_retrofit_2_TR_current_BW_retrofit_3,24.0,360
2020,54,SG_current_Insul_retrofit_2_TR_current_BW_retrofit_3,25.0,364
2020,54,SG_current_Insul_retrofit_2_TR_current_BW_retrofit_3,26.0,365
2020,55,SG_current_Insul_retrofit_2_TR_current_BW_retrofit_4,23.0,356
2020,55,SG_current_Insul_retrofit_2_TR_current_BW_retrofit_4,24.0,360
2020,55,SG_current_Insul_retrofit_2_TR_current_BW_retrofit_4,25.0,364
2020,55,SG_current_Insul_retrofit_2_TR_current_BW_retrofit_4,26.0,365
2020,56,SG_current_Insul_retrofit_2_TR_retrofit_1_BW_current,23.0,352
2020,56,SG_current_Insul_retrofit_2_TR_retrofit_1_BW_current,24.0,359
2020,56,SG_current_Insul_retrofit_2_TR_retrofit_1_BW_current,25.0,363
2020,56,SG_current_Insul_retrofit_2_TR_retrofit_1_BW_current,26.0,365
2020,57,SG_current_Insul_retrofit_2_TR_retrofit_1_BW_retrofit_1,23.0,356
2020,57,SG_current_Insul_retrofit_2_TR_retrofit_1_BW_retrofit_1,24.0,362
2020,57,SG_current_Insul_retrofit_2_TR_retrofit_1_BW_retrofit_1,25.0,365
2020,57,SG_current_Insul_retrofit_2_TR_retrofit_1_BW_retrofit_1,26.0,365
2020,58,SG_current_Insul_retrofit_2_TR_retrofit_1_BW_retrofit_2,23.0,357
2020,58,SG_current_Insul_retrofit_2_TR_retrofit_1_BW_retrofit_2,24.0,362
2020,58,SG_current_Insul_retrofit_2_TR_retrofit_1_BW_retrofit_2,25.0,365
2020,58,SG_current_Insul_retrofit_2_TR_retrofit_1_BW_retrofit_2,26.0,365
2020,59,SG_current_Insul_retrofit_2_TR_retrofit_1_BW_retrofit_3,23.0,357
2020,59,SG_current_Insul_retrofit_2_TR_retrofit_1_BW_retrofit_3,24.0,362
2020,59,SG_current_Insul_retrofit_2_TR_retrofit_1_BW_retrofit_3,25.0,365
2020,59,SG_current_Insul_retrofit_2_TR_retrofit_1_BW_retrofit_3,26.0,365
2020,60,SG_current_Insul_retrofit_2_TR_retrofit_1_BW_retrofit_4,23.0,357
2020,60,SG_current_Insul_retrofit_2_TR_retrofit_1_BW_retrofit_4,24.0,362
2020,60,SG_current_Insul_retrofit_2_TR_retrofit_1_BW_retrofit_4,25.0,365
2020,60,SG_current_Insul_retrofit_2_TR_retrofit_1_BW_retrofit_4,26.0,365
2020,61,SG_current_Insul_retrofit_2_TR_retrofit_2_BW_current,23.0,352
2020,61,SG_current_Insul_retrofit_2_TR_retrofit_2_BW_current,24.0,359
2020,61,SG_current_Insul_retrofit_2_TR_retrofit_2_BW_current,25.0,363
2020,61,SG_current_Insul_retrofit_2_TR_retrofit_2_BW_current,26.0,365
2020,62,SG_current_Insul_retrofit_2_TR_retrofit_2_BW_retrofit_1,23.0,356
2020,62,SG_current_Insul_retrofit_2_TR_retrofit_2_BW_retrofit_1,24.0,362
2020,62,SG_current_Insul_retrofit_2_TR_retrofit_2_BW_retrofit_1,25.0,365
2020,62,SG_current_Insul_retrofit_2_TR_retrofit_2_BW_retrofit_1,26.0,365
2020,63,SG_current_Insul_retrofit_2_TR_retrofit_2_BW_retrofit_2,23.0,357
2020,63,SG_current_Insul_retrofit_2_TR_retrofit_2_BW_retrofit_2,24.0,362
2020,63,SG_current_Insul_retrofit_2_TR_retrofit_2_BW_retrofit_2,25.0,365
2020,63,SG_current_Insul_retrofit_2_TR_retrofit_2_BW_retrofit_2,26.0,365
2020,64,SG_current_Insul_retrofit_2_TR_retrofit_2_BW_retrofit_3,23.0,357
2020,64,SG_current_Insul_retrofit_2_TR_retrofit_2_BW_retrofit_3,24.0,362
2020,64,SG_current_Insul_retrofit_2_TR_retrofit_2_BW_retrofit_3,25.0,365
2020,64,SG_current_Insul_retrofit_2_TR_retrofit_2_BW_retrofit_3,26.0,365
2020,65,SG_current_Insul_retrofit_2_TR_retrofit_2_BW_retrofit_4,23.0,357
2020,65,SG_current_Insul_retrofit_2_TR_retrofit_2_BW_retrofit_4,24.0,362
2020,65,SG_current_Insul_retrofit_2_TR_retrofit_2_BW_retrofit_4,25.0,365
2020,65,SG_current_Insul_retrofit_2_TR_retrofit_2_BW_retrofit_4,26.0,365
2020,66,SG_current_Insul_retrofit_2_TR_retrofit_3_BW_current,23.0,352
2020,66,SG_current_Insul_retrofit_2_TR_retrofit_3_BW_current,24.0,359
2020,66,SG_current_Insul_retrofit_2_TR_retrofit_3_BW_current,25.0,363
2020,66,SG_current_Insul_retrofit_2_TR_retrofit_3_BW_current,26.0,365
2020,67,SG_current_Insul_retrofit_2_TR_retrofit_3_BW_retrofit_1,23.0,357
2020,67,SG_current_Insul_retrofit_2_TR_retrofit_3_BW_retrofit_1,24.0,362
2020,67,SG_current_Insul_retrofit_2_TR_retrofit_3_BW_retrofit_1,25.0,365
2020,67,SG_current_Insul_retrofit_2_TR_retrofit_3_BW_retrofit_1,26.0,365
2020,68,SG_current_Insul_retrofit_2_TR_retrofit_3_BW_retrofit_2,23.0,357
2020,68,SG_current_Insul_retrofit_2_TR_retrofit_3_BW_retrofit_2,24.0,362
2020,68,SG_current_Insul_retrofit_2_TR_retrofit_3_BW_retrofit_2,25.0,365
2020,68,SG_current_Insul_retrofit_2_TR_retrofit_3_BW_retrofit_2,26.0,365
2020,69,SG_current_Insul_retrofit_2_TR_retrofit_3_BW_retrofit_3,23.0,358
2020,69,SG_current_Insul_retrofit_2_TR_retrofit_3_BW_retrofit_3,24.0,362
2020,69,SG_current_Insul_retrofit_2_TR_retrofit_3_BW_retrofit_3,25.0,365
2020,69,SG_current_Insul_retrofit_2_TR_retrofit_3_BW_retrofit_3,26.0,365
2020,70,SG_current_Insul_retrofit_2_TR_retrofit_3_BW_retrofit_4,23.0,358
2020,70,SG_current_Insul_retrofit_2_TR_retrofit_3_BW_retrofit_4,24.0,362
2020,70,SG_current_Insul_retrofit_2_TR_retrofit_3_BW_retrofit_4,25.0,365
2020,70,SG_current_Insul_retrofit_2_TR_retrofit_3_BW_retrofit_4,26.0,365
2020,71,SG_current_Insul_retrofit_2_TR_retrofit_4_BW_current,23.0,352
2020,71,SG_current_Insul_retrofit_2_TR_retrofit_4_BW_current,24.0,360
2020,71,SG_current_Insul_retrofit_2_TR_retrofit_4_BW_current,25.0,363
2020,71,SG_current_Insul_retrofit_2_TR_retrofit_4_BW_current,26.0,365
2020,72,SG_current_Insul_retrofit_2_TR_retrofit_4_BW_retrofit_1,23.0,357
2020,72,SG_current_Insul_retrofit_2_TR_retrofit_4_BW_retrofit_1,24.0,362
2020,72,SG_current_Insul_retrofit_2_TR_retrofit_4_BW_retrofit_1,25.0,365
2020,72,SG_current_Insul_retrofit_2_TR_retrofit_4_BW_retrofit_1,26.0,365
2020,73,SG_current_Insul_retrofit_2_TR_retrofit_4_BW_retrofit_2,23.0,357
2020,73,SG_current_Insul_retrofit_2_TR_retrofit_4_BW_retrofit_2,24.0,362
2020,73,SG_current_Insul_retrofit_2_TR_retrofit_4_BW_retrofit_2,25.0,365
2020,73,SG_current_Insul_retrofit_2_TR_retrofit_4_BW_retrofit_2,26.0,365
2020,74,SG_current_Insul_retrofit_2_TR_retrofit_4_BW_retrofit_3,23.0,358
2020,74,SG_current_Insul_retrofit_2_TR_retrofit_4_BW_retrofit_3,24.0,362
2020,74,SG_current_Insul_retrofit_2_TR_retrofit_4_BW_retrofit_3,25.0,365
2020,74,SG_current_Insul_retrofit_2_TR_retrofit_4_BW_retrofit_3,26.0,365
2020,75,SG_current_Insul_retrofit_2_TR_retrofit_4_BW_retrofit_4,23.0,358
2020,75,SG_current_Insul_retrofit_2_TR_retrofit_4_BW_retrofit_4,24.0,362
2020,75,SG_current_Insul_retrofit_2_TR_retrofit_4_BW_retrofit_4,25.0,365
2020,75,SG_current_Insul_retrofit_2_TR_retrofit_4_BW_retrofit_4,26.0,365
2020,76,SG_current_Insul_retrofit_3_TR_current_BW_current,23.0,352
2020,76,SG_current_Insul_retrofit_3_TR_current_BW_current,24.0,359
2020,76,SG_current_Insul_retrofit_3_TR_current_BW_current,25.0,361
2020,76,SG_current_Insul_retrofit_3_TR_current_BW_current,26.0,365
2020,77,SG_current_Insul_retrofit_3_TR_current_BW_retrofit_1,23.0,355
2020,77,SG_current_Insul_retrofit_3_TR_current_BW_retrofit_1,24.0,360
2020,77,SG_current_Insul_retrofit_3_TR_current_BW_retrofit_1,25.0,364
2020,77,SG_current_Insul_retrofit_3_TR_current_BW_retrofit_1,26.0,365
2020,78,SG_current_Insul_retrofit_3_TR_current_BW_retrofit_2,23.0,355
2020,78,SG_current_Insul_retrofit_3_TR_current_BW_retrofit_2,24.0,360
2020,78,SG_current_Insul_retrofit_3_TR_current_BW_retrofit_2,25.0,364
2020,78,SG_current_Insul_retrofit_3_TR_current_BW_retrofit_2,26.0,365
2020,79,SG_current_Insul_retrofit_3_TR_current_BW_retrofit_3,23.0,356
2020,79,SG_current_Insul_retrofit_3_TR_current_BW_retrofit_3,24.0,360
2020,79,SG_current_Insul_retrofit_3_TR_current_BW_retrofit_3,25.0,364
2020,79,SG_current_Insul_retrofit_3_TR_current_BW_retrofit_3,26.0,365
2020,80,SG_current_Insul_retrofit_3_TR_current_BW_retrofit_4,23.0,356
2020,80,SG_current_Insul_retrofit_3_TR_current_BW_retrofit_4,24.0,360
2020,80,SG_current_Insul_retrofit_3_TR_current_BW_retrofit_4,25.0,364
2020,80,SG_current_Insul_retrofit_3_TR_current_BW_retrofit_4,26.0,365
2020,81,SG_current_Insul_retrofit_3_TR_retrofit_1_BW_current,23.0,352
2020,81,SG_current_Insul_retrofit_3_TR_retrofit_1_BW_current,24.0,359
2020,81,SG_current_Insul_retrofit_3_TR_retrofit_1_BW_current,25.0,363
2020,81,SG_current_Insul_retrofit_3_TR_retrofit_1_BW_current,26.0,365
2020,82,SG_current_Insul_retrofit_3_TR_retrofit_1_BW_retrofit_1,23.0,356
2020,82,SG_current_Insul_retrofit_3_TR_retrofit_1_BW_retrofit_1,24.0,361
2020,82,SG_current_Insul_retrofit_3_TR_retrofit_1_BW_retrofit_1,25.0,365
2020,82,SG_current_Insul_retrofit_3_TR_retrofit_1_BW_retrofit_1,26.0,365
2020,83,SG_current_Insul_retrofit_3_TR_retrofit_1_BW_retrofit_2,23.0,357
2020,83,SG_current_Insul_retrofit_3_TR_retrofit_1_BW_retrofit_2,24.0,362
2020,83,SG_current_Insul_retrofit_3_TR_retrofit_1_BW_retrofit_2,25.0,365
2020,83,SG_current_Insul_retrofit_3_TR_retrofit_1_BW_retrofit_2,26.0,365
2020,84,SG_current_Insul_retrofit_3_TR_retrofit_1_BW_retrofit_3,23.0,357
2020,84,SG_current_Insul_retrofit_3_TR_retrofit_1_BW_retrofit_3,24.0,362
2020,84,SG_current_Insul_retrofit_3_TR_retrofit_1_BW_retrofit_3,25.0,365
2020,84,SG_current_Insul_retrofit_3_TR_retrofit_1_BW_retrofit_3,26.0,365
2020,85,SG_current_Insul_retrofit_3_TR_retrofit_1_BW_retrofit_4,23.0,357
2020,85,SG_current_Insul_retrofit_3_TR_retrofit_1_BW_retrofit_4,24.0,362
2020,85,SG_current_Insul_retrofit_3_TR_retrofit_1_BW_retrofit_4,25.0,365
2020,85,SG_current_Insul_retrofit_3_TR_retrofit_1_BW_retrofit_4,26.0,365
2020,86,SG_current_Insul_retrofit_3_TR_retrofit_2_BW_current,23.0,352
2020,86,SG_current_Insul_retrofit_3_TR_retrofit_2_BW_current,24.0,359
2020,86,SG_current_Insul_retrofit_3_TR_retrofit_2_BW_current,25.0,363
2020,86,SG_current_Insul_retrofit_3_TR_retrofit_2_BW_current,26.0,365
2020,87,SG_current_Insul_retrofit_3_TR_retrofit_2_BW_retrofit_1,23.0,356
2020,87,SG_current_Insul_retrofit_3_TR_retrofit_2_BW_retrofit_1,24.0,362
2020,87,SG_current_Insul_retrofit_3_TR_retrofit_2_BW_retrofit_1,25.0,365
2020,87,SG_current_Insul_retrofit_3_TR_retrofit_2_BW_retrofit_1,26.0,365
2020,88,SG_current_Insul_retrofit_3_TR_retrofit_2_BW_retrofit_2,23.0,357
2020,88,SG_current_Insul_retrofit_3_TR_retrofit_2_BW_retrofit_2,24.0,362
2020,88,SG_current_Insul_retrofit_3_TR_retrofit_2_BW_retrofit_2,25.0,365
2020,88,SG_current_Insul_retrofit_3_TR_retrofit_2_BW_retrofit_2,26.0,365
2020,89,SG_current_Insul_retrofit_3_TR_retrofit_2_BW_retrofit_3,23.0,357
2020,89,SG_current_Insul_retrofit_3_TR_retrofit_2_BW_retrofit_3,24.0,362
2020,89,SG_current_Insul_retrofit_3_TR_retrofit_2_BW_retrofit_3,25.0,365
2020,89,SG_current_Insul_retrofit_3_TR_retrofit_2_BW_retrofit_3,26.0,365
2020,90,SG_current_Insul_retrofit_3_TR_retrofit_2_BW_retrofit_4,23.0,357
2020,90,SG_current_Insul_retrofit_3_TR_retrofit_2_BW_retrofit_4,24.0,362
2020,90,SG_current_Insul_retrofit_3_TR_retrofit_2_BW_retrofit_4,25.0,365
2020,90,SG_current_Insul_retrofit_3_TR_retrofit_2_BW_retrofit_4,26.0,365
2020,91,SG_current_Insul_retrofit_3_TR_retrofit_3_BW_current,23.0,352
2020,91,SG_current_Insul_retrofit_3_TR_retrofit_3_BW_current,24.0,359
2020,91,SG_current_Insul_retrofit_3_TR_retrofit_3_BW_current,25.0,363
2020,91,SG_current_Insul_retrofit_3_TR_retrofit_3_BW_current,26.0,365
2020,92,SG_current_Insul_retrofit_3_TR_retrofit_3_BW_retrofit_1,23.0,357
2020,92,SG_current_Insul_retrofit_3_TR_retrofit_3_BW_retrofit_1,24.0,362
2020,92,SG_current_Insul_retrofit_3_TR_retrofit_3_BW_retrofit_1,25.0,365
2020,92,SG_current_Insul_retrofit_3_TR_retrofit_3_BW_retrofit_1,26.0,365
2020,93,SG_current_Insul_retrofit_3_TR_retrofit_3_BW_retrofit_2,23.0,357
2020,93,SG_current_Insul_retrofit_3_TR_retrofit_3_BW_retrofit_2,24.0,362
2020,93,SG_current_Insul_retrofit_3_TR_retrofit_3_BW_retrofit_2,25.0,365
2020,93,SG_current_Insul_retrofit_3_TR_retrofit_3_BW_retrofit_2,26.0,365
2020,94,SG_current_Insul_retrofit_3_TR_retrofit_3_BW_retrofit_3,23.0,357
2020,94,SG_current_Insul_retrofit_3_TR_retrofit_3_BW_retrofit_3,24.0,362
2020,94,SG_current_Insul_retrofit_3_TR_retrofit_3_BW_retrofit_3,25.0,365
2020,94,SG_current_Insul_retrofit_3_TR_retrofit_3_BW_retrofit_3,26.0,365
2020,95,SG_current_Insul_retrofit_3_TR_retrofit_3_BW_retrofit_4,23.0,357
2020,95,SG_current_Insul_retrofit_3_TR_retrofit_3_BW_retrofit_4,24.0,362
2020,95,SG_current_Insul_retrofit_3_TR_retrofit_3_BW_retrofit_4,25.0,365
2020,95,SG_current_Insul_retrofit_3_TR_retrofit_3_BW_retrofit_4,26.0,365
2020,96,SG_current_Insul_retrofit_3_TR_retrofit_4_BW_current,23.0,352
2020,96,SG_current_Insul_retrofit_3_TR_retrofit_4_BW_current,24.0,359
2020,96,SG_current_Insul_retrofit_3_TR_retrofit_4_BW_current,25.0,363
2020,96,SG_current_Insul_retrofit_3_TR_retrofit_4_BW_current,26.0,365
2020,97,SG_current_Insul_retrofit_3_TR_retrofit_4_BW_retrofit_1,23.0,357
2020,97,SG_current_Insul_retrofit_3_TR_retrofit_4_BW_retrofit_1,24.0,362
2020,97,SG_current_Insul_retrofit_3_TR_retrofit_4_BW_retrofit_1,25.0,365
2020,97,SG_current_Insul_retrofit_3_TR_retrofit_4_BW_retrofit_1,26.0,365
2020,98,SG_current_Insul_retrofit_3_TR_retrofit_4_BW_retrofit_2,23.0,357
2020,98,SG_current_Insul_retrofit_3_TR_retrofit_4_BW_retrofit_2,24.0,362
2020,98,SG_current_Insul_retrofit_3_TR_retrofit_4_BW_retrofit_2,25.0,365
2020,98,SG_current_Insul_retrofit_3_TR_retrofit_4_BW_retrofit_2,26.0,365
2020,99,SG_current_Insul_retrofit_3_TR_retrofit_4_BW_retrofit_3,23.0,357
2020,99,SG_current_Insul_retrofit_3_TR_retrofit_4_BW_retrofit_3,24.0,362
2020,99,SG_current_Insul_retrofit_3_TR_retrofit_4_BW_retrofit_3,25.0,365
2020,99,SG_current_Insul_retrofit_3_TR_retrofit_4_BW_retrofit_3,26.0,365
2020,100,SG_current_Insul_retrofit_3_TR_retrofit_4_BW_retrofit_4,23.0,357
2020,100,SG_current_Insul_retrofit_3_TR_retrofit_4_BW_retrofit_4,24.0,362
2020,100,SG_current_Insul_retrofit_3_TR_retrofit_4_BW_retrofit_4,25.0,365
2020,100,SG_current_Insul_retrofit_3_TR_retrofit_4_BW_retrofit_4,26.0,365
2020,101,SG_current_Insul_retrofit_4_TR_current_BW_current,23.0,352
2020,101,SG_current_Insul_retrofit_4_TR_current_BW_current,24.0,359
2020,101,SG_current_Insul_retrofit_4_TR_current_BW_current,25.0,361
2020,101,SG_current_Insul_retrofit_4_TR_current_BW_current,26.0,365
2020,102,SG_current_Insul_retrofit_4_TR_current_BW_retrofit_1,23.0,355
2020,102,SG_current_Insul_retrofit_4_TR_current_BW_retrofit_1,24.0,360
2020,102,SG_current_Insul_retrofit_4_TR_current_BW_retrofit_1,25.0,364
2020,102,SG_current_Insul_retrofit_4_TR_current_BW_retrofit_1,26.0,365
2020,103,SG_current_Insul_retrofit_4_TR_current_BW_retrofit_2,23.0,356
2020,103,SG_current_Insul_retrofit_4_TR_current_BW_retrofit_2,24.0,360
2020,103,SG_current_Insul_retrofit_4_TR_current_BW_retrofit_2,25.0,364
2020,103,SG_current_Insul_retrofit_4_TR_current_BW_retrofit_2,26.0,365
2020,104,SG_current_Insul_retrofit_4_TR_current_BW_retrofit_3,23.0,356
2020,104,SG_current_Insul_retrofit_4_TR_current_BW_retrofit_3,24.0,360
2020,104,SG_current_Insul_retrofit_4_TR_current_BW_retrofit_3,25.0,364
2020,104,SG_current_Insul_retrofit_4_TR_current_BW_retrofit_3,26.0,365
2020,105,SG_current_Insul_retrofit_4_TR_current_BW_retrofit_4,23.0,356
2020,105,SG_current_Insul_retrofit_4_TR_current_BW_retrofit_4,24.0,360
2020,105,SG_current_Insul_retrofit_4_TR_current_BW_retrofit_4,25.0,364
2020,105,SG_current_Insul_retrofit_4_TR_current_BW_retrofit_4,26.0,365
2020,106,SG_current_Insul_retrofit_4_TR_retrofit_1_BW_current,23.0,352
2020,106,SG_current_Insul_retrofit_4_TR_retrofit_1_BW_current,24.0,359
2020,106,SG_current_Insul_retrofit_4_TR_retrofit_1_BW_current,25.0,363
2020,106,SG_current_Insul_retrofit_4_TR_retrofit_1_BW_current,26.0,365
2020,107,SG_current_Insul_retrofit_4_TR_retrofit_1_BW_retrofit_1,23.0,356
2020,107,SG_current_Insul_retrofit_4_TR_retrofit_1_BW_retrofit_1,24.0,362
2020,107,SG_current_Insul_retrofit_4_TR_retrofit_1_BW_retrofit_1,25.0,365
2020,107,SG_current_Insul_retrofit_4_TR_retrofit_1_BW_retrofit_1,26.0,365
2020,108,SG_current_Insul_retrofit_4_TR_retrofit_1_BW_retrofit_2,23.0,356
2020,108,SG_current_Insul_retrofit_4_TR_retrofit_1_BW_retrofit_2,24.0,362
2020,108,SG_current_Insul_retrofit_4_TR_retrofit_1_BW_retrofit_2,25.0,365
2020,108,SG_current_Insul_retrofit_4_TR_retrofit_1_BW_retrofit_2,26.0,365
2020,109,SG_current_Insul_retrofit_4_TR_retrofit_1_BW_retrofit_3,23.0,357
2020,109,SG_current_Insul_retrofit_4_TR_retrofit_1_BW_retrofit_3,24.0,362
2020,109,SG_current_Insul_retrofit_4_TR_retrofit_1_BW_retrofit_3,25.0,365
2020,109,SG_current_Insul_retrofit_4_TR_retrofit_1_BW_retrofit_3,26.0,365
2020,110,SG_current_Insul_retrofit_4_TR_retrofit_1_BW_retrofit_4,23.0,357
2020,110,SG_current_Insul_retrofit_4_TR_retrofit_1_BW_retrofit_4,24.0,362
2020,110,SG_current_Insul_retrofit_4_TR_retrofit_1_BW_retrofit_4,25.0,365
2020,110,SG_current_Insul_retrofit_4_TR_retrofit_1_BW_retrofit_4,26.0,365
2020,111,SG_current_Insul_retrofit_4_TR_retrofit_2_BW_current,23.0,352
2020,111,SG_current_Insul_retrofit_4_TR_retrofit_2_BW_current,24.0,359
2020,111,SG_current_Insul_retrofit_4_TR_retrofit_2_BW_current,25.0,363
2020,111,SG_current_Insul_retrofit_4_TR_retrofit_2_BW_current,26.0,365
2020,112,SG_current_Insul_retrofit_4_TR_retrofit_2_BW_retrofit_1,23.0,356
2020,112,SG_current_Insul_retrofit_4_TR_retrofit_2_BW_retrofit_1,24.0,362
2020,112,SG_current_Insul_retrofit_4_TR_retrofit_2_BW_retrofit_1,25.0,365
2020,112,SG_current_Insul_retrofit_4_TR_retrofit_2_BW_retrofit_1,26.0,365
2020,113,SG_current_Insul_retrofit_4_TR_retrofit_2_BW_retrofit_2,23.0,357
2020,113,SG_current_Insul_retrofit_4_TR_retrofit_2_BW_retrofit_2,24.0,362
2020,113,SG_current_Insul_retrofit_4_TR_retrofit_2_BW_retrofit_2,25.0,365
2020,113,SG_current_Insul_retrofit_4_TR_retrofit_2_BW_retrofit_2,26.0,365
2020,114,SG_current_Insul_retrofit_4_TR_retrofit_2_BW_retrofit_3,23.0,357
2020,114,SG_current_Insul_retrofit_4_TR_retrofit_2_BW_retrofit_3,24.0,362
2020,114,SG_current_Insul_retrofit_4_TR_retrofit_2_BW_retrofit_3,25.0,365
2020,114,SG_current_Insul_retrofit_4_TR_retrofit_2_BW_retrofit_3,26.0,365
2020,115,SG_current_Insul_retrofit_4_TR_retrofit_2_BW_retrofit_4,23.0,357
2020,115,SG_current_Insul_retrofit_4_TR_retrofit_2_BW_retrofit_4,24.0,362
2020,115,SG_current_Insul_retrofit_4_TR_retrofit_2_BW_retrofit_4,25.0,365
2020,115,SG_current_Insul_retrofit_4_TR_retrofit_2_BW_retrofit_4,26.0,365
2020,116,SG_current_Insul_retrofit_4_TR_retrofit_3_BW_current,23.0,352
2020,116,SG_current_Insul_retrofit_4_TR_retrofit_3_BW_current,24.0,359
2020,116,SG_current_Insul_retrofit_4_TR_retrofit_3_BW_current,25.0,363
2020,116,SG_current_Insul_retrofit_4_TR_retrofit_3_BW_current,26.0,365
2020,117,SG_current_Insul_retrofit_4_TR_retrofit_3_BW_retrofit_1,23.0,356
2020,117,SG_current_Insul_retrofit_4_TR_retrofit_3_BW_retrofit_1,24.0,362
2020,117,SG_current_Insul_retrofit_4_TR_retrofit_3_BW_retrofit_1,25.0,365
2020,117,SG_current_Insul_retrofit_4_TR_retrofit_3_BW_retrofit_1,26.0,365
2020,118,SG_current_Insul_retrofit_4_TR_retrofit_3_BW_retrofit_2,23.0,357
2020,118,SG_current_Insul_retrofit_4_TR_retrofit_3_BW_retrofit_2,24.0,362
2020,118,SG_current_Insul_retrofit_4_TR_retrofit_3_BW_retrofit_2,25.0,365
2020,118,SG_current_Insul_retrofit_4_TR_retrofit_3_BW_retrofit_2,26.0,365
2020,119,SG_current_Insul_retrofit_4_TR_retrofit_3_BW_retrofit_3,23.0,357
2020,119,SG_current_Insul_retrofit_4_TR_retrofit_3_BW_retrofit_3,24.0,362
2020,119,SG_current_Insul_retrofit_4_TR_retrofit_3_BW_retrofit_3,25.0,365
2020,119,SG_current_Insul_retrofit_4_TR_retrofit_3_BW_retrofit_3,26.0,365
2020,120,SG_current_Insul_retrofit_4_TR_retrofit_3_BW_retrofit_4,23.0,357
2020,120,SG_current_Insul_retrofit_4_TR_retrofit_3_BW_retrofit_4,24.0,362
2020,120,SG_current_Insul_retrofit_4_TR_retrofit_3_BW_retrofit_4,25.0,365
2020,120,SG_current_Insul_retrofit_4_TR_retrofit_3_BW_retrofit_4,26.0,365
2020,121,SG_current_Insul_retrofit_4_TR_retrofit_4_BW_current,23.0,352
2020,121,SG_current_Insul_retrofit_4_TR_retrofit_4_BW_current,24.0,359
2020,121,SG_current_Insul_retrofit_4_TR_retrofit_4_BW_current,25.0,363
2020,121,SG_current_Insul_retrofit_4_TR_retrofit_4_BW_current,26.0,365
2020,122,SG_current_Insul_retrofit_4_TR_retrofit_4_BW_retrofit_1,23.0,356
2020,122,SG_current_Insul_retrofit_4_TR_retrofit_4_BW_retrofit_1,24.0,362
2020,122,SG_current_Insul_retrofit_4_TR_retrofit_4_BW_retrofit_1,25.0,365
2020,122,SG_current_Insul_retrofit_4_TR_retrofit_4_BW_retrofit_1,26.0,365
2020,123,SG_current_Insul_retrofit_4_TR_retrofit_4_BW_retrofit_2,23.0,357
2020,123,SG_current_Insul_retrofit_4_TR_retrofit_4_BW_retrofit_2,24.0,362
2020,123,SG_current_Insul_retrofit_4_TR_retrofit_4_BW_retrofit_2,25.0,365
2020,123,SG_current_Insul_retrofit_4_TR_retrofit_4_BW_retrofit_2,26.0,365
2020,124,SG_current_Insul_retrofit_4_TR_retrofit_4_BW_retrofit_3,23.0,357
2020,124,SG_current_Insul_retrofit_4_TR_retrofit_4_BW_retrofit_3,24.0,362
2020,124,SG_current_Insul_retrofit_4_TR_retrofit_4_BW_retrofit_3,25.0,365
2020,124,SG_current_Insul_retrofit_4_TR_retrofit_4_BW_retrofit_3,26.0,365
2020,125,SG_current_Insul_retrofit_4_TR_retrofit_4_BW_retrofit_4,23.0,357
2020,125,SG_current_Insul_retrofit_4_TR_retrofit_4_BW_retrofit_4,24.0,362
2020,125,SG_current_Insul_retrofit_4_TR_retrofit_4_BW_retrofit_4,25.0,365
2020,125,SG_current_Insul_retrofit_4_TR_retrofit_4_BW_retrofit_4,26.0,365
2020,126,SG_retrofit_1_Insul_current_TR_current_BW_current,23.0,359
2020,126,SG_retrofit_1_Insul_current_TR_current_BW_current,24.0,362
2020,126,SG_retrofit_1_Insul_current_TR_current_BW_current,25.0,365
2020,126,SG_retrofit_1_Insul_current_TR_current_BW_current,26.0,365
2020,127,SG_retrofit_1_Insul_current_TR_current_BW_retrofit_1,23.0,360
2020,127,SG_retrofit_1_Insul_current_TR_current_BW_retrofit_1,24.0,365
2020,127,SG_retrofit_1_Insul_current_TR_current_BW_retrofit_1,25.0,365
2020,127,SG_retrofit_1_Insul_current_TR_current_BW_retrofit_1,26.0,365
2020,128,SG_retrofit_1_Insul_current_TR_current_BW_retrofit_2,23.0,362
2020,128,SG_retrofit_1_Insul_current_TR_current_BW_retrofit_2,24.0,365
2020,128,SG_retrofit_1_Insul_current_TR_current_BW_retrofit_2,25.0,365
2020,128,SG_retrofit_1_Insul_current_TR_current_BW_retrofit_2,26.0,365
2020,129,SG_retrofit_1_Insul_current_TR_current_BW_retrofit_3,23.0,362
2020,129,SG_retrofit_1_Insul_current_TR_current_BW_retrofit_3,24.0,365
2020,129,SG_retrofit_1_Insul_current_TR_current_BW_retrofit_3,25.0,365
2020,129,SG_retrofit_1_Insul_current_TR_current_BW_retrofit_3,26.0,365
2020,130,SG_retrofit_1_Insul_current_TR_current_BW_retrofit_4,23.0,362
2020,130,SG_retrofit_1_Insul_current_TR_current_BW_retrofit_4,24.0,365
2020,130,SG_retrofit_1_Insul_current_TR_current_BW_retrofit_4,25.0,365
2020,130,SG_retrofit_1_Insul_current_TR_current_BW_retrofit_4,26.0,365
2020,131,SG_retrofit_1_Insul_current_TR_retrofit_1_BW_current,23.0,359
2020,131,SG_retrofit_1_Insul_current_TR_retrofit_1_BW_current,24.0,362
2020,131,SG_retrofit_1_Insul_current_TR_retrofit_1_BW_current,25.0,365
2020,131,SG_retrofit_1_Insul_current_TR_retrofit_1_BW_current,26.0,365
2020,132,SG_retrofit_1_Insul_current_TR_retrofit_1_BW_retrofit_1,23.0,362
2020,132,SG_retrofit_1_Insul_current_TR_retrofit_1_BW_retrofit_1,24.0,365
2020,132,SG_retrofit_1_Insul_current_TR_retrofit_1_BW_retrofit_1,25.0,365
2020,132,SG_retrofit_1_Insul_current_TR_retrofit_1_BW_retrofit_1,26.0,365
2020,133,SG_retrofit_1_Insul_current_TR_retrofit_1_BW_retrofit_2,23.0,362
2020,133,SG_retrofit_1_Insul_current_TR_retrofit_1_BW_retrofit_2,24.0,365
2020,133,SG_retrofit_1_Insul_current_TR_retrofit_1_BW_retrofit_2,25.0,365
2020,133,SG_retrofit_1_Insul_current_TR_retrofit_1_BW_retrofit_2,26.0,365
2020,134,SG_retrofit_1_Insul_current_TR_retrofit_1_BW_retrofit_3,23.0,362
2020,134,SG_retrofit_1_Insul_current_TR_retrofit_1_BW_retrofit_3,24.0,365
2020,134,SG_retrofit_1_Insul_current_TR_retrofit_1_BW_retrofit_3,25.0,365
2020,134,SG_retrofit_1_Insul_current_TR_retrofit_1_BW_retrofit_3,26.0,365
2020,135,SG_retrofit_1_Insul_current_TR_retrofit_1_BW_retrofit_4,23.0,362
2020,135,SG_retrofit_1_Insul_current_TR_retrofit_1_BW_retrofit_4,24.0,365
2020,135,SG_retrofit_1_Insul_current_TR_retrofit_1_BW_retrofit_4,25.0,365
2020,135,SG_retrofit_1_Insul_current_TR_retrofit_1_BW_retrofit_4,26.0,365
2020,136,SG_retrofit_1_Insul_current_TR_retrofit_2_BW_current,23.0,359
2020,136,SG_retrofit_1_Insul_current_TR_retrofit_2_BW_current,24.0,362
2020,136,SG_retrofit_1_Insul_current_TR_retrofit_2_BW_current,25.0,365
2020,136,SG_retrofit_1_Insul_current_TR_retrofit_2_BW_current,26.0,365
2020,137,SG_retrofit_1_Insul_current_TR_retrofit_2_BW_retrofit_1,23.0,362
2020,137,SG_retrofit_1_Insul_current_TR_retrofit_2_BW_retrofit_1,24.0,365
2020,137,SG_retrofit_1_Insul_current_TR_retrofit_2_BW_retrofit_1,25.0,365
2020,137,SG_retrofit_1_Insul_current_TR_retrofit_2_BW_retrofit_1,26.0,365
2020,138,SG_retrofit_1_Insul_current_TR_retrofit_2_BW_retrofit_2,23.0,362
2020,138,SG_retrofit_1_Insul_current_TR_retrofit_2_BW_retrofit_2,24.0,365
2020,138,SG_retrofit_1_Insul_current_TR_retrofit_2_BW_retrofit_2,25.0,365
2020,138,SG_retrofit_1_Insul_current_TR_retrofit_2_BW_retrofit_2,26.0,365
2020,139,SG_retrofit_1_Insul_current_TR_retrofit_2_BW_retrofit_3,23.0,362
2020,139,SG_retrofit_1_Insul_current_TR_retrofit_2_BW_retrofit_3,24.0,365
2020,139,SG_retrofit_1_Insul_current_TR_retrofit_2_BW_retrofit_3,25.0,365
2020,139,SG_retrofit_1_Insul_current_TR_retrofit_2_BW_retrofit_3,26.0,365
2020,140,SG_retrofit_1_Insul_current_TR_retrofit_2_BW_retrofit_4,23.0,362
2020,140,SG_retrofit_1_Insul_current_TR_retrofit_2_BW_retrofit_4,24.0,365
2020,140,SG_retrofit_1_Insul_current_TR_retrofit_2_BW_retrofit_4,25.0,365
2020,140,SG_retrofit_1_Insul_current_TR_retrofit_2_BW_retrofit_4,26.0,365
2020,141,SG_retrofit_1_Insul_current_TR_retrofit_3_BW_current,23.0,359
2020,141,SG_retrofit_1_Insul_current_TR_retrofit_3_BW_current,24.0,362
2020,141,SG_retrofit_1_Insul_current_TR_retrofit_3_BW_current,25.0,365
2020,141,SG_retrofit_1_Insul_current_TR_retrofit_3_BW_current,26.0,365
2020,142,SG_retrofit_1_Insul_current_TR_retrofit_3_BW_retrofit_1,23.0,362
2020,142,SG_retrofit_1_Insul_current_TR_retrofit_3_BW_retrofit_1,24.0,365
2020,142,SG_retrofit_1_Insul_current_TR_retrofit_3_BW_retrofit_1,25.0,365
2020,142,SG_retrofit_1_Insul_current_TR_retrofit_3_BW_retrofit_1,26.0,365
2020,143,SG_retrofit_1_Insul_current_TR_retrofit_3_BW_retrofit_2,23.0,362
2020,143,SG_retrofit_1_Insul_current_TR_retrofit_3_BW_retrofit_2,24.0,365
2020,143,SG_retrofit_1_Insul_current_TR_retrofit_3_BW_retrofit_2,25.0,365
2020,143,SG_retrofit_1_Insul_current_TR_retrofit_3_BW_retrofit_2,26.0,365
2020,144,SG_retrofit_1_Insul_current_TR_retrofit_3_BW_retrofit_3,23.0,362
2020,144,SG_retrofit_1_Insul_current_TR_retrofit_3_BW_retrofit_3,24.0,365
2020,144,SG_retrofit_1_Insul_current_TR_retrofit_3_BW_retrofit_3,25.0,365
2020,144,SG_retrofit_1_Insul_current_TR_retrofit_3_BW_retrofit_3,26.0,365
2020,145,SG_retrofit_1_Insul_current_TR_retrofit_3_BW_retrofit_4,23.0,362
2020,145,SG_retrofit_1_Insul_current_TR_retrofit_3_BW_retrofit_4,24.0,365
2020,145,SG_retrofit_1_Insul_current_TR_retrofit_3_BW_retrofit_4,25.0,365
2020,145,SG_retrofit_1_Insul_current_TR_retrofit_3_BW_retrofit_4,26.0,365
2020,146,SG_retrofit_1_Insul_current_TR_retrofit_4_BW_current,23.0,359
2020,146,SG_retrofit_1_Insul_current_TR_retrofit_4_BW_current,24.0,362
2020,146,SG_retrofit_1_Insul_current_TR_retrofit_4_BW_current,25.0,365
2020,146,SG_retrofit_1_Insul_current_TR_retrofit_4_BW_current,26.0,365
2020,147,SG_retrofit_1_Insul_current_TR_retrofit_4_BW_retrofit_1,23.0,362
2020,147,SG_retrofit_1_Insul_current_TR_retrofit_4_BW_retrofit_1,24.0,365
2020,147,SG_retrofit_1_Insul_current_TR_retrofit_4_BW_retrofit_1,25.0,365
2020,147,SG_retrofit_1_Insul_current_TR_retrofit_4_BW_retrofit_1,26.0,365
2020,148,SG_retrofit_1_Insul_current_TR_retrofit_4_BW_retrofit_2,23.0,362
2020,148,SG_retrofit_1_Insul_current_TR_retrofit_4_BW_retrofit_2,24.0,365
2020,148,SG_retrofit_1_Insul_current_TR_retrofit_4_BW_retrofit_2,25.0,365
2020,148,SG_retrofit_1_Insul_current_TR_retrofit_4_BW_retrofit_2,26.0,365
2020,149,SG_retrofit_1_Insul_current_TR_retrofit_4_BW_retrofit_3,23.0,362
2020,149,SG_retrofit_1_Insul_current_TR_retrofit_4_BW_retrofit_3,24.0,365
2020,149,SG_retrofit_1_Insul_current_TR_retrofit_4_BW_retrofit_3,25.0,365
2020,149,SG_retrofit_1_Insul_current_TR_retrofit_4_BW_retrofit_3,26.0,365
2020,150,SG_retrofit_1_Insul_current_TR_retrofit_4_BW_retrofit_4,23.0,362
2020,150,SG_retrofit_1_Insul_current_TR_retrofit_4_BW_retrofit_4,24.0,365
2020,150,SG_retrofit_1_Insul_current_TR_retrofit_4_BW_retrofit_4,25.0,365
2020,150,SG_retrofit_1_Insul_current_TR_retrofit_4_BW_retrofit_4,26.0,365
2020,151,SG_retrofit_1_Insul_retrofit_1_TR_current_BW_current,23.0,352
2020,151,SG_retrofit_1_Insul_retrofit_1_TR_current_BW_current,24.0,360
2020,151,SG_retrofit_1_Insul_retrofit_1_TR_current_BW_current,25.0,363
2020,151,SG_retrofit_1_Insul_retrofit_1_TR_current_BW_current,26.0,365
2020,152,SG_retrofit_1_Insul_retrofit_1_TR_current_BW_retrofit_1,23.0,356
2020,152,SG_retrofit_1_Insul_retrofit_1_TR_current_BW_retrofit_1,24.0,361
2020,152,SG_retrofit_1_Insul_retrofit_1_TR_current_BW_retrofit_1,25.0,365
2020,152,SG_retrofit_1_Insul_retrofit_1_TR_current_BW_retrofit_1,26.0,365
2020,153,SG_retrofit_1_Insul_retrofit_1_TR_current_BW_retrofit_2,23.0,356
2020,153,SG_retrofit_1_Insul_retrofit_1_TR_current_BW_retrofit_2,24.0,361
2020,153,SG_retrofit_1_Insul_retrofit_1_TR_current_BW_retrofit_2,25.0,365
2020,153,SG_retrofit_1_Insul_retrofit_1_TR_current_BW_retrofit_2,26.0,365
2020,154,SG_retrofit_1_Insul_retrofit_1_TR_current_BW_retrofit_3,23.0,356
2020,154,SG_retrofit_1_Insul_retrofit_1_TR_current_BW_retrofit_3,24.0,361
2020,154,SG_retrofit_1_Insul_retrofit_1_TR_current_BW_retrofit_3,25.0,365
2020,154,SG_retrofit_1_Insul_retrofit_1_TR_current_BW_retrofit_3,26.0,365
2020,155,SG_retrofit_1_Insul_retrofit_1_TR_current_BW_retrofit_4,23.0,356
2020,155,SG_retrofit_1_Insul_retrofit_1_TR_current_BW_retrofit_4,24.0,361
2020,155,SG_retrofit_1_Insul_retrofit_1_TR_current_BW_retrofit_4,25.0,365
2020,155,SG_retrofit_1_Insul_retrofit_1_TR_current_BW_retrofit_4,26.0,365
2020,156,SG_retrofit_1_Insul_retrofit_1_TR_retrofit_1_BW_current,23.0,352
2020,156,SG_retrofit_1_Insul_retrofit_1_TR_retrofit_1_BW_current,24.0,360
2020,156,SG_retrofit_1_Insul_retrofit_1_TR_retrofit_1_BW_current,25.0,363
2020,156,SG_retrofit_1_Insul_retrofit_1_TR_retrofit_1_BW_current,26.0,365
2020,157,SG_retrofit_1_Insul_retrofit_1_TR_retrofit_1_BW_retrofit_1,23.0,358
2020,157,SG_retrofit_1_Insul_retrofit_1_TR_retrofit_1_BW_retrofit_1,24.0,362
2020,157,SG_retrofit_1_Insul_retrofit_1_TR_retrofit_1_BW_retrofit_1,25.0,365
2020,157,SG_retrofit_1_Insul_retrofit_1_TR_retrofit_1_BW_retrofit_1,26.0,365
2020,158,SG_retrofit_1_Insul_retrofit_1_TR_retrofit_1_BW_retrofit_2,23.0,358
2020,158,SG_retrofit_1_Insul_retrofit_1_TR_retrofit_1_BW_retrofit_2,24.0,362
2020,158,SG_retrofit_1_Insul_retrofit_1_TR_retrofit_1_BW_retrofit_2,25.0,365
2020,158,SG_retrofit_1_Insul_retrofit_1_TR_retrofit_1_BW_retrofit_2,26.0,365
2020,159,SG_retrofit_1_Insul_retrofit_1_TR_retrofit_1_BW_retrofit_3,23.0,358
2020,159,SG_retrofit_1_Insul_retrofit_1_TR_retrofit_1_BW_retrofit_3,24.0,362
2020,159,SG_retrofit_1_Insul_retrofit_1_TR_retrofit_1_BW_retrofit_3,25.0,365
2020,159,SG_retrofit_1_Insul_retrofit_1_TR_retrofit_1_BW_retrofit_3,26.0,365
2020,160,SG_retrofit_1_Insul_retrofit_1_TR_retrofit_1_BW_retrofit_4,23.0,358
2020,160,SG_retrofit_1_Insul_retrofit_1_TR_retrofit_1_BW_retrofit_4,24.0,362
2020,160,SG_retrofit_1_Insul_retrofit_1_TR_retrofit_1_BW_retrofit_4,25.0,365
2020,160,SG_retrofit_1_Insul_retrofit_1_TR_retrofit_1_BW_retrofit_4,26.0,365
2020,161,SG_retrofit_1_Insul_retrofit_1_TR_retrofit_2_BW_current,23.0,352
2020,161,SG_retrofit_1_Insul_retrofit_1_TR_retrofit_2_BW_current,24.0,360
2020,161,SG_retrofit_1_Insul_retrofit_1_TR_retrofit_2_BW_current,25.0,363
2020,161,SG_retrofit_1_Insul_retrofit_1_TR_retrofit_2_BW_current,26.0,365
2020,162,SG_retrofit_1_Insul_retrofit_1_TR_retrofit_2_BW_retrofit_1,23.0,358
2020,162,SG_retrofit_1_Insul_retrofit_1_TR_retrofit_2_BW_retrofit_1,24.0,362
2020,162,SG_retrofit_1_Insul_retrofit_1_TR_retrofit_2_BW_retrofit_1,25.0,365
2020,162,SG_retrofit_1_Insul_retrofit_1_TR_retrofit_2_BW_retrofit_1,26.0,365
2020,163,SG_retrofit_1_Insul_retrofit_1_TR_retrofit_2_BW_retrofit_2,23.0,358
2020,163,SG_retrofit_1_Insul_retrofit_1_TR_retrofit_2_BW_retrofit_2,24.0,362
2020,163,SG_retrofit_1_Insul_retrofit_1_TR_retrofit_2_BW_retrofit_2,25.0,365
2020,163,SG_retrofit_1_Insul_retrofit_1_TR_retrofit_2_BW_retrofit_2,26.0,365
2020,164,SG_retrofit_1_Insul_retrofit_1_TR_retrofit_2_BW_retrofit_3,23.0,358
2020,164,SG_retrofit_1_Insul_retrofit_1_TR_retrofit_2_BW_retrofit_3,24.0,362
2020,164,SG_retrofit_1_Insul_retrofit_1_TR_retrofit_2_BW_retrofit_3,25.0,365
2020,164,SG_retrofit_1_Insul_retrofit_1_TR_retrofit_2_BW_retrofit_3,26.0,365
2020,165,SG_retrofit_1_Insul_retrofit_1_TR_retrofit_2_BW_retrofit_4,23.0,358
2020,165,SG_retrofit_1_Insul_retrofit_1_TR_retrofit_2_BW_retrofit_4,24.0,362
2020,165,SG_retrofit_1_Insul_retrofit_1_TR_retrofit_2_BW_retrofit_4,25.0,365
2020,165,SG_retrofit_1_Insul_retrofit_1_TR_retrofit_2_BW_retrofit_4,26.0,365
2020,166,SG_retrofit_1_Insul_retrofit_1_TR_retrofit_3_BW_current,23.0,352
2020,166,SG_retrofit_1_Insul_retrofit_1_TR_retrofit_3_BW_current,24.0,360
2020,166,SG_retrofit_1_Insul_retrofit_1_TR_retrofit_3_BW_current,25.0,363
2020,166,SG_retrofit_1_Insul_retrofit_1_TR_retrofit_3_BW_current,26.0,365
2020,167,SG_retrofit_1_Insul_retrofit_1_TR_retrofit_3_BW_retrofit_1,23.0,358
2020,167,SG_retrofit_1_Insul_retrofit_1_TR_retrofit_3_BW_retrofit_1,24.0,362
2020,167,SG_retrofit_1_Insul_retrofit_1_TR_retrofit_3_BW_retrofit_1,25.0,365
2020,167,SG_retrofit_1_Insul_retrofit_1_TR_retrofit_3_BW_retrofit_1,26.0,365
2020,168,SG_retrofit_1_Insul_retrofit_1_TR_retrofit_3_BW_retrofit_2,23.0,358
2020,168,SG_retrofit_1_Insul_retrofit_1_TR_retrofit_3_BW_retrofit_2,24.0,362
2020,168,SG_retrofit_1_Insul_retrofit_1_TR_retrofit_3_BW_retrofit_2,25.0,365
2020,168,SG_retrofit_1_Insul_retrofit_1_TR_retrofit_3_BW_retrofit_2,26.0,365
2020,169,SG_retrofit_1_Insul_retrofit_1_TR_retrofit_3_BW_retrofit_3,23.0,358
2020,169,SG_retrofit_1_Insul_retrofit_1_TR_retrofit_3_BW_retrofit_3,24.0,362
2020,169,SG_retrofit_1_Insul_retrofit_1_TR_retrofit_3_BW_retrofit_3,25.0,365
2020,169,SG_retrofit_1_Insul_retrofit_1_TR_retrofit_3_BW_retrofit_3,26.0,365
2020,170,SG_retrofit_1_Insul_retrofit_1_TR_retrofit_3_BW_retrofit_4,23.0,358
2020,170,SG_retrofit_1_Insul_retrofit_1_TR_retrofit_3_BW_retrofit_4,24.0,362
2020,170,SG_retrofit_1_Insul_retrofit_1_TR_retrofit_3_BW_retrofit_4,25.0,365
2020,170,SG_retrofit_1_Insul_retrofit_1_TR_retrofit_3_BW_retrofit_4,26.0,365
2020,171,SG_retrofit_1_Insul_retrofit_1_TR_retrofit_4_BW_current,23.0,352
2020,171,SG_retrofit_1_Insul_retrofit_1_TR_retrofit_4_BW_current,24.0,360
2020,171,SG_retrofit_1_Insul_retrofit_1_TR_retrofit_4_BW_current,25.0,363
2020,171,SG_retrofit_1_Insul_retrofit_1_TR_retrofit_4_BW_current,26.0,365
2020,172,SG_retrofit_1_Insul_retrofit_1_TR_retrofit_4_BW_retrofit_1,23.0,358
2020,172,SG_retrofit_1_Insul_retrofit_1_TR_retrofit_4_BW_retrofit_1,24.0,362
2020,172,SG_retrofit_1_Insul_retrofit_1_TR_retrofit_4_BW_retrofit_1,25.0,365
2020,172,SG_retrofit_1_Insul_retrofit_1_TR_retrofit_4_BW_retrofit_1,26.0,365
2020,173,SG_retrofit_1_Insul_retrofit_1_TR_retrofit_4_BW_retrofit_2,23.0,358
2020,173,SG_retrofit_1_Insul_retrofit_1_TR_retrofit_4_BW_retrofit_2,24.0,362
2020,173,SG_retrofit_1_Insul_retrofit_1_TR_retrofit_4_BW_retrofit_2,25.0,365
2020,173,SG_retrofit_1_Insul_retrofit_1_TR_retrofit_4_BW_retrofit_2,26.0,365
2020,174,SG_retrofit_1_Insul_retrofit_1_TR_retrofit_4_BW_retrofit_3,23.0,358
2020,174,SG_retrofit_1_Insul_retrofit_1_TR_retrofit_4_BW_retrofit_3,24.0,362
2020,174,SG_retrofit_1_Insul_retrofit_1_TR_retrofit_4_BW_retrofit_3,25.0,365
2020,174,SG_retrofit_1_Insul_retrofit_1_TR_retrofit_4_BW_retrofit_3,26.0,365
2020,175,SG_retrofit_1_Insul_retrofit_1_TR_retrofit_4_BW_retrofit_4,23.0,358
2020,175,SG_retrofit_1_Insul_retrofit_1_TR_retrofit_4_BW_retrofit_4,24.0,362
2020,175,SG_retrofit_1_Insul_retrofit_1_TR_retrofit_4_BW_retrofit_4,25.0,365
2020,175,SG_retrofit_1_Insul_retrofit_1_TR_retrofit_4_BW_retrofit_4,26.0,365
2020,176,SG_retrofit_1_Insul_retrofit_2_TR_current_BW_current,23.0,351
2020,176,SG_retrofit_1_Insul_retrofit_2_TR_current_BW_current,24.0,360
2020,176,SG_retrofit_1_Insul_retrofit_2_TR_current_BW_current,25.0,363
2020,176,SG_retrofit_1_Insul_retrofit_2_TR_current_BW_current,26.0,365
2020,177,SG_retrofit_1_Insul_retrofit_2_TR_current_BW_retrofit_1,23.0,356
2020,177,SG_retrofit_1_Insul_retrofit_2_TR_current_BW_retrofit_1,24.0,361
2020,177,SG_retrofit_1_Insul_retrofit_2_TR_current_BW_retrofit_1,25.0,365
2020,177,SG_retrofit_1_Insul_retrofit_2_TR_current_BW_retrofit_1,26.0,365
2020,178,SG_retrofit_1_Insul_retrofit_2_TR_current_BW_retrofit_2,23.0,355
2020,178,SG_retrofit_1_Insul_retrofit_2_TR_current_BW_retrofit_2,24.0,361
2020,178,SG_retrofit_1_Insul_retrofit_2_TR_current_BW_retrofit_2,25.0,365
2020,178,SG_retrofit_1_Insul_retrofit_2_TR_current_BW_retrofit_2,26.0,365
2020,179,SG_retrofit_1_Insul_retrofit_2_TR_current_BW_retrofit_3,23.0,355
2020,179,SG_retrofit_1_Insul_retrofit_2_TR_current_BW_retrofit_3,24.0,361
2020,179,SG_retrofit_1_Insul_retrofit_2_TR_current_BW_retrofit_3,25.0,365
2020,179,SG_retrofit_1_Insul_retrofit_2_TR_current_BW_retrofit_3,26.0,365
2020,180,SG_retrofit_1_Insul_retrofit_2_TR_current_BW_retrofit_4,23.0,355
2020,180,SG_retrofit_1_Insul_retrofit_2_TR_current_BW_retrofit_4,24.0,361
2020,180,SG_retrofit_1_Insul_retrofit_2_TR_current_BW_retrofit_4,25.0,365
2020,180,SG_retrofit_1_Insul_retrofit_2_TR_current_BW_retrofit_4,26.0,365
2020,181,SG_retrofit_1_Insul_retrofit_2_TR_retrofit_1_BW_current,23.0,352
2020,181,SG_retrofit_1_Insul_retrofit_2_TR_retrofit_1_BW_current,24.0,360
2020,181,SG_retrofit_1_Insul_retrofit_2_TR_retrofit_1_BW_current,25.0,363
2020,181,SG_retrofit_1_Insul_retrofit_2_TR_retrofit_1_BW_current,26.0,365
2020,182,SG_retrofit_1_Insul_retrofit_2_TR_retrofit_1_BW_retrofit_1,23.0,358
2020,182,SG_retrofit_1_Insul_retrofit_2_TR_retrofit_1_BW_retrofit_1,24.0,362
2020,182,SG_retrofit_1_Insul_retrofit_2_TR_retrofit_1_BW_retrofit_1,25.0,365
2020,182,SG_retrofit_1_Insul_retrofit_2_TR_retrofit_1_BW_retrofit_1,26.0,365
2020,183,SG_retrofit_1_Insul_retrofit_2_TR_retrofit_1_BW_retrofit_2,23.0,358
2020,183,SG_retrofit_1_Insul_retrofit_2_TR_retrofit_1_BW_retrofit_2,24.0,362
2020,183,SG_retrofit_1_Insul_retrofit_2_TR_retrofit_1_BW_retrofit_2,25.0,365
2020,183,SG_retrofit_1_Insul_retrofit_2_TR_retrofit_1_BW_retrofit_2,26.0,365
2020,184,SG_retrofit_1_Insul_retrofit_2_TR_retrofit_1_BW_retrofit_3,23.0,358
2020,184,SG_retrofit_1_Insul_retrofit_2_TR_retrofit_1_BW_retrofit_3,24.0,362
2020,184,SG_retrofit_1_Insul_retrofit_2_TR_retrofit_1_BW_retrofit_3,25.0,365
2020,184,SG_retrofit_1_Insul_retrofit_2_TR_retrofit_1_BW_retrofit_3,26.0,365
2020,185,SG_retrofit_1_Insul_retrofit_2_TR_retrofit_1_BW_retrofit_4,23.0,358
2020,185,SG_retrofit_1_Insul_retrofit_2_TR_retrofit_1_BW_retrofit_4,24.0,362
2020,185,SG_retrofit_1_Insul_retrofit_2_TR_retrofit_1_BW_retrofit_4,25.0,365
2020,185,SG_retrofit_1_Insul_retrofit_2_TR_retrofit_1_BW_retrofit_4,26.0,365
2020,186,SG_retrofit_1_Insul_retrofit_2_TR_retrofit_2_BW_current,23.0,352
2020,186,SG_retrofit_1_Insul_retrofit_2_TR_retrofit_2_BW_current,24.0,360
2020,186,SG_retrofit_1_Insul_retrofit_2_TR_retrofit_2_BW_current,25.0,363
2020,186,SG_retrofit_1_Insul_retrofit_2_TR_retrofit_2_BW_current,26.0,365
2020,187,SG_retrofit_1_Insul_retrofit_2_TR_retrofit_2_BW_retrofit_1,23.0,358
2020,187,SG_retrofit_1_Insul_retrofit_2_TR_retrofit_2_BW_retrofit_1,24.0,362
2020,187,SG_retrofit_1_Insul_retrofit_2_TR_retrofit_2_BW_retrofit_1,25.0,365
2020,187,SG_retrofit_1_Insul_retrofit_2_TR_retrofit_2_BW_retrofit_1,26.0,365
2020,188,SG_retrofit_1_Insul_retrofit_2_TR_retrofit_2_BW_retrofit_2,23.0,358
2020,188,SG_retrofit_1_Insul_retrofit_2_TR_retrofit_2_BW_retrofit_2,24.0,362
2020,188,SG_retrofit_1_Insul_retrofit_2_TR_retrofit_2_BW_retrofit_2,25.0,365
2020,188,SG_retrofit_1_Insul_retrofit_2_TR_retrofit_2_BW_retrofit_2,26.0,365
2020,189,SG_retrofit_1_Insul_retrofit_2_TR_retrofit_2_BW_retrofit_3,23.0,358
2020,189,SG_retrofit_1_Insul_retrofit_2_TR_retrofit_2_BW_retrofit_3,24.0,362
2020,189,SG_retrofit_1_Insul_retrofit_2_TR_retrofit_2_BW_retrofit_3,25.0,365
2020,189,SG_retrofit_1_Insul_retrofit_2_TR_retrofit_2_BW_retrofit_3,26.0,365
2020,190,SG_retrofit_1_Insul_retrofit_2_TR_retrofit_2_BW_retrofit_4,23.0,358
2020,190,SG_retrofit_1_Insul_retrofit_2_TR_retrofit_2_BW_retrofit_4,24.0,362
2020,190,SG_retrofit_1_Insul_retrofit_2_TR_retrofit_2_BW_retrofit_4,25.0,365
2020,190,SG_retrofit_1_Insul_retrofit_2_TR_retrofit_2_BW_retrofit_4,26.0,365
2020,191,SG_retrofit_1_Insul_retrofit_2_TR_retrofit_3_BW_current,23.0,352
2020,191,SG_retrofit_1_Insul_retrofit_2_TR_retrofit_3_BW_current,24.0,360
2020,191,SG_retrofit_1_Insul_retrofit_2_TR_retrofit_3_BW_current,25.0,363
2020,191,SG_retrofit_1_Insul_retrofit_2_TR_retrofit_3_BW_current,26.0,365
2020,192,SG_retrofit_1_Insul_retrofit_2_TR_retrofit_3_BW_retrofit_1,23.0,358
2020,192,SG_retrofit_1_Insul_retrofit_2_TR_retrofit_3_BW_retrofit_1,24.0,362
2020,192,SG_retrofit_1_Insul_retrofit_2_TR_retrofit_3_BW_retrofit_1,25.0,365
2020,192,SG_retrofit_1_Insul_retrofit_2_TR_retrofit_3_BW_retrofit_1,26.0,365
2020,193,SG_retrofit_1_Insul_retrofit_2_TR_retrofit_3_BW_retrofit_2,23.0,358
2020,193,SG_retrofit_1_Insul_retrofit_2_TR_retrofit_3_BW_retrofit_2,24.0,362
2020,193,SG_retrofit_1_Insul_retrofit_2_TR_retrofit_3_BW_retrofit_2,25.0,365
2020,193,SG_retrofit_1_Insul_retrofit_2_TR_retrofit_3_BW_retrofit_2,26.0,365
2020,194,SG_retrofit_1_Insul_retrofit_2_TR_retrofit_3_BW_retrofit_3,23.0,358
2020,194,SG_retrofit_1_Insul_retrofit_2_TR_retrofit_3_BW_retrofit_3,24.0,362
2020,194,SG_retrofit_1_Insul_retrofit_2_TR_retrofit_3_BW_retrofit_3,25.0,365
2020,194,SG_retrofit_1_Insul_retrofit_2_TR_retrofit_3_BW_retrofit_3,26.0,365
2020,195,SG_retrofit_1_Insul_retrofit_2_TR_retrofit_3_BW_retrofit_4,23.0,358
2020,195,SG_retrofit_1_Insul_retrofit_2_TR_retrofit_3_BW_retrofit_4,24.0,362
2020,195,SG_retrofit_1_Insul_retrofit_2_TR_retrofit_3_BW_retrofit_4,25.0,365
2020,195,SG_retrofit_1_Insul_retrofit_2_TR_retrofit_3_BW_retrofit_4,26.0,365
2020,196,SG_retrofit_1_Insul_retrofit_2_TR_retrofit_4_BW_current,23.0,352
2020,196,SG_retrofit_1_Insul_retrofit_2_TR_retrofit_4_BW_current,24.0,360
2020,196,SG_retrofit_1_Insul_retrofit_2_TR_retrofit_4_BW_current,25.0,363
2020,196,SG_retrofit_1_Insul_retrofit_2_TR_retrofit_4_BW_current,26.0,365
2020,197,SG_retrofit_1_Insul_retrofit_2_TR_retrofit_4_BW_retrofit_1,23.0,358
2020,197,SG_retrofit_1_Insul_retrofit_2_TR_retrofit_4_BW_retrofit_1,24.0,362
2020,197,SG_retrofit_1_Insul_retrofit_2_TR_retrofit_4_BW_retrofit_1,25.0,365
2020,197,SG_retrofit_1_Insul_retrofit_2_TR_retrofit_4_BW_retrofit_1,26.0,365
2020,198,SG_retrofit_1_Insul_retrofit_2_TR_retrofit_4_BW_retrofit_2,23.0,358
2020,198,SG_retrofit_1_Insul_retrofit_2_TR_retrofit_4_BW_retrofit_2,24.0,362
2020,198,SG_retrofit_1_Insul_retrofit_2_TR_retrofit_4_BW_retrofit_2,25.0,365
2020,198,SG_retrofit_1_Insul_retrofit_2_TR_retrofit_4_BW_retrofit_2,26.0,365
2020,199,SG_retrofit_1_Insul_retrofit_2_TR_retrofit_4_BW_retrofit_3,23.0,358
2020,199,SG_retrofit_1_Insul_retrofit_2_TR_retrofit_4_BW_retrofit_3,24.0,362
2020,199,SG_retrofit_1_Insul_retrofit_2_TR_retrofit_4_BW_retrofit_3,25.0,365
2020,199,SG_retrofit_1_Insul_retrofit_2_TR_retrofit_4_BW_retrofit_3,26.0,365
2020,200,SG_retrofit_1_Insul_retrofit_2_TR_retrofit_4_BW_retrofit_4,23.0,358
2020,200,SG_retrofit_1_Insul_retrofit_2_TR_retrofit_4_BW_retrofit_4,24.0,362
2020,200,SG_retrofit_1_Insul_retrofit_2_TR_retrofit_4_BW_retrofit_4,25.0,365
2020,200,SG_retrofit_1_Insul_retrofit_2_TR_retrofit_4_BW_retrofit_4,26.0,365
2020,201,SG_retrofit_1_Insul_retrofit_3_TR_current_BW_current,23.0,350
2020,201,SG_retrofit_1_Insul_retrofit_3_TR_current_BW_current,24.0,359
2020,201,SG_retrofit_1_Insul_retrofit_3_TR_current_BW_current,25.0,363
2020,201,SG_retrofit_1_Insul_retrofit_3_TR_current_BW_current,26.0,365
2020,202,SG_retrofit_1_Insul_retrofit_3_TR_current_BW_retrofit_1,23.0,355
2020,202,SG_retrofit_1_Insul_retrofit_3_TR_current_BW_retrofit_1,24.0,361
2020,202,SG_retrofit_1_Insul_retrofit_3_TR_current_BW_retrofit_1,25.0,365
2020,202,SG_retrofit_1_Insul_retrofit_3_TR_current_BW_retrofit_1,26.0,365
2020,203,SG_retrofit_1_Insul_retrofit_3_TR_current_BW_retrofit_2,23.0,355
2020,203,SG_retrofit_1_Insul_retrofit_3_TR_current_BW_retrofit_2,24.0,361
2020,203,SG_retrofit_1_Insul_retrofit_3_TR_current_BW_retrofit_2,25.0,365
2020,203,SG_retrofit_1_Insul_retrofit_3_TR_current_BW_retrofit_2,26.0,365
2020,204,SG_retrofit_1_Insul_retrofit_3_TR_current_BW_retrofit_3,23.0,355
2020,204,SG_retrofit_1_Insul_retrofit_3_TR_current_BW_retrofit_3,24.0,361
2020,204,SG_retrofit_1_Insul_retrofit_3_TR_current_BW_retrofit_3,25.0,365
2020,204,SG_retrofit_1_Insul_retrofit_3_TR_current_BW_retrofit_3,26.0,365
2020,205,SG_retrofit_1_Insul_retrofit_3_TR_current_BW_retrofit_4,23.0,355
2020,205,SG_retrofit_1_Insul_retrofit_3_TR_current_BW_retrofit_4,24.0,361
2020,205,SG_retrofit_1_Insul_retrofit_3_TR_current_BW_retrofit_4,25.0,365
2020,205,SG_retrofit_1_Insul_retrofit_3_TR_current_BW_retrofit_4,26.0,365
2020,206,SG_retrofit_1_Insul_retrofit_3_TR_retrofit_1_BW_current,23.0,352
2020,206,SG_retrofit_1_Insul_retrofit_3_TR_retrofit_1_BW_current,24.0,360
2020,206,SG_retrofit_1_Insul_retrofit_3_TR_retrofit_1_BW_current,25.0,363
2020,206,SG_retrofit_1_Insul_retrofit_3_TR_retrofit_1_BW_current,26.0,365
2020,207,SG_retrofit_1_Insul_retrofit_3_TR_retrofit_1_BW_retrofit_1,23.0,358
2020,207,SG_retrofit_1_Insul_retrofit_3_TR_retrofit_1_BW_retrofit_1,24.0,362
2020,207,SG_retrofit_1_Insul_retrofit_3_TR_retrofit_1_BW_retrofit_1,25.0,365
2020,207,SG_retrofit_1_Insul_retrofit_3_TR_retrofit_1_BW_retrofit_1,26.0,365
2020,208,SG_retrofit_1_Insul_retrofit_3_TR_retrofit_1_BW_retrofit_2,23.0,358
2020,208,SG_retrofit_1_Insul_retrofit_3_TR_retrofit_1_BW_retrofit_2,24.0,362
2020,208,SG_retrofit_1_Insul_retrofit_3_TR_retrofit_1_BW_retrofit_2,25.0,365
2020,208,SG_retrofit_1_Insul_retrofit_3_TR_retrofit_1_BW_retrofit_2,26.0,365
2020,209,SG_retrofit_1_Insul_retrofit_3_TR_retrofit_1_BW_retrofit_3,23.0,358
2020,209,SG_retrofit_1_Insul_retrofit_3_TR_retrofit_1_BW_retrofit_3,24.0,362
2020,209,SG_retrofit_1_Insul_retrofit_3_TR_retrofit_1_BW_retrofit_3,25.0,365
2020,209,SG_retrofit_1_Insul_retrofit_3_TR_retrofit_1_BW_retrofit_3,26.0,365
2020,210,SG_retrofit_1_Insul_retrofit_3_TR_retrofit_1_BW_retrofit_4,23.0,358
2020,210,SG_retrofit_1_Insul_retrofit_3_TR_retrofit_1_BW_retrofit_4,24.0,362
2020,210,SG_retrofit_1_Insul_retrofit_3_TR_retrofit_1_BW_retrofit_4,25.0,365
2020,210,SG_retrofit_1_Insul_retrofit_3_TR_retrofit_1_BW_retrofit_4,26.0,365
2020,211,SG_retrofit_1_Insul_retrofit_3_TR_retrofit_2_BW_current,23.0,352
2020,211,SG_retrofit_1_Insul_retrofit_3_TR_retrofit_2_BW_current,24.0,360
2020,211,SG_retrofit_1_Insul_retrofit_3_TR_retrofit_2_BW_current,25.0,363
2020,211,SG_retrofit_1_Insul_retrofit_3_TR_retrofit_2_BW_current,26.0,365
2020,212,SG_retrofit_1_Insul_retrofit_3_TR_retrofit_2_BW_retrofit_1,23.0,358
2020,212,SG_retrofit_1_Insul_retrofit_3_TR_retrofit_2_BW_retrofit_1,24.0,362
2020,212,SG_retrofit_1_Insul_retrofit_3_TR_retrofit_2_BW_retrofit_1,25.0,365
2020,212,SG_retrofit_1_Insul_retrofit_3_TR_retrofit_2_BW_retrofit_1,26.0,365
2020,213,SG_retrofit_1_Insul_retrofit_3_TR_retrofit_2_BW_retrofit_2,23.0,358
2020,213,SG_retrofit_1_Insul_retrofit_3_TR_retrofit_2_BW_retrofit_2,24.0,362
2020,213,SG_retrofit_1_Insul_retrofit_3_TR_retrofit_2_BW_retrofit_2,25.0,365
2020,213,SG_retrofit_1_Insul_retrofit_3_TR_retrofit_2_BW_retrofit_2,26.0,365
2020,214,SG_retrofit_1_Insul_retrofit_3_TR_retrofit_2_BW_retrofit_3,23.0,358
2020,214,SG_retrofit_1_Insul_retrofit_3_TR_retrofit_2_BW_retrofit_3,24.0,362
2020,214,SG_retrofit_1_Insul_retrofit_3_TR_retrofit_2_BW_retrofit_3,25.0,365
2020,214,SG_retrofit_1_Insul_retrofit_3_TR_retrofit_2_BW_retrofit_3,26.0,365
2020,215,SG_retrofit_1_Insul_retrofit_3_TR_retrofit_2_BW_retrofit_4,23.0,358
2020,215,SG_retrofit_1_Insul_retrofit_3_TR_retrofit_2_BW_retrofit_4,24.0,362
2020,215,SG_retrofit_1_Insul_retrofit_3_TR_retrofit_2_BW_retrofit_4,25.0,365
2020,215,SG_retrofit_1_Insul_retrofit_3_TR_retrofit_2_BW_retrofit_4,26.0,365
2020,216,SG_retrofit_1_Insul_retrofit_3_TR_retrofit_3_BW_current,23.0,352
2020,216,SG_retrofit_1_Insul_retrofit_3_TR_retrofit_3_BW_current,24.0,360
2020,216,SG_retrofit_1_Insul_retrofit_3_TR_retrofit_3_BW_current,25.0,363
2020,216,SG_retrofit_1_Insul_retrofit_3_TR_retrofit_3_BW_current,26.0,365
2020,217,SG_retrofit_1_Insul_retrofit_3_TR_retrofit_3_BW_retrofit_1,23.0,358
2020,217,SG_retrofit_1_Insul_retrofit_3_TR_retrofit_3_BW_retrofit_1,24.0,362
2020,217,SG_retrofit_1_Insul_retrofit_3_TR_retrofit_3_BW_retrofit_1,25.0,365
2020,217,SG_retrofit_1_Insul_retrofit_3_TR_retrofit_3_BW_retrofit_1,26.0,365
2020,218,SG_retrofit_1_Insul_retrofit_3_TR_retrofit_3_BW_retrofit_2,23.0,358
2020,218,SG_retrofit_1_Insul_retrofit_3_TR_retrofit_3_BW_retrofit_2,24.0,362
2020,218,SG_retrofit_1_Insul_retrofit_3_TR_retrofit_3_BW_retrofit_2,25.0,365
2020,218,SG_retrofit_1_Insul_retrofit_3_TR_retrofit_3_BW_retrofit_2,26.0,365
2020,219,SG_retrofit_1_Insul_retrofit_3_TR_retrofit_3_BW_retrofit_3,23.0,358
2020,219,SG_retrofit_1_Insul_retrofit_3_TR_retrofit_3_BW_retrofit_3,24.0,362
2020,219,SG_retrofit_1_Insul_retrofit_3_TR_retrofit_3_BW_retrofit_3,25.0,365
2020,219,SG_retrofit_1_Insul_retrofit_3_TR_retrofit_3_BW_retrofit_3,26.0,365
2020,220,SG_retrofit_1_Insul_retrofit_3_TR_retrofit_3_BW_retrofit_4,23.0,358
2020,220,SG_retrofit_1_Insul_retrofit_3_TR_retrofit_3_BW_retrofit_4,24.0,362
2020,220,SG_retrofit_1_Insul_retrofit_3_TR_retrofit_3_BW_retrofit_4,25.0,365
2020,220,SG_retrofit_1_Insul_retrofit_3_TR_retrofit_3_BW_retrofit_4,26.0,365
2020,221,SG_retrofit_1_Insul_retrofit_3_TR_retrofit_4_BW_current,23.0,352
2020,221,SG_retrofit_1_Insul_retrofit_3_TR_retrofit_4_BW_current,24.0,360
2020,221,SG_retrofit_1_Insul_retrofit_3_TR_retrofit_4_BW_current,25.0,363
2020,221,SG_retrofit_1_Insul_retrofit_3_TR_retrofit_4_BW_current,26.0,365
2020,222,SG_retrofit_1_Insul_retrofit_3_TR_retrofit_4_BW_retrofit_1,23.0,358
2020,222,SG_retrofit_1_Insul_retrofit_3_TR_retrofit_4_BW_retrofit_1,24.0,362
2020,222,SG_retrofit_1_Insul_retrofit_3_TR_retrofit_4_BW_retrofit_1,25.0,365
2020,222,SG_retrofit_1_Insul_retrofit_3_TR_retrofit_4_BW_retrofit_1,26.0,365
2020,223,SG_retrofit_1_Insul_retrofit_3_TR_retrofit_4_BW_retrofit_2,23.0,358
2020,223,SG_retrofit_1_Insul_retrofit_3_TR_retrofit_4_BW_retrofit_2,24.0,362
2020,223,SG_retrofit_1_Insul_retrofit_3_TR_retrofit_4_BW_retrofit_2,25.0,365
2020,223,SG_retrofit_1_Insul_retrofit_3_TR_retrofit_4_BW_retrofit_2,26.0,365
2020,224,SG_retrofit_1_Insul_retrofit_3_TR_retrofit_4_BW_retrofit_3,23.0,358
2020,224,SG_retrofit_1_Insul_retrofit_3_TR_retrofit_4_BW_retrofit_3,24.0,362
2020,224,SG_retrofit_1_Insul_retrofit_3_TR_retrofit_4_BW_retrofit_3,25.0,365
2020,224,SG_retrofit_1_Insul_retrofit_3_TR_retrofit_4_BW_retrofit_3,26.0,365
2020,225,SG_retrofit_1_Insul_retrofit_3_TR_retrofit_4_BW_retrofit_4,23.0,358
2020,225,SG_retrofit_1_Insul_retrofit_3_TR_retrofit_4_BW_retrofit_4,24.0,362
2020,225,SG_retrofit_1_Insul_retrofit_3_TR_retrofit_4_BW_retrofit_4,25.0,365
2020,225,SG_retrofit_1_Insul_retrofit_3_TR_retrofit_4_BW_retrofit_4,26.0,365
2020,226,SG_retrofit_1_Insul_retrofit_4_TR_current_BW_current,23.0,350
2020,226,SG_retrofit_1_Insul_retrofit_4_TR_current_BW_current,24.0,359
2020,226,SG_retrofit_1_Insul_retrofit_4_TR_current_BW_current,25.0,363
2020,226,SG_retrofit_1_Insul_retrofit_4_TR_current_BW_current,26.0,365
2020,227,SG_retrofit_1_Insul_retrofit_4_TR_current_BW_retrofit_1,23.0,355
2020,227,SG_retrofit_1_Insul_retrofit_4_TR_current_BW_retrofit_1,24.0,361
2020,227,SG_retrofit_1_Insul_retrofit_4_TR_current_BW_retrofit_1,25.0,365
2020,227,SG_retrofit_1_Insul_retrofit_4_TR_current_BW_retrofit_1,26.0,365
2020,228,SG_retrofit_1_Insul_retrofit_4_TR_current_BW_retrofit_2,23.0,355
2020,228,SG_retrofit_1_Insul_retrofit_4_TR_current_BW_retrofit_2,24.0,361
2020,228,SG_retrofit_1_Insul_retrofit_4_TR_current_BW_retrofit_2,25.0,365
2020,228,SG_retrofit_1_Insul_retrofit_4_TR_current_BW_retrofit_2,26.0,365
2020,229,SG_retrofit_1_Insul_retrofit_4_TR_current_BW_retrofit_3,23.0,355
2020,229,SG_retrofit_1_Insul_retrofit_4_TR_current_BW_retrofit_3,24.0,361
2020,229,SG_retrofit_1_Insul_retrofit_4_TR_current_BW_retrofit_3,25.0,365
2020,229,SG_retrofit_1_Insul_retrofit_4_TR_current_BW_retrofit_3,26.0,365
2020,230,SG_retrofit_1_Insul_retrofit_4_TR_current_BW_retrofit_4,23.0,355
2020,230,SG_retrofit_1_Insul_retrofit_4_TR_current_BW_retrofit_4,24.0,361
2020,230,SG_retrofit_1_Insul_retrofit_4_TR_current_BW_retrofit_4,25.0,365
2020,230,SG_retrofit_1_Insul_retrofit_4_TR_current_BW_retrofit_4,26.0,365
2020,231,SG_retrofit_1_Insul_retrofit_4_TR_retrofit_1_BW_current,23.0,352
2020,231,SG_retrofit_1_Insul_retrofit_4_TR_retrofit_1_BW_current,24.0,360
2020,231,SG_retrofit_1_Insul_retrofit_4_TR_retrofit_1_BW_current,25.0,363
2020,231,SG_retrofit_1_Insul_retrofit_4_TR_retrofit_1_BW_current,26.0,365
2020,232,SG_retrofit_1_Insul_retrofit_4_TR_retrofit_1_BW_retrofit_1,23.0,358
2020,232,SG_retrofit_1_Insul_retrofit_4_TR_retrofit_1_BW_retrofit_1,24.0,362
2020,232,SG_retrofit_1_Insul_retrofit_4_TR_retrofit_1_BW_retrofit_1,25.0,365
2020,232,SG_retrofit_1_Insul_retrofit_4_TR_retrofit_1_BW_retrofit_1,26.0,365
2020,233,SG_retrofit_1_Insul_retrofit_4_TR_retrofit_1_BW_retrofit_2,23.0,358
2020,233,SG_retrofit_1_Insul_retrofit_4_TR_retrofit_1_BW_retrofit_2,24.0,362
2020,233,SG_retrofit_1_Insul_retrofit_4_TR_retrofit_1_BW_retrofit_2,25.0,365
2020,233,SG_retrofit_1_Insul_retrofit_4_TR_retrofit_1_BW_retrofit_2,26.0,365
2020,234,SG_retrofit_1_Insul_retrofit_4_TR_retrofit_1_BW_retrofit_3,23.0,358
2020,234,SG_retrofit_1_Insul_retrofit_4_TR_retrofit_1_BW_retrofit_3,24.0,362
2020,234,SG_retrofit_1_Insul_retrofit_4_TR_retrofit_1_BW_retrofit_3,25.0,365
2020,234,SG_retrofit_1_Insul_retrofit_4_TR_retrofit_1_BW_retrofit_3,26.0,365
2020,235,SG_retrofit_1_Insul_retrofit_4_TR_retrofit_1_BW_retrofit_4,23.0,358
2020,235,SG_retrofit_1_Insul_retrofit_4_TR_retrofit_1_BW_retrofit_4,24.0,362
2020,235,SG_retrofit_1_Insul_retrofit_4_TR_retrofit_1_BW_retrofit_4,25.0,365
2020,235,SG_retrofit_1_Insul_retrofit_4_TR_retrofit_1_BW_retrofit_4,26.0,365
2020,236,SG_retrofit_1_Insul_retrofit_4_TR_retrofit_2_BW_current,23.0,352
2020,236,SG_retrofit_1_Insul_retrofit_4_TR_retrofit_2_BW_current,24.0,360
2020,236,SG_retrofit_1_Insul_retrofit_4_TR_retrofit_2_BW_current,25.0,363
2020,236,SG_retrofit_1_Insul_retrofit_4_TR_retrofit_2_BW_current,26.0,365
2020,237,SG_retrofit_1_Insul_retrofit_4_TR_retrofit_2_BW_retrofit_1,23.0,358
2020,237,SG_retrofit_1_Insul_retrofit_4_TR_retrofit_2_BW_retrofit_1,24.0,362
2020,237,SG_retrofit_1_Insul_retrofit_4_TR_retrofit_2_BW_retrofit_1,25.0,365
2020,237,SG_retrofit_1_Insul_retrofit_4_TR_retrofit_2_BW_retrofit_1,26.0,365
2020,238,SG_retrofit_1_Insul_retrofit_4_TR_retrofit_2_BW_retrofit_2,23.0,358
2020,238,SG_retrofit_1_Insul_retrofit_4_TR_retrofit_2_BW_retrofit_2,24.0,362
2020,238,SG_retrofit_1_Insul_retrofit_4_TR_retrofit_2_BW_retrofit_2,25.0,365
2020,238,SG_retrofit_1_Insul_retrofit_4_TR_retrofit_2_BW_retrofit_2,26.0,365
2020,239,SG_retrofit_1_Insul_retrofit_4_TR_retrofit_2_BW_retrofit_3,23.0,358
2020,239,SG_retrofit_1_Insul_retrofit_4_TR_retrofit_2_BW_retrofit_3,24.0,362
2020,239,SG_retrofit_1_Insul_retrofit_4_TR_retrofit_2_BW_retrofit_3,25.0,365
2020,239,SG_retrofit_1_Insul_retrofit_4_TR_retrofit_2_BW_retrofit_3,26.0,365
2020,240,SG_retrofit_1_Insul_retrofit_4_TR_retrofit_2_BW_retrofit_4,23.0,358
2020,240,SG_retrofit_1_Insul_retrofit_4_TR_retrofit_2_BW_retrofit_4,24.0,362
2020,240,SG_retrofit_1_Insul_retrofit_4_TR_retrofit_2_BW_retrofit_4,25.0,365
2020,240,SG_retrofit_1_Insul_retrofit_4_TR_retrofit_2_BW_retrofit_4,26.0,365
2020,241,SG_retrofit_1_Insul_retrofit_4_TR_retrofit_3_BW_current,23.0,352
2020,241,SG_retrofit_1_Insul_retrofit_4_TR_retrofit_3_BW_current,24.0,360
2020,241,SG_retrofit_1_Insul_retrofit_4_TR_retrofit_3_BW_current,25.0,363
2020,241,SG_retrofit_1_Insul_retrofit_4_TR_retrofit_3_BW_current,26.0,365
2020,242,SG_retrofit_1_Insul_retrofit_4_TR_retrofit_3_BW_retrofit_1,23.0,358
2020,242,SG_retrofit_1_Insul_retrofit_4_TR_retrofit_3_BW_retrofit_1,24.0,362
2020,242,SG_retrofit_1_Insul_retrofit_4_TR_retrofit_3_BW_retrofit_1,25.0,365
2020,242,SG_retrofit_1_Insul_retrofit_4_TR_retrofit_3_BW_retrofit_1,26.0,365
2020,243,SG_retrofit_1_Insul_retrofit_4_TR_retrofit_3_BW_retrofit_2,23.0,358
2020,243,SG_retrofit_1_Insul_retrofit_4_TR_retrofit_3_BW_retrofit_2,24.0,362
2020,243,SG_retrofit_1_Insul_retrofit_4_TR_retrofit_3_BW_retrofit_2,25.0,365
2020,243,SG_retrofit_1_Insul_retrofit_4_TR_retrofit_3_BW_retrofit_2,26.0,365
2020,244,SG_retrofit_1_Insul_retrofit_4_TR_retrofit_3_BW_retrofit_3,23.0,358
2020,244,SG_retrofit_1_Insul_retrofit_4_TR_retrofit_3_BW_retrofit_3,24.0,362
2020,244,SG_retrofit_1_Insul_retrofit_4_TR_retrofit_3_BW_retrofit_3,25.0,365
2020,244,SG_retrofit_1_Insul_retrofit_4_TR_retrofit_3_BW_retrofit_3,26.0,365
2020,245,SG_retrofit_1_Insul_retrofit_4_TR_retrofit_3_BW_retrofit_4,23.0,358
2020,245,SG_retrofit_1_Insul_retrofit_4_TR_retrofit_3_BW_retrofit_4,24.0,362
2020,245,SG_retrofit_1_Insul_retrofit_4_TR_retrofit_3_BW_retrofit_4,25.0,365
2020,245,SG_retrofit_1_Insul_retrofit_4_TR_retrofit_3_BW_retrofit_4,26.0,365
2020,246,SG_retrofit_1_Insul_retrofit_4_TR_retrofit_4_BW_current,23.0,352
2020,246,SG_retrofit_1_Insul_retrofit_4_TR_retrofit_4_BW_current,24.0,360
2020,246,SG_retrofit_1_Insul_retrofit_4_TR_retrofit_4_BW_current,25.0,363
2020,246,SG_retrofit_1_Insul_retrofit_4_TR_retrofit_4_BW_current,26.0,365
2020,247,SG_retrofit_1_Insul_retrofit_4_TR_retrofit_4_BW_retrofit_1,23.0,358
2020,247,SG_retrofit_1_Insul_retrofit_4_TR_retrofit_4_BW_retrofit_1,24.0,362
2020,247,SG_retrofit_1_Insul_retrofit_4_TR_retrofit_4_BW_retrofit_1,25.0,365
2020,247,SG_retrofit_1_Insul_retrofit_4_TR_retrofit_4_BW_retrofit_1,26.0,365
2020,248,SG_retrofit_1_Insul_retrofit_4_TR_retrofit_4_BW_retrofit_2,23.0,358
2020,248,SG_retrofit_1_Insul_retrofit_4_TR_retrofit_4_BW_retrofit_2,24.0,362
2020,248,SG_retrofit_1_Insul_retrofit_4_TR_retrofit_4_BW_retrofit_2,25.0,365
2020,248,SG_retrofit_1_Insul_retrofit_4_TR_retrofit_4_BW_retrofit_2,26.0,365
2020,249,SG_retrofit_1_Insul_retrofit_4_TR_retrofit_4_BW_retrofit_3,23.0,358
2020,249,SG_retrofit_1_Insul_retrofit_4_TR_retrofit_4_BW_retrofit_3,24.0,362
2020,249,SG_retrofit_1_Insul_retrofit_4_TR_retrofit_4_BW_retrofit_3,25.0,365
2020,249,SG_retrofit_1_Insul_retrofit_4_TR_retrofit_4_BW_retrofit_3,26.0,365
2020,250,SG_retrofit_1_Insul_retrofit_4_TR_retrofit_4_BW_retrofit_4,23.0,358
2020,250,SG_retrofit_1_Insul_retrofit_4_TR_retrofit_4_BW_retrofit_4,24.0,362
2020,250,SG_retrofit_1_Insul_retrofit_4_TR_retrofit_4_BW_retrofit_4,25.0,365
2020,250,SG_retrofit_1_Insul_retrofit_4_TR_retrofit_4_BW_retrofit_4,26.0,365
2020,251,SG_retrofit_2_Insul_current_TR_current_BW_current,23.0,359
2020,251,SG_retrofit_2_Insul_current_TR_current_BW_current,24.0,362
2020,251,SG_retrofit_2_Insul_current_TR_current_BW_current,25.0,365
2020,251,SG_retrofit_2_Insul_current_TR_current_BW_current,26.0,365
2020,252,SG_retrofit_2_Insul_current_TR_current_BW_retrofit_1,23.0,361
2020,252,SG_retrofit_2_Insul_current_TR_current_BW_retrofit_1,24.0,365
2020,252,SG_retrofit_2_Insul_current_TR_current_BW_retrofit_1,25.0,365
2020,252,SG_retrofit_2_Insul_current_TR_current_BW_retrofit_1,26.0,365
2020,253,SG_retrofit_2_Insul_current_TR_current_BW_retrofit_2,23.0,362
2020,253,SG_retrofit_2_Insul_current_TR_current_BW_retrofit_2,24.0,365
2020,253,SG_retrofit_2_Insul_current_TR_current_BW_retrofit_2,25.0,365
2020,253,SG_retrofit_2_Insul_current_TR_current_BW_retrofit_2,26.0,365
2020,254,SG_retrofit_2_Insul_current_TR_current_BW_retrofit_3,23.0,362
2020,254,SG_retrofit_2_Insul_current_TR_current_BW_retrofit_3,24.0,365
2020,254,SG_retrofit_2_Insul_current_TR_current_BW_retrofit_3,25.0,365
2020,254,SG_retrofit_2_Insul_current_TR_current_BW_retrofit_3,26.0,365
2020,255,SG_retrofit_2_Insul_current_TR_current_BW_retrofit_4,23.0,362
2020,255,SG_retrofit_2_Insul_current_TR_current_BW_retrofit_4,24.0,365
2020,255,SG_retrofit_2_Insul_current_TR_current_BW_retrofit_4,25.0,365
2020,255,SG_retrofit_2_Insul_current_TR_current_BW_retrofit_4,26.0,365
2020,256,SG_retrofit_2_Insul_current_TR_retrofit_1_BW_current,23.0,359
2020,256,SG_retrofit_2_Insul_current_TR_retrofit_1_BW_current,24.0,362
2020,256,SG_retrofit_2_Insul_current_TR_retrofit_1_BW_current,25.0,365
2020,256,SG_retrofit_2_Insul_current_TR_retrofit_1_BW_current,26.0,365
2020,257,SG_retrofit_2_Insul_current_TR_retrofit_1_BW_retrofit_1,23.0,362
2020,257,SG_retrofit_2_Insul_current_TR_retrofit_1_BW_retrofit_1,24.0,365
2020,257,SG_retrofit_2_Insul_current_TR_retrofit_1_BW_retrofit_1,25.0,365
2020,257,SG_retrofit_2_Insul_current_TR_retrofit_1_BW_retrofit_1,26.0,365
2020,258,SG_retrofit_2_Insul_current_TR_retrofit_1_BW_retrofit_2,23.0,362
2020,258,SG_retrofit_2_Insul_current_TR_retrofit_1_BW_retrofit_2,24.0,365
2020,258,SG_retrofit_2_Insul_current_TR_retrofit_1_BW_retrofit_2,25.0,365
2020,258,SG_retrofit_2_Insul_current_TR_retrofit_1_BW_retrofit_2,26.0,365
2020,259,SG_retrofit_2_Insul_current_TR_retrofit_1_BW_retrofit_3,23.0,362
2020,259,SG_retrofit_2_Insul_current_TR_retrofit_1_BW_retrofit_3,24.0,365
2020,259,SG_retrofit_2_Insul_current_TR_retrofit_1_BW_retrofit_3,25.0,365
2020,259,SG_retrofit_2_Insul_current_TR_retrofit_1_BW_retrofit_3,26.0,365
2020,260,SG_retrofit_2_Insul_current_TR_retrofit_1_BW_retrofit_4,23.0,362
2020,260,SG_retrofit_2_Insul_current_TR_retrofit_1_BW_retrofit_4,24.0,365
2020,260,SG_retrofit_2_Insul_current_TR_retrofit_1_BW_retrofit_4,25.0,365
2020,260,SG_retrofit_2_Insul_current_TR_retrofit_1_BW_retrofit_4,26.0,365
2020,261,SG_retrofit_2_Insul_current_TR_retrofit_2_BW_current,23.0,359
2020,261,SG_retrofit_2_Insul_current_TR_retrofit_2_BW_current,24.0,362
2020,261,SG_retrofit_2_Insul_current_TR_retrofit_2_BW_current,25.0,365
2020,261,SG_retrofit_2_Insul_current_TR_retrofit_2_BW_current,26.0,365
2020,262,SG_retrofit_2_Insul_current_TR_retrofit_2_BW_retrofit_1,23.0,362
2020,262,SG_retrofit_2_Insul_current_TR_retrofit_2_BW_retrofit_1,24.0,365
2020,262,SG_retrofit_2_Insul_current_TR_retrofit_2_BW_retrofit_1,25.0,365
2020,262,SG_retrofit_2_Insul_current_TR_retrofit_2_BW_retrofit_1,26.0,365
2020,263,SG_retrofit_2_Insul_current_TR_retrofit_2_BW_retrofit_2,23.0,362
2020,263,SG_retrofit_2_Insul_current_TR_retrofit_2_BW_retrofit_2,24.0,365
2020,263,SG_retrofit_2_Insul_current_TR_retrofit_2_BW_retrofit_2,25.0,365
2020,263,SG_retrofit_2_Insul_current_TR_retrofit_2_BW_retrofit_2,26.0,365
2020,264,SG_retrofit_2_Insul_current_TR_retrofit_2_BW_retrofit_3,23.0,362
2020,264,SG_retrofit_2_Insul_current_TR_retrofit_2_BW_retrofit_3,24.0,365
2020,264,SG_retrofit_2_Insul_current_TR_retrofit_2_BW_retrofit_3,25.0,365
2020,264,SG_retrofit_2_Insul_current_TR_retrofit_2_BW_retrofit_3,26.0,365
2020,265,SG_retrofit_2_Insul_current_TR_retrofit_2_BW_retrofit_4,23.0,362
2020,265,SG_retrofit_2_Insul_current_TR_retrofit_2_BW_retrofit_4,24.0,365
2020,265,SG_retrofit_2_Insul_current_TR_retrofit_2_BW_retrofit_4,25.0,365
2020,265,SG_retrofit_2_Insul_current_TR_retrofit_2_BW_retrofit_4,26.0,365
2020,266,SG_retrofit_2_Insul_current_TR_retrofit_3_BW_current,23.0,359
2020,266,SG_retrofit_2_Insul_current_TR_retrofit_3_BW_current,24.0,362
2020,266,SG_retrofit_2_Insul_current_TR_retrofit_3_BW_current,25.0,365
2020,266,SG_retrofit_2_Insul_current_TR_retrofit_3_BW_current,26.0,365
2020,267,SG_retrofit_2_Insul_current_TR_retrofit_3_BW_retrofit_1,23.0,362
2020,267,SG_retrofit_2_Insul_current_TR_retrofit_3_BW_retrofit_1,24.0,365
2020,267,SG_retrofit_2_Insul_current_TR_retrofit_3_BW_retrofit_1,25.0,365
2020,267,SG_retrofit_2_Insul_current_TR_retrofit_3_BW_retrofit_1,26.0,365
2020,268,SG_retrofit_2_Insul_current_TR_retrofit_3_BW_retrofit_2,23.0,362
2020,268,SG_retrofit_2_Insul_current_TR_retrofit_3_BW_retrofit_2,24.0,365
2020,268,SG_retrofit_2_Insul_current_TR_retrofit_3_BW_retrofit_2,25.0,365
2020,268,SG_retrofit_2_Insul_current_TR_retrofit_3_BW_retrofit_2,26.0,365
2020,269,SG_retrofit_2_Insul_current_TR_retrofit_3_BW_retrofit_3,23.0,362
2020,269,SG_retrofit_2_Insul_current_TR_retrofit_3_BW_retrofit_3,24.0,365
2020,269,SG_retrofit_2_Insul_current_TR_retrofit_3_BW_retrofit_3,25.0,365
2020,269,SG_retrofit_2_Insul_current_TR_retrofit_3_BW_retrofit_3,26.0,365
2020,270,SG_retrofit_2_Insul_current_TR_retrofit_3_BW_retrofit_4,23.0,362
2020,270,SG_retrofit_2_Insul_current_TR_retrofit_3_BW_retrofit_4,24.0,365
2020,270,SG_retrofit_2_Insul_current_TR_retrofit_3_BW_retrofit_4,25.0,365
2020,270,SG_retrofit_2_Insul_current_TR_retrofit_3_BW_retrofit_4,26.0,365
2020,271,SG_retrofit_2_Insul_current_TR_retrofit_4_BW_current,23.0,359
2020,271,SG_retrofit_2_Insul_current_TR_retrofit_4_BW_current,24.0,362
2020,271,SG_retrofit_2_Insul_current_TR_retrofit_4_BW_current,25.0,365
2020,271,SG_retrofit_2_Insul_current_TR_retrofit_4_BW_current,26.0,365
2020,272,SG_retrofit_2_Insul_current_TR_retrofit_4_BW_retrofit_1,23.0,362
2020,272,SG_retrofit_2_Insul_current_TR_retrofit_4_BW_retrofit_1,24.0,365
2020,272,SG_retrofit_2_Insul_current_TR_retrofit_4_BW_retrofit_1,25.0,365
2020,272,SG_retrofit_2_Insul_current_TR_retrofit_4_BW_retrofit_1,26.0,365
2020,273,SG_retrofit_2_Insul_current_TR_retrofit_4_BW_retrofit_2,23.0,362
2020,273,SG_retrofit_2_Insul_current_TR_retrofit_4_BW_retrofit_2,24.0,365
2020,273,SG_retrofit_2_Insul_current_TR_retrofit_4_BW_retrofit_2,25.0,365
2020,273,SG_retrofit_2_Insul_current_TR_retrofit_4_BW_retrofit_2,26.0,365
2020,274,SG_retrofit_2_Insul_current_TR_retrofit_4_BW_retrofit_3,23.0,362
2020,274,SG_retrofit_2_Insul_current_TR_retrofit_4_BW_retrofit_3,24.0,365
2020,274,SG_retrofit_2_Insul_current_TR_retrofit_4_BW_retrofit_3,25.0,365
2020,274,SG_retrofit_2_Insul_current_TR_retrofit_4_BW_retrofit_3,26.0,365
2020,275,SG_retrofit_2_Insul_current_TR_retrofit_4_BW_retrofit_4,23.0,362
2020,275,SG_retrofit_2_Insul_current_TR_retrofit_4_BW_retrofit_4,24.0,365
2020,275,SG_retrofit_2_Insul_current_TR_retrofit_4_BW_retrofit_4,25.0,365
2020,275,SG_retrofit_2_Insul_current_TR_retrofit_4_BW_retrofit_4,26.0,365
2020,276,SG_retrofit_2_Insul_retrofit_1_TR_current_BW_current,23.0,351
2020,276,SG_retrofit_2_Insul_retrofit_1_TR_current_BW_current,24.0,360
2020,276,SG_retrofit_2_Insul_retrofit_1_TR_current_BW_current,25.0,363
2020,276,SG_retrofit_2_Insul_retrofit_1_TR_current_BW_current,26.0,365
2020,277,SG_retrofit_2_Insul_retrofit_1_TR_current_BW_retrofit_1,23.0,356
2020,277,SG_retrofit_2_Insul_retrofit_1_TR_current_BW_retrofit_1,24.0,361
2020,277,SG_retrofit_2_Insul_retrofit_1_TR_current_BW_retrofit_1,25.0,365
2020,277,SG_retrofit_2_Insul_retrofit_1_TR_current_BW_retrofit_1,26.0,365
2020,278,SG_retrofit_2_Insul_retrofit_1_TR_current_BW_retrofit_2,23.0,355
2020,278,SG_retrofit_2_Insul_retrofit_1_TR_current_BW_retrofit_2,24.0,361
2020,278,SG_retrofit_2_Insul_retrofit_1_TR_current_BW_retrofit_2,25.0,365
2020,278,SG_retrofit_2_Insul_retrofit_1_TR_current_BW_retrofit_2,26.0,365
2020,279,SG_retrofit_2_Insul_retrofit_1_TR_current_BW_retrofit_3,23.0,356
2020,279,SG_retrofit_2_Insul_retrofit_1_TR_current_BW_retrofit_3,24.0,361
2020,279,SG_retrofit_2_Insul_retrofit_1_TR_current_BW_retrofit_3,25.0,365
2020,279,SG_retrofit_2_Insul_retrofit_1_TR_current_BW_retrofit_3,26.0,365
2020,280,SG_retrofit_2_Insul_retrofit_1_TR_current_BW_retrofit_4,23.0,356
2020,280,SG_retrofit_2_Insul_retrofit_1_TR_current_BW_retrofit_4,24.0,361
2020,280,SG_retrofit_2_Insul_retrofit_1_TR_current_BW_retrofit_4,25.0,365
2020,280,SG_retrofit_2_Insul_retrofit_1_TR_current_BW_retrofit_4,26.0,365
2020,281,SG_retrofit_2_Insul_retrofit_1_TR_retrofit_1_BW_current,23.0,352
2020,281,SG_retrofit_2_Insul_retrofit_1_TR_retrofit_1_BW_current,24.0,360
2020,281,SG_retrofit_2_Insul_retrofit_1_TR_retrofit_1_BW_current,25.0,363
2020,281,SG_retrofit_2_Insul_retrofit_1_TR_retrofit_1_BW_current,26.0,365
2020,282,SG_retrofit_2_Insul_retrofit_1_TR_retrofit_1_BW_retrofit_1,23.0,358
2020,282,SG_retrofit_2_Insul_retrofit_1_TR_retrofit_1_BW_retrofit_1,24.0,362
2020,282,SG_retrofit_2_Insul_retrofit_1_TR_retrofit_1_BW_retrofit_1,25.0,365
2020,282,SG_retrofit_2_Insul_retrofit_1_TR_retrofit_1_BW_retrofit_1,26.0,365
2020,283,SG_retrofit_2_Insul_retrofit_1_TR_retrofit_1_BW_retrofit_2,23.0,358
2020,283,SG_retrofit_2_Insul_retrofit_1_TR_retrofit_1_BW_retrofit_2,24.0,362
2020,283,SG_retrofit_2_Insul_retrofit_1_TR_retrofit_1_BW_retrofit_2,25.0,365
2020,283,SG_retrofit_2_Insul_retrofit_1_TR_retrofit_1_BW_retrofit_2,26.0,365
2020,284,SG_retrofit_2_Insul_retrofit_1_TR_retrofit_1_BW_retrofit_3,23.0,358
2020,284,SG_retrofit_2_Insul_retrofit_1_TR_retrofit_1_BW_retrofit_3,24.0,362
2020,284,SG_retrofit_2_Insul_retrofit_1_TR_retrofit_1_BW_retrofit_3,25.0,365
2020,284,SG_retrofit_2_Insul_retrofit_1_TR_retrofit_1_BW_retrofit_3,26.0,365
2020,285,SG_retrofit_2_Insul_retrofit_1_TR_retrofit_1_BW_retrofit_4,23.0,358
2020,285,SG_retrofit_2_Insul_retrofit_1_TR_retrofit_1_BW_retrofit_4,24.0,362
2020,285,SG_retrofit_2_Insul_retrofit_1_TR_retrofit_1_BW_retrofit_4,25.0,365
2020,285,SG_retrofit_2_Insul_retrofit_1_TR_retrofit_1_BW_retrofit_4,26.0,365
2020,286,SG_retrofit_2_Insul_retrofit_1_TR_retrofit_2_BW_current,23.0,352
2020,286,SG_retrofit_2_Insul_retrofit_1_TR_retrofit_2_BW_current,24.0,360
2020,286,SG_retrofit_2_Insul_retrofit_1_TR_retrofit_2_BW_current,25.0,363
2020,286,SG_retrofit_2_Insul_retrofit_1_TR_retrofit_2_BW_current,26.0,365
2020,287,SG_retrofit_2_Insul_retrofit_1_TR_retrofit_2_BW_retrofit_1,23.0,358
2020,287,SG_retrofit_2_Insul_retrofit_1_TR_retrofit_2_BW_retrofit_1,24.0,362
2020,287,SG_retrofit_2_Insul_retrofit_1_TR_retrofit_2_BW_retrofit_1,25.0,365
2020,287,SG_retrofit_2_Insul_retrofit_1_TR_retrofit_2_BW_retrofit_1,26.0,365
2020,288,SG_retrofit_2_Insul_retrofit_1_TR_retrofit_2_BW_retrofit_2,23.0,358
2020,288,SG_retrofit_2_Insul_retrofit_1_TR_retrofit_2_BW_retrofit_2,24.0,362
2020,288,SG_retrofit_2_Insul_retrofit_1_TR_retrofit_2_BW_retrofit_2,25.0,365
2020,288,SG_retrofit_2_Insul_retrofit_1_TR_retrofit_2_BW_retrofit_2,26.0,365
2020,289,SG_retrofit_2_Insul_retrofit_1_TR_retrofit_2_BW_retrofit_3,23.0,358
2020,289,SG_retrofit_2_Insul_retrofit_1_TR_retrofit_2_BW_retrofit_3,24.0,362
2020,289,SG_retrofit_2_Insul_retrofit_1_TR_retrofit_2_BW_retrofit_3,25.0,365
2020,289,SG_retrofit_2_Insul_retrofit_1_TR_retrofit_2_BW_retrofit_3,26.0,365
2020,290,SG_retrofit_2_Insul_retrofit_1_TR_retrofit_2_BW_retrofit_4,23.0,358
2020,290,SG_retrofit_2_Insul_retrofit_1_TR_retrofit_2_BW_retrofit_4,24.0,362
2020,290,SG_retrofit_2_Insul_retrofit_1_TR_retrofit_2_BW_retrofit_4,25.0,365
2020,290,SG_retrofit_2_Insul_retrofit_1_TR_retrofit_2_BW_retrofit_4,26.0,365
2020,291,SG_retrofit_2_Insul_retrofit_1_TR_retrofit_3_BW_current,23.0,352
2020,291,SG_retrofit_2_Insul_retrofit_1_TR_retrofit_3_BW_current,24.0,360
2020,291,SG_retrofit_2_Insul_retrofit_1_TR_retrofit_3_BW_current,25.0,363
2020,291,SG_retrofit_2_Insul_retrofit_1_TR_retrofit_3_BW_current,26.0,365
2020,292,SG_retrofit_2_Insul_retrofit_1_TR_retrofit_3_BW_retrofit_1,23.0,358
2020,292,SG_retrofit_2_Insul_retrofit_1_TR_retrofit_3_BW_retrofit_1,24.0,362
2020,292,SG_retrofit_2_Insul_retrofit_1_TR_retrofit_3_BW_retrofit_1,25.0,365
2020,292,SG_retrofit_2_Insul_retrofit_1_TR_retrofit_3_BW_retrofit_1,26.0,365
2020,293,SG_retrofit_2_Insul_retrofit_1_TR_retrofit_3_BW_retrofit_2,23.0,358
2020,293,SG_retrofit_2_Insul_retrofit_1_TR_retrofit_3_BW_retrofit_2,24.0,362
2020,293,SG_retrofit_2_Insul_retrofit_1_TR_retrofit_3_BW_retrofit_2,25.0,365
2020,293,SG_retrofit_2_Insul_retrofit_1_TR_retrofit_3_BW_retrofit_2,26.0,365
2020,294,SG_retrofit_2_Insul_retrofit_1_TR_retrofit_3_BW_retrofit_3,23.0,358
2020,294,SG_retrofit_2_Insul_retrofit_1_TR_retrofit_3_BW_retrofit_3,24.0,362
2020,294,SG_retrofit_2_Insul_retrofit_1_TR_retrofit_3_BW_retrofit_3,25.0,365
2020,294,SG_retrofit_2_Insul_retrofit_1_TR_retrofit_3_BW_retrofit_3,26.0,365
2020,295,SG_retrofit_2_Insul_retrofit_1_TR_retrofit_3_BW_retrofit_4,23.0,358
2020,295,SG_retrofit_2_Insul_retrofit_1_TR_retrofit_3_BW_retrofit_4,24.0,363
2020,295,SG_retrofit_2_Insul_retrofit_1_TR_retrofit_3_BW_retrofit_4,25.0,365
2020,295,SG_retrofit_2_Insul_retrofit_1_TR_retrofit_3_BW_retrofit_4,26.0,365
2020,296,SG_retrofit_2_Insul_retrofit_1_TR_retrofit_4_BW_current,23.0,352
2020,296,SG_retrofit_2_Insul_retrofit_1_TR_retrofit_4_BW_current,24.0,360
2020,296,SG_retrofit_2_Insul_retrofit_1_TR_retrofit_4_BW_current,25.0,363
2020,296,SG_retrofit_2_Insul_retrofit_1_TR_retrofit_4_BW_current,26.0,365
2020,297,SG_retrofit_2_Insul_retrofit_1_TR_retrofit_4_BW_retrofit_1,23.0,358
2020,297,SG_retrofit_2_Insul_retrofit_1_TR_retrofit_4_BW_retrofit_1,24.0,362
2020,297,SG_retrofit_2_Insul_retrofit_1_TR_retrofit_4_BW_retrofit_1,25.0,365
2020,297,SG_retrofit_2_Insul_retrofit_1_TR_retrofit_4_BW_retrofit_1,26.0,365
2020,298,SG_retrofit_2_Insul_retrofit_1_TR_retrofit_4_BW_retrofit_2,23.0,358
2020,298,SG_retrofit_2_Insul_retrofit_1_TR_retrofit_4_BW_retrofit_2,24.0,362
2020,298,SG_retrofit_2_Insul_retrofit_1_TR_retrofit_4_BW_retrofit_2,25.0,365
2020,298,SG_retrofit_2_Insul_retrofit_1_TR_retrofit_4_BW_retrofit_2,26.0,365
2020,299,SG_retrofit_2_Insul_retrofit_1_TR_retrofit_4_BW_retrofit_3,23.0,358
2020,299,SG_retrofit_2_Insul_retrofit_1_TR_retrofit_4_BW_retrofit_3,24.0,362
2020,299,SG_retrofit_2_Insul_retrofit_1_TR_retrofit_4_BW_retrofit_3,25.0,365
2020,299,SG_retrofit_2_Insul_retrofit_1_TR_retrofit_4_BW_retrofit_3,26.0,365
2020,300,SG_retrofit_2_Insul_retrofit_1_TR_retrofit_4_BW_retrofit_4,23.0,358
2020,300,SG_retrofit_2_Insul_retrofit_1_TR_retrofit_4_BW_retrofit_4,24.0,363
2020,300,SG_retrofit_2_Insul_retrofit_1_TR_retrofit_4_BW_retrofit_4,25.0,365
2020,300,SG_retrofit_2_Insul_retrofit_1_TR_retrofit_4_BW_retrofit_4,26.0,365
2020,301,SG_retrofit_2_Insul_retrofit_2_TR_current_BW_current,23.0,350
2020,301,SG_retrofit_2_Insul_retrofit_2_TR_current_BW_current,24.0,360
2020,301,SG_retrofit_2_Insul_retrofit_2_TR_current_BW_current,25.0,363
2020,301,SG_retrofit_2_Insul_retrofit_2_TR_current_BW_current,26.0,365
2020,302,SG_retrofit_2_Insul_retrofit_2_TR_current_BW_retrofit_1,23.0,355
2020,302,SG_retrofit_2_Insul_retrofit_2_TR_current_BW_retrofit_1,24.0,361
2020,302,SG_retrofit_2_Insul_retrofit_2_TR_current_BW_retrofit_1,25.0,365
2020,302,SG_retrofit_2_Insul_retrofit_2_TR_current_BW_retrofit_1,26.0,365
2020,303,SG_retrofit_2_Insul_retrofit_2_TR_current_BW_retrofit_2,23.0,355
2020,303,SG_retrofit_2_Insul_retrofit_2_TR_current_BW_retrofit_2,24.0,361
2020,303,SG_retrofit_2_Insul_retrofit_2_TR_current_BW_retrofit_2,25.0,365
2020,303,SG_retrofit_2_Insul_retrofit_2_TR_current_BW_retrofit_2,26.0,365
2020,304,SG_retrofit_2_Insul_retrofit_2_TR_current_BW_retrofit_3,23.0,355
2020,304,SG_retrofit_2_Insul_retrofit_2_TR_current_BW_retrofit_3,24.0,361
2020,304,SG_retrofit_2_Insul_retrofit_2_TR_current_BW_retrofit_3,25.0,365
2020,304,SG_retrofit_2_Insul_retrofit_2_TR_current_BW_retrofit_3,26.0,365
2020,305,SG_retrofit_2_Insul_retrofit_2_TR_current_BW_retrofit_4,23.0,355
2020,305,SG_retrofit_2_Insul_retrofit_2_TR_current_BW_retrofit_4,24.0,361
2020,305,SG_retrofit_2_Insul_retrofit_2_TR_current_BW_retrofit_4,25.0,365
2020,305,SG_retrofit_2_Insul_retrofit_2_TR_current_BW_retrofit_4,26.0,365
2020,306,SG_retrofit_2_Insul_retrofit_2_TR_retrofit_1_BW_current,23.0,352
2020,306,SG_retrofit_2_Insul_retrofit_2_TR_retrofit_1_BW_current,24.0,360
2020,306,SG_retrofit_2_Insul_retrofit_2_TR_retrofit_1_BW_current,25.0,363
2020,306,SG_retrofit_2_Insul_retrofit_2_TR_retrofit_1_BW_current,26.0,365
2020,307,SG_retrofit_2_Insul_retrofit_2_TR_retrofit_1_BW_retrofit_1,23.0,358
2020,307,SG_retrofit_2_Insul_retrofit_2_TR_retrofit_1_BW_retrofit_1,24.0,362
2020,307,SG_retrofit_2_Insul_retrofit_2_TR_retrofit_1_BW_retrofit_1,25.0,365
2020,307,SG_retrofit_2_Insul_retrofit_2_TR_retrofit_1_BW_retrofit_1,26.0,365
2020,308,SG_retrofit_2_Insul_retrofit_2_TR_retrofit_1_BW_retrofit_2,23.0,358
2020,308,SG_retrofit_2_Insul_retrofit_2_TR_retrofit_1_BW_retrofit_2,24.0,362
2020,308,SG_retrofit_2_Insul_retrofit_2_TR_retrofit_1_BW_retrofit_2,25.0,365
2020,308,SG_retrofit_2_Insul_retrofit_2_TR_retrofit_1_BW_retrofit_2,26.0,365
2020,309,SG_retrofit_2_Insul_retrofit_2_TR_retrofit_1_BW_retrofit_3,23.0,358
2020,309,SG_retrofit_2_Insul_retrofit_2_TR_retrofit_1_BW_retrofit_3,24.0,362
2020,309,SG_retrofit_2_Insul_retrofit_2_TR_retrofit_1_BW_retrofit_3,25.0,365
2020,309,SG_retrofit_2_Insul_retrofit_2_TR_retrofit_1_BW_retrofit_3,26.0,365
2020,310,SG_retrofit_2_Insul_retrofit_2_TR_retrofit_1_BW_retrofit_4,23.0,358
2020,310,SG_retrofit_2_Insul_retrofit_2_TR_retrofit_1_BW_retrofit_4,24.0,362
2020,310,SG_retrofit_2_Insul_retrofit_2_TR_retrofit_1_BW_retrofit_4,25.0,365
2020,310,SG_retrofit_2_Insul_retrofit_2_TR_retrofit_1_BW_retrofit_4,26.0,365
2020,311,SG_retrofit_2_Insul_retrofit_2_TR_retrofit_2_BW_current,23.0,351
2020,311,SG_retrofit_2_Insul_retrofit_2_TR_retrofit_2_BW_current,24.0,360
2020,311,SG_retrofit_2_Insul_retrofit_2_TR_retrofit_2_BW_current,25.0,363
2020,311,SG_retrofit_2_Insul_retrofit_2_TR_retrofit_2_BW_current,26.0,365
2020,312,SG_retrofit_2_Insul_retrofit_2_TR_retrofit_2_BW_retrofit_1,23.0,358
2020,312,SG_retrofit_2_Insul_retrofit_2_TR_retrofit_2_BW_retrofit_1,24.0,362
2020,312,SG_retrofit_2_Insul_retrofit_2_TR_retrofit_2_BW_retrofit_1,25.0,365
2020,312,SG_retrofit_2_Insul_retrofit_2_TR_retrofit_2_BW_retrofit_1,26.0,365
2020,313,SG_retrofit_2_Insul_retrofit_2_TR_retrofit_2_BW_retrofit_2,23.0,358
2020,313,SG_retrofit_2_Insul_retrofit_2_TR_retrofit_2_BW_retrofit_2,24.0,362
2020,313,SG_retrofit_2_Insul_retrofit_2_TR_retrofit_2_BW_retrofit_2,25.0,365
2020,313,SG_retrofit_2_Insul_retrofit_2_TR_retrofit_2_BW_retrofit_2,26.0,365
2020,314,SG_retrofit_2_Insul_retrofit_2_TR_retrofit_2_BW_retrofit_3,23.0,358
2020,314,SG_retrofit_2_Insul_retrofit_2_TR_retrofit_2_BW_retrofit_3,24.0,362
2020,314,SG_retrofit_2_Insul_retrofit_2_TR_retrofit_2_BW_retrofit_3,25.0,365
2020,314,SG_retrofit_2_Insul_retrofit_2_TR_retrofit_2_BW_retrofit_3,26.0,365
2020,315,SG_retrofit_2_Insul_retrofit_2_TR_retrofit_2_BW_retrofit_4,23.0,358
2020,315,SG_retrofit_2_Insul_retrofit_2_TR_retrofit_2_BW_retrofit_4,24.0,362
2020,315,SG_retrofit_2_Insul_retrofit_2_TR_retrofit_2_BW_retrofit_4,25.0,365
2020,315,SG_retrofit_2_Insul_retrofit_2_TR_retrofit_2_BW_retrofit_4,26.0,365
2020,316,SG_retrofit_2_Insul_retrofit_2_TR_retrofit_3_BW_current,23.0,352
2020,316,SG_retrofit_2_Insul_retrofit_2_TR_retrofit_3_BW_current,24.0,360
2020,316,SG_retrofit_2_Insul_retrofit_2_TR_retrofit_3_BW_current,25.0,363
2020,316,SG_retrofit_2_Insul_retrofit_2_TR_retrofit_3_BW_current,26.0,365
2020,317,SG_retrofit_2_Insul_retrofit_2_TR_retrofit_3_BW_retrofit_1,23.0,358
2020,317,SG_retrofit_2_Insul_retrofit_2_TR_retrofit_3_BW_retrofit_1,24.0,362
2020,317,SG_retrofit_2_Insul_retrofit_2_TR_retrofit_3_BW_retrofit_1,25.0,365
2020,317,SG_retrofit_2_Insul_retrofit_2_TR_retrofit_3_BW_retrofit_1,26.0,365
2020,318,SG_retrofit_2_Insul_retrofit_2_TR_retrofit_3_BW_retrofit_2,23.0,358
2020,318,SG_retrofit_2_Insul_retrofit_2_TR_retrofit_3_BW_retrofit_2,24.0,362
2020,318,SG_retrofit_2_Insul_retrofit_2_TR_retrofit_3_BW_retrofit_2,25.0,365
2020,318,SG_retrofit_2_Insul_retrofit_2_TR_retrofit_3_BW_retrofit_2,26.0,365
2020,319,SG_retrofit_2_Insul_retrofit_2_TR_retrofit_3_BW_retrofit_3,23.0,358
2020,319,SG_retrofit_2_Insul_retrofit_2_TR_retrofit_3_BW_retrofit_3,24.0,362
2020,319,SG_retrofit_2_Insul_retrofit_2_TR_retrofit_3_BW_retrofit_3,25.0,365
2020,319,SG_retrofit_2_Insul_retrofit_2_TR_retrofit_3_BW_retrofit_3,26.0,365
2020,320,SG_retrofit_2_Insul_retrofit_2_TR_retrofit_3_BW_retrofit_4,23.0,358
2020,320,SG_retrofit_2_Insul_retrofit_2_TR_retrofit_3_BW_retrofit_4,24.0,362
2020,320,SG_retrofit_2_Insul_retrofit_2_TR_retrofit_3_BW_retrofit_4,25.0,365
2020,320,SG_retrofit_2_Insul_retrofit_2_TR_retrofit_3_BW_retrofit_4,26.0,365
2020,321,SG_retrofit_2_Insul_retrofit_2_TR_retrofit_4_BW_current,23.0,352
2020,321,SG_retrofit_2_Insul_retrofit_2_TR_retrofit_4_BW_current,24.0,360
2020,321,SG_retrofit_2_Insul_retrofit_2_TR_retrofit_4_BW_current,25.0,363
2020,321,SG_retrofit_2_Insul_retrofit_2_TR_retrofit_4_BW_current,26.0,365
2020,322,SG_retrofit_2_Insul_retrofit_2_TR_retrofit_4_BW_retrofit_1,23.0,358
2020,322,SG_retrofit_2_Insul_retrofit_2_TR_retrofit_4_BW_retrofit_1,24.0,362
2020,322,SG_retrofit_2_Insul_retrofit_2_TR_retrofit_4_BW_retrofit_1,25.0,365
2020,322,SG_retrofit_2_Insul_retrofit_2_TR_retrofit_4_BW_retrofit_1,26.0,365
2020,323,SG_retrofit_2_Insul_retrofit_2_TR_retrofit_4_BW_retrofit_2,23.0,358
2020,323,SG_retrofit_2_Insul_retrofit_2_TR_retrofit_4_BW_retrofit_2,24.0,362
2020,323,SG_retrofit_2_Insul_retrofit_2_TR_retrofit_4_BW_retrofit_2,25.0,365
2020,323,SG_retrofit_2_Insul_retrofit_2_TR_retrofit_4_BW_retrofit_2,26.0,365
2020,324,SG_retrofit_2_Insul_retrofit_2_TR_retrofit_4_BW_retrofit_3,23.0,358
2020,324,SG_retrofit_2_Insul_retrofit_2_TR_retrofit_4_BW_retrofit_3,24.0,362
2020,324,SG_retrofit_2_Insul_retrofit_2_TR_retrofit_4_BW_retrofit_3,25.0,365
2020,324,SG_retrofit_2_Insul_retrofit_2_TR_retrofit_4_BW_retrofit_3,26.0,365
2020,325,SG_retrofit_2_Insul_retrofit_2_TR_retrofit_4_BW_retrofit_4,23.0,358
2020,325,SG_retrofit_2_Insul_retrofit_2_TR_retrofit_4_BW_retrofit_4,24.0,362
2020,325,SG_retrofit_2_Insul_retrofit_2_TR_retrofit_4_BW_retrofit_4,25.0,365
2020,325,SG_retrofit_2_Insul_retrofit_2_TR_retrofit_4_BW_retrofit_4,26.0,365
2020,326,SG_retrofit_2_Insul_retrofit_3_TR_current_BW_current,23.0,350
2020,326,SG_retrofit_2_Insul_retrofit_3_TR_current_BW_current,24.0,359
2020,326,SG_retrofit_2_Insul_retrofit_3_TR_current_BW_current,25.0,363
2020,326,SG_retrofit_2_Insul_retrofit_3_TR_current_BW_current,26.0,365
2020,327,SG_retrofit_2_Insul_retrofit_3_TR_current_BW_retrofit_1,23.0,355
2020,327,SG_retrofit_2_Insul_retrofit_3_TR_current_BW_retrofit_1,24.0,361
2020,327,SG_retrofit_2_Insul_retrofit_3_TR_current_BW_retrofit_1,25.0,365
2020,327,SG_retrofit_2_Insul_retrofit_3_TR_current_BW_retrofit_1,26.0,365
2020,328,SG_retrofit_2_Insul_retrofit_3_TR_current_BW_retrofit_2,23.0,355
2020,328,SG_retrofit_2_Insul_retrofit_3_TR_current_BW_retrofit_2,24.0,361
2020,328,SG_retrofit_2_Insul_retrofit_3_TR_current_BW_retrofit_2,25.0,365
2020,328,SG_retrofit_2_Insul_retrofit_3_TR_current_BW_retrofit_2,26.0,365
2020,329,SG_retrofit_2_Insul_retrofit_3_TR_current_BW_retrofit_3,23.0,355
2020,329,SG_retrofit_2_Insul_retrofit_3_TR_current_BW_retrofit_3,24.0,361
2020,329,SG_retrofit_2_Insul_retrofit_3_TR_current_BW_retrofit_3,25.0,365
2020,329,SG_retrofit_2_Insul_retrofit_3_TR_current_BW_retrofit_3,26.0,365
2020,330,SG_retrofit_2_Insul_retrofit_3_TR_current_BW_retrofit_4,23.0,355
2020,330,SG_retrofit_2_Insul_retrofit_3_TR_current_BW_retrofit_4,24.0,361
2020,330,SG_retrofit_2_Insul_retrofit_3_TR_current_BW_retrofit_4,25.0,365
2020,330,SG_retrofit_2_Insul_retrofit_3_TR_current_BW_retrofit_4,26.0,365
2020,331,SG_retrofit_2_Insul_retrofit_3_TR_retrofit_1_BW_current,23.0,351
2020,331,SG_retrofit_2_Insul_retrofit_3_TR_retrofit_1_BW_current,24.0,360
2020,331,SG_retrofit_2_Insul_retrofit_3_TR_retrofit_1_BW_current,25.0,363
2020,331,SG_retrofit_2_Insul_retrofit_3_TR_retrofit_1_BW_current,26.0,365
2020,332,SG_retrofit_2_Insul_retrofit_3_TR_retrofit_1_BW_retrofit_1,23.0,358
2020,332,SG_retrofit_2_Insul_retrofit_3_TR_retrofit_1_BW_retrofit_1,24.0,362
2020,332,SG_retrofit_2_Insul_retrofit_3_TR_retrofit_1_BW_retrofit_1,25.0,365
2020,332,SG_retrofit_2_Insul_retrofit_3_TR_retrofit_1_BW_retrofit_1,26.0,365
2020,333,SG_retrofit_2_Insul_retrofit_3_TR_retrofit_1_BW_retrofit_2,23.0,358
2020,333,SG_retrofit_2_Insul_retrofit_3_TR_retrofit_1_BW_retrofit_2,24.0,362
2020,333,SG_retrofit_2_Insul_retrofit_3_TR_retrofit_1_BW_retrofit_2,25.0,365
2020,333,SG_retrofit_2_Insul_retrofit_3_TR_retrofit_1_BW_retrofit_2,26.0,365
2020,334,SG_retrofit_2_Insul_retrofit_3_TR_retrofit_1_BW_retrofit_3,23.0,358
2020,334,SG_retrofit_2_Insul_retrofit_3_TR_retrofit_1_BW_retrofit_3,24.0,362
2020,334,SG_retrofit_2_Insul_retrofit_3_TR_retrofit_1_BW_retrofit_3,25.0,365
2020,334,SG_retrofit_2_Insul_retrofit_3_TR_retrofit_1_BW_retrofit_3,26.0,365
2020,335,SG_retrofit_2_Insul_retrofit_3_TR_retrofit_1_BW_retrofit_4,23.0,358
2020,335,SG_retrofit_2_Insul_retrofit_3_TR_retrofit_1_BW_retrofit_4,24.0,362
2020,335,SG_retrofit_2_Insul_retrofit_3_TR_retrofit_1_BW_retrofit_4,25.0,365
2020,335,SG_retrofit_2_Insul_retrofit_3_TR_retrofit_1_BW_retrofit_4,26.0,365
2020,336,SG_retrofit_2_Insul_retrofit_3_TR_retrofit_2_BW_current,23.0,351
2020,336,SG_retrofit_2_Insul_retrofit_3_TR_retrofit_2_BW_current,24.0,360
2020,336,SG_retrofit_2_Insul_retrofit_3_TR_retrofit_2_BW_current,25.0,363
2020,336,SG_retrofit_2_Insul_retrofit_3_TR_retrofit_2_BW_current,26.0,365
2020,337,SG_retrofit_2_Insul_retrofit_3_TR_retrofit_2_BW_retrofit_1,23.0,358
2020,337,SG_retrofit_2_Insul_retrofit_3_TR_retrofit_2_BW_retrofit_1,24.0,362
2020,337,SG_retrofit_2_Insul_retrofit_3_TR_retrofit_2_BW_retrofit_1,25.0,365
2020,337,SG_retrofit_2_Insul_retrofit_3_TR_retrofit_2_BW_retrofit_1,26.0,365
2020,338,SG_retrofit_2_Insul_retrofit_3_TR_retrofit_2_BW_retrofit_2,23.0,358
2020,338,SG_retrofit_2_Insul_retrofit_3_TR_retrofit_2_BW_retrofit_2,24.0,362
2020,338,SG_retrofit_2_Insul_retrofit_3_TR_retrofit_2_BW_retrofit_2,25.0,365
2020,338,SG_retrofit_2_Insul_retrofit_3_TR_retrofit_2_BW_retrofit_2,26.0,365
2020,339,SG_retrofit_2_Insul_retrofit_3_TR_retrofit_2_BW_retrofit_3,23.0,358
2020,339,SG_retrofit_2_Insul_retrofit_3_TR_retrofit_2_BW_retrofit_3,24.0,362
2020,339,SG_retrofit_2_Insul_retrofit_3_TR_retrofit_2_BW_retrofit_3,25.0,365
2020,339,SG_retrofit_2_Insul_retrofit_3_TR_retrofit_2_BW_retrofit_3,26.0,365
2020,340,SG_retrofit_2_Insul_retrofit_3_TR_retrofit_2_BW_retrofit_4,23.0,358
2020,340,SG_retrofit_2_Insul_retrofit_3_TR_retrofit_2_BW_retrofit_4,24.0,362
2020,340,SG_retrofit_2_Insul_retrofit_3_TR_retrofit_2_BW_retrofit_4,25.0,365
2020,340,SG_retrofit_2_Insul_retrofit_3_TR_retrofit_2_BW_retrofit_4,26.0,365
2020,341,SG_retrofit_2_Insul_retrofit_3_TR_retrofit_3_BW_current,23.0,351
2020,341,SG_retrofit_2_Insul_retrofit_3_TR_retrofit_3_BW_current,24.0,360
2020,341,SG_retrofit_2_Insul_retrofit_3_TR_retrofit_3_BW_current,25.0,363
2020,341,SG_retrofit_2_Insul_retrofit_3_TR_retrofit_3_BW_current,26.0,365
2020,342,SG_retrofit_2_Insul_retrofit_3_TR_retrofit_3_BW_retrofit_1,23.0,358
2020,342,SG_retrofit_2_Insul_retrofit_3_TR_retrofit_3_BW_retrofit_1,24.0,362
2020,342,SG_retrofit_2_Insul_retrofit_3_TR_retrofit_3_BW_retrofit_1,25.0,365
2020,342,SG_retrofit_2_Insul_retrofit_3_TR_retrofit_3_BW_retrofit_1,26.0,365
2020,343,SG_retrofit_2_Insul_retrofit_3_TR_retrofit_3_BW_retrofit_2,23.0,358
2020,343,SG_retrofit_2_Insul_retrofit_3_TR_retrofit_3_BW_retrofit_2,24.0,362
2020,343,SG_retrofit_2_Insul_retrofit_3_TR_retrofit_3_BW_retrofit_2,25.0,365
2020,343,SG_retrofit_2_Insul_retrofit_3_TR_retrofit_3_BW_retrofit_2,26.0,365
2020,344,SG_retrofit_2_Insul_retrofit_3_TR_retrofit_3_BW_retrofit_3,23.0,358
2020,344,SG_retrofit_2_Insul_retrofit_3_TR_retrofit_3_BW_retrofit_3,24.0,362
2020,344,SG_retrofit_2_Insul_retrofit_3_TR_retrofit_3_BW_retrofit_3,25.0,365
2020,344,SG_retrofit_2_Insul_retrofit_3_TR_retrofit_3_BW_retrofit_3,26.0,365
2020,345,SG_retrofit_2_Insul_retrofit_3_TR_retrofit_3_BW_retrofit_4,23.0,358
2020,345,SG_retrofit_2_Insul_retrofit_3_TR_retrofit_3_BW_retrofit_4,24.0,362
2020,345,SG_retrofit_2_Insul_retrofit_3_TR_retrofit_3_BW_retrofit_4,25.0,365
2020,345,SG_retrofit_2_Insul_retrofit_3_TR_retrofit_3_BW_retrofit_4,26.0,365
2020,346,SG_retrofit_2_Insul_retrofit_3_TR_retrofit_4_BW_current,23.0,351
2020,346,SG_retrofit_2_Insul_retrofit_3_TR_retrofit_4_BW_current,24.0,360
2020,346,SG_retrofit_2_Insul_retrofit_3_TR_retrofit_4_BW_current,25.0,363
2020,346,SG_retrofit_2_Insul_retrofit_3_TR_retrofit_4_BW_current,26.0,365
2020,347,SG_retrofit_2_Insul_retrofit_3_TR_retrofit_4_BW_retrofit_1,23.0,358
2020,347,SG_retrofit_2_Insul_retrofit_3_TR_retrofit_4_BW_retrofit_1,24.0,362
2020,347,SG_retrofit_2_Insul_retrofit_3_TR_retrofit_4_BW_retrofit_1,25.0,365
2020,347,SG_retrofit_2_Insul_retrofit_3_TR_retrofit_4_BW_retrofit_1,26.0,365
2020,348,SG_retrofit_2_Insul_retrofit_3_TR_retrofit_4_BW_retrofit_2,23.0,358
2020,348,SG_retrofit_2_Insul_retrofit_3_TR_retrofit_4_BW_retrofit_2,24.0,362
2020,348,SG_retrofit_2_Insul_retrofit_3_TR_retrofit_4_BW_retrofit_2,25.0,365
2020,348,SG_retrofit_2_Insul_retrofit_3_TR_retrofit_4_BW_retrofit_2,26.0,365
2020,349,SG_retrofit_2_Insul_retrofit_3_TR_retrofit_4_BW_retrofit_3,23.0,358
2020,349,SG_retrofit_2_Insul_retrofit_3_TR_retrofit_4_BW_retrofit_3,24.0,362
2020,349,SG_retrofit_2_Insul_retrofit_3_TR_retrofit_4_BW_retrofit_3,25.0,365
2020,349,SG_retrofit_2_Insul_retrofit_3_TR_retrofit_4_BW_retrofit_3,26.0,365
2020,350,SG_retrofit_2_Insul_retrofit_3_TR_retrofit_4_BW_retrofit_4,23.0,358
2020,350,SG_retrofit_2_Insul_retrofit_3_TR_retrofit_4_BW_retrofit_4,24.0,362
2020,350,SG_retrofit_2_Insul_retrofit_3_TR_retrofit_4_BW_retrofit_4,25.0,365
2020,350,SG_retrofit_2_Insul_retrofit_3_TR_retrofit_4_BW_retrofit_4,26.0,365
2020,351,SG_retrofit_2_Insul_retrofit_4_TR_current_BW_current,23.0,350
2020,351,SG_retrofit_2_Insul_retrofit_4_TR_current_BW_current,24.0,360
2020,351,SG_retrofit_2_Insul_retrofit_4_TR_current_BW_current,25.0,363
2020,351,SG_retrofit_2_Insul_retrofit_4_TR_current_BW_current,26.0,365
2020,352,SG_retrofit_2_Insul_retrofit_4_TR_current_BW_retrofit_1,23.0,355
2020,352,SG_retrofit_2_Insul_retrofit_4_TR_current_BW_retrofit_1,24.0,361
2020,352,SG_retrofit_2_Insul_retrofit_4_TR_current_BW_retrofit_1,25.0,365
2020,352,SG_retrofit_2_Insul_retrofit_4_TR_current_BW_retrofit_1,26.0,365
2020,353,SG_retrofit_2_Insul_retrofit_4_TR_current_BW_retrofit_2,23.0,355
2020,353,SG_retrofit_2_Insul_retrofit_4_TR_current_BW_retrofit_2,24.0,361
2020,353,SG_retrofit_2_Insul_retrofit_4_TR_current_BW_retrofit_2,25.0,365
2020,353,SG_retrofit_2_Insul_retrofit_4_TR_current_BW_retrofit_2,26.0,365
2020,354,SG_retrofit_2_Insul_retrofit_4_TR_current_BW_retrofit_3,23.0,355
2020,354,SG_retrofit_2_Insul_retrofit_4_TR_current_BW_retrofit_3,24.0,361
2020,354,SG_retrofit_2_Insul_retrofit_4_TR_current_BW_retrofit_3,25.0,365
2020,354,SG_retrofit_2_Insul_retrofit_4_TR_current_BW_retrofit_3,26.0,365
2020,355,SG_retrofit_2_Insul_retrofit_4_TR_current_BW_retrofit_4,23.0,355
2020,355,SG_retrofit_2_Insul_retrofit_4_TR_current_BW_retrofit_4,24.0,361
2020,355,SG_retrofit_2_Insul_retrofit_4_TR_current_BW_retrofit_4,25.0,365
2020,355,SG_retrofit_2_Insul_retrofit_4_TR_current_BW_retrofit_4,26.0,365
2020,356,SG_retrofit_2_Insul_retrofit_4_TR_retrofit_1_BW_current,23.0,351
2020,356,SG_retrofit_2_Insul_retrofit_4_TR_retrofit_1_BW_current,24.0,360
2020,356,SG_retrofit_2_Insul_retrofit_4_TR_retrofit_1_BW_current,25.0,363
2020,356,SG_retrofit_2_Insul_retrofit_4_TR_retrofit_1_BW_current,26.0,365
2020,357,SG_retrofit_2_Insul_retrofit_4_TR_retrofit_1_BW_retrofit_1,23.0,358
2020,357,SG_retrofit_2_Insul_retrofit_4_TR_retrofit_1_BW_retrofit_1,24.0,362
2020,357,SG_retrofit_2_Insul_retrofit_4_TR_retrofit_1_BW_retrofit_1,25.0,365
2020,357,SG_retrofit_2_Insul_retrofit_4_TR_retrofit_1_BW_retrofit_1,26.0,365
2020,358,SG_retrofit_2_Insul_retrofit_4_TR_retrofit_1_BW_retrofit_2,23.0,358
2020,358,SG_retrofit_2_Insul_retrofit_4_TR_retrofit_1_BW_retrofit_2,24.0,362
2020,358,SG_retrofit_2_Insul_retrofit_4_TR_retrofit_1_BW_retrofit_2,25.0,365
2020,358,SG_retrofit_2_Insul_retrofit_4_TR_retrofit_1_BW_retrofit_2,26.0,365
2020,359,SG_retrofit_2_Insul_retrofit_4_TR_retrofit_1_BW_retrofit_3,23.0,358
2020,359,SG_retrofit_2_Insul_retrofit_4_TR_retrofit_1_BW_retrofit_3,24.0,362
2020,359,SG_retrofit_2_Insul_retrofit_4_TR_retrofit_1_BW_retrofit_3,25.0,365
2020,359,SG_retrofit_2_Insul_retrofit_4_TR_retrofit_1_BW_retrofit_3,26.0,365
2020,360,SG_retrofit_2_Insul_retrofit_4_TR_retrofit_1_BW_retrofit_4,23.0,358
2020,360,SG_retrofit_2_Insul_retrofit_4_TR_retrofit_1_BW_retrofit_4,24.0,362
2020,360,SG_retrofit_2_Insul_retrofit_4_TR_retrofit_1_BW_retrofit_4,25.0,365
2020,360,SG_retrofit_2_Insul_retrofit_4_TR_retrofit_1_BW_retrofit_4,26.0,365
2020,361,SG_retrofit_2_Insul_retrofit_4_TR_retrofit_2_BW_current,23.0,351
2020,361,SG_retrofit_2_Insul_retrofit_4_TR_retrofit_2_BW_current,24.0,360
2020,361,SG_retrofit_2_Insul_retrofit_4_TR_retrofit_2_BW_current,25.0,363
2020,361,SG_retrofit_2_Insul_retrofit_4_TR_retrofit_2_BW_current,26.0,365
2020,362,SG_retrofit_2_Insul_retrofit_4_TR_retrofit_2_BW_retrofit_1,23.0,358
2020,362,SG_retrofit_2_Insul_retrofit_4_TR_retrofit_2_BW_retrofit_1,24.0,362
2020,362,SG_retrofit_2_Insul_retrofit_4_TR_retrofit_2_BW_retrofit_1,25.0,365
2020,362,SG_retrofit_2_Insul_retrofit_4_TR_retrofit_2_BW_retrofit_1,26.0,365
2020,363,SG_retrofit_2_Insul_retrofit_4_TR_retrofit_2_BW_retrofit_2,23.0,357
2020,363,SG_retrofit_2_Insul_retrofit_4_TR_retrofit_2_BW_retrofit_2,24.0,362
2020,363,SG_retrofit_2_Insul_retrofit_4_TR_retrofit_2_BW_retrofit_2,25.0,365
2020,363,SG_retrofit_2_Insul_retrofit_4_TR_retrofit_2_BW_retrofit_2,26.0,365
2020,364,SG_retrofit_2_Insul_retrofit_4_TR_retrofit_2_BW_retrofit_3,23.0,358
2020,364,SG_retrofit_2_Insul_retrofit_4_TR_retrofit_2_BW_retrofit_3,24.0,362
2020,364,SG_retrofit_2_Insul_retrofit_4_TR_retrofit_2_BW_retrofit_3,25.0,365
2020,364,SG_retrofit_2_Insul_retrofit_4_TR_retrofit_2_BW_retrofit_3,26.0,365
2020,365,SG_retrofit_2_Insul_retrofit_4_TR_retrofit_2_BW_retrofit_4,23.0,358
2020,365,SG_retrofit_2_Insul_retrofit_4_TR_retrofit_2_BW_retrofit_4,24.0,362
2020,365,SG_retrofit_2_Insul_retrofit_4_TR_retrofit_2_BW_retrofit_4,25.0,365
2020,365,SG_retrofit_2_Insul_retrofit_4_TR_retrofit_2_BW_retrofit_4,26.0,365
2020,366,SG_retrofit_2_Insul_retrofit_4_TR_retrofit_3_BW_current,23.0,351
2020,366,SG_retrofit_2_Insul_retrofit_4_TR_retrofit_3_BW_current,24.0,360
2020,366,SG_retrofit_2_Insul_retrofit_4_TR_retrofit_3_BW_current,25.0,363
2020,366,SG_retrofit_2_Insul_retrofit_4_TR_retrofit_3_BW_current,26.0,365
2020,367,SG_retrofit_2_Insul_retrofit_4_TR_retrofit_3_BW_retrofit_1,23.0,358
2020,367,SG_retrofit_2_Insul_retrofit_4_TR_retrofit_3_BW_retrofit_1,24.0,362
2020,367,SG_retrofit_2_Insul_retrofit_4_TR_retrofit_3_BW_retrofit_1,25.0,365
2020,367,SG_retrofit_2_Insul_retrofit_4_TR_retrofit_3_BW_retrofit_1,26.0,365
2020,368,SG_retrofit_2_Insul_retrofit_4_TR_retrofit_3_BW_retrofit_2,23.0,358
2020,368,SG_retrofit_2_Insul_retrofit_4_TR_retrofit_3_BW_retrofit_2,24.0,362
2020,368,SG_retrofit_2_Insul_retrofit_4_TR_retrofit_3_BW_retrofit_2,25.0,365
2020,368,SG_retrofit_2_Insul_retrofit_4_TR_retrofit_3_BW_retrofit_2,26.0,365
2020,369,SG_retrofit_2_Insul_retrofit_4_TR_retrofit_3_BW_retrofit_3,23.0,358
2020,369,SG_retrofit_2_Insul_retrofit_4_TR_retrofit_3_BW_retrofit_3,24.0,362
2020,369,SG_retrofit_2_Insul_retrofit_4_TR_retrofit_3_BW_retrofit_3,25.0,365
2020,369,SG_retrofit_2_Insul_retrofit_4_TR_retrofit_3_BW_retrofit_3,26.0,365
2020,370,SG_retrofit_2_Insul_retrofit_4_TR_retrofit_3_BW_retrofit_4,23.0,358
2020,370,SG_retrofit_2_Insul_retrofit_4_TR_retrofit_3_BW_retrofit_4,24.0,362
2020,370,SG_retrofit_2_Insul_retrofit_4_TR_retrofit_3_BW_retrofit_4,25.0,365
2020,370,SG_retrofit_2_Insul_retrofit_4_TR_retrofit_3_BW_retrofit_4,26.0,365
2020,371,SG_retrofit_2_Insul_retrofit_4_TR_retrofit_4_BW_current,23.0,351
2020,371,SG_retrofit_2_Insul_retrofit_4_TR_retrofit_4_BW_current,24.0,360
2020,371,SG_retrofit_2_Insul_retrofit_4_TR_retrofit_4_BW_current,25.0,363
2020,371,SG_retrofit_2_Insul_retrofit_4_TR_retrofit_4_BW_current,26.0,365
2020,372,SG_retrofit_2_Insul_retrofit_4_TR_retrofit_4_BW_retrofit_1,23.0,358
2020,372,SG_retrofit_2_Insul_retrofit_4_TR_retrofit_4_BW_retrofit_1,24.0,362
2020,372,SG_retrofit_2_Insul_retrofit_4_TR_retrofit_4_BW_retrofit_1,25.0,365
2020,372,SG_retrofit_2_Insul_retrofit_4_TR_retrofit_4_BW_retrofit_1,26.0,365
2020,373,SG_retrofit_2_Insul_retrofit_4_TR_retrofit_4_BW_retrofit_2,23.0,358
2020,373,SG_retrofit_2_Insul_retrofit_4_TR_retrofit_4_BW_retrofit_2,24.0,362
2020,373,SG_retrofit_2_Insul_retrofit_4_TR_retrofit_4_BW_retrofit_2,25.0,365
2020,373,SG_retrofit_2_Insul_retrofit_4_TR_retrofit_4_BW_retrofit_2,26.0,365
2020,374,SG_retrofit_2_Insul_retrofit_4_TR_retrofit_4_BW_retrofit_3,23.0,358
2020,374,SG_retrofit_2_Insul_retrofit_4_TR_retrofit_4_BW_retrofit_3,24.0,362
2020,374,SG_retrofit_2_Insul_retrofit_4_TR_retrofit_4_BW_retrofit_3,25.0,365
2020,374,SG_retrofit_2_Insul_retrofit_4_TR_retrofit_4_BW_retrofit_3,26.0,365
2020,375,SG_retrofit_2_Insul_retrofit_4_TR_retrofit_4_BW_retrofit_4,23.0,358
2020,375,SG_retrofit_2_Insul_retrofit_4_TR_retrofit_4_BW_retrofit_4,24.0,362
2020,375,SG_retrofit_2_Insul_retrofit_4_TR_retrofit_4_BW_retrofit_4,25.0,365
2020,375,SG_retrofit_2_Insul_retrofit_4_TR_retrofit_4_BW_retrofit_4,26.0,365
2020,376,SG_retrofit_3_Insul_current_TR_current_BW_current,23.0,359
2020,376,SG_retrofit_3_Insul_current_TR_current_BW_current,24.0,362
2020,376,SG_retrofit_3_Insul_current_TR_current_BW_current,25.0,365
2020,376,SG_retrofit_3_Insul_current_TR_current_BW_current,26.0,365
2020,377,SG_retrofit_3_Insul_current_TR_current_BW_retrofit_1,23.0,362
2020,377,SG_retrofit_3_Insul_current_TR_current_BW_retrofit_1,24.0,365
2020,377,SG_retrofit_3_Insul_current_TR_current_BW_retrofit_1,25.0,365
2020,377,SG_retrofit_3_Insul_current_TR_current_BW_retrofit_1,26.0,365
2020,378,SG_retrofit_3_Insul_current_TR_current_BW_retrofit_2,23.0,362
2020,378,SG_retrofit_3_Insul_current_TR_current_BW_retrofit_2,24.0,365
2020,378,SG_retrofit_3_Insul_current_TR_current_BW_retrofit_2,25.0,365
2020,378,SG_retrofit_3_Insul_current_TR_current_BW_retrofit_2,26.0,365
2020,379,SG_retrofit_3_Insul_current_TR_current_BW_retrofit_3,23.0,362
2020,379,SG_retrofit_3_Insul_current_TR_current_BW_retrofit_3,24.0,365
2020,379,SG_retrofit_3_Insul_current_TR_current_BW_retrofit_3,25.0,365
2020,379,SG_retrofit_3_Insul_current_TR_current_BW_retrofit_3,26.0,365
2020,380,SG_retrofit_3_Insul_current_TR_current_BW_retrofit_4,23.0,362
2020,380,SG_retrofit_3_Insul_current_TR_current_BW_retrofit_4,24.0,365
2020,380,SG_retrofit_3_Insul_current_TR_current_BW_retrofit_4,25.0,365
2020,380,SG_retrofit_3_Insul_current_TR_current_BW_retrofit_4,26.0,365
2020,381,SG_retrofit_3_Insul_current_TR_retrofit_1_BW_current,23.0,359
2020,381,SG_retrofit_3_Insul_current_TR_retrofit_1_BW_current,24.0,363
2020,381,SG_retrofit_3_Insul_current_TR_retrofit_1_BW_current,25.0,365
2020,381,SG_retrofit_3_Insul_current_TR_retrofit_1_BW_current,26.0,365
2020,382,SG_retrofit_3_Insul_current_TR_retrofit_1_BW_retrofit_1,23.0,362
2020,382,SG_retrofit_3_Insul_current_TR_retrofit_1_BW_retrofit_1,24.0,365
2020,382,SG_retrofit_3_Insul_current_TR_retrofit_1_BW_retrofit_1,25.0,365
2020,382,SG_retrofit_3_Insul_current_TR_retrofit_1_BW_retrofit_1,26.0,365
2020,383,SG_retrofit_3_Insul_current_TR_retrofit_1_BW_retrofit_2,23.0,362
2020,383,SG_retrofit_3_Insul_current_TR_retrofit_1_BW_retrofit_2,24.0,365
2020,383,SG_retrofit_3_Insul_current_TR_retrofit_1_BW_retrofit_2,25.0,365
2020,383,SG_retrofit_3_Insul_current_TR_retrofit_1_BW_retrofit_2,26.0,365
2020,384,SG_retrofit_3_Insul_current_TR_retrofit_1_BW_retrofit_3,23.0,362
2020,384,SG_retrofit_3_Insul_current_TR_retrofit_1_BW_retrofit_3,24.0,365
2020,384,SG_retrofit_3_Insul_current_TR_retrofit_1_BW_retrofit_3,25.0,365
2020,384,SG_retrofit_3_Insul_current_TR_retrofit_1_BW_retrofit_3,26.0,365
2020,385,SG_retrofit_3_Insul_current_TR_retrofit_1_BW_retrofit_4,23.0,362
2020,385,SG_retrofit_3_Insul_current_TR_retrofit_1_BW_retrofit_4,24.0,365
2020,385,SG_retrofit_3_Insul_current_TR_retrofit_1_BW_retrofit_4,25.0,365
2020,385,SG_retrofit_3_Insul_current_TR_retrofit_1_BW_retrofit_4,26.0,365
2020,386,SG_retrofit_3_Insul_current_TR_retrofit_2_BW_current,23.0,359
2020,386,SG_retrofit_3_Insul_current_TR_retrofit_2_BW_current,24.0,363
2020,386,SG_retrofit_3_Insul_current_TR_retrofit_2_BW_current,25.0,365
2020,386,SG_retrofit_3_Insul_current_TR_retrofit_2_BW_current,26.0,365
2020,387,SG_retrofit_3_Insul_current_TR_retrofit_2_BW_retrofit_1,23.0,362
2020,387,SG_retrofit_3_Insul_current_TR_retrofit_2_BW_retrofit_1,24.0,365
2020,387,SG_retrofit_3_Insul_current_TR_retrofit_2_BW_retrofit_1,25.0,365
2020,387,SG_retrofit_3_Insul_current_TR_retrofit_2_BW_retrofit_1,26.0,365
2020,388,SG_retrofit_3_Insul_current_TR_retrofit_2_BW_retrofit_2,23.0,362
2020,388,SG_retrofit_3_Insul_current_TR_retrofit_2_BW_retrofit_2,24.0,365
2020,388,SG_retrofit_3_Insul_current_TR_retrofit_2_BW_retrofit_2,25.0,365
2020,388,SG_retrofit_3_Insul_current_TR_retrofit_2_BW_retrofit_2,26.0,365
2020,389,SG_retrofit_3_Insul_current_TR_retrofit_2_BW_retrofit_3,23.0,362
2020,389,SG_retrofit_3_Insul_current_TR_retrofit_2_BW_retrofit_3,24.0,365
2020,389,SG_retrofit_3_Insul_current_TR_retrofit_2_BW_retrofit_3,25.0,365
2020,389,SG_retrofit_3_Insul_current_TR_retrofit_2_BW_retrofit_3,26.0,365
2020,390,SG_retrofit_3_Insul_current_TR_retrofit_2_BW_retrofit_4,23.0,362
2020,390,SG_retrofit_3_Insul_current_TR_retrofit_2_BW_retrofit_4,24.0,365
2020,390,SG_retrofit_3_Insul_current_TR_retrofit_2_BW_retrofit_4,25.0,365
2020,390,SG_retrofit_3_Insul_current_TR_retrofit_2_BW_retrofit_4,26.0,365
2020,391,SG_retrofit_3_Insul_current_TR_retrofit_3_BW_current,23.0,359
2020,391,SG_retrofit_3_Insul_current_TR_retrofit_3_BW_current,24.0,363
2020,391,SG_retrofit_3_Insul_current_TR_retrofit_3_BW_current,25.0,365
2020,391,SG_retrofit_3_Insul_current_TR_retrofit_3_BW_current,26.0,365
2020,392,SG_retrofit_3_Insul_current_TR_retrofit_3_BW_retrofit_1,23.0,362
2020,392,SG_retrofit_3_Insul_current_TR_retrofit_3_BW_retrofit_1,24.0,365
2020,392,SG_retrofit_3_Insul_current_TR_retrofit_3_BW_retrofit_1,25.0,365
2020,392,SG_retrofit_3_Insul_current_TR_retrofit_3_BW_retrofit_1,26.0,365
2020,393,SG_retrofit_3_Insul_current_TR_retrofit_3_BW_retrofit_2,23.0,362
2020,393,SG_retrofit_3_Insul_current_TR_retrofit_3_BW_retrofit_2,24.0,365
2020,393,SG_retrofit_3_Insul_current_TR_retrofit_3_BW_retrofit_2,25.0,365
2020,393,SG_retrofit_3_Insul_current_TR_retrofit_3_BW_retrofit_2,26.0,365
2020,394,SG_retrofit_3_Insul_current_TR_retrofit_3_BW_retrofit_3,23.0,362
2020,394,SG_retrofit_3_Insul_current_TR_retrofit_3_BW_retrofit_3,24.0,365
2020,394,SG_retrofit_3_Insul_current_TR_retrofit_3_BW_retrofit_3,25.0,365
2020,394,SG_retrofit_3_Insul_current_TR_retrofit_3_BW_retrofit_3,26.0,365
2020,395,SG_retrofit_3_Insul_current_TR_retrofit_3_BW_retrofit_4,23.0,362
2020,395,SG_retrofit_3_Insul_current_TR_retrofit_3_BW_retrofit_4,24.0,365
2020,395,SG_retrofit_3_Insul_current_TR_retrofit_3_BW_retrofit_4,25.0,365
2020,395,SG_retrofit_3_Insul_current_TR_retrofit_3_BW_retrofit_4,26.0,365
2020,396,SG_retrofit_3_Insul_current_TR_retrofit_4_BW_current,23.0,359
2020,396,SG_retrofit_3_Insul_current_TR_retrofit_4_BW_current,24.0,363
2020,396,SG_retrofit_3_Insul_current_TR_retrofit_4_BW_current,25.0,365
2020,396,SG_retrofit_3_Insul_current_TR_retrofit_4_BW_current,26.0,365
2020,397,SG_retrofit_3_Insul_current_TR_retrofit_4_BW_retrofit_1,23.0,362
2020,397,SG_retrofit_3_Insul_current_TR_retrofit_4_BW_retrofit_1,24.0,365
2020,397,SG_retrofit_3_Insul_current_TR_retrofit_4_BW_retrofit_1,25.0,365
2020,397,SG_retrofit_3_Insul_current_TR_retrofit_4_BW_retrofit_1,26.0,365
2020,398,SG_retrofit_3_Insul_current_TR_retrofit_4_BW_retrofit_2,23.0,362
2020,398,SG_retrofit_3_Insul_current_TR_retrofit_4_BW_retrofit_2,24.0,365
2020,398,SG_retrofit_3_Insul_current_TR_retrofit_4_BW_retrofit_2,25.0,365
2020,398,SG_retrofit_3_Insul_current_TR_retrofit_4_BW_retrofit_2,26.0,365
2020,399,SG_retrofit_3_Insul_current_TR_retrofit_4_BW_retrofit_3,23.0,362
2020,399,SG_retrofit_3_Insul_current_TR_retrofit_4_BW_retrofit_3,24.0,365
2020,399,SG_retrofit_3_Insul_current_TR_retrofit_4_BW_retrofit_3,25.0,365
2020,399,SG_retrofit_3_Insul_current_TR_retrofit_4_BW_retrofit_3,26.0,365
2020,400,SG_retrofit_3_Insul_current_TR_retrofit_4_BW_retrofit_4,23.0,362
2020,400,SG_retrofit_3_Insul_current_TR_retrofit_4_BW_retrofit_4,24.0,365
2020,400,SG_retrofit_3_Insul_current_TR_retrofit_4_BW_retrofit_4,25.0,365
2020,400,SG_retrofit_3_Insul_current_TR_retrofit_4_BW_retrofit_4,26.0,365
2020,401,SG_retrofit_3_Insul_retrofit_1_TR_current_BW_current,23.0,350
2020,401,SG_retrofit_3_Insul_retrofit_1_TR_current_BW_current,24.0,360
2020,401,SG_retrofit_3_Insul_retrofit_1_TR_current_BW_current,25.0,363
2020,401,SG_retrofit_3_Insul_retrofit_1_TR_current_BW_current,26.0,365
2020,402,SG_retrofit_3_Insul_retrofit_1_TR_current_BW_retrofit_1,23.0,355
2020,402,SG_retrofit_3_Insul_retrofit_1_TR_current_BW_retrofit_1,24.0,361
2020,402,SG_retrofit_3_Insul_retrofit_1_TR_current_BW_retrofit_1,25.0,365
2020,402,SG_retrofit_3_Insul_retrofit_1_TR_current_BW_retrofit_1,26.0,365
2020,403,SG_retrofit_3_Insul_retrofit_1_TR_current_BW_retrofit_2,23.0,355
2020,403,SG_retrofit_3_Insul_retrofit_1_TR_current_BW_retrofit_2,24.0,361
2020,403,SG_retrofit_3_Insul_retrofit_1_TR_current_BW_retrofit_2,25.0,365
2020,403,SG_retrofit_3_Insul_retrofit_1_TR_current_BW_retrofit_2,26.0,365
2020,404,SG_retrofit_3_Insul_retrofit_1_TR_current_BW_retrofit_3,23.0,355
2020,404,SG_retrofit_3_Insul_retrofit_1_TR_current_BW_retrofit_3,24.0,361
2020,404,SG_retrofit_3_Insul_retrofit_1_TR_current_BW_retrofit_3,25.0,365
2020,404,SG_retrofit_3_Insul_retrofit_1_TR_current_BW_retrofit_3,26.0,365
2020,405,SG_retrofit_3_Insul_retrofit_1_TR_current_BW_retrofit_4,23.0,355
2020,405,SG_retrofit_3_Insul_retrofit_1_TR_current_BW_retrofit_4,24.0,361
2020,405,SG_retrofit_3_Insul_retrofit_1_TR_current_BW_retrofit_4,25.0,365
2020,405,SG_retrofit_3_Insul_retrofit_1_TR_current_BW_retrofit_4,26.0,365
2020,406,SG_retrofit_3_Insul_retrofit_1_TR_retrofit_1_BW_current,23.0,351
2020,406,SG_retrofit_3_Insul_retrofit_1_TR_retrofit_1_BW_current,24.0,360
2020,406,SG_retrofit_3_Insul_retrofit_1_TR_retrofit_1_BW_current,25.0,363
2020,406,SG_retrofit_3_Insul_retrofit_1_TR_retrofit_1_BW_current,26.0,365
2020,407,SG_retrofit_3_Insul_retrofit_1_TR_retrofit_1_BW_retrofit_1,23.0,358
2020,407,SG_retrofit_3_Insul_retrofit_1_TR_retrofit_1_BW_retrofit_1,24.0,362
2020,407,SG_retrofit_3_Insul_retrofit_1_TR_retrofit_1_BW_retrofit_1,25.0,365
2020,407,SG_retrofit_3_Insul_retrofit_1_TR_retrofit_1_BW_retrofit_1,26.0,365
2020,408,SG_retrofit_3_Insul_retrofit_1_TR_retrofit_1_BW_retrofit_2,23.0,358
2020,408,SG_retrofit_3_Insul_retrofit_1_TR_retrofit_1_BW_retrofit_2,24.0,362
2020,408,SG_retrofit_3_Insul_retrofit_1_TR_retrofit_1_BW_retrofit_2,25.0,365
2020,408,SG_retrofit_3_Insul_retrofit_1_TR_retrofit_1_BW_retrofit_2,26.0,365
2020,409,SG_retrofit_3_Insul_retrofit_1_TR_retrofit_1_BW_retrofit_3,23.0,358
2020,409,SG_retrofit_3_Insul_retrofit_1_TR_retrofit_1_BW_retrofit_3,24.0,362
2020,409,SG_retrofit_3_Insul_retrofit_1_TR_retrofit_1_BW_retrofit_3,25.0,365
2020,409,SG_retrofit_3_Insul_retrofit_1_TR_retrofit_1_BW_retrofit_3,26.0,365
2020,410,SG_retrofit_3_Insul_retrofit_1_TR_retrofit_1_BW_retrofit_4,23.0,358
2020,410,SG_retrofit_3_Insul_retrofit_1_TR_retrofit_1_BW_retrofit_4,24.0,363
2020,410,SG_retrofit_3_Insul_retrofit_1_TR_retrofit_1_BW_retrofit_4,25.0,365
2020,410,SG_retrofit_3_Insul_retrofit_1_TR_retrofit_1_BW_retrofit_4,26.0,365
2020,411,SG_retrofit_3_Insul_retrofit_1_TR_retrofit_2_BW_current,23.0,351
2020,411,SG_retrofit_3_Insul_retrofit_1_TR_retrofit_2_BW_current,24.0,360
2020,411,SG_retrofit_3_Insul_retrofit_1_TR_retrofit_2_BW_current,25.0,363
2020,411,SG_retrofit_3_Insul_retrofit_1_TR_retrofit_2_BW_current,26.0,365
2020,412,SG_retrofit_3_Insul_retrofit_1_TR_retrofit_2_BW_retrofit_1,23.0,358
2020,412,SG_retrofit_3_Insul_retrofit_1_TR_retrofit_2_BW_retrofit_1,24.0,362
2020,412,SG_retrofit_3_Insul_retrofit_1_TR_retrofit_2_BW_retrofit_1,25.0,365
2020,412,SG_retrofit_3_Insul_retrofit_1_TR_retrofit_2_BW_retrofit_1,26.0,365
2020,413,SG_retrofit_3_Insul_retrofit_1_TR_retrofit_2_BW_retrofit_2,23.0,358
2020,413,SG_retrofit_3_Insul_retrofit_1_TR_retrofit_2_BW_retrofit_2,24.0,362
2020,413,SG_retrofit_3_Insul_retrofit_1_TR_retrofit_2_BW_retrofit_2,25.0,365
2020,413,SG_retrofit_3_Insul_retrofit_1_TR_retrofit_2_BW_retrofit_2,26.0,365
2020,414,SG_retrofit_3_Insul_retrofit_1_TR_retrofit_2_BW_retrofit_3,23.0,358
2020,414,SG_retrofit_3_Insul_retrofit_1_TR_retrofit_2_BW_retrofit_3,24.0,363
2020,414,SG_retrofit_3_Insul_retrofit_1_TR_retrofit_2_BW_retrofit_3,25.0,365
2020,414,SG_retrofit_3_Insul_retrofit_1_TR_retrofit_2_BW_retrofit_3,26.0,365
2020,415,SG_retrofit_3_Insul_retrofit_1_TR_retrofit_2_BW_retrofit_4,23.0,358
2020,415,SG_retrofit_3_Insul_retrofit_1_TR_retrofit_2_BW_retrofit_4,24.0,363
2020,415,SG_retrofit_3_Insul_retrofit_1_TR_retrofit_2_BW_retrofit_4,25.0,365
2020,415,SG_retrofit_3_Insul_retrofit_1_TR_retrofit_2_BW_retrofit_4,26.0,365
2020,416,SG_retrofit_3_Insul_retrofit_1_TR_retrofit_3_BW_current,23.0,352
2020,416,SG_retrofit_3_Insul_retrofit_1_TR_retrofit_3_BW_current,24.0,360
2020,416,SG_retrofit_3_Insul_retrofit_1_TR_retrofit_3_BW_current,25.0,363
2020,416,SG_retrofit_3_Insul_retrofit_1_TR_retrofit_3_BW_current,26.0,365
2020,417,SG_retrofit_3_Insul_retrofit_1_TR_retrofit_3_BW_retrofit_1,23.0,358
2020,417,SG_retrofit_3_Insul_retrofit_1_TR_retrofit_3_BW_retrofit_1,24.0,362
2020,417,SG_retrofit_3_Insul_retrofit_1_TR_retrofit_3_BW_retrofit_1,25.0,365
2020,417,SG_retrofit_3_Insul_retrofit_1_TR_retrofit_3_BW_retrofit_1,26.0,365
2020,418,SG_retrofit_3_Insul_retrofit_1_TR_retrofit_3_BW_retrofit_2,23.0,358
2020,418,SG_retrofit_3_Insul_retrofit_1_TR_retrofit_3_BW_retrofit_2,24.0,363
2020,418,SG_retrofit_3_Insul_retrofit_1_TR_retrofit_3_BW_retrofit_2,25.0,365
2020,418,SG_retrofit_3_Insul_retrofit_1_TR_retrofit_3_BW_retrofit_2,26.0,365
2020,419,SG_retrofit_3_Insul_retrofit_1_TR_retrofit_3_BW_retrofit_3,23.0,358
2020,419,SG_retrofit_3_Insul_retrofit_1_TR_retrofit_3_BW_retrofit_3,24.0,363
2020,419,SG_retrofit_3_Insul_retrofit_1_TR_retrofit_3_BW_retrofit_3,25.0,365
2020,419,SG_retrofit_3_Insul_retrofit_1_TR_retrofit_3_BW_retrofit_3,26.0,365
2020,420,SG_retrofit_3_Insul_retrofit_1_TR_retrofit_3_BW_retrofit_4,23.0,358
2020,420,SG_retrofit_3_Insul_retrofit_1_TR_retrofit_3_BW_retrofit_4,24.0,363
2020,420,SG_retrofit_3_Insul_retrofit_1_TR_retrofit_3_BW_retrofit_4,25.0,365
2020,420,SG_retrofit_3_Insul_retrofit_1_TR_retrofit_3_BW_retrofit_4,26.0,365
2020,421,SG_retrofit_3_Insul_retrofit_1_TR_retrofit_4_BW_current,23.0,352
2020,421,SG_retrofit_3_Insul_retrofit_1_TR_retrofit_4_BW_current,24.0,360
2020,421,SG_retrofit_3_Insul_retrofit_1_TR_retrofit_4_BW_current,25.0,363
2020,421,SG_retrofit_3_Insul_retrofit_1_TR_retrofit_4_BW_current,26.0,365
2020,422,SG_retrofit_3_Insul_retrofit_1_TR_retrofit_4_BW_retrofit_1,23.0,358
2020,422,SG_retrofit_3_Insul_retrofit_1_TR_retrofit_4_BW_retrofit_1,24.0,362
2020,422,SG_retrofit_3_Insul_retrofit_1_TR_retrofit_4_BW_retrofit_1,25.0,365
2020,422,SG_retrofit_3_Insul_retrofit_1_TR_retrofit_4_BW_retrofit_1,26.0,365
2020,423,SG_retrofit_3_Insul_retrofit_1_TR_retrofit_4_BW_retrofit_2,23.0,358
2020,423,SG_retrofit_3_Insul_retrofit_1_TR_retrofit_4_BW_retrofit_2,24.0,363
2020,423,SG_retrofit_3_Insul_retrofit_1_TR_retrofit_4_BW_retrofit_2,25.0,365
2020,423,SG_retrofit_3_Insul_retrofit_1_TR_retrofit_4_BW_retrofit_2,26.0,365
2020,424,SG_retrofit_3_Insul_retrofit_1_TR_retrofit_4_BW_retrofit_3,23.0,358
2020,424,SG_retrofit_3_Insul_retrofit_1_TR_retrofit_4_BW_retrofit_3,24.0,363
2020,424,SG_retrofit_3_Insul_retrofit_1_TR_retrofit_4_BW_retrofit_3,25.0,365
2020,424,SG_retrofit_3_Insul_retrofit_1_TR_retrofit_4_BW_retrofit_3,26.0,365
2020,425,SG_retrofit_3_Insul_retrofit_1_TR_retrofit_4_BW_retrofit_4,23.0,358
2020,425,SG_retrofit_3_Insul_retrofit_1_TR_retrofit_4_BW_retrofit_4,24.0,363
2020,425,SG_retrofit_3_Insul_retrofit_1_TR_retrofit_4_BW_retrofit_4,25.0,365
2020,425,SG_retrofit_3_Insul_retrofit_1_TR_retrofit_4_BW_retrofit_4,26.0,365
2020,426,SG_retrofit_3_Insul_retrofit_2_TR_current_BW_current,23.0,350
2020,426,SG_retrofit_3_Insul_retrofit_2_TR_current_BW_current,24.0,360
2020,426,SG_retrofit_3_Insul_retrofit_2_TR_current_BW_current,25.0,363
2020,426,SG_retrofit_3_Insul_retrofit_2_TR_current_BW_current,26.0,365
2020,427,SG_retrofit_3_Insul_retrofit_2_TR_current_BW_retrofit_1,23.0,355
2020,427,SG_retrofit_3_Insul_retrofit_2_TR_current_BW_retrofit_1,24.0,361
2020,427,SG_retrofit_3_Insul_retrofit_2_TR_current_BW_retrofit_1,25.0,365
2020,427,SG_retrofit_3_Insul_retrofit_2_TR_current_BW_retrofit_1,26.0,365
2020,428,SG_retrofit_3_Insul_retrofit_2_TR_current_BW_retrofit_2,23.0,355
2020,428,SG_retrofit_3_Insul_retrofit_2_TR_current_BW_retrofit_2,24.0,361
2020,428,SG_retrofit_3_Insul_retrofit_2_TR_current_BW_retrofit_2,25.0,365
2020,428,SG_retrofit_3_Insul_retrofit_2_TR_current_BW_retrofit_2,26.0,365
2020,429,SG_retrofit_3_Insul_retrofit_2_TR_current_BW_retrofit_3,23.0,355
2020,429,SG_retrofit_3_Insul_retrofit_2_TR_current_BW_retrofit_3,24.0,361
2020,429,SG_retrofit_3_Insul_retrofit_2_TR_current_BW_retrofit_3,25.0,365
2020,429,SG_retrofit_3_Insul_retrofit_2_TR_current_BW_retrofit_3,26.0,365
2020,430,SG_retrofit_3_Insul_retrofit_2_TR_current_BW_retrofit_4,23.0,355
2020,430,SG_retrofit_3_Insul_retrofit_2_TR_current_BW_retrofit_4,24.0,361
2020,430,SG_retrofit_3_Insul_retrofit_2_TR_current_BW_retrofit_4,25.0,365
2020,430,SG_retrofit_3_Insul_retrofit_2_TR_current_BW_retrofit_4,26.0,365
2020,431,SG_retrofit_3_Insul_retrofit_2_TR_retrofit_1_BW_current,23.0,350
2020,431,SG_retrofit_3_Insul_retrofit_2_TR_retrofit_1_BW_current,24.0,360
2020,431,SG_retrofit_3_Insul_retrofit_2_TR_retrofit_1_BW_current,25.0,363
2020,431,SG_retrofit_3_Insul_retrofit_2_TR_retrofit_1_BW_current,26.0,365
2020,432,SG_retrofit_3_Insul_retrofit_2_TR_retrofit_1_BW_retrofit_1,23.0,357
2020,432,SG_retrofit_3_Insul_retrofit_2_TR_retrofit_1_BW_retrofit_1,24.0,362
2020,432,SG_retrofit_3_Insul_retrofit_2_TR_retrofit_1_BW_retrofit_1,25.0,365
2020,432,SG_retrofit_3_Insul_retrofit_2_TR_retrofit_1_BW_retrofit_1,26.0,365
2020,433,SG_retrofit_3_Insul_retrofit_2_TR_retrofit_1_BW_retrofit_2,23.0,357
2020,433,SG_retrofit_3_Insul_retrofit_2_TR_retrofit_1_BW_retrofit_2,24.0,362
2020,433,SG_retrofit_3_Insul_retrofit_2_TR_retrofit_1_BW_retrofit_2,25.0,365
2020,433,SG_retrofit_3_Insul_retrofit_2_TR_retrofit_1_BW_retrofit_2,26.0,365
2020,434,SG_retrofit_3_Insul_retrofit_2_TR_retrofit_1_BW_retrofit_3,23.0,356
2020,434,SG_retrofit_3_Insul_retrofit_2_TR_retrofit_1_BW_retrofit_3,24.0,362
2020,434,SG_retrofit_3_Insul_retrofit_2_TR_retrofit_1_BW_retrofit_3,25.0,365
2020,434,SG_retrofit_3_Insul_retrofit_2_TR_retrofit_1_BW_retrofit_3,26.0,365
2020,435,SG_retrofit_3_Insul_retrofit_2_TR_retrofit_1_BW_retrofit_4,23.0,357
2020,435,SG_retrofit_3_Insul_retrofit_2_TR_retrofit_1_BW_retrofit_4,24.0,362
2020,435,SG_retrofit_3_Insul_retrofit_2_TR_retrofit_1_BW_retrofit_4,25.0,365
2020,435,SG_retrofit_3_Insul_retrofit_2_TR_retrofit_1_BW_retrofit_4,26.0,365
2020,436,SG_retrofit_3_Insul_retrofit_2_TR_retrofit_2_BW_current,23.0,350
2020,436,SG_retrofit_3_Insul_retrofit_2_TR_retrofit_2_BW_current,24.0,360
2020,436,SG_retrofit_3_Insul_retrofit_2_TR_retrofit_2_BW_current,25.0,363
2020,436,SG_retrofit_3_Insul_retrofit_2_TR_retrofit_2_BW_current,26.0,365
2020,437,SG_retrofit_3_Insul_retrofit_2_TR_retrofit_2_BW_retrofit_1,23.0,357
2020,437,SG_retrofit_3_Insul_retrofit_2_TR_retrofit_2_BW_retrofit_1,24.0,362
2020,437,SG_retrofit_3_Insul_retrofit_2_TR_retrofit_2_BW_retrofit_1,25.0,365
2020,437,SG_retrofit_3_Insul_retrofit_2_TR_retrofit_2_BW_retrofit_1,26.0,365
2020,438,SG_retrofit_3_Insul_retrofit_2_TR_retrofit_2_BW_retrofit_2,23.0,357
2020,438,SG_retrofit_3_Insul_retrofit_2_TR_retrofit_2_BW_retrofit_2,24.0,362
2020,438,SG_retrofit_3_Insul_retrofit_2_TR_retrofit_2_BW_retrofit_2,25.0,365
2020,438,SG_retrofit_3_Insul_retrofit_2_TR_retrofit_2_BW_retrofit_2,26.0,365
2020,439,SG_retrofit_3_Insul_retrofit_2_TR_retrofit_2_BW_retrofit_3,23.0,357
2020,439,SG_retrofit_3_Insul_retrofit_2_TR_retrofit_2_BW_retrofit_3,24.0,362
2020,439,SG_retrofit_3_Insul_retrofit_2_TR_retrofit_2_BW_retrofit_3,25.0,365
2020,439,SG_retrofit_3_Insul_retrofit_2_TR_retrofit_2_BW_retrofit_3,26.0,365
2020,440,SG_retrofit_3_Insul_retrofit_2_TR_retrofit_2_BW_retrofit_4,23.0,357
2020,440,SG_retrofit_3_Insul_retrofit_2_TR_retrofit_2_BW_retrofit_4,24.0,362
2020,440,SG_retrofit_3_Insul_retrofit_2_TR_retrofit_2_BW_retrofit_4,25.0,365
2020,440,SG_retrofit_3_Insul_retrofit_2_TR_retrofit_2_BW_retrofit_4,26.0,365
2020,441,SG_retrofit_3_Insul_retrofit_2_TR_retrofit_3_BW_current,23.0,351
2020,441,SG_retrofit_3_Insul_retrofit_2_TR_retrofit_3_BW_current,24.0,360
2020,441,SG_retrofit_3_Insul_retrofit_2_TR_retrofit_3_BW_current,25.0,363
2020,441,SG_retrofit_3_Insul_retrofit_2_TR_retrofit_3_BW_current,26.0,365
2020,442,SG_retrofit_3_Insul_retrofit_2_TR_retrofit_3_BW_retrofit_1,23.0,358
2020,442,SG_retrofit_3_Insul_retrofit_2_TR_retrofit_3_BW_retrofit_1,24.0,362
2020,442,SG_retrofit_3_Insul_retrofit_2_TR_retrofit_3_BW_retrofit_1,25.0,365
2020,442,SG_retrofit_3_Insul_retrofit_2_TR_retrofit_3_BW_retrofit_1,26.0,365
2020,443,SG_retrofit_3_Insul_retrofit_2_TR_retrofit_3_BW_retrofit_2,23.0,357
2020,443,SG_retrofit_3_Insul_retrofit_2_TR_retrofit_3_BW_retrofit_2,24.0,362
2020,443,SG_retrofit_3_Insul_retrofit_2_TR_retrofit_3_BW_retrofit_2,25.0,365
2020,443,SG_retrofit_3_Insul_retrofit_2_TR_retrofit_3_BW_retrofit_2,26.0,365
2020,444,SG_retrofit_3_Insul_retrofit_2_TR_retrofit_3_BW_retrofit_3,23.0,357
2020,444,SG_retrofit_3_Insul_retrofit_2_TR_retrofit_3_BW_retrofit_3,24.0,362
2020,444,SG_retrofit_3_Insul_retrofit_2_TR_retrofit_3_BW_retrofit_3,25.0,365
2020,444,SG_retrofit_3_Insul_retrofit_2_TR_retrofit_3_BW_retrofit_3,26.0,365
2020,445,SG_retrofit_3_Insul_retrofit_2_TR_retrofit_3_BW_retrofit_4,23.0,357
2020,445,SG_retrofit_3_Insul_retrofit_2_TR_retrofit_3_BW_retrofit_4,24.0,362
2020,445,SG_retrofit_3_Insul_retrofit_2_TR_retrofit_3_BW_retrofit_4,25.0,365
2020,445,SG_retrofit_3_Insul_retrofit_2_TR_retrofit_3_BW_retrofit_4,26.0,365
2020,446,SG_retrofit_3_Insul_retrofit_2_TR_retrofit_4_BW_current,23.0,351
2020,446,SG_retrofit_3_Insul_retrofit_2_TR_retrofit_4_BW_current,24.0,360
2020,446,SG_retrofit_3_Insul_retrofit_2_TR_retrofit_4_BW_current,25.0,363
2020,446,SG_retrofit_3_Insul_retrofit_2_TR_retrofit_4_BW_current,26.0,365
2020,447,SG_retrofit_3_Insul_retrofit_2_TR_retrofit_4_BW_retrofit_1,23.0,358
2020,447,SG_retrofit_3_Insul_retrofit_2_TR_retrofit_4_BW_retrofit_1,24.0,362
2020,447,SG_retrofit_3_Insul_retrofit_2_TR_retrofit_4_BW_retrofit_1,25.0,365
2020,447,SG_retrofit_3_Insul_retrofit_2_TR_retrofit_4_BW_retrofit_1,26.0,365
2020,448,SG_retrofit_3_Insul_retrofit_2_TR_retrofit_4_BW_retrofit_2,23.0,357
2020,448,SG_retrofit_3_Insul_retrofit_2_TR_retrofit_4_BW_retrofit_2,24.0,362
2020,448,SG_retrofit_3_Insul_retrofit_2_TR_retrofit_4_BW_retrofit_2,25.0,365
2020,448,SG_retrofit_3_Insul_retrofit_2_TR_retrofit_4_BW_retrofit_2,26.0,365
2020,449,SG_retrofit_3_Insul_retrofit_2_TR_retrofit_4_BW_retrofit_3,23.0,357
2020,449,SG_retrofit_3_Insul_retrofit_2_TR_retrofit_4_BW_retrofit_3,24.0,362
2020,449,SG_retrofit_3_Insul_retrofit_2_TR_retrofit_4_BW_retrofit_3,25.0,365
2020,449,SG_retrofit_3_Insul_retrofit_2_TR_retrofit_4_BW_retrofit_3,26.0,365
2020,450,SG_retrofit_3_Insul_retrofit_2_TR_retrofit_4_BW_retrofit_4,23.0,357
2020,450,SG_retrofit_3_Insul_retrofit_2_TR_retrofit_4_BW_retrofit_4,24.0,362
2020,450,SG_retrofit_3_Insul_retrofit_2_TR_retrofit_4_BW_retrofit_4,25.0,365
2020,450,SG_retrofit_3_Insul_retrofit_2_TR_retrofit_4_BW_retrofit_4,26.0,365
2020,451,SG_retrofit_3_Insul_retrofit_3_TR_current_BW_current,23.0,350
2020,451,SG_retrofit_3_Insul_retrofit_3_TR_current_BW_current,24.0,359
2020,451,SG_retrofit_3_Insul_retrofit_3_TR_current_BW_current,25.0,363
2020,451,SG_retrofit_3_Insul_retrofit_3_TR_current_BW_current,26.0,365
2020,452,SG_retrofit_3_Insul_retrofit_3_TR_current_BW_retrofit_1,23.0,355
2020,452,SG_retrofit_3_Insul_retrofit_3_TR_current_BW_retrofit_1,24.0,361
2020,452,SG_retrofit_3_Insul_retrofit_3_TR_current_BW_retrofit_1,25.0,365
2020,452,SG_retrofit_3_Insul_retrofit_3_TR_current_BW_retrofit_1,26.0,365
2020,453,SG_retrofit_3_Insul_retrofit_3_TR_current_BW_retrofit_2,23.0,355
2020,453,SG_retrofit_3_Insul_retrofit_3_TR_current_BW_retrofit_2,24.0,361
2020,453,SG_retrofit_3_Insul_retrofit_3_TR_current_BW_retrofit_2,25.0,365
2020,453,SG_retrofit_3_Insul_retrofit_3_TR_current_BW_retrofit_2,26.0,365
2020,454,SG_retrofit_3_Insul_retrofit_3_TR_current_BW_retrofit_3,23.0,355
2020,454,SG_retrofit_3_Insul_retrofit_3_TR_current_BW_retrofit_3,24.0,361
2020,454,SG_retrofit_3_Insul_retrofit_3_TR_current_BW_retrofit_3,25.0,365
2020,454,SG_retrofit_3_Insul_retrofit_3_TR_current_BW_retrofit_3,26.0,365
2020,455,SG_retrofit_3_Insul_retrofit_3_TR_current_BW_retrofit_4,23.0,355
2020,455,SG_retrofit_3_Insul_retrofit_3_TR_current_BW_retrofit_4,24.0,361
2020,455,SG_retrofit_3_Insul_retrofit_3_TR_current_BW_retrofit_4,25.0,365
2020,455,SG_retrofit_3_Insul_retrofit_3_TR_current_BW_retrofit_4,26.0,365
2020,456,SG_retrofit_3_Insul_retrofit_3_TR_retrofit_1_BW_current,23.0,350
2020,456,SG_retrofit_3_Insul_retrofit_3_TR_retrofit_1_BW_current,24.0,360
2020,456,SG_retrofit_3_Insul_retrofit_3_TR_retrofit_1_BW_current,25.0,363
2020,456,SG_retrofit_3_Insul_retrofit_3_TR_retrofit_1_BW_current,26.0,365
2020,457,SG_retrofit_3_Insul_retrofit_3_TR_retrofit_1_BW_retrofit_1,23.0,356
2020,457,SG_retrofit_3_Insul_retrofit_3_TR_retrofit_1_BW_retrofit_1,24.0,362
2020,457,SG_retrofit_3_Insul_retrofit_3_TR_retrofit_1_BW_retrofit_1,25.0,365
2020,457,SG_retrofit_3_Insul_retrofit_3_TR_retrofit_1_BW_retrofit_1,26.0,365
2020,458,SG_retrofit_3_Insul_retrofit_3_TR_retrofit_1_BW_retrofit_2,23.0,356
2020,458,SG_retrofit_3_Insul_retrofit_3_TR_retrofit_1_BW_retrofit_2,24.0,362
2020,458,SG_retrofit_3_Insul_retrofit_3_TR_retrofit_1_BW_retrofit_2,25.0,365
2020,458,SG_retrofit_3_Insul_retrofit_3_TR_retrofit_1_BW_retrofit_2,26.0,365
2020,459,SG_retrofit_3_Insul_retrofit_3_TR_retrofit_1_BW_retrofit_3,23.0,356
2020,459,SG_retrofit_3_Insul_retrofit_3_TR_retrofit_1_BW_retrofit_3,24.0,362
2020,459,SG_retrofit_3_Insul_retrofit_3_TR_retrofit_1_BW_retrofit_3,25.0,365
2020,459,SG_retrofit_3_Insul_retrofit_3_TR_retrofit_1_BW_retrofit_3,26.0,365
2020,460,SG_retrofit_3_Insul_retrofit_3_TR_retrofit_1_BW_retrofit_4,23.0,356
2020,460,SG_retrofit_3_Insul_retrofit_3_TR_retrofit_1_BW_retrofit_4,24.0,362
2020,460,SG_retrofit_3_Insul_retrofit_3_TR_retrofit_1_BW_retrofit_4,25.0,365
2020,460,SG_retrofit_3_Insul_retrofit_3_TR_retrofit_1_BW_retrofit_4,26.0,365
2020,461,SG_retrofit_3_Insul_retrofit_3_TR_retrofit_2_BW_current,23.0,350
2020,461,SG_retrofit_3_Insul_retrofit_3_TR_retrofit_2_BW_current,24.0,360
2020,461,SG_retrofit_3_Insul_retrofit_3_TR_retrofit_2_BW_current,25.0,363
2020,461,SG_retrofit_3_Insul_retrofit_3_TR_retrofit_2_BW_current,26.0,365
2020,462,SG_retrofit_3_Insul_retrofit_3_TR_retrofit_2_BW_retrofit_1,23.0,356
2020,462,SG_retrofit_3_Insul_retrofit_3_TR_retrofit_2_BW_retrofit_1,24.0,362
2020,462,SG_retrofit_3_Insul_retrofit_3_TR_retrofit_2_BW_retrofit_1,25.0,365
2020,462,SG_retrofit_3_Insul_retrofit_3_TR_retrofit_2_BW_retrofit_1,26.0,365
2020,463,SG_retrofit_3_Insul_retrofit_3_TR_retrofit_2_BW_retrofit_2,23.0,357
2020,463,SG_retrofit_3_Insul_retrofit_3_TR_retrofit_2_BW_retrofit_2,24.0,362
2020,463,SG_retrofit_3_Insul_retrofit_3_TR_retrofit_2_BW_retrofit_2,25.0,365
2020,463,SG_retrofit_3_Insul_retrofit_3_TR_retrofit_2_BW_retrofit_2,26.0,365
2020,464,SG_retrofit_3_Insul_retrofit_3_TR_retrofit_2_BW_retrofit_3,23.0,356
2020,464,SG_retrofit_3_Insul_retrofit_3_TR_retrofit_2_BW_retrofit_3,24.0,362
2020,464,SG_retrofit_3_Insul_retrofit_3_TR_retrofit_2_BW_retrofit_3,25.0,365
2020,464,SG_retrofit_3_Insul_retrofit_3_TR_retrofit_2_BW_retrofit_3,26.0,365
2020,465,SG_retrofit_3_Insul_retrofit_3_TR_retrofit_2_BW_retrofit_4,23.0,356
2020,465,SG_retrofit_3_Insul_retrofit_3_TR_retrofit_2_BW_retrofit_4,24.0,362
2020,465,SG_retrofit_3_Insul_retrofit_3_TR_retrofit_2_BW_retrofit_4,25.0,365
2020,465,SG_retrofit_3_Insul_retrofit_3_TR_retrofit_2_BW_retrofit_4,26.0,365
2020,466,SG_retrofit_3_Insul_retrofit_3_TR_retrofit_3_BW_current,23.0,350
2020,466,SG_retrofit_3_Insul_retrofit_3_TR_retrofit_3_BW_current,24.0,360
2020,466,SG_retrofit_3_Insul_retrofit_3_TR_retrofit_3_BW_current,25.0,363
2020,466,SG_retrofit_3_Insul_retrofit_3_TR_retrofit_3_BW_current,26.0,365
2020,467,SG_retrofit_3_Insul_retrofit_3_TR_retrofit_3_BW_retrofit_1,23.0,357
2020,467,SG_retrofit_3_Insul_retrofit_3_TR_retrofit_3_BW_retrofit_1,24.0,362
2020,467,SG_retrofit_3_Insul_retrofit_3_TR_retrofit_3_BW_retrofit_1,25.0,365
2020,467,SG_retrofit_3_Insul_retrofit_3_TR_retrofit_3_BW_retrofit_1,26.0,365
2020,468,SG_retrofit_3_Insul_retrofit_3_TR_retrofit_3_BW_retrofit_2,23.0,357
2020,468,SG_retrofit_3_Insul_retrofit_3_TR_retrofit_3_BW_retrofit_2,24.0,362
2020,468,SG_retrofit_3_Insul_retrofit_3_TR_retrofit_3_BW_retrofit_2,25.0,365
2020,468,SG_retrofit_3_Insul_retrofit_3_TR_retrofit_3_BW_retrofit_2,26.0,365
2020,469,SG_retrofit_3_Insul_retrofit_3_TR_retrofit_3_BW_retrofit_3,23.0,357
2020,469,SG_retrofit_3_Insul_retrofit_3_TR_retrofit_3_BW_retrofit_3,24.0,362
2020,469,SG_retrofit_3_Insul_retrofit_3_TR_retrofit_3_BW_retrofit_3,25.0,365
2020,469,SG_retrofit_3_Insul_retrofit_3_TR_retrofit_3_BW_retrofit_3,26.0,365
2020,470,SG_retrofit_3_Insul_retrofit_3_TR_retrofit_3_BW_retrofit_4,23.0,357
2020,470,SG_retrofit_3_Insul_retrofit_3_TR_retrofit_3_BW_retrofit_4,24.0,362
2020,470,SG_retrofit_3_Insul_retrofit_3_TR_retrofit_3_BW_retrofit_4,25.0,365
2020,470,SG_retrofit_3_Insul_retrofit_3_TR_retrofit_3_BW_retrofit_4,26.0,365
2020,471,SG_retrofit_3_Insul_retrofit_3_TR_retrofit_4_BW_current,23.0,350
2020,471,SG_retrofit_3_Insul_retrofit_3_TR_retrofit_4_BW_current,24.0,360
2020,471,SG_retrofit_3_Insul_retrofit_3_TR_retrofit_4_BW_current,25.0,363
2020,471,SG_retrofit_3_Insul_retrofit_3_TR_retrofit_4_BW_current,26.0,365
2020,472,SG_retrofit_3_Insul_retrofit_3_TR_retrofit_4_BW_retrofit_1,23.0,357
2020,472,SG_retrofit_3_Insul_retrofit_3_TR_retrofit_4_BW_retrofit_1,24.0,362
2020,472,SG_retrofit_3_Insul_retrofit_3_TR_retrofit_4_BW_retrofit_1,25.0,365
2020,472,SG_retrofit_3_Insul_retrofit_3_TR_retrofit_4_BW_retrofit_1,26.0,365
2020,473,SG_retrofit_3_Insul_retrofit_3_TR_retrofit_4_BW_retrofit_2,23.0,357
2020,473,SG_retrofit_3_Insul_retrofit_3_TR_retrofit_4_BW_retrofit_2,24.0,362
2020,473,SG_retrofit_3_Insul_retrofit_3_TR_retrofit_4_BW_retrofit_2,25.0,365
2020,473,SG_retrofit_3_Insul_retrofit_3_TR_retrofit_4_BW_retrofit_2,26.0,365
2020,474,SG_retrofit_3_Insul_retrofit_3_TR_retrofit_4_BW_retrofit_3,23.0,357
2020,474,SG_retrofit_3_Insul_retrofit_3_TR_retrofit_4_BW_retrofit_3,24.0,362
2020,474,SG_retrofit_3_Insul_retrofit_3_TR_retrofit_4_BW_retrofit_3,25.0,365
2020,474,SG_retrofit_3_Insul_retrofit_3_TR_retrofit_4_BW_retrofit_3,26.0,365
2020,475,SG_retrofit_3_Insul_retrofit_3_TR_retrofit_4_BW_retrofit_4,23.0,357
2020,475,SG_retrofit_3_Insul_retrofit_3_TR_retrofit_4_BW_retrofit_4,24.0,362
2020,475,SG_retrofit_3_Insul_retrofit_3_TR_retrofit_4_BW_retrofit_4,25.0,365
2020,475,SG_retrofit_3_Insul_retrofit_3_TR_retrofit_4_BW_retrofit_4,26.0,365
2020,476,SG_retrofit_3_Insul_retrofit_4_TR_current_BW_current,23.0,350
2020,476,SG_retrofit_3_Insul_retrofit_4_TR_current_BW_current,24.0,359
2020,476,SG_retrofit_3_Insul_retrofit_4_TR_current_BW_current,25.0,363
2020,476,SG_retrofit_3_Insul_retrofit_4_TR_current_BW_current,26.0,365
2020,477,SG_retrofit_3_Insul_retrofit_4_TR_current_BW_retrofit_1,23.0,355
2020,477,SG_retrofit_3_Insul_retrofit_4_TR_current_BW_retrofit_1,24.0,361
2020,477,SG_retrofit_3_Insul_retrofit_4_TR_current_BW_retrofit_1,25.0,365
2020,477,SG_retrofit_3_Insul_retrofit_4_TR_current_BW_retrofit_1,26.0,365
2020,478,SG_retrofit_3_Insul_retrofit_4_TR_current_BW_retrofit_2,23.0,355
2020,478,SG_retrofit_3_Insul_retrofit_4_TR_current_BW_retrofit_2,24.0,361
2020,478,SG_retrofit_3_Insul_retrofit_4_TR_current_BW_retrofit_2,25.0,365
2020,478,SG_retrofit_3_Insul_retrofit_4_TR_current_BW_retrofit_2,26.0,365
2020,479,SG_retrofit_3_Insul_retrofit_4_TR_current_BW_retrofit_3,23.0,355
2020,479,SG_retrofit_3_Insul_retrofit_4_TR_current_BW_retrofit_3,24.0,361
2020,479,SG_retrofit_3_Insul_retrofit_4_TR_current_BW_retrofit_3,25.0,365
2020,479,SG_retrofit_3_Insul_retrofit_4_TR_current_BW_retrofit_3,26.0,365
2020,480,SG_retrofit_3_Insul_retrofit_4_TR_current_BW_retrofit_4,23.0,355
2020,480,SG_retrofit_3_Insul_retrofit_4_TR_current_BW_retrofit_4,24.0,361
2020,480,SG_retrofit_3_Insul_retrofit_4_TR_current_BW_retrofit_4,25.0,365
2020,480,SG_retrofit_3_Insul_retrofit_4_TR_current_BW_retrofit_4,26.0,365
2020,481,SG_retrofit_3_Insul_retrofit_4_TR_retrofit_1_BW_current,23.0,350
2020,481,SG_retrofit_3_Insul_retrofit_4_TR_retrofit_1_BW_current,24.0,360
2020,481,SG_retrofit_3_Insul_retrofit_4_TR_retrofit_1_BW_current,25.0,363
2020,481,SG_retrofit_3_Insul_retrofit_4_TR_retrofit_1_BW_current,26.0,365
2020,482,SG_retrofit_3_Insul_retrofit_4_TR_retrofit_1_BW_retrofit_1,23.0,356
2020,482,SG_retrofit_3_Insul_retrofit_4_TR_retrofit_1_BW_retrofit_1,24.0,362
2020,482,SG_retrofit_3_Insul_retrofit_4_TR_retrofit_1_BW_retrofit_1,25.0,365
2020,482,SG_retrofit_3_Insul_retrofit_4_TR_retrofit_1_BW_retrofit_1,26.0,365
2020,483,SG_retrofit_3_Insul_retrofit_4_TR_retrofit_1_BW_retrofit_2,23.0,356
2020,483,SG_retrofit_3_Insul_retrofit_4_TR_retrofit_1_BW_retrofit_2,24.0,362
2020,483,SG_retrofit_3_Insul_retrofit_4_TR_retrofit_1_BW_retrofit_2,25.0,365
2020,483,SG_retrofit_3_Insul_retrofit_4_TR_retrofit_1_BW_retrofit_2,26.0,365
2020,484,SG_retrofit_3_Insul_retrofit_4_TR_retrofit_1_BW_retrofit_3,23.0,356
2020,484,SG_retrofit_3_Insul_retrofit_4_TR_retrofit_1_BW_retrofit_3,24.0,362
2020,484,SG_retrofit_3_Insul_retrofit_4_TR_retrofit_1_BW_retrofit_3,25.0,365
2020,484,SG_retrofit_3_Insul_retrofit_4_TR_retrofit_1_BW_retrofit_3,26.0,365
2020,485,SG_retrofit_3_Insul_retrofit_4_TR_retrofit_1_BW_retrofit_4,23.0,356
2020,485,SG_retrofit_3_Insul_retrofit_4_TR_retrofit_1_BW_retrofit_4,24.0,362
2020,485,SG_retrofit_3_Insul_retrofit_4_TR_retrofit_1_BW_retrofit_4,25.0,365
2020,485,SG_retrofit_3_Insul_retrofit_4_TR_retrofit_1_BW_retrofit_4,26.0,365
2020,486,SG_retrofit_3_Insul_retrofit_4_TR_retrofit_2_BW_current,23.0,350
2020,486,SG_retrofit_3_Insul_retrofit_4_TR_retrofit_2_BW_current,24.0,360
2020,486,SG_retrofit_3_Insul_retrofit_4_TR_retrofit_2_BW_current,25.0,363
2020,486,SG_retrofit_3_Insul_retrofit_4_TR_retrofit_2_BW_current,26.0,365
2020,487,SG_retrofit_3_Insul_retrofit_4_TR_retrofit_2_BW_retrofit_1,23.0,356
2020,487,SG_retrofit_3_Insul_retrofit_4_TR_retrofit_2_BW_retrofit_1,24.0,362
2020,487,SG_retrofit_3_Insul_retrofit_4_TR_retrofit_2_BW_retrofit_1,25.0,365
2020,487,SG_retrofit_3_Insul_retrofit_4_TR_retrofit_2_BW_retrofit_1,26.0,365
2020,488,SG_retrofit_3_Insul_retrofit_4_TR_retrofit_2_BW_retrofit_2,23.0,356
2020,488,SG_retrofit_3_Insul_retrofit_4_TR_retrofit_2_BW_retrofit_2,24.0,362
2020,488,SG_retrofit_3_Insul_retrofit_4_TR_retrofit_2_BW_retrofit_2,25.0,365
2020,488,SG_retrofit_3_Insul_retrofit_4_TR_retrofit_2_BW_retrofit_2,26.0,365
2020,489,SG_retrofit_3_Insul_retrofit_4_TR_retrofit_2_BW_retrofit_3,23.0,356
2020,489,SG_retrofit_3_Insul_retrofit_4_TR_retrofit_2_BW_retrofit_3,24.0,362
2020,489,SG_retrofit_3_Insul_retrofit_4_TR_retrofit_2_BW_retrofit_3,25.0,365
2020,489,SG_retrofit_3_Insul_retrofit_4_TR_retrofit_2_BW_retrofit_3,26.0,365
2020,490,SG_retrofit_3_Insul_retrofit_4_TR_retrofit_2_BW_retrofit_4,23.0,356
2020,490,SG_retrofit_3_Insul_retrofit_4_TR_retrofit_2_BW_retrofit_4,24.0,362
2020,490,SG_retrofit_3_Insul_retrofit_4_TR_retrofit_2_BW_retrofit_4,25.0,365
2020,490,SG_retrofit_3_Insul_retrofit_4_TR_retrofit_2_BW_retrofit_4,26.0,365
2020,491,SG_retrofit_3_Insul_retrofit_4_TR_retrofit_3_BW_current,23.0,350
2020,491,SG_retrofit_3_Insul_retrofit_4_TR_retrofit_3_BW_current,24.0,360
2020,491,SG_retrofit_3_Insul_retrofit_4_TR_retrofit_3_BW_current,25.0,363
2020,491,SG_retrofit_3_Insul_retrofit_4_TR_retrofit_3_BW_current,26.0,365
2020,492,SG_retrofit_3_Insul_retrofit_4_TR_retrofit_3_BW_retrofit_1,23.0,356
2020,492,SG_retrofit_3_Insul_retrofit_4_TR_retrofit_3_BW_retrofit_1,24.0,362
2020,492,SG_retrofit_3_Insul_retrofit_4_TR_retrofit_3_BW_retrofit_1,25.0,365
2020,492,SG_retrofit_3_Insul_retrofit_4_TR_retrofit_3_BW_retrofit_1,26.0,365
2020,493,SG_retrofit_3_Insul_retrofit_4_TR_retrofit_3_BW_retrofit_2,23.0,356
2020,493,SG_retrofit_3_Insul_retrofit_4_TR_retrofit_3_BW_retrofit_2,24.0,362
2020,493,SG_retrofit_3_Insul_retrofit_4_TR_retrofit_3_BW_retrofit_2,25.0,365
2020,493,SG_retrofit_3_Insul_retrofit_4_TR_retrofit_3_BW_retrofit_2,26.0,365
2020,494,SG_retrofit_3_Insul_retrofit_4_TR_retrofit_3_BW_retrofit_3,23.0,356
2020,494,SG_retrofit_3_Insul_retrofit_4_TR_retrofit_3_BW_retrofit_3,24.0,362
2020,494,SG_retrofit_3_Insul_retrofit_4_TR_retrofit_3_BW_retrofit_3,25.0,365
2020,494,SG_retrofit_3_Insul_retrofit_4_TR_retrofit_3_BW_retrofit_3,26.0,365
2020,495,SG_retrofit_3_Insul_retrofit_4_TR_retrofit_3_BW_retrofit_4,23.0,356
2020,495,SG_retrofit_3_Insul_retrofit_4_TR_retrofit_3_BW_retrofit_4,24.0,362
2020,495,SG_retrofit_3_Insul_retrofit_4_TR_retrofit_3_BW_retrofit_4,25.0,365
2020,495,SG_retrofit_3_Insul_retrofit_4_TR_retrofit_3_BW_retrofit_4,26.0,365
2020,496,SG_retrofit_3_Insul_retrofit_4_TR_retrofit_4_BW_current,23.0,350
2020,496,SG_retrofit_3_Insul_retrofit_4_TR_retrofit_4_BW_current,24.0,360
2020,496,SG_retrofit_3_Insul_retrofit_4_TR_retrofit_4_BW_current,25.0,363
2020,496,SG_retrofit_3_Insul_retrofit_4_TR_retrofit_4_BW_current,26.0,365
2020,497,SG_retrofit_3_Insul_retrofit_4_TR_retrofit_4_BW_retrofit_1,23.0,356
2020,497,SG_retrofit_3_Insul_retrofit_4_TR_retrofit_4_BW_retrofit_1,24.0,362
2020,497,SG_retrofit_3_Insul_retrofit_4_TR_retrofit_4_BW_retrofit_1,25.0,365
2020,497,SG_retrofit_3_Insul_retrofit_4_TR_retrofit_4_BW_retrofit_1,26.0,365
2020,498,SG_retrofit_3_Insul_retrofit_4_TR_retrofit_4_BW_retrofit_2,23.0,356
2020,498,SG_retrofit_3_Insul_retrofit_4_TR_retrofit_4_BW_retrofit_2,24.0,362
2020,498,SG_retrofit_3_Insul_retrofit_4_TR_retrofit_4_BW_retrofit_2,25.0,365
2020,498,SG_retrofit_3_Insul_retrofit_4_TR_retrofit_4_BW_retrofit_2,26.0,365
2020,499,SG_retrofit_3_Insul_retrofit_4_TR_retrofit_4_BW_retrofit_3,23.0,356
2020,499,SG_retrofit_3_Insul_retrofit_4_TR_retrofit_4_BW_retrofit_3,24.0,362
2020,499,SG_retrofit_3_Insul_retrofit_4_TR_retrofit_4_BW_retrofit_3,25.0,365
2020,499,SG_retrofit_3_Insul_retrofit_4_TR_retrofit_4_BW_retrofit_3,26.0,365
2020,500,SG_retrofit_3_Insul_retrofit_4_TR_retrofit_4_BW_retrofit_4,23.0,356
2020,500,SG_retrofit_3_Insul_retrofit_4_TR_retrofit_4_BW_retrofit_4,24.0,362
2020,500,SG_retrofit_3_Insul_retrofit_4_TR_retrofit_4_BW_retrofit_4,25.0,365
2020,500,SG_retrofit_3_Insul_retrofit_4_TR_retrofit_4_BW_retrofit_4,26.0,365
2020,501,SG_retrofit_4_Insul_current_TR_current_BW_current,23.0,359
2020,501,SG_retrofit_4_Insul_current_TR_current_BW_current,24.0,362
2020,501,SG_retrofit_4_Insul_current_TR_current_BW_current,25.0,365
2020,501,SG_retrofit_4_Insul_current_TR_current_BW_current,26.0,365
2020,502,SG_retrofit_4_Insul_current_TR_current_BW_retrofit_1,23.0,362
2020,502,SG_retrofit_4_Insul_current_TR_current_BW_retrofit_1,24.0,365
2020,502,SG_retrofit_4_Insul_current_TR_current_BW_retrofit_1,25.0,365
2020,502,SG_retrofit_4_Insul_current_TR_current_BW_retrofit_1,26.0,365
2020,503,SG_retrofit_4_Insul_current_TR_current_BW_retrofit_2,23.0,362
2020,503,SG_retrofit_4_Insul_current_TR_current_BW_retrofit_2,24.0,365
2020,503,SG_retrofit_4_Insul_current_TR_current_BW_retrofit_2,25.0,365
2020,503,SG_retrofit_4_Insul_current_TR_current_BW_retrofit_2,26.0,365
2020,504,SG_retrofit_4_Insul_current_TR_current_BW_retrofit_3,23.0,362
2020,504,SG_retrofit_4_Insul_current_TR_current_BW_retrofit_3,24.0,365
2020,504,SG_retrofit_4_Insul_current_TR_current_BW_retrofit_3,25.0,365
2020,504,SG_retrofit_4_Insul_current_TR_current_BW_retrofit_3,26.0,365
2020,505,SG_retrofit_4_Insul_current_TR_current_BW_retrofit_4,23.0,362
2020,505,SG_retrofit_4_Insul_current_TR_current_BW_retrofit_4,24.0,365
2020,505,SG_retrofit_4_Insul_current_TR_current_BW_retrofit_4,25.0,365
2020,505,SG_retrofit_4_Insul_current_TR_current_BW_retrofit_4,26.0,365
2020,506,SG_retrofit_4_Insul_current_TR_retrofit_1_BW_current,23.0,359
2020,506,SG_retrofit_4_Insul_current_TR_retrofit_1_BW_current,24.0,363
2020,506,SG_retrofit_4_Insul_current_TR_retrofit_1_BW_current,25.0,365
2020,506,SG_retrofit_4_Insul_current_TR_retrofit_1_BW_current,26.0,365
2020,507,SG_retrofit_4_Insul_current_TR_retrofit_1_BW_retrofit_1,23.0,362
2020,507,SG_retrofit_4_Insul_current_TR_retrofit_1_BW_retrofit_1,24.0,365
2020,507,SG_retrofit_4_Insul_current_TR_retrofit_1_BW_retrofit_1,25.0,365
2020,507,SG_retrofit_4_Insul_current_TR_retrofit_1_BW_retrofit_1,26.0,365
2020,508,SG_retrofit_4_Insul_current_TR_retrofit_1_BW_retrofit_2,23.0,362
2020,508,SG_retrofit_4_Insul_current_TR_retrofit_1_BW_retrofit_2,24.0,365
2020,508,SG_retrofit_4_Insul_current_TR_retrofit_1_BW_retrofit_2,25.0,365
2020,508,SG_retrofit_4_Insul_current_TR_retrofit_1_BW_retrofit_2,26.0,365
2020,509,SG_retrofit_4_Insul_current_TR_retrofit_1_BW_retrofit_3,23.0,362
2020,509,SG_retrofit_4_Insul_current_TR_retrofit_1_BW_retrofit_3,24.0,365
2020,509,SG_retrofit_4_Insul_current_TR_retrofit_1_BW_retrofit_3,25.0,365
2020,509,SG_retrofit_4_Insul_current_TR_retrofit_1_BW_retrofit_3,26.0,365
2020,510,SG_retrofit_4_Insul_current_TR_retrofit_1_BW_retrofit_4,23.0,362
2020,510,SG_retrofit_4_Insul_current_TR_retrofit_1_BW_retrofit_4,24.0,365
2020,510,SG_retrofit_4_Insul_current_TR_retrofit_1_BW_retrofit_4,25.0,365
2020,510,SG_retrofit_4_Insul_current_TR_retrofit_1_BW_retrofit_4,26.0,365
2020,511,SG_retrofit_4_Insul_current_TR_retrofit_2_BW_current,23.0,359
2020,511,SG_retrofit_4_Insul_current_TR_retrofit_2_BW_current,24.0,363
2020,511,SG_retrofit_4_Insul_current_TR_retrofit_2_BW_current,25.0,365
2020,511,SG_retrofit_4_Insul_current_TR_retrofit_2_BW_current,26.0,365
2020,512,SG_retrofit_4_Insul_current_TR_retrofit_2_BW_retrofit_1,23.0,362
2020,512,SG_retrofit_4_Insul_current_TR_retrofit_2_BW_retrofit_1,24.0,365
2020,512,SG_retrofit_4_Insul_current_TR_retrofit_2_BW_retrofit_1,25.0,365
2020,512,SG_retrofit_4_Insul_current_TR_retrofit_2_BW_retrofit_1,26.0,365
2020,513,SG_retrofit_4_Insul_current_TR_retrofit_2_BW_retrofit_2,23.0,362
2020,513,SG_retrofit_4_Insul_current_TR_retrofit_2_BW_retrofit_2,24.0,365
2020,513,SG_retrofit_4_Insul_current_TR_retrofit_2_BW_retrofit_2,25.0,365
2020,513,SG_retrofit_4_Insul_current_TR_retrofit_2_BW_retrofit_2,26.0,365
2020,514,SG_retrofit_4_Insul_current_TR_retrofit_2_BW_retrofit_3,23.0,362
2020,514,SG_retrofit_4_Insul_current_TR_retrofit_2_BW_retrofit_3,24.0,365
2020,514,SG_retrofit_4_Insul_current_TR_retrofit_2_BW_retrofit_3,25.0,365
2020,514,SG_retrofit_4_Insul_current_TR_retrofit_2_BW_retrofit_3,26.0,365
2020,515,SG_retrofit_4_Insul_current_TR_retrofit_2_BW_retrofit_4,23.0,362
2020,515,SG_retrofit_4_Insul_current_TR_retrofit_2_BW_retrofit_4,24.0,365
2020,515,SG_retrofit_4_Insul_current_TR_retrofit_2_BW_retrofit_4,25.0,365
2020,515,SG_retrofit_4_Insul_current_TR_retrofit_2_BW_retrofit_4,26.0,365
2020,516,SG_retrofit_4_Insul_current_TR_retrofit_3_BW_current,23.0,359
2020,516,SG_retrofit_4_Insul_current_TR_retrofit_3_BW_current,24.0,363
2020,516,SG_retrofit_4_Insul_current_TR_retrofit_3_BW_current,25.0,365
2020,516,SG_retrofit_4_Insul_current_TR_retrofit_3_BW_current,26.0,365
2020,517,SG_retrofit_4_Insul_current_TR_retrofit_3_BW_retrofit_1,23.0,362
2020,517,SG_retrofit_4_Insul_current_TR_retrofit_3_BW_retrofit_1,24.0,365
2020,517,SG_retrofit_4_Insul_current_TR_retrofit_3_BW_retrofit_1,25.0,365
2020,517,SG_retrofit_4_Insul_current_TR_retrofit_3_BW_retrofit_1,26.0,365
2020,518,SG_retrofit_4_Insul_current_TR_retrofit_3_BW_retrofit_2,23.0,362
2020,518,SG_retrofit_4_Insul_current_TR_retrofit_3_BW_retrofit_2,24.0,365
2020,518,SG_retrofit_4_Insul_current_TR_retrofit_3_BW_retrofit_2,25.0,365
2020,518,SG_retrofit_4_Insul_current_TR_retrofit_3_BW_retrofit_2,26.0,365
2020,519,SG_retrofit_4_Insul_current_TR_retrofit_3_BW_retrofit_3,23.0,362
2020,519,SG_retrofit_4_Insul_current_TR_retrofit_3_BW_retrofit_3,24.0,365
2020,519,SG_retrofit_4_Insul_current_TR_retrofit_3_BW_retrofit_3,25.0,365
2020,519,SG_retrofit_4_Insul_current_TR_retrofit_3_BW_retrofit_3,26.0,365
2020,520,SG_retrofit_4_Insul_current_TR_retrofit_3_BW_retrofit_4,23.0,362
2020,520,SG_retrofit_4_Insul_current_TR_retrofit_3_BW_retrofit_4,24.0,365
2020,520,SG_retrofit_4_Insul_current_TR_retrofit_3_BW_retrofit_4,25.0,365
2020,520,SG_retrofit_4_Insul_current_TR_retrofit_3_BW_retrofit_4,26.0,365
2020,521,SG_retrofit_4_Insul_current_TR_retrofit_4_BW_current,23.0,359
2020,521,SG_retrofit_4_Insul_current_TR_retrofit_4_BW_current,24.0,363
2020,521,SG_retrofit_4_Insul_current_TR_retrofit_4_BW_current,25.0,365
2020,521,SG_retrofit_4_Insul_current_TR_retrofit_4_BW_current,26.0,365
2020,522,SG_retrofit_4_Insul_current_TR_retrofit_4_BW_retrofit_1,23.0,362
2020,522,SG_retrofit_4_Insul_current_TR_retrofit_4_BW_retrofit_1,24.0,365
2020,522,SG_retrofit_4_Insul_current_TR_retrofit_4_BW_retrofit_1,25.0,365
2020,522,SG_retrofit_4_Insul_current_TR_retrofit_4_BW_retrofit_1,26.0,365
2020,523,SG_retrofit_4_Insul_current_TR_retrofit_4_BW_retrofit_2,23.0,362
2020,523,SG_retrofit_4_Insul_current_TR_retrofit_4_BW_retrofit_2,24.0,365
2020,523,SG_retrofit_4_Insul_current_TR_retrofit_4_BW_retrofit_2,25.0,365
2020,523,SG_retrofit_4_Insul_current_TR_retrofit_4_BW_retrofit_2,26.0,365
2020,524,SG_retrofit_4_Insul_current_TR_retrofit_4_BW_retrofit_3,23.0,362
2020,524,SG_retrofit_4_Insul_current_TR_retrofit_4_BW_retrofit_3,24.0,365
2020,524,SG_retrofit_4_Insul_current_TR_retrofit_4_BW_retrofit_3,25.0,365
2020,524,SG_retrofit_4_Insul_current_TR_retrofit_4_BW_retrofit_3,26.0,365
2020,525,SG_retrofit_4_Insul_current_TR_retrofit_4_BW_retrofit_4,23.0,362
2020,525,SG_retrofit_4_Insul_current_TR_retrofit_4_BW_retrofit_4,24.0,365
2020,525,SG_retrofit_4_Insul_current_TR_retrofit_4_BW_retrofit_4,25.0,365
2020,525,SG_retrofit_4_Insul_current_TR_retrofit_4_BW_retrofit_4,26.0,365
2020,526,SG_retrofit_4_Insul_retrofit_1_TR_current_BW_current,23.0,350
2020,526,SG_retrofit_4_Insul_retrofit_1_TR_current_BW_current,24.0,360
2020,526,SG_retrofit_4_Insul_retrofit_1_TR_current_BW_current,25.0,363
2020,526,SG_retrofit_4_Insul_retrofit_1_TR_current_BW_current,26.0,365
2020,527,SG_retrofit_4_Insul_retrofit_1_TR_current_BW_retrofit_1,23.0,355
2020,527,SG_retrofit_4_Insul_retrofit_1_TR_current_BW_retrofit_1,24.0,361
2020,527,SG_retrofit_4_Insul_retrofit_1_TR_current_BW_retrofit_1,25.0,365
2020,527,SG_retrofit_4_Insul_retrofit_1_TR_current_BW_retrofit_1,26.0,365
2020,528,SG_retrofit_4_Insul_retrofit_1_TR_current_BW_retrofit_2,23.0,355
2020,528,SG_retrofit_4_Insul_retrofit_1_TR_current_BW_retrofit_2,24.0,361
2020,528,SG_retrofit_4_Insul_retrofit_1_TR_current_BW_retrofit_2,25.0,365
2020,528,SG_retrofit_4_Insul_retrofit_1_TR_current_BW_retrofit_2,26.0,365
2020,529,SG_retrofit_4_Insul_retrofit_1_TR_current_BW_retrofit_3,23.0,355
2020,529,SG_retrofit_4_Insul_retrofit_1_TR_current_BW_retrofit_3,24.0,361
2020,529,SG_retrofit_4_Insul_retrofit_1_TR_current_BW_retrofit_3,25.0,365
2020,529,SG_retrofit_4_Insul_retrofit_1_TR_current_BW_retrofit_3,26.0,365
2020,530,SG_retrofit_4_Insul_retrofit_1_TR_current_BW_retrofit_4,23.0,355
2020,530,SG_retrofit_4_Insul_retrofit_1_TR_current_BW_retrofit_4,24.0,361
2020,530,SG_retrofit_4_Insul_retrofit_1_TR_current_BW_retrofit_4,25.0,365
2020,530,SG_retrofit_4_Insul_retrofit_1_TR_current_BW_retrofit_4,26.0,365
2020,531,SG_retrofit_4_Insul_retrofit_1_TR_retrofit_1_BW_current,23.0,351
2020,531,SG_retrofit_4_Insul_retrofit_1_TR_retrofit_1_BW_current,24.0,360
2020,531,SG_retrofit_4_Insul_retrofit_1_TR_retrofit_1_BW_current,25.0,363
2020,531,SG_retrofit_4_Insul_retrofit_1_TR_retrofit_1_BW_current,26.0,365
2020,532,SG_retrofit_4_Insul_retrofit_1_TR_retrofit_1_BW_retrofit_1,23.0,358
2020,532,SG_retrofit_4_Insul_retrofit_1_TR_retrofit_1_BW_retrofit_1,24.0,362
2020,532,SG_retrofit_4_Insul_retrofit_1_TR_retrofit_1_BW_retrofit_1,25.0,365
2020,532,SG_retrofit_4_Insul_retrofit_1_TR_retrofit_1_BW_retrofit_1,26.0,365
2020,533,SG_retrofit_4_Insul_retrofit_1_TR_retrofit_1_BW_retrofit_2,23.0,357
2020,533,SG_retrofit_4_Insul_retrofit_1_TR_retrofit_1_BW_retrofit_2,24.0,363
2020,533,SG_retrofit_4_Insul_retrofit_1_TR_retrofit_1_BW_retrofit_2,25.0,365
2020,533,SG_retrofit_4_Insul_retrofit_1_TR_retrofit_1_BW_retrofit_2,26.0,365
2020,534,SG_retrofit_4_Insul_retrofit_1_TR_retrofit_1_BW_retrofit_3,23.0,358
2020,534,SG_retrofit_4_Insul_retrofit_1_TR_retrofit_1_BW_retrofit_3,24.0,363
2020,534,SG_retrofit_4_Insul_retrofit_1_TR_retrofit_1_BW_retrofit_3,25.0,365
2020,534,SG_retrofit_4_Insul_retrofit_1_TR_retrofit_1_BW_retrofit_3,26.0,365
2020,535,SG_retrofit_4_Insul_retrofit_1_TR_retrofit_1_BW_retrofit_4,23.0,358
2020,535,SG_retrofit_4_Insul_retrofit_1_TR_retrofit_1_BW_retrofit_4,24.0,363
2020,535,SG_retrofit_4_Insul_retrofit_1_TR_retrofit_1_BW_retrofit_4,25.0,365
2020,535,SG_retrofit_4_Insul_retrofit_1_TR_retrofit_1_BW_retrofit_4,26.0,365
2020,536,SG_retrofit_4_Insul_retrofit_1_TR_retrofit_2_BW_current,23.0,351
2020,536,SG_retrofit_4_Insul_retrofit_1_TR_retrofit_2_BW_current,24.0,360
2020,536,SG_retrofit_4_Insul_retrofit_1_TR_retrofit_2_BW_current,25.0,363
2020,536,SG_retrofit_4_Insul_retrofit_1_TR_retrofit_2_BW_current,26.0,365
2020,537,SG_retrofit_4_Insul_retrofit_1_TR_retrofit_2_BW_retrofit_1,23.0,358
2020,537,SG_retrofit_4_Insul_retrofit_1_TR_retrofit_2_BW_retrofit_1,24.0,362
2020,537,SG_retrofit_4_Insul_retrofit_1_TR_retrofit_2_BW_retrofit_1,25.0,365
2020,537,SG_retrofit_4_Insul_retrofit_1_TR_retrofit_2_BW_retrofit_1,26.0,365
2020,538,SG_retrofit_4_Insul_retrofit_1_TR_retrofit_2_BW_retrofit_2,23.0,357
2020,538,SG_retrofit_4_Insul_retrofit_1_TR_retrofit_2_BW_retrofit_2,24.0,363
2020,538,SG_retrofit_4_Insul_retrofit_1_TR_retrofit_2_BW_retrofit_2,25.0,365
2020,538,SG_retrofit_4_Insul_retrofit_1_TR_retrofit_2_BW_retrofit_2,26.0,365
2020,539,SG_retrofit_4_Insul_retrofit_1_TR_retrofit_2_BW_retrofit_3,23.0,358
2020,539,SG_retrofit_4_Insul_retrofit_1_TR_retrofit_2_BW_retrofit_3,24.0,363
2020,539,SG_retrofit_4_Insul_retrofit_1_TR_retrofit_2_BW_retrofit_3,25.0,365
2020,539,SG_retrofit_4_Insul_retrofit_1_TR_retrofit_2_BW_retrofit_3,26.0,365
2020,540,SG_retrofit_4_Insul_retrofit_1_TR_retrofit_2_BW_retrofit_4,23.0,358
2020,540,SG_retrofit_4_Insul_retrofit_1_TR_retrofit_2_BW_retrofit_4,24.0,363
2020,540,SG_retrofit_4_Insul_retrofit_1_TR_retrofit_2_BW_retrofit_4,25.0,365
2020,540,SG_retrofit_4_Insul_retrofit_1_TR_retrofit_2_BW_retrofit_4,26.0,365
2020,541,SG_retrofit_4_Insul_retrofit_1_TR_retrofit_3_BW_current,23.0,351
2020,541,SG_retrofit_4_Insul_retrofit_1_TR_retrofit_3_BW_current,24.0,360
2020,541,SG_retrofit_4_Insul_retrofit_1_TR_retrofit_3_BW_current,25.0,363
2020,541,SG_retrofit_4_Insul_retrofit_1_TR_retrofit_3_BW_current,26.0,365
2020,542,SG_retrofit_4_Insul_retrofit_1_TR_retrofit_3_BW_retrofit_1,23.0,358
2020,542,SG_retrofit_4_Insul_retrofit_1_TR_retrofit_3_BW_retrofit_1,24.0,362
2020,542,SG_retrofit_4_Insul_retrofit_1_TR_retrofit_3_BW_retrofit_1,25.0,365
2020,542,SG_retrofit_4_Insul_retrofit_1_TR_retrofit_3_BW_retrofit_1,26.0,365
2020,543,SG_retrofit_4_Insul_retrofit_1_TR_retrofit_3_BW_retrofit_2,23.0,357
2020,543,SG_retrofit_4_Insul_retrofit_1_TR_retrofit_3_BW_retrofit_2,24.0,363
2020,543,SG_retrofit_4_Insul_retrofit_1_TR_retrofit_3_BW_retrofit_2,25.0,365
2020,543,SG_retrofit_4_Insul_retrofit_1_TR_retrofit_3_BW_retrofit_2,26.0,365
2020,544,SG_retrofit_4_Insul_retrofit_1_TR_retrofit_3_BW_retrofit_3,23.0,358
2020,544,SG_retrofit_4_Insul_retrofit_1_TR_retrofit_3_BW_retrofit_3,24.0,363
2020,544,SG_retrofit_4_Insul_retrofit_1_TR_retrofit_3_BW_retrofit_3,25.0,365
2020,544,SG_retrofit_4_Insul_retrofit_1_TR_retrofit_3_BW_retrofit_3,26.0,365
2020,545,SG_retrofit_4_Insul_retrofit_1_TR_retrofit_3_BW_retrofit_4,23.0,358
2020,545,SG_retrofit_4_Insul_retrofit_1_TR_retrofit_3_BW_retrofit_4,24.0,363
2020,545,SG_retrofit_4_Insul_retrofit_1_TR_retrofit_3_BW_retrofit_4,25.0,365
2020,545,SG_retrofit_4_Insul_retrofit_1_TR_retrofit_3_BW_retrofit_4,26.0,365
2020,546,SG_retrofit_4_Insul_retrofit_1_TR_retrofit_4_BW_current,23.0,351
2020,546,SG_retrofit_4_Insul_retrofit_1_TR_retrofit_4_BW_current,24.0,360
2020,546,SG_retrofit_4_Insul_retrofit_1_TR_retrofit_4_BW_current,25.0,363
2020,546,SG_retrofit_4_Insul_retrofit_1_TR_retrofit_4_BW_current,26.0,365
2020,547,SG_retrofit_4_Insul_retrofit_1_TR_retrofit_4_BW_retrofit_1,23.0,358
2020,547,SG_retrofit_4_Insul_retrofit_1_TR_retrofit_4_BW_retrofit_1,24.0,362
2020,547,SG_retrofit_4_Insul_retrofit_1_TR_retrofit_4_BW_retrofit_1,25.0,365
2020,547,SG_retrofit_4_Insul_retrofit_1_TR_retrofit_4_BW_retrofit_1,26.0,365
2020,548,SG_retrofit_4_Insul_retrofit_1_TR_retrofit_4_BW_retrofit_2,23.0,357
2020,548,SG_retrofit_4_Insul_retrofit_1_TR_retrofit_4_BW_retrofit_2,24.0,363
2020,548,SG_retrofit_4_Insul_retrofit_1_TR_retrofit_4_BW_retrofit_2,25.0,365
2020,548,SG_retrofit_4_Insul_retrofit_1_TR_retrofit_4_BW_retrofit_2,26.0,365
2020,549,SG_retrofit_4_Insul_retrofit_1_TR_retrofit_4_BW_retrofit_3,23.0,358
2020,549,SG_retrofit_4_Insul_retrofit_1_TR_retrofit_4_BW_retrofit_3,24.0,363
2020,549,SG_retrofit_4_Insul_retrofit_1_TR_retrofit_4_BW_retrofit_3,25.0,365
2020,549,SG_retrofit_4_Insul_retrofit_1_TR_retrofit_4_BW_retrofit_3,26.0,365
2020,550,SG_retrofit_4_Insul_retrofit_1_TR_retrofit_4_BW_retrofit_4,23.0,358
2020,550,SG_retrofit_4_Insul_retrofit_1_TR_retrofit_4_BW_retrofit_4,24.0,363
2020,550,SG_retrofit_4_Insul_retrofit_1_TR_retrofit_4_BW_retrofit_4,25.0,365
2020,550,SG_retrofit_4_Insul_retrofit_1_TR_retrofit_4_BW_retrofit_4,26.0,365
2020,551,SG_retrofit_4_Insul_retrofit_2_TR_current_BW_current,23.0,350
2020,551,SG_retrofit_4_Insul_retrofit_2_TR_current_BW_current,24.0,359
2020,551,SG_retrofit_4_Insul_retrofit_2_TR_current_BW_current,25.0,363
2020,551,SG_retrofit_4_Insul_retrofit_2_TR_current_BW_current,26.0,365
2020,552,SG_retrofit_4_Insul_retrofit_2_TR_current_BW_retrofit_1,23.0,355
2020,552,SG_retrofit_4_Insul_retrofit_2_TR_current_BW_retrofit_1,24.0,361
2020,552,SG_retrofit_4_Insul_retrofit_2_TR_current_BW_retrofit_1,25.0,365
2020,552,SG_retrofit_4_Insul_retrofit_2_TR_current_BW_retrofit_1,26.0,365
2020,553,SG_retrofit_4_Insul_retrofit_2_TR_current_BW_retrofit_2,23.0,355
2020,553,SG_retrofit_4_Insul_retrofit_2_TR_current_BW_retrofit_2,24.0,361
2020,553,SG_retrofit_4_Insul_retrofit_2_TR_current_BW_retrofit_2,25.0,365
2020,553,SG_retrofit_4_Insul_retrofit_2_TR_current_BW_retrofit_2,26.0,365
2020,554,SG_retrofit_4_Insul_retrofit_2_TR_current_BW_retrofit_3,23.0,355
2020,554,SG_retrofit_4_Insul_retrofit_2_TR_current_BW_retrofit_3,24.0,361
2020,554,SG_retrofit_4_Insul_retrofit_2_TR_current_BW_retrofit_3,25.0,365
2020,554,SG_retrofit_4_Insul_retrofit_2_TR_current_BW_retrofit_3,26.0,365
2020,555,SG_retrofit_4_Insul_retrofit_2_TR_current_BW_retrofit_4,23.0,355
2020,555,SG_retrofit_4_Insul_retrofit_2_TR_current_BW_retrofit_4,24.0,361
2020,555,SG_retrofit_4_Insul_retrofit_2_TR_current_BW_retrofit_4,25.0,365
2020,555,SG_retrofit_4_Insul_retrofit_2_TR_current_BW_retrofit_4,26.0,365
2020,556,SG_retrofit_4_Insul_retrofit_2_TR_retrofit_1_BW_current,23.0,351
2020,556,SG_retrofit_4_Insul_retrofit_2_TR_retrofit_1_BW_current,24.0,360
2020,556,SG_retrofit_4_Insul_retrofit_2_TR_retrofit_1_BW_current,25.0,363
2020,556,SG_retrofit_4_Insul_retrofit_2_TR_retrofit_1_BW_current,26.0,365
2020,557,SG_retrofit_4_Insul_retrofit_2_TR_retrofit_1_BW_retrofit_1,23.0,357
2020,557,SG_retrofit_4_Insul_retrofit_2_TR_retrofit_1_BW_retrofit_1,24.0,362
2020,557,SG_retrofit_4_Insul_retrofit_2_TR_retrofit_1_BW_retrofit_1,25.0,365
2020,557,SG_retrofit_4_Insul_retrofit_2_TR_retrofit_1_BW_retrofit_1,26.0,365
2020,558,SG_retrofit_4_Insul_retrofit_2_TR_retrofit_1_BW_retrofit_2,23.0,357
2020,558,SG_retrofit_4_Insul_retrofit_2_TR_retrofit_1_BW_retrofit_2,24.0,362
2020,558,SG_retrofit_4_Insul_retrofit_2_TR_retrofit_1_BW_retrofit_2,25.0,365
2020,558,SG_retrofit_4_Insul_retrofit_2_TR_retrofit_1_BW_retrofit_2,26.0,365
2020,559,SG_retrofit_4_Insul_retrofit_2_TR_retrofit_1_BW_retrofit_3,23.0,356
2020,559,SG_retrofit_4_Insul_retrofit_2_TR_retrofit_1_BW_retrofit_3,24.0,362
2020,559,SG_retrofit_4_Insul_retrofit_2_TR_retrofit_1_BW_retrofit_3,25.0,365
2020,559,SG_retrofit_4_Insul_retrofit_2_TR_retrofit_1_BW_retrofit_3,26.0,365
2020,560,SG_retrofit_4_Insul_retrofit_2_TR_retrofit_1_BW_retrofit_4,23.0,357
2020,560,SG_retrofit_4_Insul_retrofit_2_TR_retrofit_1_BW_retrofit_4,24.0,362
2020,560,SG_retrofit_4_Insul_retrofit_2_TR_retrofit_1_BW_retrofit_4,25.0,365
2020,560,SG_retrofit_4_Insul_retrofit_2_TR_retrofit_1_BW_retrofit_4,26.0,365
2020,561,SG_retrofit_4_Insul_retrofit_2_TR_retrofit_2_BW_current,23.0,351
2020,561,SG_retrofit_4_Insul_retrofit_2_TR_retrofit_2_BW_current,24.0,360
2020,561,SG_retrofit_4_Insul_retrofit_2_TR_retrofit_2_BW_current,25.0,363
2020,561,SG_retrofit_4_Insul_retrofit_2_TR_retrofit_2_BW_current,26.0,365
2020,562,SG_retrofit_4_Insul_retrofit_2_TR_retrofit_2_BW_retrofit_1,23.0,357
2020,562,SG_retrofit_4_Insul_retrofit_2_TR_retrofit_2_BW_retrofit_1,24.0,362
2020,562,SG_retrofit_4_Insul_retrofit_2_TR_retrofit_2_BW_retrofit_1,25.0,365
2020,562,SG_retrofit_4_Insul_retrofit_2_TR_retrofit_2_BW_retrofit_1,26.0,365
2020,563,SG_retrofit_4_Insul_retrofit_2_TR_retrofit_2_BW_retrofit_2,23.0,357
2020,563,SG_retrofit_4_Insul_retrofit_2_TR_retrofit_2_BW_retrofit_2,24.0,362
2020,563,SG_retrofit_4_Insul_retrofit_2_TR_retrofit_2_BW_retrofit_2,25.0,365
2020,563,SG_retrofit_4_Insul_retrofit_2_TR_retrofit_2_BW_retrofit_2,26.0,365
2020,564,SG_retrofit_4_Insul_retrofit_2_TR_retrofit_2_BW_retrofit_3,23.0,356
2020,564,SG_retrofit_4_Insul_retrofit_2_TR_retrofit_2_BW_retrofit_3,24.0,362
2020,564,SG_retrofit_4_Insul_retrofit_2_TR_retrofit_2_BW_retrofit_3,25.0,365
2020,564,SG_retrofit_4_Insul_retrofit_2_TR_retrofit_2_BW_retrofit_3,26.0,365
2020,565,SG_retrofit_4_Insul_retrofit_2_TR_retrofit_2_BW_retrofit_4,23.0,357
2020,565,SG_retrofit_4_Insul_retrofit_2_TR_retrofit_2_BW_retrofit_4,24.0,362
2020,565,SG_retrofit_4_Insul_retrofit_2_TR_retrofit_2_BW_retrofit_4,25.0,365
2020,565,SG_retrofit_4_Insul_retrofit_2_TR_retrofit_2_BW_retrofit_4,26.0,365
2020,566,SG_retrofit_4_Insul_retrofit_2_TR_retrofit_3_BW_current,23.0,351
2020,566,SG_retrofit_4_Insul_retrofit_2_TR_retrofit_3_BW_current,24.0,360
2020,566,SG_retrofit_4_Insul_retrofit_2_TR_retrofit_3_BW_current,25.0,363
2020,566,SG_retrofit_4_Insul_retrofit_2_TR_retrofit_3_BW_current,26.0,365
2020,567,SG_retrofit_4_Insul_retrofit_2_TR_retrofit_3_BW_retrofit_1,23.0,357
2020,567,SG_retrofit_4_Insul_retrofit_2_TR_retrofit_3_BW_retrofit_1,24.0,362
2020,567,SG_retrofit_4_Insul_retrofit_2_TR_retrofit_3_BW_retrofit_1,25.0,365
2020,567,SG_retrofit_4_Insul_retrofit_2_TR_retrofit_3_BW_retrofit_1,26.0,365
2020,568,SG_retrofit_4_Insul_retrofit_2_TR_retrofit_3_BW_retrofit_2,23.0,357
2020,568,SG_retrofit_4_Insul_retrofit_2_TR_retrofit_3_BW_retrofit_2,24.0,362
2020,568,SG_retrofit_4_Insul_retrofit_2_TR_retrofit_3_BW_retrofit_2,25.0,365
2020,568,SG_retrofit_4_Insul_retrofit_2_TR_retrofit_3_BW_retrofit_2,26.0,365
2020,569,SG_retrofit_4_Insul_retrofit_2_TR_retrofit_3_BW_retrofit_3,23.0,357
2020,569,SG_retrofit_4_Insul_retrofit_2_TR_retrofit_3_BW_retrofit_3,24.0,362
2020,569,SG_retrofit_4_Insul_retrofit_2_TR_retrofit_3_BW_retrofit_3,25.0,365
2020,569,SG_retrofit_4_Insul_retrofit_2_TR_retrofit_3_BW_retrofit_3,26.0,365
2020,570,SG_retrofit_4_Insul_retrofit_2_TR_retrofit_3_BW_retrofit_4,23.0,357
2020,570,SG_retrofit_4_Insul_retrofit_2_TR_retrofit_3_BW_retrofit_4,24.0,362
2020,570,SG_retrofit_4_Insul_retrofit_2_TR_retrofit_3_BW_retrofit_4,25.0,365
2020,570,SG_retrofit_4_Insul_retrofit_2_TR_retrofit_3_BW_retrofit_4,26.0,365
2020,571,SG_retrofit_4_Insul_retrofit_2_TR_retrofit_4_BW_current,23.0,351
2020,571,SG_retrofit_4_Insul_retrofit_2_TR_retrofit_4_BW_current,24.0,360
2020,571,SG_retrofit_4_Insul_retrofit_2_TR_retrofit_4_BW_current,25.0,363
2020,571,SG_retrofit_4_Insul_retrofit_2_TR_retrofit_4_BW_current,26.0,365
2020,572,SG_retrofit_4_Insul_retrofit_2_TR_retrofit_4_BW_retrofit_1,23.0,357
2020,572,SG_retrofit_4_Insul_retrofit_2_TR_retrofit_4_BW_retrofit_1,24.0,362
2020,572,SG_retrofit_4_Insul_retrofit_2_TR_retrofit_4_BW_retrofit_1,25.0,365
2020,572,SG_retrofit_4_Insul_retrofit_2_TR_retrofit_4_BW_retrofit_1,26.0,365
2020,573,SG_retrofit_4_Insul_retrofit_2_TR_retrofit_4_BW_retrofit_2,23.0,357
2020,573,SG_retrofit_4_Insul_retrofit_2_TR_retrofit_4_BW_retrofit_2,24.0,362
2020,573,SG_retrofit_4_Insul_retrofit_2_TR_retrofit_4_BW_retrofit_2,25.0,365
2020,573,SG_retrofit_4_Insul_retrofit_2_TR_retrofit_4_BW_retrofit_2,26.0,365
2020,574,SG_retrofit_4_Insul_retrofit_2_TR_retrofit_4_BW_retrofit_3,23.0,357
2020,574,SG_retrofit_4_Insul_retrofit_2_TR_retrofit_4_BW_retrofit_3,24.0,362
2020,574,SG_retrofit_4_Insul_retrofit_2_TR_retrofit_4_BW_retrofit_3,25.0,365
2020,574,SG_retrofit_4_Insul_retrofit_2_TR_retrofit_4_BW_retrofit_3,26.0,365
2020,575,SG_retrofit_4_Insul_retrofit_2_TR_retrofit_4_BW_retrofit_4,23.0,357
2020,575,SG_retrofit_4_Insul_retrofit_2_TR_retrofit_4_BW_retrofit_4,24.0,362
2020,575,SG_retrofit_4_Insul_retrofit_2_TR_retrofit_4_BW_retrofit_4,25.0,365
2020,575,SG_retrofit_4_Insul_retrofit_2_TR_retrofit_4_BW_retrofit_4,26.0,365
2020,576,SG_retrofit_4_Insul_retrofit_3_TR_current_BW_current,23.0,350
2020,576,SG_retrofit_4_Insul_retrofit_3_TR_current_BW_current,24.0,359
2020,576,SG_retrofit_4_Insul_retrofit_3_TR_current_BW_current,25.0,363
2020,576,SG_retrofit_4_Insul_retrofit_3_TR_current_BW_current,26.0,365
2020,577,SG_retrofit_4_Insul_retrofit_3_TR_current_BW_retrofit_1,23.0,355
2020,577,SG_retrofit_4_Insul_retrofit_3_TR_current_BW_retrofit_1,24.0,361
2020,577,SG_retrofit_4_Insul_retrofit_3_TR_current_BW_retrofit_1,25.0,365
2020,577,SG_retrofit_4_Insul_retrofit_3_TR_current_BW_retrofit_1,26.0,365
2020,578,SG_retrofit_4_Insul_retrofit_3_TR_current_BW_retrofit_2,23.0,353
2020,578,SG_retrofit_4_Insul_retrofit_3_TR_current_BW_retrofit_2,24.0,361
2020,578,SG_retrofit_4_Insul_retrofit_3_TR_current_BW_retrofit_2,25.0,365
2020,578,SG_retrofit_4_Insul_retrofit_3_TR_current_BW_retrofit_2,26.0,365
2020,579,SG_retrofit_4_Insul_retrofit_3_TR_current_BW_retrofit_3,23.0,354
2020,579,SG_retrofit_4_Insul_retrofit_3_TR_current_BW_retrofit_3,24.0,361
2020,579,SG_retrofit_4_Insul_retrofit_3_TR_current_BW_retrofit_3,25.0,365
2020,579,SG_retrofit_4_Insul_retrofit_3_TR_current_BW_retrofit_3,26.0,365
2020,580,SG_retrofit_4_Insul_retrofit_3_TR_current_BW_retrofit_4,23.0,354
2020,580,SG_retrofit_4_Insul_retrofit_3_TR_current_BW_retrofit_4,24.0,361
2020,580,SG_retrofit_4_Insul_retrofit_3_TR_current_BW_retrofit_4,25.0,365
2020,580,SG_retrofit_4_Insul_retrofit_3_TR_current_BW_retrofit_4,26.0,365
2020,581,SG_retrofit_4_Insul_retrofit_3_TR_retrofit_1_BW_current,23.0,350
2020,581,SG_retrofit_4_Insul_retrofit_3_TR_retrofit_1_BW_current,24.0,360
2020,581,SG_retrofit_4_Insul_retrofit_3_TR_retrofit_1_BW_current,25.0,363
2020,581,SG_retrofit_4_Insul_retrofit_3_TR_retrofit_1_BW_current,26.0,365
2020,582,SG_retrofit_4_Insul_retrofit_3_TR_retrofit_1_BW_retrofit_1,23.0,356
2020,582,SG_retrofit_4_Insul_retrofit_3_TR_retrofit_1_BW_retrofit_1,24.0,362
2020,582,SG_retrofit_4_Insul_retrofit_3_TR_retrofit_1_BW_retrofit_1,25.0,365
2020,582,SG_retrofit_4_Insul_retrofit_3_TR_retrofit_1_BW_retrofit_1,26.0,365
2020,583,SG_retrofit_4_Insul_retrofit_3_TR_retrofit_1_BW_retrofit_2,23.0,356
2020,583,SG_retrofit_4_Insul_retrofit_3_TR_retrofit_1_BW_retrofit_2,24.0,362
2020,583,SG_retrofit_4_Insul_retrofit_3_TR_retrofit_1_BW_retrofit_2,25.0,365
2020,583,SG_retrofit_4_Insul_retrofit_3_TR_retrofit_1_BW_retrofit_2,26.0,365
2020,584,SG_retrofit_4_Insul_retrofit_3_TR_retrofit_1_BW_retrofit_3,23.0,356
2020,584,SG_retrofit_4_Insul_retrofit_3_TR_retrofit_1_BW_retrofit_3,24.0,362
2020,584,SG_retrofit_4_Insul_retrofit_3_TR_retrofit_1_BW_retrofit_3,25.0,365
2020,584,SG_retrofit_4_Insul_retrofit_3_TR_retrofit_1_BW_retrofit_3,26.0,365
2020,585,SG_retrofit_4_Insul_retrofit_3_TR_retrofit_1_BW_retrofit_4,23.0,356
2020,585,SG_retrofit_4_Insul_retrofit_3_TR_retrofit_1_BW_retrofit_4,24.0,362
2020,585,SG_retrofit_4_Insul_retrofit_3_TR_retrofit_1_BW_retrofit_4,25.0,365
2020,585,SG_retrofit_4_Insul_retrofit_3_TR_retrofit_1_BW_retrofit_4,26.0,365
2020,586,SG_retrofit_4_Insul_retrofit_3_TR_retrofit_2_BW_current,23.0,351
2020,586,SG_retrofit_4_Insul_retrofit_3_TR_retrofit_2_BW_current,24.0,360
2020,586,SG_retrofit_4_Insul_retrofit_3_TR_retrofit_2_BW_current,25.0,363
2020,586,SG_retrofit_4_Insul_retrofit_3_TR_retrofit_2_BW_current,26.0,365
2020,587,SG_retrofit_4_Insul_retrofit_3_TR_retrofit_2_BW_retrofit_1,23.0,356
2020,587,SG_retrofit_4_Insul_retrofit_3_TR_retrofit_2_BW_retrofit_1,24.0,362
2020,587,SG_retrofit_4_Insul_retrofit_3_TR_retrofit_2_BW_retrofit_1,25.0,365
2020,587,SG_retrofit_4_Insul_retrofit_3_TR_retrofit_2_BW_retrofit_1,26.0,365
2020,588,SG_retrofit_4_Insul_retrofit_3_TR_retrofit_2_BW_retrofit_2,23.0,356
2020,588,SG_retrofit_4_Insul_retrofit_3_TR_retrofit_2_BW_retrofit_2,24.0,362
2020,588,SG_retrofit_4_Insul_retrofit_3_TR_retrofit_2_BW_retrofit_2,25.0,365
2020,588,SG_retrofit_4_Insul_retrofit_3_TR_retrofit_2_BW_retrofit_2,26.0,365
2020,589,SG_retrofit_4_Insul_retrofit_3_TR_retrofit_2_BW_retrofit_3,23.0,356
2020,589,SG_retrofit_4_Insul_retrofit_3_TR_retrofit_2_BW_retrofit_3,24.0,362
2020,589,SG_retrofit_4_Insul_retrofit_3_TR_retrofit_2_BW_retrofit_3,25.0,365
2020,589,SG_retrofit_4_Insul_retrofit_3_TR_retrofit_2_BW_retrofit_3,26.0,365
2020,590,SG_retrofit_4_Insul_retrofit_3_TR_retrofit_2_BW_retrofit_4,23.0,356
2020,590,SG_retrofit_4_Insul_retrofit_3_TR_retrofit_2_BW_retrofit_4,24.0,362
2020,590,SG_retrofit_4_Insul_retrofit_3_TR_retrofit_2_BW_retrofit_4,25.0,365
2020,590,SG_retrofit_4_Insul_retrofit_3_TR_retrofit_2_BW_retrofit_4,26.0,365
2020,591,SG_retrofit_4_Insul_retrofit_3_TR_retrofit_3_BW_current,23.0,351
2020,591,SG_retrofit_4_Insul_retrofit_3_TR_retrofit_3_BW_current,24.0,360
2020,591,SG_retrofit_4_Insul_retrofit_3_TR_retrofit_3_BW_current,25.0,363
2020,591,SG_retrofit_4_Insul_retrofit_3_TR_retrofit_3_BW_current,26.0,365
2020,592,SG_retrofit_4_Insul_retrofit_3_TR_retrofit_3_BW_retrofit_1,23.0,357
2020,592,SG_retrofit_4_Insul_retrofit_3_TR_retrofit_3_BW_retrofit_1,24.0,362
2020,592,SG_retrofit_4_Insul_retrofit_3_TR_retrofit_3_BW_retrofit_1,25.0,365
2020,592,SG_retrofit_4_Insul_retrofit_3_TR_retrofit_3_BW_retrofit_1,26.0,365
2020,593,SG_retrofit_4_Insul_retrofit_3_TR_retrofit_3_BW_retrofit_2,23.0,357
2020,593,SG_retrofit_4_Insul_retrofit_3_TR_retrofit_3_BW_retrofit_2,24.0,362
2020,593,SG_retrofit_4_Insul_retrofit_3_TR_retrofit_3_BW_retrofit_2,25.0,365
2020,593,SG_retrofit_4_Insul_retrofit_3_TR_retrofit_3_BW_retrofit_2,26.0,365
2020,594,SG_retrofit_4_Insul_retrofit_3_TR_retrofit_3_BW_retrofit_3,23.0,356
2020,594,SG_retrofit_4_Insul_retrofit_3_TR_retrofit_3_BW_retrofit_3,24.0,362
2020,594,SG_retrofit_4_Insul_retrofit_3_TR_retrofit_3_BW_retrofit_3,25.0,365
2020,594,SG_retrofit_4_Insul_retrofit_3_TR_retrofit_3_BW_retrofit_3,26.0,365
2020,595,SG_retrofit_4_Insul_retrofit_3_TR_retrofit_3_BW_retrofit_4,23.0,357
2020,595,SG_retrofit_4_Insul_retrofit_3_TR_retrofit_3_BW_retrofit_4,24.0,362
2020,595,SG_retrofit_4_Insul_retrofit_3_TR_retrofit_3_BW_retrofit_4,25.0,365
2020,595,SG_retrofit_4_Insul_retrofit_3_TR_retrofit_3_BW_retrofit_4,26.0,365
2020,596,SG_retrofit_4_Insul_retrofit_3_TR_retrofit_4_BW_current,23.0,351
2020,596,SG_retrofit_4_Insul_retrofit_3_TR_retrofit_4_BW_current,24.0,360
2020,596,SG_retrofit_4_Insul_retrofit_3_TR_retrofit_4_BW_current,25.0,363
2020,596,SG_retrofit_4_Insul_retrofit_3_TR_retrofit_4_BW_current,26.0,365
2020,597,SG_retrofit_4_Insul_retrofit_3_TR_retrofit_4_BW_retrofit_1,23.0,357
2020,597,SG_retrofit_4_Insul_retrofit_3_TR_retrofit_4_BW_retrofit_1,24.0,362
2020,597,SG_retrofit_4_Insul_retrofit_3_TR_retrofit_4_BW_retrofit_1,25.0,365
2020,597,SG_retrofit_4_Insul_retrofit_3_TR_retrofit_4_BW_retrofit_1,26.0,365
2020,598,SG_retrofit_4_Insul_retrofit_3_TR_retrofit_4_BW_retrofit_2,23.0,357
2020,598,SG_retrofit_4_Insul_retrofit_3_TR_retrofit_4_BW_retrofit_2,24.0,362
2020,598,SG_retrofit_4_Insul_retrofit_3_TR_retrofit_4_BW_retrofit_2,25.0,365
2020,598,SG_retrofit_4_Insul_retrofit_3_TR_retrofit_4_BW_retrofit_2,26.0,365
2020,599,SG_retrofit_4_Insul_retrofit_3_TR_retrofit_4_BW_retrofit_3,23.0,356
2020,599,SG_retrofit_4_Insul_retrofit_3_TR_retrofit_4_BW_retrofit_3,24.0,362
2020,599,SG_retrofit_4_Insul_retrofit_3_TR_retrofit_4_BW_retrofit_3,25.0,365
2020,599,SG_retrofit_4_Insul_retrofit_3_TR_retrofit_4_BW_retrofit_3,26.0,365
2020,600,SG_retrofit_4_Insul_retrofit_3_TR_retrofit_4_BW_retrofit_4,23.0,357
2020,600,SG_retrofit_4_Insul_retrofit_3_TR_retrofit_4_BW_retrofit_4,24.0,362
2020,600,SG_retrofit_4_Insul_retrofit_3_TR_retrofit_4_BW_retrofit_4,25.0,365
2020,600,SG_retrofit_4_Insul_retrofit_3_TR_retrofit_4_BW_retrofit_4,26.0,365
2020,601,SG_retrofit_4_Insul_retrofit_4_TR_current_BW_current,23.0,350
2020,601,SG_retrofit_4_Insul_retrofit_4_TR_current_BW_current,24.0,359
2020,601,SG_retrofit_4_Insul_retrofit_4_TR_current_BW_current,25.0,363
2020,601,SG_retrofit_4_Insul_retrofit_4_TR_current_BW_current,26.0,365
2020,602,SG_retrofit_4_Insul_retrofit_4_TR_current_BW_retrofit_1,23.0,355
2020,602,SG_retrofit_4_Insul_retrofit_4_TR_current_BW_retrofit_1,24.0,361
2020,602,SG_retrofit_4_Insul_retrofit_4_TR_current_BW_retrofit_1,25.0,365
2020,602,SG_retrofit_4_Insul_retrofit_4_TR_current_BW_retrofit_1,26.0,365
2020,603,SG_retrofit_4_Insul_retrofit_4_TR_current_BW_retrofit_2,23.0,354
2020,603,SG_retrofit_4_Insul_retrofit_4_TR_current_BW_retrofit_2,24.0,361
2020,603,SG_retrofit_4_Insul_retrofit_4_TR_current_BW_retrofit_2,25.0,365
2020,603,SG_retrofit_4_Insul_retrofit_4_TR_current_BW_retrofit_2,26.0,365
2020,604,SG_retrofit_4_Insul_retrofit_4_TR_current_BW_retrofit_3,23.0,354
2020,604,SG_retrofit_4_Insul_retrofit_4_TR_current_BW_retrofit_3,24.0,361
2020,604,SG_retrofit_4_Insul_retrofit_4_TR_current_BW_retrofit_3,25.0,365
2020,604,SG_retrofit_4_Insul_retrofit_4_TR_current_BW_retrofit_3,26.0,365
2020,605,SG_retrofit_4_Insul_retrofit_4_TR_current_BW_retrofit_4,23.0,354
2020,605,SG_retrofit_4_Insul_retrofit_4_TR_current_BW_retrofit_4,24.0,361
2020,605,SG_retrofit_4_Insul_retrofit_4_TR_current_BW_retrofit_4,25.0,365
2020,605,SG_retrofit_4_Insul_retrofit_4_TR_current_BW_retrofit_4,26.0,365
2020,606,SG_retrofit_4_Insul_retrofit_4_TR_retrofit_1_BW_current,23.0,351
2020,606,SG_retrofit_4_Insul_retrofit_4_TR_retrofit_1_BW_current,24.0,360
2020,606,SG_retrofit_4_Insul_retrofit_4_TR_retrofit_1_BW_current,25.0,363
2020,606,SG_retrofit_4_Insul_retrofit_4_TR_retrofit_1_BW_current,26.0,365
2020,607,SG_retrofit_4_Insul_retrofit_4_TR_retrofit_1_BW_retrofit_1,23.0,356
2020,607,SG_retrofit_4_Insul_retrofit_4_TR_retrofit_1_BW_retrofit_1,24.0,362
2020,607,SG_retrofit_4_Insul_retrofit_4_TR_retrofit_1_BW_retrofit_1,25.0,365
2020,607,SG_retrofit_4_Insul_retrofit_4_TR_retrofit_1_BW_retrofit_1,26.0,365
2020,608,SG_retrofit_4_Insul_retrofit_4_TR_retrofit_1_BW_retrofit_2,23.0,356
2020,608,SG_retrofit_4_Insul_retrofit_4_TR_retrofit_1_BW_retrofit_2,24.0,362
2020,608,SG_retrofit_4_Insul_retrofit_4_TR_retrofit_1_BW_retrofit_2,25.0,365
2020,608,SG_retrofit_4_Insul_retrofit_4_TR_retrofit_1_BW_retrofit_2,26.0,365
2020,609,SG_retrofit_4_Insul_retrofit_4_TR_retrofit_1_BW_retrofit_3,23.0,356
2020,609,SG_retrofit_4_Insul_retrofit_4_TR_retrofit_1_BW_retrofit_3,24.0,362
2020,609,SG_retrofit_4_Insul_retrofit_4_TR_retrofit_1_BW_retrofit_3,25.0,365
2020,609,SG_retrofit_4_Insul_retrofit_4_TR_retrofit_1_BW_retrofit_3,26.0,365
2020,610,SG_retrofit_4_Insul_retrofit_4_TR_retrofit_1_BW_retrofit_4,23.0,356
2020,610,SG_retrofit_4_Insul_retrofit_4_TR_retrofit_1_BW_retrofit_4,24.0,362
2020,610,SG_retrofit_4_Insul_retrofit_4_TR_retrofit_1_BW_retrofit_4,25.0,365
2020,610,SG_retrofit_4_Insul_retrofit_4_TR_retrofit_1_BW_retrofit_4,26.0,365
2020,611,SG_retrofit_4_Insul_retrofit_4_TR_retrofit_2_BW_current,23.0,351
2020,611,SG_retrofit_4_Insul_retrofit_4_TR_retrofit_2_BW_current,24.0,360
2020,611,SG_retrofit_4_Insul_retrofit_4_TR_retrofit_2_BW_current,25.0,363
2020,611,SG_retrofit_4_Insul_retrofit_4_TR_retrofit_2_BW_current,26.0,365
2020,612,SG_retrofit_4_Insul_retrofit_4_TR_retrofit_2_BW_retrofit_1,23.0,356
2020,612,SG_retrofit_4_Insul_retrofit_4_TR_retrofit_2_BW_retrofit_1,24.0,362
2020,612,SG_retrofit_4_Insul_retrofit_4_TR_retrofit_2_BW_retrofit_1,25.0,365
2020,612,SG_retrofit_4_Insul_retrofit_4_TR_retrofit_2_BW_retrofit_1,26.0,365
2020,613,SG_retrofit_4_Insul_retrofit_4_TR_retrofit_2_BW_retrofit_2,23.0,356
2020,613,SG_retrofit_4_Insul_retrofit_4_TR_retrofit_2_BW_retrofit_2,24.0,362
2020,613,SG_retrofit_4_Insul_retrofit_4_TR_retrofit_2_BW_retrofit_2,25.0,365
2020,613,SG_retrofit_4_Insul_retrofit_4_TR_retrofit_2_BW_retrofit_2,26.0,365
2020,614,SG_retrofit_4_Insul_retrofit_4_TR_retrofit_2_BW_retrofit_3,23.0,356
2020,614,SG_retrofit_4_Insul_retrofit_4_TR_retrofit_2_BW_retrofit_3,24.0,362
2020,614,SG_retrofit_4_Insul_retrofit_4_TR_retrofit_2_BW_retrofit_3,25.0,365
2020,614,SG_retrofit_4_Insul_retrofit_4_TR_retrofit_2_BW_retrofit_3,26.0,365
2020,615,SG_retrofit_4_Insul_retrofit_4_TR_retrofit_2_BW_retrofit_4,23.0,356
2020,615,SG_retrofit_4_Insul_retrofit_4_TR_retrofit_2_BW_retrofit_4,24.0,362
2020,615,SG_retrofit_4_Insul_retrofit_4_TR_retrofit_2_BW_retrofit_4,25.0,365
2020,615,SG_retrofit_4_Insul_retrofit_4_TR_retrofit_2_BW_retrofit_4,26.0,365
2020,616,SG_retrofit_4_Insul_retrofit_4_TR_retrofit_3_BW_current,23.0,351
2020,616,SG_retrofit_4_Insul_retrofit_4_TR_retrofit_3_BW_current,24.0,360
2020,616,SG_retrofit_4_Insul_retrofit_4_TR_retrofit_3_BW_current,25.0,363
2020,616,SG_retrofit_4_Insul_retrofit_4_TR_retrofit_3_BW_current,26.0,365
2020,617,SG_retrofit_4_Insul_retrofit_4_TR_retrofit_3_BW_retrofit_1,23.0,356
2020,617,SG_retrofit_4_Insul_retrofit_4_TR_retrofit_3_BW_retrofit_1,24.0,362
2020,617,SG_retrofit_4_Insul_retrofit_4_TR_retrofit_3_BW_retrofit_1,25.0,365
2020,617,SG_retrofit_4_Insul_retrofit_4_TR_retrofit_3_BW_retrofit_1,26.0,365
2020,618,SG_retrofit_4_Insul_retrofit_4_TR_retrofit_3_BW_retrofit_2,23.0,356
2020,618,SG_retrofit_4_Insul_retrofit_4_TR_retrofit_3_BW_retrofit_2,24.0,362
2020,618,SG_retrofit_4_Insul_retrofit_4_TR_retrofit_3_BW_retrofit_2,25.0,365
2020,618,SG_retrofit_4_Insul_retrofit_4_TR_retrofit_3_BW_retrofit_2,26.0,365
2020,619,SG_retrofit_4_Insul_retrofit_4_TR_retrofit_3_BW_retrofit_3,23.0,356
2020,619,SG_retrofit_4_Insul_retrofit_4_TR_retrofit_3_BW_retrofit_3,24.0,362
2020,619,SG_retrofit_4_Insul_retrofit_4_TR_retrofit_3_BW_retrofit_3,25.0,365
2020,619,SG_retrofit_4_Insul_retrofit_4_TR_retrofit_3_BW_retrofit_3,26.0,365
2020,620,SG_retrofit_4_Insul_retrofit_4_TR_retrofit_3_BW_retrofit_4,23.0,356
2020,620,SG_retrofit_4_Insul_retrofit_4_TR_retrofit_3_BW_retrofit_4,24.0,362
2020,620,SG_retrofit_4_Insul_retrofit_4_TR_retrofit_3_BW_retrofit_4,25.0,365
2020,620,SG_retrofit_4_Insul_retrofit_4_TR_retrofit_3_BW_retrofit_4,26.0,365
2020,621,SG_retrofit_4_Insul_retrofit_4_TR_retrofit_4_BW_current,23.0,351
2020,621,SG_retrofit_4_Insul_retrofit_4_TR_retrofit_4_BW_current,24.0,360
2020,621,SG_retrofit_4_Insul_retrofit_4_TR_retrofit_4_BW_current,25.0,363
2020,621,SG_retrofit_4_Insul_retrofit_4_TR_retrofit_4_BW_current,26.0,365
2020,622,SG_retrofit_4_Insul_retrofit_4_TR_retrofit_4_BW_retrofit_1,23.0,356
2020,622,SG_retrofit_4_Insul_retrofit_4_TR_retrofit_4_BW_retrofit_1,24.0,362
2020,622,SG_retrofit_4_Insul_retrofit_4_TR_retrofit_4_BW_retrofit_1,25.0,365
2020,622,SG_retrofit_4_Insul_retrofit_4_TR_retrofit_4_BW_retrofit_1,26.0,365
2020,623,SG_retrofit_4_Insul_retrofit_4_TR_retrofit_4_BW_retrofit_2,23.0,356
2020,623,SG_retrofit_4_Insul_retrofit_4_TR_retrofit_4_BW_retrofit_2,24.0,362
2020,623,SG_retrofit_4_Insul_retrofit_4_TR_retrofit_4_BW_retrofit_2,25.0,365
2020,623,SG_retrofit_4_Insul_retrofit_4_TR_retrofit_4_BW_retrofit_2,26.0,365
2020,624,SG_retrofit_4_Insul_retrofit_4_TR_retrofit_4_BW_retrofit_3,23.0,356
2020,624,SG_retrofit_4_Insul_retrofit_4_TR_retrofit_4_BW_retrofit_3,24.0,362
2020,624,SG_retrofit_4_Insul_retrofit_4_TR_retrofit_4_BW_retrofit_3,25.0,365
2020,624,SG_retrofit_4_Insul_retrofit_4_TR_retrofit_4_BW_retrofit_3,26.0,365
2020,625,SG_retrofit_4_Insul_retrofit_4_TR_retrofit_4_BW_retrofit_4,23.0,356
2020,625,SG_retrofit_4_Insul_retrofit_4_TR_retrofit_4_BW_retrofit_4,24.0,362
2020,625,SG_retrofit_4_Insul_retrofit_4_TR_retrofit_4_BW_retrofit_4,25.0,365
2020,625,SG_retrofit_4_Insul_retrofit_4_TR_retrofit_4_BW_retrofit_4,26.0,365
2050,1,SG_current_Insul_current_TR_current_BW_current,23.0,324
2050,1,SG_current_Insul_current_TR_current_BW_current,24.0,339
2050,1,SG_current_Insul_current_TR_current_BW_current,25.0,346
2050,1,SG_current_Insul_current_TR_current_BW_current,26.0,358
2050,2,SG_current_Insul_current_TR_current_BW_retrofit_1,23.0,322
2050,2,SG_current_Insul_current_TR_current_BW_retrofit_1,24.0,341
2050,2,SG_current_Insul_current_TR_current_BW_retrofit_1,25.0,349
2050,2,SG_current_Insul_current_TR_current_BW_retrofit_1,26.0,360
2050,3,SG_current_Insul_current_TR_current_BW_retrofit_2,23.0,321
2050,3,SG_current_Insul_current_TR_current_BW_retrofit_2,24.0,341
2050,3,SG_current_Insul_current_TR_current_BW_retrofit_2,25.0,349
2050,3,SG_current_Insul_current_TR_current_BW_retrofit_2,26.0,360
2050,4,SG_current_Insul_current_TR_current_BW_retrofit_3,23.0,322
2050,4,SG_current_Insul_current_TR_current_BW_retrofit_3,24.0,342
2050,4,SG_current_Insul_current_TR_current_BW_retrofit_3,25.0,349
2050,4,SG_current_Insul_current_TR_current_BW_retrofit_3,26.0,360
2050,5,SG_current_Insul_current_TR_current_BW_retrofit_4,23.0,322
2050,5,SG_current_Insul_current_TR_current_BW_retrofit_4,24.0,342
2050,5,SG_current_Insul_current_TR_current_BW_retrofit_4,25.0,349
2050,5,SG_current_Insul_current_TR_current_BW_retrofit_4,26.0,360
2050,6,SG_current_Insul_current_TR_retrofit_1_BW_current,23.0,324
2050,6,SG_current_Insul_current_TR_retrofit_1_BW_current,24.0,340
2050,6,SG_current_Insul_current_TR_retrofit_1_BW_current,25.0,346
2050,6,SG_current_Insul_current_TR_retrofit_1_BW_current,26.0,358
2050,7,SG_current_Insul_current_TR_retrofit_1_BW_retrofit_1,23.0,322
2050,7,SG_current_Insul_current_TR_retrofit_1_BW_retrofit_1,24.0,342
2050,7,SG_current_Insul_current_TR_retrofit_1_BW_retrofit_1,25.0,349
2050,7,SG_current_Insul_current_TR_retrofit_1_BW_retrofit_1,26.0,360
2050,8,SG_current_Insul_current_TR_retrofit_1_BW_retrofit_2,23.0,322
2050,8,SG_current_Insul_current_TR_retrofit_1_BW_retrofit_2,24.0,342
2050,8,SG_current_Insul_current_TR_retrofit_1_BW_retrofit_2,25.0,349
2050,8,SG_current_Insul_current_TR_retrofit_1_BW_retrofit_2,26.0,360
2050,9,SG_current_Insul_current_TR_retrofit_1_BW_retrofit_3,23.0,322
2050,9,SG_current_Insul_current_TR_retrofit_1_BW_retrofit_3,24.0,343
2050,9,SG_current_Insul_current_TR_retrofit_1_BW_retrofit_3,25.0,349
2050,9,SG_current_Insul_current_TR_retrofit_1_BW_retrofit_3,26.0,360
2050,10,SG_current_Insul_current_TR_retrofit_1_BW_retrofit_4,23.0,322
2050,10,SG_current_Insul_current_TR_retrofit_1_BW_retrofit_4,24.0,343
2050,10,SG_current_Insul_current_TR_retrofit_1_BW_retrofit_4,25.0,349
2050,10,SG_current_Insul_current_TR_retrofit_1_BW_retrofit_4,26.0,360
2050,11,SG_current_Insul_current_TR_retrofit_2_BW_current,23.0,324
2050,11,SG_current_Insul_current_TR_retrofit_2_BW_current,24.0,340
2050,11,SG_current_Insul_current_TR_retrofit_2_BW_current,25.0,346
2050,11,SG_current_Insul_current_TR_retrofit_2_BW_current,26.0,358
2050,12,SG_current_Insul_current_TR_retrofit_2_BW_retrofit_1,23.0,322
2050,12,SG_current_Insul_current_TR_retrofit_2_BW_retrofit_1,24.0,342
2050,12,SG_current_Insul_current_TR_retrofit_2_BW_retrofit_1,25.0,349
2050,12,SG_current_Insul_current_TR_retrofit_2_BW_retrofit_1,26.0,360
2050,13,SG_current_Insul_current_TR_retrofit_2_BW_retrofit_2,23.0,322
2050,13,SG_current_Insul_current_TR_retrofit_2_BW_retrofit_2,24.0,342
2050,13,SG_current_Insul_current_TR_retrofit_2_BW_retrofit_2,25.0,349
2050,13,SG_current_Insul_current_TR_retrofit_2_BW_retrofit_2,26.0,360
2050,14,SG_current_Insul_current_TR_retrofit_2_BW_retrofit_3,23.0,322
2050,14,SG_current_Insul_current_TR_retrofit_2_BW_retrofit_3,24.0,343
2050,14,SG_current_Insul_current_TR_retrofit_2_BW_retrofit_3,25.0,349
2050,14,SG_current_Insul_current_TR_retrofit_2_BW_retrofit_3,26.0,360
2050,15,SG_current_Insul_current_TR_retrofit_2_BW_retrofit_4,23.0,322
2050,15,SG_current_Insul_current_TR_retrofit_2_BW_retrofit_4,24.0,343
2050,15,SG_current_Insul_current_TR_retrofit_2_BW_retrofit_4,25.0,349
2050,15,SG_current_Insul_current_TR_retrofit_2_BW_retrofit_4,26.0,360
2050,16,SG_current_Insul_current_TR_retrofit_3_BW_current,23.0,324
2050,16,SG_current_Insul_current_TR_retrofit_3_BW_current,24.0,340
2050,16,SG_current_Insul_current_TR_retrofit_3_BW_current,25.0,346
2050,16,SG_current_Insul_current_TR_retrofit_3_BW_current,26.0,358
2050,17,SG_current_Insul_current_TR_retrofit_3_BW_retrofit_1,23.0,322
2050,17,SG_current_Insul_current_TR_retrofit_3_BW_retrofit_1,24.0,342
2050,17,SG_current_Insul_current_TR_retrofit_3_BW_retrofit_1,25.0,349
2050,17,SG_current_Insul_current_TR_retrofit_3_BW_retrofit_1,26.0,360
2050,18,SG_current_Insul_current_TR_retrofit_3_BW_retrofit_2,23.0,322
2050,18,SG_current_Insul_current_TR_retrofit_3_BW_retrofit_2,24.0,343
2050,18,SG_current_Insul_current_TR_retrofit_3_BW_retrofit_2,25.0,349
2050,18,SG_current_Insul_current_TR_retrofit_3_BW_retrofit_2,26.0,360
2050,19,SG_current_Insul_current_TR_retrofit_3_BW_retrofit_3,23.0,322
2050,19,SG_current_Insul_current_TR_retrofit_3_BW_retrofit_3,24.0,343
2050,19,SG_current_Insul_current_TR_retrofit_3_BW_retrofit_3,25.0,349
2050,19,SG_current_Insul_current_TR_retrofit_3_BW_retrofit_3,26.0,360
2050,20,SG_current_Insul_current_TR_retrofit_3_BW_retrofit_4,23.0,322
2050,20,SG_current_Insul_current_TR_retrofit_3_BW_retrofit_4,24.0,343
2050,20,SG_current_Insul_current_TR_retrofit_3_BW_retrofit_4,25.0,349
2050,20,SG_current_Insul_current_TR_retrofit_3_BW_retrofit_4,26.0,360
2050,21,SG_current_Insul_current_TR_retrofit_4_BW_current,23.0,324
2050,21,SG_current_Insul_current_TR_retrofit_4_BW_current,24.0,340
2050,21,SG_current_Insul_current_TR_retrofit_4_BW_current,25.0,346
2050,21,SG_current_Insul_current_TR_retrofit_4_BW_current,26.0,358
2050,22,SG_current_Insul_current_TR_retrofit_4_BW_retrofit_1,23.0,322
2050,22,SG_current_Insul_current_TR_retrofit_4_BW_retrofit_1,24.0,342
2050,22,SG_current_Insul_current_TR_retrofit_4_BW_retrofit_1,25.0,349
2050,22,SG_current_Insul_current_TR_retrofit_4_BW_retrofit_1,26.0,360
2050,23,SG_current_Insul_current_TR_retrofit_4_BW_retrofit_2,23.0,322
2050,23,SG_current_Insul_current_TR_retrofit_4_BW_retrofit_2,24.0,343
2050,23,SG_current_Insul_current_TR_retrofit_4_BW_retrofit_2,25.0,349
2050,23,SG_current_Insul_current_TR_retrofit_4_BW_retrofit_2,26.0,360
2050,24,SG_current_Insul_current_TR_retrofit_4_BW_retrofit_3,23.0,322
2050,24,SG_current_Insul_current_TR_retrofit_4_BW_retrofit_3,24.0,343
2050,24,SG_current_Insul_current_TR_retrofit_4_BW_retrofit_3,25.0,349
2050,24,SG_current_Insul_current_TR_retrofit_4_BW_retrofit_3,26.0,360
2050,25,SG_current_Insul_current_TR_retrofit_4_BW_retrofit_4,23.0,322
2050,25,SG_current_Insul_current_TR_retrofit_4_BW_retrofit_4,24.0,343
2050,25,SG_current_Insul_current_TR_retrofit_4_BW_retrofit_4,25.0,349
2050,25,SG_current_Insul_current_TR_retrofit_4_BW_retrofit_4,26.0,360
2050,26,SG_current_Insul_retrofit_1_TR_current_BW_current,23.0,302
2050,26,SG_current_Insul_retrofit_1_TR_current_BW_current,24.0,321
2050,26,SG_current_Insul_retrofit_1_TR_current_BW_current,25.0,333
2050,26,SG_current_Insul_retrofit_1_TR_current_BW_current,26.0,345
2050,27,SG_current_Insul_retrofit_1_TR_current_BW_retrofit_1,23.0,298
2050,27,SG_current_Insul_retrofit_1_TR_current_BW_retrofit_1,24.0,311
2050,27,SG_current_Insul_retrofit_1_TR_current_BW_retrofit_1,25.0,330
2050,27,SG_current_Insul_retrofit_1_TR_current_BW_retrofit_1,26.0,346
2050,28,SG_current_Insul_retrofit_1_TR_current_BW_retrofit_2,23.0,297
2050,28,SG_current_Insul_retrofit_1_TR_current_BW_retrofit_2,24.0,311
2050,28,SG_current_Insul_retrofit_1_TR_current_BW_retrofit_2,25.0,330
2050,28,SG_current_Insul_retrofit_1_TR_current_BW_retrofit_2,26.0,346
2050,29,SG_current_Insul_retrofit_1_TR_current_BW_retrofit_3,23.0,297
2050,29,SG_current_Insul_retrofit_1_TR_current_BW_retrofit_3,24.0,310
2050,29,SG_current_Insul_retrofit_1_TR_current_BW_retrofit_3,25.0,331
2050,29,SG_current_Insul_retrofit_1_TR_current_BW_retrofit_3,26.0,346
2050,30,SG_current_Insul_retrofit_1_TR_current_BW_retrofit_4,23.0,298
2050,30,SG_current_Insul_retrofit_1_TR_current_BW_retrofit_4,24.0,310
2050,30,SG_current_Insul_retrofit_1_TR_current_BW_retrofit_4,25.0,331
2050,30,SG_current_Insul_retrofit_1_TR_current_BW_retrofit_4,26.0,346
2050,31,SG_current_Insul_retrofit_1_TR_retrofit_1_BW_current,23.0,303
2050,31,SG_current_Insul_retrofit_1_TR_retrofit_1_BW_current,24.0,321
2050,31,SG_current_Insul_retrofit_1_TR_retrofit_1_BW_current,25.0,335
2050,31,SG_current_Insul_retrofit_1_TR_retrofit_1_BW_current,26.0,346
2050,32,SG_current_Insul_retrofit_1_TR_retrofit_1_BW_retrofit_1,23.0,298
2050,32,SG_current_Insul_retrofit_1_TR_retrofit_1_BW_retrofit_1,24.0,314
2050,32,SG_current_Insul_retrofit_1_TR_retrofit_1_BW_retrofit_1,25.0,332
2050,32,SG_current_Insul_retrofit_1_TR_retrofit_1_BW_retrofit_1,26.0,346
2050,33,SG_current_Insul_retrofit_1_TR_retrofit_1_BW_retrofit_2,23.0,298
2050,33,SG_current_Insul_retrofit_1_TR_retrofit_1_BW_retrofit_2,24.0,311
2050,33,SG_current_Insul_retrofit_1_TR_retrofit_1_BW_retrofit_2,25.0,331
2050,33,SG_current_Insul_retrofit_1_TR_retrofit_1_BW_retrofit_2,26.0,346
2050,34,SG_current_Insul_retrofit_1_TR_retrofit_1_BW_retrofit_3,23.0,298
2050,34,SG_current_Insul_retrofit_1_TR_retrofit_1_BW_retrofit_3,24.0,311
2050,34,SG_current_Insul_retrofit_1_TR_retrofit_1_BW_retrofit_3,25.0,331
2050,34,SG_current_Insul_retrofit_1_TR_retrofit_1_BW_retrofit_3,26.0,346
2050,35,SG_current_Insul_retrofit_1_TR_retrofit_1_BW_retrofit_4,23.0,298
2050,35,SG_current_Insul_retrofit_1_TR_retrofit_1_BW_retrofit_4,24.0,311
2050,35,SG_current_Insul_retrofit_1_TR_retrofit_1_BW_retrofit_4,25.0,331
2050,35,SG_current_Insul_retrofit_1_TR_retrofit_1_BW_retrofit_4,26.0,346
2050,36,SG_current_Insul_retrofit_1_TR_retrofit_2_BW_current,23.0,303
2050,36,SG_current_Insul_retrofit_1_TR_retrofit_2_BW_current,24.0,321
2050,36,SG_current_Insul_retrofit_1_TR_retrofit_2_BW_current,25.0,334
2050,36,SG_current_Insul_retrofit_1_TR_retrofit_2_BW_current,26.0,346
2050,37,SG_current_Insul_retrofit_1_TR_retrofit_2_BW_retrofit_1,23.0,298
2050,37,SG_current_Insul_retrofit_1_TR_retrofit_2_BW_retrofit_1,24.0,313
2050,37,SG_current_Insul_retrofit_1_TR_retrofit_2_BW_retrofit_1,25.0,332
2050,37,SG_current_Insul_retrofit_1_TR_retrofit_2_BW_retrofit_1,26.0,346
2050,38,SG_current_Insul_retrofit_1_TR_retrofit_2_BW_retrofit_2,23.0,298
2050,38,SG_current_Insul_retrofit_1_TR_retrofit_2_BW_retrofit_2,24.0,311
2050,38,SG_current_Insul_retrofit_1_TR_retrofit_2_BW_retrofit_2,25.0,331
2050,38,SG_current_Insul_retrofit_1_TR_retrofit_2_BW_retrofit_2,26.0,346
2050,39,SG_current_Insul_retrofit_1_TR_retrofit_2_BW_retrofit_3,23.0,298
2050,39,SG_current_Insul_retrofit_1_TR_retrofit_2_BW_retrofit_3,24.0,311
2050,39,SG_current_Insul_retrofit_1_TR_retrofit_2_BW_retrofit_3,25.0,331
2050,39,SG_current_Insul_retrofit_1_TR_retrofit_2_BW_retrofit_3,26.0,346
2050,40,SG_current_Insul_retrofit_1_TR_retrofit_2_BW_retrofit_4,23.0,298
2050,40,SG_current_Insul_retrofit_1_TR_retrofit_2_BW_retrofit_4,24.0,310
2050,40,SG_current_Insul_retrofit_1_TR_retrofit_2_BW_retrofit_4,25.0,331
2050,40,SG_current_Insul_retrofit_1_TR_retrofit_2_BW_retrofit_4,26.0,346
2050,41,SG_current_Insul_retrofit_1_TR_retrofit_3_BW_current,23.0,303
2050,41,SG_current_Insul_retrofit_1_TR_retrofit_3_BW_current,24.0,321
2050,41,SG_current_Insul_retrofit_1_TR_retrofit_3_BW_current,25.0,334
2050,41,SG_current_Insul_retrofit_1_TR_retrofit_3_BW_current,26.0,346
2050,42,SG_current_Insul_retrofit_1_TR_retrofit_3_BW_retrofit_1,23.0,298
2050,42,SG_current_Insul_retrofit_1_TR_retrofit_3_BW_retrofit_1,24.0,313
2050,42,SG_current_Insul_retrofit_1_TR_retrofit_3_BW_retrofit_1,25.0,332
2050,42,SG_current_Insul_retrofit_1_TR_retrofit_3_BW_retrofit_1,26.0,346
2050,43,SG_current_Insul_retrofit_1_TR_retrofit_3_BW_retrofit_2,23.0,298
2050,43,SG_current_Insul_retrofit_1_TR_retrofit_3_BW_retrofit_2,24.0,311
2050,43,SG_current_Insul_retrofit_1_TR_retrofit_3_BW_retrofit_2,25.0,331
2050,43,SG_current_Insul_retrofit_1_TR_retrofit_3_BW_retrofit_2,26.0,346
2050,44,SG_current_Insul_retrofit_1_TR_retrofit_3_BW_retrofit_3,23.0,298
2050,44,SG_current_Insul_retrofit_1_TR_retrofit_3_BW_retrofit_3,24.0,310
2050,44,SG_current_Insul_retrofit_1_TR_retrofit_3_BW_retrofit_3,25.0,331
2050,44,SG_current_Insul_retrofit_1_TR_retrofit_3_BW_retrofit_3,26.0,346
2050,45,SG_current_Insul_retrofit_1_TR_retrofit_3_BW_retrofit_4,23.0,298
2050,45,SG_current_Insul_retrofit_1_TR_retrofit_3_BW_retrofit_4,24.0,310
2050,45,SG_current_Insul_retrofit_1_TR_retrofit_3_BW_retrofit_4,25.0,331
2050,45,SG_current_Insul_retrofit_1_TR_retrofit_3_BW_retrofit_4,26.0,346
2050,46,SG_current_Insul_retrofit_1_TR_retrofit_4_BW_current,23.0,303
2050,46,SG_current_Insul_retrofit_1_TR_retrofit_4_BW_current,24.0,321
2050,46,SG_current_Insul_retrofit_1_TR_retrofit_4_BW_current,25.0,334
2050,46,SG_current_Insul_retrofit_1_TR_retrofit_4_BW_current,26.0,346
2050,47,SG_current_Insul_retrofit_1_TR_retrofit_4_BW_retrofit_1,23.0,298
2050,47,SG_current_Insul_retrofit_1_TR_retrofit_4_BW_retrofit_1,24.0,313
2050,47,SG_current_Insul_retrofit_1_TR_retrofit_4_BW_retrofit_1,25.0,332
2050,47,SG_current_Insul_retrofit_1_TR_retrofit_4_BW_retrofit_1,26.0,346
2050,48,SG_current_Insul_retrofit_1_TR_retrofit_4_BW_retrofit_2,23.0,298
2050,48,SG_current_Insul_retrofit_1_TR_retrofit_4_BW_retrofit_2,24.0,311
2050,48,SG_current_Insul_retrofit_1_TR_retrofit_4_BW_retrofit_2,25.0,331
2050,48,SG_current_Insul_retrofit_1_TR_retrofit_4_BW_retrofit_2,26.0,346
2050,49,SG_current_Insul_retrofit_1_TR_retrofit_4_BW_retrofit_3,23.0,298
2050,49,SG_current_Insul_retrofit_1_TR_retrofit_4_BW_retrofit_3,24.0,310
2050,49,SG_current_Insul_retrofit_1_TR_retrofit_4_BW_retrofit_3,25.0,331
2050,49,SG_current_Insul_retrofit_1_TR_retrofit_4_BW_retrofit_3,26.0,346
2050,50,SG_current_Insul_retrofit_1_TR_retrofit_4_BW_retrofit_4,23.0,298
2050,50,SG_current_Insul_retrofit_1_TR_retrofit_4_BW_retrofit_4,24.0,310
2050,50,SG_current_Insul_retrofit_1_TR_retrofit_4_BW_retrofit_4,25.0,331
2050,50,SG_current_Insul_retrofit_1_TR_retrofit_4_BW_retrofit_4,26.0,346
2050,51,SG_current_Insul_retrofit_2_TR_current_BW_current,23.0,301
2050,51,SG_current_Insul_retrofit_2_TR_current_BW_current,24.0,321
2050,51,SG_current_Insul_retrofit_2_TR_current_BW_current,25.0,331
2050,51,SG_current_Insul_retrofit_2_TR_current_BW_current,26.0,345
2050,52,SG_current_Insul_retrofit_2_TR_current_BW_retrofit_1,23.0,297
2050,52,SG_current_Insul_retrofit_2_TR_current_BW_retrofit_1,24.0,311
2050,52,SG_current_Insul_retrofit_2_TR_current_BW_retrofit_1,25.0,329
2050,52,SG_current_Insul_retrofit_2_TR_current_BW_retrofit_1,26.0,345
2050,53,SG_current_Insul_retrofit_2_TR_current_BW_retrofit_2,23.0,296
2050,53,SG_current_Insul_retrofit_2_TR_current_BW_retrofit_2,24.0,311
2050,53,SG_current_Insul_retrofit_2_TR_current_BW_retrofit_2,25.0,329
2050,53,SG_current_Insul_retrofit_2_TR_current_BW_retrofit_2,26.0,345
2050,54,SG_current_Insul_retrofit_2_TR_current_BW_retrofit_3,23.0,295
2050,54,SG_current_Insul_retrofit_2_TR_current_BW_retrofit_3,24.0,309
2050,54,SG_current_Insul_retrofit_2_TR_current_BW_retrofit_3,25.0,329
2050,54,SG_current_Insul_retrofit_2_TR_current_BW_retrofit_3,26.0,345
2050,55,SG_current_Insul_retrofit_2_TR_current_BW_retrofit_4,23.0,295
2050,55,SG_current_Insul_retrofit_2_TR_current_BW_retrofit_4,24.0,309
2050,55,SG_current_Insul_retrofit_2_TR_current_BW_retrofit_4,25.0,329
2050,55,SG_current_Insul_retrofit_2_TR_current_BW_retrofit_4,26.0,346
2050,56,SG_current_Insul_retrofit_2_TR_retrofit_1_BW_current,23.0,301
2050,56,SG_current_Insul_retrofit_2_TR_retrofit_1_BW_current,24.0,321
2050,56,SG_current_Insul_retrofit_2_TR_retrofit_1_BW_current,25.0,333
2050,56,SG_current_Insul_retrofit_2_TR_retrofit_1_BW_current,26.0,346
2050,57,SG_current_Insul_retrofit_2_TR_retrofit_1_BW_retrofit_1,23.0,298
2050,57,SG_current_Insul_retrofit_2_TR_retrofit_1_BW_retrofit_1,24.0,311
2050,57,SG_current_Insul_retrofit_2_TR_retrofit_1_BW_retrofit_1,25.0,331
2050,57,SG_current_Insul_retrofit_2_TR_retrofit_1_BW_retrofit_1,26.0,346
2050,58,SG_current_Insul_retrofit_2_TR_retrofit_1_BW_retrofit_2,23.0,297
2050,58,SG_current_Insul_retrofit_2_TR_retrofit_1_BW_retrofit_2,24.0,311
2050,58,SG_current_Insul_retrofit_2_TR_retrofit_1_BW_retrofit_2,25.0,331
2050,58,SG_current_Insul_retrofit_2_TR_retrofit_1_BW_retrofit_2,26.0,346
2050,59,SG_current_Insul_retrofit_2_TR_retrofit_1_BW_retrofit_3,23.0,296
2050,59,SG_current_Insul_retrofit_2_TR_retrofit_1_BW_retrofit_3,24.0,310
2050,59,SG_current_Insul_retrofit_2_TR_retrofit_1_BW_retrofit_3,25.0,330
2050,59,SG_current_Insul_retrofit_2_TR_retrofit_1_BW_retrofit_3,26.0,346
2050,60,SG_current_Insul_retrofit_2_TR_retrofit_1_BW_retrofit_4,23.0,296
2050,60,SG_current_Insul_retrofit_2_TR_retrofit_1_BW_retrofit_4,24.0,310
2050,60,SG_current_Insul_retrofit_2_TR_retrofit_1_BW_retrofit_4,25.0,331
2050,60,SG_current_Insul_retrofit_2_TR_retrofit_1_BW_retrofit_4,26.0,346
2050,61,SG_current_Insul_retrofit_2_TR_retrofit_2_BW_current,23.0,301
2050,61,SG_current_Insul_retrofit_2_TR_retrofit_2_BW_current,24.0,321
2050,61,SG_current_Insul_retrofit_2_TR_retrofit_2_BW_current,25.0,333
2050,61,SG_current_Insul_retrofit_2_TR_retrofit_2_BW_current,26.0,346
2050,62,SG_current_Insul_retrofit_2_TR_retrofit_2_BW_retrofit_1,23.0,298
2050,62,SG_current_Insul_retrofit_2_TR_retrofit_2_BW_retrofit_1,24.0,311
2050,62,SG_current_Insul_retrofit_2_TR_retrofit_2_BW_retrofit_1,25.0,331
2050,62,SG_current_Insul_retrofit_2_TR_retrofit_2_BW_retrofit_1,26.0,346
2050,63,SG_current_Insul_retrofit_2_TR_retrofit_2_BW_retrofit_2,23.0,297
2050,63,SG_current_Insul_retrofit_2_TR_retrofit_2_BW_retrofit_2,24.0,311
2050,63,SG_current_Insul_retrofit_2_TR_retrofit_2_BW_retrofit_2,25.0,331
2050,63,SG_current_Insul_retrofit_2_TR_retrofit_2_BW_retrofit_2,26.0,346
2050,64,SG_current_Insul_retrofit_2_TR_retrofit_2_BW_retrofit_3,23.0,296
2050,64,SG_current_Insul_retrofit_2_TR_retrofit_2_BW_retrofit_3,24.0,310
2050,64,SG_current_Insul_retrofit_2_TR_retrofit_2_BW_retrofit_3,25.0,331
2050,64,SG_current_Insul_retrofit_2_TR_retrofit_2_BW_retrofit_3,26.0,346
2050,65,SG_current_Insul_retrofit_2_TR_retrofit_2_BW_retrofit_4,23.0,296
2050,65,SG_current_Insul_retrofit_2_TR_retrofit_2_BW_retrofit_4,24.0,310
2050,65,SG_current_Insul_retrofit_2_TR_retrofit_2_BW_retrofit_4,25.0,331
2050,65,SG_current_Insul_retrofit_2_TR_retrofit_2_BW_retrofit_4,26.0,346
2050,66,SG_current_Insul_retrofit_2_TR_retrofit_3_BW_current,23.0,302
2050,66,SG_current_Insul_retrofit_2_TR_retrofit_3_BW_current,24.0,321
2050,66,SG_current_Insul_retrofit_2_TR_retrofit_3_BW_current,25.0,333
2050,66,SG_current_Insul_retrofit_2_TR_retrofit_3_BW_current,26.0,346
2050,67,SG_current_Insul_retrofit_2_TR_retrofit_3_BW_retrofit_1,23.0,298
2050,67,SG_current_Insul_retrofit_2_TR_retrofit_3_BW_retrofit_1,24.0,311
2050,67,SG_current_Insul_retrofit_2_TR_retrofit_3_BW_retrofit_1,25.0,331
2050,67,SG_current_Insul_retrofit_2_TR_retrofit_3_BW_retrofit_1,26.0,346
2050,68,SG_current_Insul_retrofit_2_TR_retrofit_3_BW_retrofit_2,23.0,297
2050,68,SG_current_Insul_retrofit_2_TR_retrofit_3_BW_retrofit_2,24.0,311
2050,68,SG_current_Insul_retrofit_2_TR_retrofit_3_BW_retrofit_2,25.0,331
2050,68,SG_current_Insul_retrofit_2_TR_retrofit_3_BW_retrofit_2,26.0,346
2050,69,SG_current_Insul_retrofit_2_TR_retrofit_3_BW_retrofit_3,23.0,296
2050,69,SG_current_Insul_retrofit_2_TR_retrofit_3_BW_retrofit_3,24.0,310
2050,69,SG_current_Insul_retrofit_2_TR_retrofit_3_BW_retrofit_3,25.0,331
2050,69,SG_current_Insul_retrofit_2_TR_retrofit_3_BW_retrofit_3,26.0,346
2050,70,SG_current_Insul_retrofit_2_TR_retrofit_3_BW_retrofit_4,23.0,296
2050,70,SG_current_Insul_retrofit_2_TR_retrofit_3_BW_retrofit_4,24.0,310
2050,70,SG_current_Insul_retrofit_2_TR_retrofit_3_BW_retrofit_4,25.0,331
2050,70,SG_current_Insul_retrofit_2_TR_retrofit_3_BW_retrofit_4,26.0,346
2050,71,SG_current_Insul_retrofit_2_TR_retrofit_4_BW_current,23.0,302
2050,71,SG_current_Insul_retrofit_2_TR_retrofit_4_BW_current,24.0,321
2050,71,SG_current_Insul_retrofit_2_TR_retrofit_4_BW_current,25.0,333
2050,71,SG_current_Insul_retrofit_2_TR_retrofit_4_BW_current,26.0,346
2050,72,SG_current_Insul_retrofit_2_TR_retrofit_4_BW_retrofit_1,23.0,298
2050,72,SG_current_Insul_retrofit_2_TR_retrofit_4_BW_retrofit_1,24.0,311
2050,72,SG_current_Insul_retrofit_2_TR_retrofit_4_BW_retrofit_1,25.0,331
2050,72,SG_current_Insul_retrofit_2_TR_retrofit_4_BW_retrofit_1,26.0,346
2050,73,SG_current_Insul_retrofit_2_TR_retrofit_4_BW_retrofit_2,23.0,297
2050,73,SG_current_Insul_retrofit_2_TR_retrofit_4_BW_retrofit_2,24.0,311
2050,73,SG_current_Insul_retrofit_2_TR_retrofit_4_BW_retrofit_2,25.0,331
2050,73,SG_current_Insul_retrofit_2_TR_retrofit_4_BW_retrofit_2,26.0,346
2050,74,SG_current_Insul_retrofit_2_TR_retrofit_4_BW_retrofit_3,23.0,296
2050,74,SG_current_Insul_retrofit_2_TR_retrofit_4_BW_retrofit_3,24.0,310
2050,74,SG_current_Insul_retrofit_2_TR_retrofit_4_BW_retrofit_3,25.0,331
2050,74,SG_current_Insul_retrofit_2_TR_retrofit_4_BW_retrofit_3,26.0,346
2050,75,SG_current_Insul_retrofit_2_TR_retrofit_4_BW_retrofit_4,23.0,296
2050,75,SG_current_Insul_retrofit_2_TR_retrofit_4_BW_retrofit_4,24.0,310
2050,75,SG_current_Insul_retrofit_2_TR_retrofit_4_BW_retrofit_4,25.0,331
2050,75,SG_current_Insul_retrofit_2_TR_retrofit_4_BW_retrofit_4,26.0,346
2050,76,SG_current_Insul_retrofit_3_TR_current_BW_current,23.0,301
2050,76,SG_current_Insul_retrofit_3_TR_current_BW_current,24.0,321
2050,76,SG_current_Insul_retrofit_3_TR_current_BW_current,25.0,331
2050,76,SG_current_Insul_retrofit_3_TR_current_BW_current,26.0,345
2050,77,SG_current_Insul_retrofit_3_TR_current_BW_retrofit_1,23.0,297
2050,77,SG_current_Insul_retrofit_3_TR_current_BW_retrofit_1,24.0,311
2050,77,SG_current_Insul_retrofit_3_TR_current_BW_retrofit_1,25.0,329
2050,77,SG_current_Insul_retrofit_3_TR_current_BW_retrofit_1,26.0,345
2050,78,SG_current_Insul_retrofit_3_TR_current_BW_retrofit_2,23.0,295
2050,78,SG_current_Insul_retrofit_3_TR_current_BW_retrofit_2,24.0,310
2050,78,SG_current_Insul_retrofit_3_TR_current_BW_retrofit_2,25.0,329
2050,78,SG_current_Insul_retrofit_3_TR_current_BW_retrofit_2,26.0,345
2050,79,SG_current_Insul_retrofit_3_TR_current_BW_retrofit_3,23.0,295
2050,79,SG_current_Insul_retrofit_3_TR_current_BW_retrofit_3,24.0,309
2050,79,SG_current_Insul_retrofit_3_TR_current_BW_retrofit_3,25.0,329
2050,79,SG_current_Insul_retrofit_3_TR_current_BW_retrofit_3,26.0,345
2050,80,SG_current_Insul_retrofit_3_TR_current_BW_retrofit_4,23.0,295
2050,80,SG_current_Insul_retrofit_3_TR_current_BW_retrofit_4,24.0,309
2050,80,SG_current_Insul_retrofit_3_TR_current_BW_retrofit_4,25.0,329
2050,80,SG_current_Insul_retrofit_3_TR_current_BW_retrofit_4,26.0,345
2050,81,SG_current_Insul_retrofit_3_TR_retrofit_1_BW_current,23.0,301
2050,81,SG_current_Insul_retrofit_3_TR_retrofit_1_BW_current,24.0,321
2050,81,SG_current_Insul_retrofit_3_TR_retrofit_1_BW_current,25.0,332
2050,81,SG_current_Insul_retrofit_3_TR_retrofit_1_BW_current,26.0,345
2050,82,SG_current_Insul_retrofit_3_TR_retrofit_1_BW_retrofit_1,23.0,298
2050,82,SG_current_Insul_retrofit_3_TR_retrofit_1_BW_retrofit_1,24.0,311
2050,82,SG_current_Insul_retrofit_3_TR_retrofit_1_BW_retrofit_1,25.0,329
2050,82,SG_current_Insul_retrofit_3_TR_retrofit_1_BW_retrofit_1,26.0,346
2050,83,SG_current_Insul_retrofit_3_TR_retrofit_1_BW_retrofit_2,23.0,295
2050,83,SG_current_Insul_retrofit_3_TR_retrofit_1_BW_retrofit_2,24.0,311
2050,83,SG_current_Insul_retrofit_3_TR_retrofit_1_BW_retrofit_2,25.0,331
2050,83,SG_current_Insul_retrofit_3_TR_retrofit_1_BW_retrofit_2,26.0,346
2050,84,SG_current_Insul_retrofit_3_TR_retrofit_1_BW_retrofit_3,23.0,295
2050,84,SG_current_Insul_retrofit_3_TR_retrofit_1_BW_retrofit_3,24.0,310
2050,84,SG_current_Insul_retrofit_3_TR_retrofit_1_BW_retrofit_3,25.0,330
2050,84,SG_current_Insul_retrofit_3_TR_retrofit_1_BW_retrofit_3,26.0,346
2050,85,SG_current_Insul_retrofit_3_TR_retrofit_1_BW_retrofit_4,23.0,295
2050,85,SG_current_Insul_retrofit_3_TR_retrofit_1_BW_retrofit_4,24.0,310
2050,85,SG_current_Insul_retrofit_3_TR_retrofit_1_BW_retrofit_4,25.0,330
2050,85,SG_current_Insul_retrofit_3_TR_retrofit_1_BW_retrofit_4,26.0,346
2050,86,SG_current_Insul_retrofit_3_TR_retrofit_2_BW_current,23.0,301
2050,86,SG_current_Insul_retrofit_3_TR_retrofit_2_BW_current,24.0,321
2050,86,SG_current_Insul_retrofit_3_TR_retrofit_2_BW_current,25.0,332
2050,86,SG_current_Insul_retrofit_3_TR_retrofit_2_BW_current,26.0,345
2050,87,SG_current_Insul_retrofit_3_TR_retrofit_2_BW_retrofit_1,23.0,297
2050,87,SG_current_Insul_retrofit_3_TR_retrofit_2_BW_retrofit_1,24.0,311
2050,87,SG_current_Insul_retrofit_3_TR_retrofit_2_BW_retrofit_1,25.0,329
2050,87,SG_current_Insul_retrofit_3_TR_retrofit_2_BW_retrofit_1,26.0,346
2050,88,SG_current_Insul_retrofit_3_TR_retrofit_2_BW_retrofit_2,23.0,295
2050,88,SG_current_Insul_retrofit_3_TR_retrofit_2_BW_retrofit_2,24.0,311
2050,88,SG_current_Insul_retrofit_3_TR_retrofit_2_BW_retrofit_2,25.0,331
2050,88,SG_current_Insul_retrofit_3_TR_retrofit_2_BW_retrofit_2,26.0,346
2050,89,SG_current_Insul_retrofit_3_TR_retrofit_2_BW_retrofit_3,23.0,295
2050,89,SG_current_Insul_retrofit_3_TR_retrofit_2_BW_retrofit_3,24.0,310
2050,89,SG_current_Insul_retrofit_3_TR_retrofit_2_BW_retrofit_3,25.0,330
2050,89,SG_current_Insul_retrofit_3_TR_retrofit_2_BW_retrofit_3,26.0,346
2050,90,SG_current_Insul_retrofit_3_TR_retrofit_2_BW_retrofit_4,23.0,295
2050,90,SG_current_Insul_retrofit_3_TR_retrofit_2_BW_retrofit_4,24.0,309
2050,90,SG_current_Insul_retrofit_3_TR_retrofit_2_BW_retrofit_4,25.0,330
2050,90,SG_current_Insul_retrofit_3_TR_retrofit_2_BW_retrofit_4,26.0,346
2050,91,SG_current_Insul_retrofit_3_TR_retrofit_3_BW_current,23.0,301
2050,91,SG_current_Insul_retrofit_3_TR_retrofit_3_BW_current,24.0,321
2050,91,SG_current_Insul_retrofit_3_TR_retrofit_3_BW_current,25.0,333
2050,91,SG_current_Insul_retrofit_3_TR_retrofit_3_BW_current,26.0,345
2050,92,SG_current_Insul_retrofit_3_TR_retrofit_3_BW_retrofit_1,23.0,298
2050,92,SG_current_Insul_retrofit_3_TR_retrofit_3_BW_retrofit_1,24.0,311
2050,92,SG_current_Insul_retrofit_3_TR_retrofit_3_BW_retrofit_1,25.0,331
2050,92,SG_current_Insul_retrofit_3_TR_retrofit_3_BW_retrofit_1,26.0,346
2050,93,SG_current_Insul_retrofit_3_TR_retrofit_3_BW_retrofit_2,23.0,295
2050,93,SG_current_Insul_retrofit_3_TR_retrofit_3_BW_retrofit_2,24.0,310
2050,93,SG_current_Insul_retrofit_3_TR_retrofit_3_BW_retrofit_2,25.0,331
2050,93,SG_current_Insul_retrofit_3_TR_retrofit_3_BW_retrofit_2,26.0,346
2050,94,SG_current_Insul_retrofit_3_TR_retrofit_3_BW_retrofit_3,23.0,295
2050,94,SG_current_Insul_retrofit_3_TR_retrofit_3_BW_retrofit_3,24.0,310
2050,94,SG_current_Insul_retrofit_3_TR_retrofit_3_BW_retrofit_3,25.0,330
2050,94,SG_current_Insul_retrofit_3_TR_retrofit_3_BW_retrofit_3,26.0,346
2050,95,SG_current_Insul_retrofit_3_TR_retrofit_3_BW_retrofit_4,23.0,295
2050,95,SG_current_Insul_retrofit_3_TR_retrofit_3_BW_retrofit_4,24.0,309
2050,95,SG_current_Insul_retrofit_3_TR_retrofit_3_BW_retrofit_4,25.0,330
2050,95,SG_current_Insul_retrofit_3_TR_retrofit_3_BW_retrofit_4,26.0,346
2050,96,SG_current_Insul_retrofit_3_TR_retrofit_4_BW_current,23.0,301
2050,96,SG_current_Insul_retrofit_3_TR_retrofit_4_BW_current,24.0,321
2050,96,SG_current_Insul_retrofit_3_TR_retrofit_4_BW_current,25.0,333
2050,96,SG_current_Insul_retrofit_3_TR_retrofit_4_BW_current,26.0,345
2050,97,SG_current_Insul_retrofit_3_TR_retrofit_4_BW_retrofit_1,23.0,298
2050,97,SG_current_Insul_retrofit_3_TR_retrofit_4_BW_retrofit_1,24.0,311
2050,97,SG_current_Insul_retrofit_3_TR_retrofit_4_BW_retrofit_1,25.0,331
2050,97,SG_current_Insul_retrofit_3_TR_retrofit_4_BW_retrofit_1,26.0,346
2050,98,SG_current_Insul_retrofit_3_TR_retrofit_4_BW_retrofit_2,23.0,295
2050,98,SG_current_Insul_retrofit_3_TR_retrofit_4_BW_retrofit_2,24.0,310
2050,98,SG_current_Insul_retrofit_3_TR_retrofit_4_BW_retrofit_2,25.0,331
2050,98,SG_current_Insul_retrofit_3_TR_retrofit_4_BW_retrofit_2,26.0,346
2050,99,SG_current_Insul_retrofit_3_TR_retrofit_4_BW_retrofit_3,23.0,295
2050,99,SG_current_Insul_retrofit_3_TR_retrofit_4_BW_retrofit_3,24.0,310
2050,99,SG_current_Insul_retrofit_3_TR_retrofit_4_BW_retrofit_3,25.0,330
2050,99,SG_current_Insul_retrofit_3_TR_retrofit_4_BW_retrofit_3,26.0,346
2050,100,SG_current_Insul_retrofit_3_TR_retrofit_4_BW_retrofit_4,23.0,295
2050,100,SG_current_Insul_retrofit_3_TR_retrofit_4_BW_retrofit_4,24.0,309
2050,100,SG_current_Insul_retrofit_3_TR_retrofit_4_BW_retrofit_4,25.0,330
2050,100,SG_current_Insul_retrofit_3_TR_retrofit_4_BW_retrofit_4,26.0,346
2050,101,SG_current_Insul_retrofit_4_TR_current_BW_current,23.0,300
2050,101,SG_current_Insul_retrofit_4_TR_current_BW_current,24.0,320
2050,101,SG_current_Insul_retrofit_4_TR_current_BW_current,25.0,331
2050,101,SG_current_Insul_retrofit_4_TR_current_BW_current,26.0,345
2050,102,SG_current_Insul_retrofit_4_TR_current_BW_retrofit_1,23.0,297
2050,102,SG_current_Insul_retrofit_4_TR_current_BW_retrofit_1,24.0,311
2050,102,SG_current_Insul_retrofit_4_TR_current_BW_retrofit_1,25.0,329
2050,102,SG_current_Insul_retrofit_4_TR_current_BW_retrofit_1,26.0,345
2050,103,SG_current_Insul_retrofit_4_TR_current_BW_retrofit_2,23.0,295
2050,103,SG_current_Insul_retrofit_4_TR_current_BW_retrofit_2,24.0,310
2050,103,SG_current_Insul_retrofit_4_TR_current_BW_retrofit_2,25.0,329
2050,103,SG_current_Insul_retrofit_4_TR_current_BW_retrofit_2,26.0,345
2050,104,SG_current_Insul_retrofit_4_TR_current_BW_retrofit_3,23.0,295
2050,104,SG_current_Insul_retrofit_4_TR_current_BW_retrofit_3,24.0,309
2050,104,SG_current_Insul_retrofit_4_TR_current_BW_retrofit_3,25.0,329
2050,104,SG_current_Insul_retrofit_4_TR_current_BW_retrofit_3,26.0,345
2050,105,SG_current_Insul_retrofit_4_TR_current_BW_retrofit_4,23.0,295
2050,105,SG_current_Insul_retrofit_4_TR_current_BW_retrofit_4,24.0,309
2050,105,SG_current_Insul_retrofit_4_TR_current_BW_retrofit_4,25.0,329
2050,105,SG_current_Insul_retrofit_4_TR_current_BW_retrofit_4,26.0,345
2050,106,SG_current_Insul_retrofit_4_TR_retrofit_1_BW_current,23.0,301
2050,106,SG_current_Insul_retrofit_4_TR_retrofit_1_BW_current,24.0,321
2050,106,SG_current_Insul_retrofit_4_TR_retrofit_1_BW_current,25.0,332
2050,106,SG_current_Insul_retrofit_4_TR_retrofit_1_BW_current,26.0,345
2050,107,SG_current_Insul_retrofit_4_TR_retrofit_1_BW_retrofit_1,23.0,298
2050,107,SG_current_Insul_retrofit_4_TR_retrofit_1_BW_retrofit_1,24.0,311
2050,107,SG_current_Insul_retrofit_4_TR_retrofit_1_BW_retrofit_1,25.0,330
2050,107,SG_current_Insul_retrofit_4_TR_retrofit_1_BW_retrofit_1,26.0,346
2050,108,SG_current_Insul_retrofit_4_TR_retrofit_1_BW_retrofit_2,23.0,295
2050,108,SG_current_Insul_retrofit_4_TR_retrofit_1_BW_retrofit_2,24.0,310
2050,108,SG_current_Insul_retrofit_4_TR_retrofit_1_BW_retrofit_2,25.0,331
2050,108,SG_current_Insul_retrofit_4_TR_retrofit_1_BW_retrofit_2,26.0,346
2050,109,SG_current_Insul_retrofit_4_TR_retrofit_1_BW_retrofit_3,23.0,295
2050,109,SG_current_Insul_retrofit_4_TR_retrofit_1_BW_retrofit_3,24.0,309
2050,109,SG_current_Insul_retrofit_4_TR_retrofit_1_BW_retrofit_3,25.0,330
2050,109,SG_current_Insul_retrofit_4_TR_retrofit_1_BW_retrofit_3,26.0,346
2050,110,SG_current_Insul_retrofit_4_TR_retrofit_1_BW_retrofit_4,23.0,296
2050,110,SG_current_Insul_retrofit_4_TR_retrofit_1_BW_retrofit_4,24.0,309
2050,110,SG_current_Insul_retrofit_4_TR_retrofit_1_BW_retrofit_4,25.0,330
2050,110,SG_current_Insul_retrofit_4_TR_retrofit_1_BW_retrofit_4,26.0,346
2050,111,SG_current_Insul_retrofit_4_TR_retrofit_2_BW_current,23.0,300
2050,111,SG_current_Insul_retrofit_4_TR_retrofit_2_BW_current,24.0,321
2050,111,SG_current_Insul_retrofit_4_TR_retrofit_2_BW_current,25.0,332
2050,111,SG_current_Insul_retrofit_4_TR_retrofit_2_BW_current,26.0,345
2050,112,SG_current_Insul_retrofit_4_TR_retrofit_2_BW_retrofit_1,23.0,298
2050,112,SG_current_Insul_retrofit_4_TR_retrofit_2_BW_retrofit_1,24.0,311
2050,112,SG_current_Insul_retrofit_4_TR_retrofit_2_BW_retrofit_1,25.0,330
2050,112,SG_current_Insul_retrofit_4_TR_retrofit_2_BW_retrofit_1,26.0,346
2050,113,SG_current_Insul_retrofit_4_TR_retrofit_2_BW_retrofit_2,23.0,295
2050,113,SG_current_Insul_retrofit_4_TR_retrofit_2_BW_retrofit_2,24.0,310
2050,113,SG_current_Insul_retrofit_4_TR_retrofit_2_BW_retrofit_2,25.0,331
2050,113,SG_current_Insul_retrofit_4_TR_retrofit_2_BW_retrofit_2,26.0,346
2050,114,SG_current_Insul_retrofit_4_TR_retrofit_2_BW_retrofit_3,23.0,295
2050,114,SG_current_Insul_retrofit_4_TR_retrofit_2_BW_retrofit_3,24.0,309
2050,114,SG_current_Insul_retrofit_4_TR_retrofit_2_BW_retrofit_3,25.0,330
2050,114,SG_current_Insul_retrofit_4_TR_retrofit_2_BW_retrofit_3,26.0,346
2050,115,SG_current_Insul_retrofit_4_TR_retrofit_2_BW_retrofit_4,23.0,295
2050,115,SG_current_Insul_retrofit_4_TR_retrofit_2_BW_retrofit_4,24.0,309
2050,115,SG_current_Insul_retrofit_4_TR_retrofit_2_BW_retrofit_4,25.0,330
2050,115,SG_current_Insul_retrofit_4_TR_retrofit_2_BW_retrofit_4,26.0,346
2050,116,SG_current_Insul_retrofit_4_TR_retrofit_3_BW_current,23.0,300
2050,116,SG_current_Insul_retrofit_4_TR_retrofit_3_BW_current,24.0,321
2050,116,SG_current_Insul_retrofit_4_TR_retrofit_3_BW_current,25.0,333
2050,116,SG_current_Insul_retrofit_4_TR_retrofit_3_BW_current,26.0,345
2050,117,SG_current_Insul_retrofit_4_TR_retrofit_3_BW_retrofit_1,23.0,298
2050,117,SG_current_Insul_retrofit_4_TR_retrofit_3_BW_retrofit_1,24.0,311
2050,117,SG_current_Insul_retrofit_4_TR_retrofit_3_BW_retrofit_1,25.0,331
2050,117,SG_current_Insul_retrofit_4_TR_retrofit_3_BW_retrofit_1,26.0,346
2050,118,SG_current_Insul_retrofit_4_TR_retrofit_3_BW_retrofit_2,23.0,295
2050,118,SG_current_Insul_retrofit_4_TR_retrofit_3_BW_retrofit_2,24.0,310
2050,118,SG_current_Insul_retrofit_4_TR_retrofit_3_BW_retrofit_2,25.0,331
2050,118,SG_current_Insul_retrofit_4_TR_retrofit_3_BW_retrofit_2,26.0,346
2050,119,SG_current_Insul_retrofit_4_TR_retrofit_3_BW_retrofit_3,23.0,295
2050,119,SG_current_Insul_retrofit_4_TR_retrofit_3_BW_retrofit_3,24.0,309
2050,119,SG_current_Insul_retrofit_4_TR_retrofit_3_BW_retrofit_3,25.0,330
2050,119,SG_current_Insul_retrofit_4_TR_retrofit_3_BW_retrofit_3,26.0,346
2050,120,SG_current_Insul_retrofit_4_TR_retrofit_3_BW_retrofit_4,23.0,296
2050,120,SG_current_Insul_retrofit_4_TR_retrofit_3_BW_retrofit_4,24.0,309
2050,120,SG_current_Insul_retrofit_4_TR_retrofit_3_BW_retrofit_4,25.0,330
2050,120,SG_current_Insul_retrofit_4_TR_retrofit_3_BW_retrofit_4,26.0,346
2050,121,SG_current_Insul_retrofit_4_TR_retrofit_4_BW_current,23.0,300
2050,121,SG_current_Insul_retrofit_4_TR_retrofit_4_BW_current,24.0,321
2050,121,SG_current_Insul_retrofit_4_TR_retrofit_4_BW_current,25.0,333
2050,121,SG_current_Insul_retrofit_4_TR_retrofit_4_BW_current,26.0,345
2050,122,SG_current_Insul_retrofit_4_TR_retrofit_4_BW_retrofit_1,23.0,298
2050,122,SG_current_Insul_retrofit_4_TR_retrofit_4_BW_retrofit_1,24.0,311
2050,122,SG_current_Insul_retrofit_4_TR_retrofit_4_BW_retrofit_1,25.0,331
2050,122,SG_current_Insul_retrofit_4_TR_retrofit_4_BW_retrofit_1,26.0,346
2050,123,SG_current_Insul_retrofit_4_TR_retrofit_4_BW_retrofit_2,23.0,295
2050,123,SG_current_Insul_retrofit_4_TR_retrofit_4_BW_retrofit_2,24.0,310
2050,123,SG_current_Insul_retrofit_4_TR_retrofit_4_BW_retrofit_2,25.0,331
2050,123,SG_current_Insul_retrofit_4_TR_retrofit_4_BW_retrofit_2,26.0,346
2050,124,SG_current_Insul_retrofit_4_TR_retrofit_4_BW_retrofit_3,23.0,295
2050,124,SG_current_Insul_retrofit_4_TR_retrofit_4_BW_retrofit_3,24.0,309
2050,124,SG_current_Insul_retrofit_4_TR_retrofit_4_BW_retrofit_3,25.0,330
2050,124,SG_current_Insul_retrofit_4_TR_retrofit_4_BW_retrofit_3,26.0,346
2050,125,SG_current_Insul_retrofit_4_TR_retrofit_4_BW_retrofit_4,23.0,296
2050,125,SG_current_Insul_retrofit_4_TR_retrofit_4_BW_retrofit_4,24.0,309
2050,125,SG_current_Insul_retrofit_4_TR_retrofit_4_BW_retrofit_4,25.0,330
2050,125,SG_current_Insul_retrofit_4_TR_retrofit_4_BW_retrofit_4,26.0,346
2050,126,SG_retrofit_1_Insul_current_TR_current_BW_current,23.0,324
2050,126,SG_retrofit_1_Insul_current_TR_current_BW_current,24.0,338
2050,126,SG_retrofit_1_Insul_current_TR_current_BW_current,25.0,347
2050,126,SG_retrofit_1_Insul_current_TR_current_BW_current,26.0,359
2050,127,SG_retrofit_1_Insul_current_TR_current_BW_retrofit_1,23.0,321
2050,127,SG_retrofit_1_Insul_current_TR_current_BW_retrofit_1,24.0,342
2050,127,SG_retrofit_1_Insul_current_TR_current_BW_retrofit_1,25.0,349
2050,127,SG_retrofit_1_Insul_current_TR_current_BW_retrofit_1,26.0,360
2050,128,SG_retrofit_1_Insul_current_TR_current_BW_retrofit_2,23.0,321
2050,128,SG_retrofit_1_Insul_current_TR_current_BW_retrofit_2,24.0,343
2050,128,SG_retrofit_1_Insul_current_TR_current_BW_retrofit_2,25.0,349
2050,128,SG_retrofit_1_Insul_current_TR_current_BW_retrofit_2,26.0,360
2050,129,SG_retrofit_1_Insul_current_TR_current_BW_retrofit_3,23.0,321
2050,129,SG_retrofit_1_Insul_current_TR_current_BW_retrofit_3,24.0,342
2050,129,SG_retrofit_1_Insul_current_TR_current_BW_retrofit_3,25.0,350
2050,129,SG_retrofit_1_Insul_current_TR_current_BW_retrofit_3,26.0,361
2050,130,SG_retrofit_1_Insul_current_TR_current_BW_retrofit_4,23.0,320
2050,130,SG_retrofit_1_Insul_current_TR_current_BW_retrofit_4,24.0,342
2050,130,SG_retrofit_1_Insul_current_TR_current_BW_retrofit_4,25.0,350
2050,130,SG_retrofit_1_Insul_current_TR_current_BW_retrofit_4,26.0,361
2050,131,SG_retrofit_1_Insul_current_TR_retrofit_1_BW_current,23.0,324
2050,131,SG_retrofit_1_Insul_current_TR_retrofit_1_BW_current,24.0,342
2050,131,SG_retrofit_1_Insul_current_TR_retrofit_1_BW_current,25.0,348
2050,131,SG_retrofit_1_Insul_current_TR_retrofit_1_BW_current,26.0,361
2050,132,SG_retrofit_1_Insul_current_TR_retrofit_1_BW_retrofit_1,23.0,321
2050,132,SG_retrofit_1_Insul_current_TR_retrofit_1_BW_retrofit_1,24.0,343
2050,132,SG_retrofit_1_Insul_current_TR_retrofit_1_BW_retrofit_1,25.0,350
2050,132,SG_retrofit_1_Insul_current_TR_retrofit_1_BW_retrofit_1,26.0,361
2050,133,SG_retrofit_1_Insul_current_TR_retrofit_1_BW_retrofit_2,23.0,321
2050,133,SG_retrofit_1_Insul_current_TR_retrofit_1_BW_retrofit_2,24.0,343
2050,133,SG_retrofit_1_Insul_current_TR_retrofit_1_BW_retrofit_2,25.0,350
2050,133,SG_retrofit_1_Insul_current_TR_retrofit_1_BW_retrofit_2,26.0,362
2050,134,SG_retrofit_1_Insul_current_TR_retrofit_1_BW_retrofit_3,23.0,321
2050,134,SG_retrofit_1_Insul_current_TR_retrofit_1_BW_retrofit_3,24.0,345
2050,134,SG_retrofit_1_Insul_current_TR_retrofit_1_BW_retrofit_3,25.0,350
2050,134,SG_retrofit_1_Insul_current_TR_retrofit_1_BW_retrofit_3,26.0,362
2050,135,SG_retrofit_1_Insul_current_TR_retrofit_1_BW_retrofit_4,23.0,321
2050,135,SG_retrofit_1_Insul_current_TR_retrofit_1_BW_retrofit_4,24.0,345
2050,135,SG_retrofit_1_Insul_current_TR_retrofit_1_BW_retrofit_4,25.0,350
2050,135,SG_retrofit_1_Insul_current_TR_retrofit_1_BW_retrofit_4,26.0,362
2050,136,SG_retrofit_1_Insul_current_TR_retrofit_2_BW_current,23.0,324
2050,136,SG_retrofit_1_Insul_current_TR_retrofit_2_BW_current,24.0,342
2050,136,SG_retrofit_1_Insul_current_TR_retrofit_2_BW_current,25.0,348
2050,136,SG_retrofit_1_Insul_current_TR_retrofit_2_BW_current,26.0,361
2050,137,SG_retrofit_1_Insul_current_TR_retrofit_2_BW_retrofit_1,23.0,321
2050,137,SG_retrofit_1_Insul_current_TR_retrofit_2_BW_retrofit_1,24.0,343
2050,137,SG_retrofit_1_Insul_current_TR_retrofit_2_BW_retrofit_1,25.0,350
2050,137,SG_retrofit_1_Insul_current_TR_retrofit_2_BW_retrofit_1,26.0,361
2050,138,SG_retrofit_1_Insul_current_TR_retrofit_2_BW_retrofit_2,23.0,321
2050,138,SG_retrofit_1_Insul_current_TR_retrofit_2_BW_retrofit_2,24.0,343
2050,138,SG_retrofit_1_Insul_current_TR_retrofit_2_BW_retrofit_2,25.0,350
2050,138,SG_retrofit_1_Insul_current_TR_retrofit_2_BW_retrofit_2,26.0,362
2050,139,SG_retrofit_1_Insul_current_TR_retrofit_2_BW_retrofit_3,23.0,321
2050,139,SG_retrofit_1_Insul_current_TR_retrofit_2_BW_retrofit_3,24.0,345
2050,139,SG_retrofit_1_Insul_current_TR_retrofit_2_BW_retrofit_3,25.0,350
2050,139,SG_retrofit_1_Insul_current_TR_retrofit_2_BW_retrofit_3,26.0,362
2050,140,SG_retrofit_1_Insul_current_TR_retrofit_2_BW_retrofit_4,23.0,321
2050,140,SG_retrofit_1_Insul_current_TR_retrofit_2_BW_retrofit_4,24.0,345
2050,140,SG_retrofit_1_Insul_current_TR_retrofit_2_BW_retrofit_4,25.0,350
2050,140,SG_retrofit_1_Insul_current_TR_retrofit_2_BW_retrofit_4,26.0,362
2050,141,SG_retrofit_1_Insul_current_TR_retrofit_3_BW_current,23.0,324
2050,141,SG_retrofit_1_Insul_current_TR_retrofit_3_BW_current,24.0,342
2050,141,SG_retrofit_1_Insul_current_TR_retrofit_3_BW_current,25.0,348
2050,141,SG_retrofit_1_Insul_current_TR_retrofit_3_BW_current,26.0,361
2050,142,SG_retrofit_1_Insul_current_TR_retrofit_3_BW_retrofit_1,23.0,322
2050,142,SG_retrofit_1_Insul_current_TR_retrofit_3_BW_retrofit_1,24.0,343
2050,142,SG_retrofit_1_Insul_current_TR_retrofit_3_BW_retrofit_1,25.0,350
2050,142,SG_retrofit_1_Insul_current_TR_retrofit_3_BW_retrofit_1,26.0,361
2050,143,SG_retrofit_1_Insul_current_TR_retrofit_3_BW_retrofit_2,23.0,321
2050,143,SG_retrofit_1_Insul_current_TR_retrofit_3_BW_retrofit_2,24.0,344
2050,143,SG_retrofit_1_Insul_current_TR_retrofit_3_BW_retrofit_2,25.0,350
2050,143,SG_retrofit_1_Insul_current_TR_retrofit_3_BW_retrofit_2,26.0,362
2050,144,SG_retrofit_1_Insul_current_TR_retrofit_3_BW_retrofit_3,23.0,321
2050,144,SG_retrofit_1_Insul_current_TR_retrofit_3_BW_retrofit_3,24.0,345
2050,144,SG_retrofit_1_Insul_current_TR_retrofit_3_BW_retrofit_3,25.0,351
2050,144,SG_retrofit_1_Insul_current_TR_retrofit_3_BW_retrofit_3,26.0,363
2050,145,SG_retrofit_1_Insul_current_TR_retrofit_3_BW_retrofit_4,23.0,321
2050,145,SG_retrofit_1_Insul_current_TR_retrofit_3_BW_retrofit_4,24.0,345
2050,145,SG_retrofit_1_Insul_current_TR_retrofit_3_BW_retrofit_4,25.0,350
2050,145,SG_retrofit_1_Insul_current_TR_retrofit_3_BW_retrofit_4,26.0,362
2050,146,SG_retrofit_1_Insul_current_TR_retrofit_4_BW_current,23.0,324
2050,146,SG_retrofit_1_Insul_current_TR_retrofit_4_BW_current,24.0,342
2050,146,SG_retrofit_1_Insul_current_TR_retrofit_4_BW_current,25.0,348
2050,146,SG_retrofit_1_Insul_current_TR_retrofit_4_BW_current,26.0,361
2050,147,SG_retrofit_1_Insul_current_TR_retrofit_4_BW_retrofit_1,23.0,322
2050,147,SG_retrofit_1_Insul_current_TR_retrofit_4_BW_retrofit_1,24.0,343
2050,147,SG_retrofit_1_Insul_current_TR_retrofit_4_BW_retrofit_1,25.0,350
2050,147,SG_retrofit_1_Insul_current_TR_retrofit_4_BW_retrofit_1,26.0,361
2050,148,SG_retrofit_1_Insul_current_TR_retrofit_4_BW_retrofit_2,23.0,321
2050,148,SG_retrofit_1_Insul_current_TR_retrofit_4_BW_retrofit_2,24.0,344
2050,148,SG_retrofit_1_Insul_current_TR_retrofit_4_BW_retrofit_2,25.0,350
2050,148,SG_retrofit_1_Insul_current_TR_retrofit_4_BW_retrofit_2,26.0,362
2050,149,SG_retrofit_1_Insul_current_TR_retrofit_4_BW_retrofit_3,23.0,321
2050,149,SG_retrofit_1_Insul_current_TR_retrofit_4_BW_retrofit_3,24.0,345
2050,149,SG_retrofit_1_Insul_current_TR_retrofit_4_BW_retrofit_3,25.0,351
2050,149,SG_retrofit_1_Insul_current_TR_retrofit_4_BW_retrofit_3,26.0,363
2050,150,SG_retrofit_1_Insul_current_TR_retrofit_4_BW_retrofit_4,23.0,321
2050,150,SG_retrofit_1_Insul_current_TR_retrofit_4_BW_retrofit_4,24.0,345
2050,150,SG_retrofit_1_Insul_current_TR_retrofit_4_BW_retrofit_4,25.0,350
2050,150,SG_retrofit_1_Insul_current_TR_retrofit_4_BW_retrofit_4,26.0,362
2050,151,SG_retrofit_1_Insul_retrofit_1_TR_current_BW_current,23.0,296
2050,151,SG_retrofit_1_Insul_retrofit_1_TR_current_BW_current,24.0,317
2050,151,SG_retrofit_1_Insul_retrofit_1_TR_current_BW_current,25.0,330
2050,151,SG_retrofit_1_Insul_retrofit_1_TR_current_BW_current,26.0,345
2050,152,SG_retrofit_1_Insul_retrofit_1_TR_current_BW_retrofit_1,23.0,291
2050,152,SG_retrofit_1_Insul_retrofit_1_TR_current_BW_retrofit_1,24.0,307
2050,152,SG_retrofit_1_Insul_retrofit_1_TR_current_BW_retrofit_1,25.0,328
2050,152,SG_retrofit_1_Insul_retrofit_1_TR_current_BW_retrofit_1,26.0,345
2050,153,SG_retrofit_1_Insul_retrofit_1_TR_current_BW_retrofit_2,23.0,290
2050,153,SG_retrofit_1_Insul_retrofit_1_TR_current_BW_retrofit_2,24.0,306
2050,153,SG_retrofit_1_Insul_retrofit_1_TR_current_BW_retrofit_2,25.0,328
2050,153,SG_retrofit_1_Insul_retrofit_1_TR_current_BW_retrofit_2,26.0,345
2050,154,SG_retrofit_1_Insul_retrofit_1_TR_current_BW_retrofit_3,23.0,289
2050,154,SG_retrofit_1_Insul_retrofit_1_TR_current_BW_retrofit_3,24.0,306
2050,154,SG_retrofit_1_Insul_retrofit_1_TR_current_BW_retrofit_3,25.0,327
2050,154,SG_retrofit_1_Insul_retrofit_1_TR_current_BW_retrofit_3,26.0,345
2050,155,SG_retrofit_1_Insul_retrofit_1_TR_current_BW_retrofit_4,23.0,289
2050,155,SG_retrofit_1_Insul_retrofit_1_TR_current_BW_retrofit_4,24.0,305
2050,155,SG_retrofit_1_Insul_retrofit_1_TR_current_BW_retrofit_4,25.0,327
2050,155,SG_retrofit_1_Insul_retrofit_1_TR_current_BW_retrofit_4,26.0,345
2050,156,SG_retrofit_1_Insul_retrofit_1_TR_retrofit_1_BW_current,23.0,298
2050,156,SG_retrofit_1_Insul_retrofit_1_TR_retrofit_1_BW_current,24.0,320
2050,156,SG_retrofit_1_Insul_retrofit_1_TR_retrofit_1_BW_current,25.0,331
2050,156,SG_retrofit_1_Insul_retrofit_1_TR_retrofit_1_BW_current,26.0,346
2050,157,SG_retrofit_1_Insul_retrofit_1_TR_retrofit_1_BW_retrofit_1,23.0,293
2050,157,SG_retrofit_1_Insul_retrofit_1_TR_retrofit_1_BW_retrofit_1,24.0,308
2050,157,SG_retrofit_1_Insul_retrofit_1_TR_retrofit_1_BW_retrofit_1,25.0,329
2050,157,SG_retrofit_1_Insul_retrofit_1_TR_retrofit_1_BW_retrofit_1,26.0,345
2050,158,SG_retrofit_1_Insul_retrofit_1_TR_retrofit_1_BW_retrofit_2,23.0,291
2050,158,SG_retrofit_1_Insul_retrofit_1_TR_retrofit_1_BW_retrofit_2,24.0,307
2050,158,SG_retrofit_1_Insul_retrofit_1_TR_retrofit_1_BW_retrofit_2,25.0,329
2050,158,SG_retrofit_1_Insul_retrofit_1_TR_retrofit_1_BW_retrofit_2,26.0,345
2050,159,SG_retrofit_1_Insul_retrofit_1_TR_retrofit_1_BW_retrofit_3,23.0,290
2050,159,SG_retrofit_1_Insul_retrofit_1_TR_retrofit_1_BW_retrofit_3,24.0,306
2050,159,SG_retrofit_1_Insul_retrofit_1_TR_retrofit_1_BW_retrofit_3,25.0,329
2050,159,SG_retrofit_1_Insul_retrofit_1_TR_retrofit_1_BW_retrofit_3,26.0,345
2050,160,SG_retrofit_1_Insul_retrofit_1_TR_retrofit_1_BW_retrofit_4,23.0,290
2050,160,SG_retrofit_1_Insul_retrofit_1_TR_retrofit_1_BW_retrofit_4,24.0,306
2050,160,SG_retrofit_1_Insul_retrofit_1_TR_retrofit_1_BW_retrofit_4,25.0,330
2050,160,SG_retrofit_1_Insul_retrofit_1_TR_retrofit_1_BW_retrofit_4,26.0,345
2050,161,SG_retrofit_1_Insul_retrofit_1_TR_retrofit_2_BW_current,23.0,298
2050,161,SG_retrofit_1_Insul_retrofit_1_TR_retrofit_2_BW_current,24.0,320
2050,161,SG_retrofit_1_Insul_retrofit_1_TR_retrofit_2_BW_current,25.0,331
2050,161,SG_retrofit_1_Insul_retrofit_1_TR_retrofit_2_BW_current,26.0,346
2050,162,SG_retrofit_1_Insul_retrofit_1_TR_retrofit_2_BW_retrofit_1,23.0,292
2050,162,SG_retrofit_1_Insul_retrofit_1_TR_retrofit_2_BW_retrofit_1,24.0,307
2050,162,SG_retrofit_1_Insul_retrofit_1_TR_retrofit_2_BW_retrofit_1,25.0,329
2050,162,SG_retrofit_1_Insul_retrofit_1_TR_retrofit_2_BW_retrofit_1,26.0,345
2050,163,SG_retrofit_1_Insul_retrofit_1_TR_retrofit_2_BW_retrofit_2,23.0,290
2050,163,SG_retrofit_1_Insul_retrofit_1_TR_retrofit_2_BW_retrofit_2,24.0,307
2050,163,SG_retrofit_1_Insul_retrofit_1_TR_retrofit_2_BW_retrofit_2,25.0,329
2050,163,SG_retrofit_1_Insul_retrofit_1_TR_retrofit_2_BW_retrofit_2,26.0,345
2050,164,SG_retrofit_1_Insul_retrofit_1_TR_retrofit_2_BW_retrofit_3,23.0,289
2050,164,SG_retrofit_1_Insul_retrofit_1_TR_retrofit_2_BW_retrofit_3,24.0,306
2050,164,SG_retrofit_1_Insul_retrofit_1_TR_retrofit_2_BW_retrofit_3,25.0,329
2050,164,SG_retrofit_1_Insul_retrofit_1_TR_retrofit_2_BW_retrofit_3,26.0,345
2050,165,SG_retrofit_1_Insul_retrofit_1_TR_retrofit_2_BW_retrofit_4,23.0,289
2050,165,SG_retrofit_1_Insul_retrofit_1_TR_retrofit_2_BW_retrofit_4,24.0,306
2050,165,SG_retrofit_1_Insul_retrofit_1_TR_retrofit_2_BW_retrofit_4,25.0,330
2050,165,SG_retrofit_1_Insul_retrofit_1_TR_retrofit_2_BW_retrofit_4,26.0,345
2050,166,SG_retrofit_1_Insul_retrofit_1_TR_retrofit_3_BW_current,23.0,298
2050,166,SG_retrofit_1_Insul_retrofit_1_TR_retrofit_3_BW_current,24.0,320
2050,166,SG_retrofit_1_Insul_retrofit_1_TR_retrofit_3_BW_current,25.0,331
2050,166,SG_retrofit_1_Insul_retrofit_1_TR_retrofit_3_BW_current,26.0,346
2050,167,SG_retrofit_1_Insul_retrofit_1_TR_retrofit_3_BW_retrofit_1,23.0,292
2050,167,SG_retrofit_1_Insul_retrofit_1_TR_retrofit_3_BW_retrofit_1,24.0,307
2050,167,SG_retrofit_1_Insul_retrofit_1_TR_retrofit_3_BW_retrofit_1,25.0,329
2050,167,SG_retrofit_1_Insul_retrofit_1_TR_retrofit_3_BW_retrofit_1,26.0,345
2050,168,SG_retrofit_1_Insul_retrofit_1_TR_retrofit_3_BW_retrofit_2,23.0,290
2050,168,SG_retrofit_1_Insul_retrofit_1_TR_retrofit_3_BW_retrofit_2,24.0,307
2050,168,SG_retrofit_1_Insul_retrofit_1_TR_retrofit_3_BW_retrofit_2,25.0,329
2050,168,SG_retrofit_1_Insul_retrofit_1_TR_retrofit_3_BW_retrofit_2,26.0,345
2050,169,SG_retrofit_1_Insul_retrofit_1_TR_retrofit_3_BW_retrofit_3,23.0,289
2050,169,SG_retrofit_1_Insul_retrofit_1_TR_retrofit_3_BW_retrofit_3,24.0,306
2050,169,SG_retrofit_1_Insul_retrofit_1_TR_retrofit_3_BW_retrofit_3,25.0,330
2050,169,SG_retrofit_1_Insul_retrofit_1_TR_retrofit_3_BW_retrofit_3,26.0,345
2050,170,SG_retrofit_1_Insul_retrofit_1_TR_retrofit_3_BW_retrofit_4,23.0,289
2050,170,SG_retrofit_1_Insul_retrofit_1_TR_retrofit_3_BW_retrofit_4,24.0,306
2050,170,SG_retrofit_1_Insul_retrofit_1_TR_retrofit_3_BW_retrofit_4,25.0,330
2050,170,SG_retrofit_1_Insul_retrofit_1_TR_retrofit_3_BW_retrofit_4,26.0,345
2050,171,SG_retrofit_1_Insul_retrofit_1_TR_retrofit_4_BW_current,23.0,298
2050,171,SG_retrofit_1_Insul_retrofit_1_TR_retrofit_4_BW_current,24.0,320
2050,171,SG_retrofit_1_Insul_retrofit_1_TR_retrofit_4_BW_current,25.0,331
2050,171,SG_retrofit_1_Insul_retrofit_1_TR_retrofit_4_BW_current,26.0,346
2050,172,SG_retrofit_1_Insul_retrofit_1_TR_retrofit_4_BW_retrofit_1,23.0,292
2050,172,SG_retrofit_1_Insul_retrofit_1_TR_retrofit_4_BW_retrofit_1,24.0,307
2050,172,SG_retrofit_1_Insul_retrofit_1_TR_retrofit_4_BW_retrofit_1,25.0,329
2050,172,SG_retrofit_1_Insul_retrofit_1_TR_retrofit_4_BW_retrofit_1,26.0,345
2050,173,SG_retrofit_1_Insul_retrofit_1_TR_retrofit_4_BW_retrofit_2,23.0,290
2050,173,SG_retrofit_1_Insul_retrofit_1_TR_retrofit_4_BW_retrofit_2,24.0,307
2050,173,SG_retrofit_1_Insul_retrofit_1_TR_retrofit_4_BW_retrofit_2,25.0,329
2050,173,SG_retrofit_1_Insul_retrofit_1_TR_retrofit_4_BW_retrofit_2,26.0,345
2050,174,SG_retrofit_1_Insul_retrofit_1_TR_retrofit_4_BW_retrofit_3,23.0,289
2050,174,SG_retrofit_1_Insul_retrofit_1_TR_retrofit_4_BW_retrofit_3,24.0,306
2050,174,SG_retrofit_1_Insul_retrofit_1_TR_retrofit_4_BW_retrofit_3,25.0,330
2050,174,SG_retrofit_1_Insul_retrofit_1_TR_retrofit_4_BW_retrofit_3,26.0,345
2050,175,SG_retrofit_1_Insul_retrofit_1_TR_retrofit_4_BW_retrofit_4,23.0,289
2050,175,SG_retrofit_1_Insul_retrofit_1_TR_retrofit_4_BW_retrofit_4,24.0,306
2050,175,SG_retrofit_1_Insul_retrofit_1_TR_retrofit_4_BW_retrofit_4,25.0,330
2050,175,SG_retrofit_1_Insul_retrofit_1_TR_retrofit_4_BW_retrofit_4,26.0,345
2050,176,SG_retrofit_1_Insul_retrofit_2_TR_current_BW_current,23.0,295
2050,176,SG_retrofit_1_Insul_retrofit_2_TR_current_BW_current,24.0,316
2050,176,SG_retrofit_1_Insul_retrofit_2_TR_current_BW_current,25.0,329
2050,176,SG_retrofit_1_Insul_retrofit_2_TR_current_BW_current,26.0,345
2050,177,SG_retrofit_1_Insul_retrofit_2_TR_current_BW_retrofit_1,23.0,290
2050,177,SG_retrofit_1_Insul_retrofit_2_TR_current_BW_retrofit_1,24.0,306
2050,177,SG_retrofit_1_Insul_retrofit_2_TR_current_BW_retrofit_1,25.0,326
2050,177,SG_retrofit_1_Insul_retrofit_2_TR_current_BW_retrofit_1,26.0,345
2050,178,SG_retrofit_1_Insul_retrofit_2_TR_current_BW_retrofit_2,23.0,289
2050,178,SG_retrofit_1_Insul_retrofit_2_TR_current_BW_retrofit_2,24.0,305
2050,178,SG_retrofit_1_Insul_retrofit_2_TR_current_BW_retrofit_2,25.0,326
2050,178,SG_retrofit_1_Insul_retrofit_2_TR_current_BW_retrofit_2,26.0,343
2050,179,SG_retrofit_1_Insul_retrofit_2_TR_current_BW_retrofit_3,23.0,289
2050,179,SG_retrofit_1_Insul_retrofit_2_TR_current_BW_retrofit_3,24.0,303
2050,179,SG_retrofit_1_Insul_retrofit_2_TR_current_BW_retrofit_3,25.0,324
2050,179,SG_retrofit_1_Insul_retrofit_2_TR_current_BW_retrofit_3,26.0,344
2050,180,SG_retrofit_1_Insul_retrofit_2_TR_current_BW_retrofit_4,23.0,289
2050,180,SG_retrofit_1_Insul_retrofit_2_TR_current_BW_retrofit_4,24.0,303
2050,180,SG_retrofit_1_Insul_retrofit_2_TR_current_BW_retrofit_4,25.0,324
2050,180,SG_retrofit_1_Insul_retrofit_2_TR_current_BW_retrofit_4,26.0,344
2050,181,SG_retrofit_1_Insul_retrofit_2_TR_retrofit_1_BW_current,23.0,297
2050,181,SG_retrofit_1_Insul_retrofit_2_TR_retrofit_1_BW_current,24.0,317
2050,181,SG_retrofit_1_Insul_retrofit_2_TR_retrofit_1_BW_current,25.0,329
2050,181,SG_retrofit_1_Insul_retrofit_2_TR_retrofit_1_BW_current,26.0,345
2050,182,SG_retrofit_1_Insul_retrofit_2_TR_retrofit_1_BW_retrofit_1,23.0,290
2050,182,SG_retrofit_1_Insul_retrofit_2_TR_retrofit_1_BW_retrofit_1,24.0,306
2050,182,SG_retrofit_1_Insul_retrofit_2_TR_retrofit_1_BW_retrofit_1,25.0,329
2050,182,SG_retrofit_1_Insul_retrofit_2_TR_retrofit_1_BW_retrofit_1,26.0,345
2050,183,SG_retrofit_1_Insul_retrofit_2_TR_retrofit_1_BW_retrofit_2,23.0,289
2050,183,SG_retrofit_1_Insul_retrofit_2_TR_retrofit_1_BW_retrofit_2,24.0,306
2050,183,SG_retrofit_1_Insul_retrofit_2_TR_retrofit_1_BW_retrofit_2,25.0,329
2050,183,SG_retrofit_1_Insul_retrofit_2_TR_retrofit_1_BW_retrofit_2,26.0,345
2050,184,SG_retrofit_1_Insul_retrofit_2_TR_retrofit_1_BW_retrofit_3,23.0,289
2050,184,SG_retrofit_1_Insul_retrofit_2_TR_retrofit_1_BW_retrofit_3,24.0,304
2050,184,SG_retrofit_1_Insul_retrofit_2_TR_retrofit_1_BW_retrofit_3,25.0,325
2050,184,SG_retrofit_1_Insul_retrofit_2_TR_retrofit_1_BW_retrofit_3,26.0,345
2050,185,SG_retrofit_1_Insul_retrofit_2_TR_retrofit_1_BW_retrofit_4,23.0,289
2050,185,SG_retrofit_1_Insul_retrofit_2_TR_retrofit_1_BW_retrofit_4,24.0,304
2050,185,SG_retrofit_1_Insul_retrofit_2_TR_retrofit_1_BW_retrofit_4,25.0,325
2050,185,SG_retrofit_1_Insul_retrofit_2_TR_retrofit_1_BW_retrofit_4,26.0,345
2050,186,SG_retrofit_1_Insul_retrofit_2_TR_retrofit_2_BW_current,23.0,297
2050,186,SG_retrofit_1_Insul_retrofit_2_TR_retrofit_2_BW_current,24.0,317
2050,186,SG_retrofit_1_Insul_retrofit_2_TR_retrofit_2_BW_current,25.0,329
2050,186,SG_retrofit_1_Insul_retrofit_2_TR_retrofit_2_BW_current,26.0,345
2050,187,SG_retrofit_1_Insul_retrofit_2_TR_retrofit_2_BW_retrofit_1,23.0,290
2050,187,SG_retrofit_1_Insul_retrofit_2_TR_retrofit_2_BW_retrofit_1,24.0,306
2050,187,SG_retrofit_1_Insul_retrofit_2_TR_retrofit_2_BW_retrofit_1,25.0,329
2050,187,SG_retrofit_1_Insul_retrofit_2_TR_retrofit_2_BW_retrofit_1,26.0,345
2050,188,SG_retrofit_1_Insul_retrofit_2_TR_retrofit_2_BW_retrofit_2,23.0,289
2050,188,SG_retrofit_1_Insul_retrofit_2_TR_retrofit_2_BW_retrofit_2,24.0,306
2050,188,SG_retrofit_1_Insul_retrofit_2_TR_retrofit_2_BW_retrofit_2,25.0,329
2050,188,SG_retrofit_1_Insul_retrofit_2_TR_retrofit_2_BW_retrofit_2,26.0,345
2050,189,SG_retrofit_1_Insul_retrofit_2_TR_retrofit_2_BW_retrofit_3,23.0,289
2050,189,SG_retrofit_1_Insul_retrofit_2_TR_retrofit_2_BW_retrofit_3,24.0,304
2050,189,SG_retrofit_1_Insul_retrofit_2_TR_retrofit_2_BW_retrofit_3,25.0,325
2050,189,SG_retrofit_1_Insul_retrofit_2_TR_retrofit_2_BW_retrofit_3,26.0,345
2050,190,SG_retrofit_1_Insul_retrofit_2_TR_retrofit_2_BW_retrofit_4,23.0,289
2050,190,SG_retrofit_1_Insul_retrofit_2_TR_retrofit_2_BW_retrofit_4,24.0,304
2050,190,SG_retrofit_1_Insul_retrofit_2_TR_retrofit_2_BW_retrofit_4,25.0,325
2050,190,SG_retrofit_1_Insul_retrofit_2_TR_retrofit_2_BW_retrofit_4,26.0,345
2050,191,SG_retrofit_1_Insul_retrofit_2_TR_retrofit_3_BW_current,23.0,297
2050,191,SG_retrofit_1_Insul_retrofit_2_TR_retrofit_3_BW_current,24.0,317
2050,191,SG_retrofit_1_Insul_retrofit_2_TR_retrofit_3_BW_current,25.0,330
2050,191,SG_retrofit_1_Insul_retrofit_2_TR_retrofit_3_BW_current,26.0,345
2050,192,SG_retrofit_1_Insul_retrofit_2_TR_retrofit_3_BW_retrofit_1,23.0,290
2050,192,SG_retrofit_1_Insul_retrofit_2_TR_retrofit_3_BW_retrofit_1,24.0,306
2050,192,SG_retrofit_1_Insul_retrofit_2_TR_retrofit_3_BW_retrofit_1,25.0,329
2050,192,SG_retrofit_1_Insul_retrofit_2_TR_retrofit_3_BW_retrofit_1,26.0,345
2050,193,SG_retrofit_1_Insul_retrofit_2_TR_retrofit_3_BW_retrofit_2,23.0,289
2050,193,SG_retrofit_1_Insul_retrofit_2_TR_retrofit_3_BW_retrofit_2,24.0,306
2050,193,SG_retrofit_1_Insul_retrofit_2_TR_retrofit_3_BW_retrofit_2,25.0,329
2050,193,SG_retrofit_1_Insul_retrofit_2_TR_retrofit_3_BW_retrofit_2,26.0,345
2050,194,SG_retrofit_1_Insul_retrofit_2_TR_retrofit_3_BW_retrofit_3,23.0,289
2050,194,SG_retrofit_1_Insul_retrofit_2_TR_retrofit_3_BW_retrofit_3,24.0,304
2050,194,SG_retrofit_1_Insul_retrofit_2_TR_retrofit_3_BW_retrofit_3,25.0,325
2050,194,SG_retrofit_1_Insul_retrofit_2_TR_retrofit_3_BW_retrofit_3,26.0,345
2050,195,SG_retrofit_1_Insul_retrofit_2_TR_retrofit_3_BW_retrofit_4,23.0,289
2050,195,SG_retrofit_1_Insul_retrofit_2_TR_retrofit_3_BW_retrofit_4,24.0,304
2050,195,SG_retrofit_1_Insul_retrofit_2_TR_retrofit_3_BW_retrofit_4,25.0,325
2050,195,SG_retrofit_1_Insul_retrofit_2_TR_retrofit_3_BW_retrofit_4,26.0,345
2050,196,SG_retrofit_1_Insul_retrofit_2_TR_retrofit_4_BW_current,23.0,297
2050,196,SG_retrofit_1_Insul_retrofit_2_TR_retrofit_4_BW_current,24.0,317
2050,196,SG_retrofit_1_Insul_retrofit_2_TR_retrofit_4_BW_current,25.0,330
2050,196,SG_retrofit_1_Insul_retrofit_2_TR_retrofit_4_BW_current,26.0,345
2050,197,SG_retrofit_1_Insul_retrofit_2_TR_retrofit_4_BW_retrofit_1,23.0,290
2050,197,SG_retrofit_1_Insul_retrofit_2_TR_retrofit_4_BW_retrofit_1,24.0,306
2050,197,SG_retrofit_1_Insul_retrofit_2_TR_retrofit_4_BW_retrofit_1,25.0,329
2050,197,SG_retrofit_1_Insul_retrofit_2_TR_retrofit_4_BW_retrofit_1,26.0,345
2050,198,SG_retrofit_1_Insul_retrofit_2_TR_retrofit_4_BW_retrofit_2,23.0,289
2050,198,SG_retrofit_1_Insul_retrofit_2_TR_retrofit_4_BW_retrofit_2,24.0,306
2050,198,SG_retrofit_1_Insul_retrofit_2_TR_retrofit_4_BW_retrofit_2,25.0,329
2050,198,SG_retrofit_1_Insul_retrofit_2_TR_retrofit_4_BW_retrofit_2,26.0,345
2050,199,SG_retrofit_1_Insul_retrofit_2_TR_retrofit_4_BW_retrofit_3,23.0,289
2050,199,SG_retrofit_1_Insul_retrofit_2_TR_retrofit_4_BW_retrofit_3,24.0,304
2050,199,SG_retrofit_1_Insul_retrofit_2_TR_retrofit_4_BW_retrofit_3,25.0,326
2050,199,SG_retrofit_1_Insul_retrofit_2_TR_retrofit_4_BW_retrofit_3,26.0,345
2050,200,SG_retrofit_1_Insul_retrofit_2_TR_retrofit_4_BW_retrofit_4,23.0,289
2050,200,SG_retrofit_1_Insul_retrofit_2_TR_retrofit_4_BW_retrofit_4,24.0,304
2050,200,SG_retrofit_1_Insul_retrofit_2_TR_retrofit_4_BW_retrofit_4,25.0,325
2050,200,SG_retrofit_1_Insul_retrofit_2_TR_retrofit_4_BW_retrofit_4,26.0,345
2050,201,SG_retrofit_1_Insul_retrofit_3_TR_current_BW_current,23.0,294
2050,201,SG_retrofit_1_Insul_retrofit_3_TR_current_BW_current,24.0,316
2050,201,SG_retrofit_1_Insul_retrofit_3_TR_current_BW_current,25.0,329
2050,201,SG_retrofit_1_Insul_retrofit_3_TR_current_BW_current,26.0,345
2050,202,SG_retrofit_1_Insul_retrofit_3_TR_current_BW_retrofit_1,23.0,289
2050,202,SG_retrofit_1_Insul_retrofit_3_TR_current_BW_retrofit_1,24.0,305
2050,202,SG_retrofit_1_Insul_retrofit_3_TR_current_BW_retrofit_1,25.0,326
2050,202,SG_retrofit_1_Insul_retrofit_3_TR_current_BW_retrofit_1,26.0,344
2050,203,SG_retrofit_1_Insul_retrofit_3_TR_current_BW_retrofit_2,23.0,289
2050,203,SG_retrofit_1_Insul_retrofit_3_TR_current_BW_retrofit_2,24.0,303
2050,203,SG_retrofit_1_Insul_retrofit_3_TR_current_BW_retrofit_2,25.0,325
2050,203,SG_retrofit_1_Insul_retrofit_3_TR_current_BW_retrofit_2,26.0,343
2050,204,SG_retrofit_1_Insul_retrofit_3_TR_current_BW_retrofit_3,23.0,288
2050,204,SG_retrofit_1_Insul_retrofit_3_TR_current_BW_retrofit_3,24.0,302
2050,204,SG_retrofit_1_Insul_retrofit_3_TR_current_BW_retrofit_3,25.0,323
2050,204,SG_retrofit_1_Insul_retrofit_3_TR_current_BW_retrofit_3,26.0,343
2050,205,SG_retrofit_1_Insul_retrofit_3_TR_current_BW_retrofit_4,23.0,288
2050,205,SG_retrofit_1_Insul_retrofit_3_TR_current_BW_retrofit_4,24.0,302
2050,205,SG_retrofit_1_Insul_retrofit_3_TR_current_BW_retrofit_4,25.0,324
2050,205,SG_retrofit_1_Insul_retrofit_3_TR_current_BW_retrofit_4,26.0,343
2050,206,SG_retrofit_1_Insul_retrofit_3_TR_retrofit_1_BW_current,23.0,296
2050,206,SG_retrofit_1_Insul_retrofit_3_TR_retrofit_1_BW_current,24.0,317
2050,206,SG_retrofit_1_Insul_retrofit_3_TR_retrofit_1_BW_current,25.0,329
2050,206,SG_retrofit_1_Insul_retrofit_3_TR_retrofit_1_BW_current,26.0,345
2050,207,SG_retrofit_1_Insul_retrofit_3_TR_retrofit_1_BW_retrofit_1,23.0,290
2050,207,SG_retrofit_1_Insul_retrofit_3_TR_retrofit_1_BW_retrofit_1,24.0,306
2050,207,SG_retrofit_1_Insul_retrofit_3_TR_retrofit_1_BW_retrofit_1,25.0,328
2050,207,SG_retrofit_1_Insul_retrofit_3_TR_retrofit_1_BW_retrofit_1,26.0,345
2050,208,SG_retrofit_1_Insul_retrofit_3_TR_retrofit_1_BW_retrofit_2,23.0,289
2050,208,SG_retrofit_1_Insul_retrofit_3_TR_retrofit_1_BW_retrofit_2,24.0,306
2050,208,SG_retrofit_1_Insul_retrofit_3_TR_retrofit_1_BW_retrofit_2,25.0,327
2050,208,SG_retrofit_1_Insul_retrofit_3_TR_retrofit_1_BW_retrofit_2,26.0,345
2050,209,SG_retrofit_1_Insul_retrofit_3_TR_retrofit_1_BW_retrofit_3,23.0,289
2050,209,SG_retrofit_1_Insul_retrofit_3_TR_retrofit_1_BW_retrofit_3,24.0,304
2050,209,SG_retrofit_1_Insul_retrofit_3_TR_retrofit_1_BW_retrofit_3,25.0,325
2050,209,SG_retrofit_1_Insul_retrofit_3_TR_retrofit_1_BW_retrofit_3,26.0,345
2050,210,SG_retrofit_1_Insul_retrofit_3_TR_retrofit_1_BW_retrofit_4,23.0,289
2050,210,SG_retrofit_1_Insul_retrofit_3_TR_retrofit_1_BW_retrofit_4,24.0,304
2050,210,SG_retrofit_1_Insul_retrofit_3_TR_retrofit_1_BW_retrofit_4,25.0,325
2050,210,SG_retrofit_1_Insul_retrofit_3_TR_retrofit_1_BW_retrofit_4,26.0,345
2050,211,SG_retrofit_1_Insul_retrofit_3_TR_retrofit_2_BW_current,23.0,295
2050,211,SG_retrofit_1_Insul_retrofit_3_TR_retrofit_2_BW_current,24.0,316
2050,211,SG_retrofit_1_Insul_retrofit_3_TR_retrofit_2_BW_current,25.0,329
2050,211,SG_retrofit_1_Insul_retrofit_3_TR_retrofit_2_BW_current,26.0,345
2050,212,SG_retrofit_1_Insul_retrofit_3_TR_retrofit_2_BW_retrofit_1,23.0,290
2050,212,SG_retrofit_1_Insul_retrofit_3_TR_retrofit_2_BW_retrofit_1,24.0,306
2050,212,SG_retrofit_1_Insul_retrofit_3_TR_retrofit_2_BW_retrofit_1,25.0,328
2050,212,SG_retrofit_1_Insul_retrofit_3_TR_retrofit_2_BW_retrofit_1,26.0,345
2050,213,SG_retrofit_1_Insul_retrofit_3_TR_retrofit_2_BW_retrofit_2,23.0,289
2050,213,SG_retrofit_1_Insul_retrofit_3_TR_retrofit_2_BW_retrofit_2,24.0,306
2050,213,SG_retrofit_1_Insul_retrofit_3_TR_retrofit_2_BW_retrofit_2,25.0,328
2050,213,SG_retrofit_1_Insul_retrofit_3_TR_retrofit_2_BW_retrofit_2,26.0,345
2050,214,SG_retrofit_1_Insul_retrofit_3_TR_retrofit_2_BW_retrofit_3,23.0,289
2050,214,SG_retrofit_1_Insul_retrofit_3_TR_retrofit_2_BW_retrofit_3,24.0,304
2050,214,SG_retrofit_1_Insul_retrofit_3_TR_retrofit_2_BW_retrofit_3,25.0,325
2050,214,SG_retrofit_1_Insul_retrofit_3_TR_retrofit_2_BW_retrofit_3,26.0,345
2050,215,SG_retrofit_1_Insul_retrofit_3_TR_retrofit_2_BW_retrofit_4,23.0,289
2050,215,SG_retrofit_1_Insul_retrofit_3_TR_retrofit_2_BW_retrofit_4,24.0,304
2050,215,SG_retrofit_1_Insul_retrofit_3_TR_retrofit_2_BW_retrofit_4,25.0,325
2050,215,SG_retrofit_1_Insul_retrofit_3_TR_retrofit_2_BW_retrofit_4,26.0,344
2050,216,SG_retrofit_1_Insul_retrofit_3_TR_retrofit_3_BW_current,23.0,296
2050,216,SG_retrofit_1_Insul_retrofit_3_TR_retrofit_3_BW_current,24.0,316
2050,216,SG_retrofit_1_Insul_retrofit_3_TR_retrofit_3_BW_current,25.0,329
2050,216,SG_retrofit_1_Insul_retrofit_3_TR_retrofit_3_BW_current,26.0,345
2050,217,SG_retrofit_1_Insul_retrofit_3_TR_retrofit_3_BW_retrofit_1,23.0,290
2050,217,SG_retrofit_1_Insul_retrofit_3_TR_retrofit_3_BW_retrofit_1,24.0,306
2050,217,SG_retrofit_1_Insul_retrofit_3_TR_retrofit_3_BW_retrofit_1,25.0,329
2050,217,SG_retrofit_1_Insul_retrofit_3_TR_retrofit_3_BW_retrofit_1,26.0,345
2050,218,SG_retrofit_1_Insul_retrofit_3_TR_retrofit_3_BW_retrofit_2,23.0,289
2050,218,SG_retrofit_1_Insul_retrofit_3_TR_retrofit_3_BW_retrofit_2,24.0,306
2050,218,SG_retrofit_1_Insul_retrofit_3_TR_retrofit_3_BW_retrofit_2,25.0,329
2050,218,SG_retrofit_1_Insul_retrofit_3_TR_retrofit_3_BW_retrofit_2,26.0,345
2050,219,SG_retrofit_1_Insul_retrofit_3_TR_retrofit_3_BW_retrofit_3,23.0,289
2050,219,SG_retrofit_1_Insul_retrofit_3_TR_retrofit_3_BW_retrofit_3,24.0,304
2050,219,SG_retrofit_1_Insul_retrofit_3_TR_retrofit_3_BW_retrofit_3,25.0,325
2050,219,SG_retrofit_1_Insul_retrofit_3_TR_retrofit_3_BW_retrofit_3,26.0,345
2050,220,SG_retrofit_1_Insul_retrofit_3_TR_retrofit_3_BW_retrofit_4,23.0,289
2050,220,SG_retrofit_1_Insul_retrofit_3_TR_retrofit_3_BW_retrofit_4,24.0,304
2050,220,SG_retrofit_1_Insul_retrofit_3_TR_retrofit_3_BW_retrofit_4,25.0,325
2050,220,SG_retrofit_1_Insul_retrofit_3_TR_retrofit_3_BW_retrofit_4,26.0,345
2050,221,SG_retrofit_1_Insul_retrofit_3_TR_retrofit_4_BW_current,23.0,296
2050,221,SG_retrofit_1_Insul_retrofit_3_TR_retrofit_4_BW_current,24.0,316
2050,221,SG_retrofit_1_Insul_retrofit_3_TR_retrofit_4_BW_current,25.0,329
2050,221,SG_retrofit_1_Insul_retrofit_3_TR_retrofit_4_BW_current,26.0,345
2050,222,SG_retrofit_1_Insul_retrofit_3_TR_retrofit_4_BW_retrofit_1,23.0,290
2050,222,SG_retrofit_1_Insul_retrofit_3_TR_retrofit_4_BW_retrofit_1,24.0,306
2050,222,SG_retrofit_1_Insul_retrofit_3_TR_retrofit_4_BW_retrofit_1,25.0,329
2050,222,SG_retrofit_1_Insul_retrofit_3_TR_retrofit_4_BW_retrofit_1,26.0,345
2050,223,SG_retrofit_1_Insul_retrofit_3_TR_retrofit_4_BW_retrofit_2,23.0,289
2050,223,SG_retrofit_1_Insul_retrofit_3_TR_retrofit_4_BW_retrofit_2,24.0,306
2050,223,SG_retrofit_1_Insul_retrofit_3_TR_retrofit_4_BW_retrofit_2,25.0,329
2050,223,SG_retrofit_1_Insul_retrofit_3_TR_retrofit_4_BW_retrofit_2,26.0,345
2050,224,SG_retrofit_1_Insul_retrofit_3_TR_retrofit_4_BW_retrofit_3,23.0,289
2050,224,SG_retrofit_1_Insul_retrofit_3_TR_retrofit_4_BW_retrofit_3,24.0,304
2050,224,SG_retrofit_1_Insul_retrofit_3_TR_retrofit_4_BW_retrofit_3,25.0,325
2050,224,SG_retrofit_1_Insul_retrofit_3_TR_retrofit_4_BW_retrofit_3,26.0,345
2050,225,SG_retrofit_1_Insul_retrofit_3_TR_retrofit_4_BW_retrofit_4,23.0,289
2050,225,SG_retrofit_1_Insul_retrofit_3_TR_retrofit_4_BW_retrofit_4,24.0,304
2050,225,SG_retrofit_1_Insul_retrofit_3_TR_retrofit_4_BW_retrofit_4,25.0,325
2050,225,SG_retrofit_1_Insul_retrofit_3_TR_retrofit_4_BW_retrofit_4,26.0,345
2050,226,SG_retrofit_1_Insul_retrofit_4_TR_current_BW_current,23.0,294
2050,226,SG_retrofit_1_Insul_retrofit_4_TR_current_BW_current,24.0,316
2050,226,SG_retrofit_1_Insul_retrofit_4_TR_current_BW_current,25.0,329
2050,226,SG_retrofit_1_Insul_retrofit_4_TR_current_BW_current,26.0,345
2050,227,SG_retrofit_1_Insul_retrofit_4_TR_current_BW_retrofit_1,23.0,289
2050,227,SG_retrofit_1_Insul_retrofit_4_TR_current_BW_retrofit_1,24.0,305
2050,227,SG_retrofit_1_Insul_retrofit_4_TR_current_BW_retrofit_1,25.0,326
2050,227,SG_retrofit_1_Insul_retrofit_4_TR_current_BW_retrofit_1,26.0,344
2050,228,SG_retrofit_1_Insul_retrofit_4_TR_current_BW_retrofit_2,23.0,289
2050,228,SG_retrofit_1_Insul_retrofit_4_TR_current_BW_retrofit_2,24.0,303
2050,228,SG_retrofit_1_Insul_retrofit_4_TR_current_BW_retrofit_2,25.0,324
2050,228,SG_retrofit_1_Insul_retrofit_4_TR_current_BW_retrofit_2,26.0,343
2050,229,SG_retrofit_1_Insul_retrofit_4_TR_current_BW_retrofit_3,23.0,288
2050,229,SG_retrofit_1_Insul_retrofit_4_TR_current_BW_retrofit_3,24.0,302
2050,229,SG_retrofit_1_Insul_retrofit_4_TR_current_BW_retrofit_3,25.0,323
2050,229,SG_retrofit_1_Insul_retrofit_4_TR_current_BW_retrofit_3,26.0,343
2050,230,SG_retrofit_1_Insul_retrofit_4_TR_current_BW_retrofit_4,23.0,288
2050,230,SG_retrofit_1_Insul_retrofit_4_TR_current_BW_retrofit_4,24.0,302
2050,230,SG_retrofit_1_Insul_retrofit_4_TR_current_BW_retrofit_4,25.0,323
2050,230,SG_retrofit_1_Insul_retrofit_4_TR_current_BW_retrofit_4,26.0,343
2050,231,SG_retrofit_1_Insul_retrofit_4_TR_retrofit_1_BW_current,23.0,297
2050,231,SG_retrofit_1_Insul_retrofit_4_TR_retrofit_1_BW_current,24.0,316
2050,231,SG_retrofit_1_Insul_retrofit_4_TR_retrofit_1_BW_current,25.0,329
2050,231,SG_retrofit_1_Insul_retrofit_4_TR_retrofit_1_BW_current,26.0,345
2050,232,SG_retrofit_1_Insul_retrofit_4_TR_retrofit_1_BW_retrofit_1,23.0,290
2050,232,SG_retrofit_1_Insul_retrofit_4_TR_retrofit_1_BW_retrofit_1,24.0,306
2050,232,SG_retrofit_1_Insul_retrofit_4_TR_retrofit_1_BW_retrofit_1,25.0,328
2050,232,SG_retrofit_1_Insul_retrofit_4_TR_retrofit_1_BW_retrofit_1,26.0,345
2050,233,SG_retrofit_1_Insul_retrofit_4_TR_retrofit_1_BW_retrofit_2,23.0,289
2050,233,SG_retrofit_1_Insul_retrofit_4_TR_retrofit_1_BW_retrofit_2,24.0,306
2050,233,SG_retrofit_1_Insul_retrofit_4_TR_retrofit_1_BW_retrofit_2,25.0,328
2050,233,SG_retrofit_1_Insul_retrofit_4_TR_retrofit_1_BW_retrofit_2,26.0,345
2050,234,SG_retrofit_1_Insul_retrofit_4_TR_retrofit_1_BW_retrofit_3,23.0,289
2050,234,SG_retrofit_1_Insul_retrofit_4_TR_retrofit_1_BW_retrofit_3,24.0,304
2050,234,SG_retrofit_1_Insul_retrofit_4_TR_retrofit_1_BW_retrofit_3,25.0,325
2050,234,SG_retrofit_1_Insul_retrofit_4_TR_retrofit_1_BW_retrofit_3,26.0,344
2050,235,SG_retrofit_1_Insul_retrofit_4_TR_retrofit_1_BW_retrofit_4,23.0,289
2050,235,SG_retrofit_1_Insul_retrofit_4_TR_retrofit_1_BW_retrofit_4,24.0,304
2050,235,SG_retrofit_1_Insul_retrofit_4_TR_retrofit_1_BW_retrofit_4,25.0,325
2050,235,SG_retrofit_1_Insul_retrofit_4_TR_retrofit_1_BW_retrofit_4,26.0,344
2050,236,SG_retrofit_1_Insul_retrofit_4_TR_retrofit_2_BW_current,23.0,297
2050,236,SG_retrofit_1_Insul_retrofit_4_TR_retrofit_2_BW_current,24.0,316
2050,236,SG_retrofit_1_Insul_retrofit_4_TR_retrofit_2_BW_current,25.0,329
2050,236,SG_retrofit_1_Insul_retrofit_4_TR_retrofit_2_BW_current,26.0,345
2050,237,SG_retrofit_1_Insul_retrofit_4_TR_retrofit_2_BW_retrofit_1,23.0,290
2050,237,SG_retrofit_1_Insul_retrofit_4_TR_retrofit_2_BW_retrofit_1,24.0,306
2050,237,SG_retrofit_1_Insul_retrofit_4_TR_retrofit_2_BW_retrofit_1,25.0,328
2050,237,SG_retrofit_1_Insul_retrofit_4_TR_retrofit_2_BW_retrofit_1,26.0,345
2050,238,SG_retrofit_1_Insul_retrofit_4_TR_retrofit_2_BW_retrofit_2,23.0,289
2050,238,SG_retrofit_1_Insul_retrofit_4_TR_retrofit_2_BW_retrofit_2,24.0,306
2050,238,SG_retrofit_1_Insul_retrofit_4_TR_retrofit_2_BW_retrofit_2,25.0,327
2050,238,SG_retrofit_1_Insul_retrofit_4_TR_retrofit_2_BW_retrofit_2,26.0,345
2050,239,SG_retrofit_1_Insul_retrofit_4_TR_retrofit_2_BW_retrofit_3,23.0,289
2050,239,SG_retrofit_1_Insul_retrofit_4_TR_retrofit_2_BW_retrofit_3,24.0,304
2050,239,SG_retrofit_1_Insul_retrofit_4_TR_retrofit_2_BW_retrofit_3,25.0,325
2050,239,SG_retrofit_1_Insul_retrofit_4_TR_retrofit_2_BW_retrofit_3,26.0,344
2050,240,SG_retrofit_1_Insul_retrofit_4_TR_retrofit_2_BW_retrofit_4,23.0,289
2050,240,SG_retrofit_1_Insul_retrofit_4_TR_retrofit_2_BW_retrofit_4,24.0,304
2050,240,SG_retrofit_1_Insul_retrofit_4_TR_retrofit_2_BW_retrofit_4,25.0,325
2050,240,SG_retrofit_1_Insul_retrofit_4_TR_retrofit_2_BW_retrofit_4,26.0,344
2050,241,SG_retrofit_1_Insul_retrofit_4_TR_retrofit_3_BW_current,23.0,297
2050,241,SG_retrofit_1_Insul_retrofit_4_TR_retrofit_3_BW_current,24.0,316
2050,241,SG_retrofit_1_Insul_retrofit_4_TR_retrofit_3_BW_current,25.0,329
2050,241,SG_retrofit_1_Insul_retrofit_4_TR_retrofit_3_BW_current,26.0,345
2050,242,SG_retrofit_1_Insul_retrofit_4_TR_retrofit_3_BW_retrofit_1,23.0,290
2050,242,SG_retrofit_1_Insul_retrofit_4_TR_retrofit_3_BW_retrofit_1,24.0,306
2050,242,SG_retrofit_1_Insul_retrofit_4_TR_retrofit_3_BW_retrofit_1,25.0,328
2050,242,SG_retrofit_1_Insul_retrofit_4_TR_retrofit_3_BW_retrofit_1,26.0,345
2050,243,SG_retrofit_1_Insul_retrofit_4_TR_retrofit_3_BW_retrofit_2,23.0,289
2050,243,SG_retrofit_1_Insul_retrofit_4_TR_retrofit_3_BW_retrofit_2,24.0,306
2050,243,SG_retrofit_1_Insul_retrofit_4_TR_retrofit_3_BW_retrofit_2,25.0,329
2050,243,SG_retrofit_1_Insul_retrofit_4_TR_retrofit_3_BW_retrofit_2,26.0,345
2050,244,SG_retrofit_1_Insul_retrofit_4_TR_retrofit_3_BW_retrofit_3,23.0,288
2050,244,SG_retrofit_1_Insul_retrofit_4_TR_retrofit_3_BW_retrofit_3,24.0,304
2050,244,SG_retrofit_1_Insul_retrofit_4_TR_retrofit_3_BW_retrofit_3,25.0,325
2050,244,SG_retrofit_1_Insul_retrofit_4_TR_retrofit_3_BW_retrofit_3,26.0,344
2050,245,SG_retrofit_1_Insul_retrofit_4_TR_retrofit_3_BW_retrofit_4,23.0,288
2050,245,SG_retrofit_1_Insul_retrofit_4_TR_retrofit_3_BW_retrofit_4,24.0,304
2050,245,SG_retrofit_1_Insul_retrofit_4_TR_retrofit_3_BW_retrofit_4,25.0,325
2050,245,SG_retrofit_1_Insul_retrofit_4_TR_retrofit_3_BW_retrofit_4,26.0,344
2050,246,SG_retrofit_1_Insul_retrofit_4_TR_retrofit_4_BW_current,23.0,297
2050,246,SG_retrofit_1_Insul_retrofit_4_TR_retrofit_4_BW_current,24.0,316
2050,246,SG_retrofit_1_Insul_retrofit_4_TR_retrofit_4_BW_current,25.0,329
2050,246,SG_retrofit_1_Insul_retrofit_4_TR_retrofit_4_BW_current,26.0,345
2050,247,SG_retrofit_1_Insul_retrofit_4_TR_retrofit_4_BW_retrofit_1,23.0,290
2050,247,SG_retrofit_1_Insul_retrofit_4_TR_retrofit_4_BW_retrofit_1,24.0,306
2050,247,SG_retrofit_1_Insul_retrofit_4_TR_retrofit_4_BW_retrofit_1,25.0,328
2050,247,SG_retrofit_1_Insul_retrofit_4_TR_retrofit_4_BW_retrofit_1,26.0,345
2050,248,SG_retrofit_1_Insul_retrofit_4_TR_retrofit_4_BW_retrofit_2,23.0,289
2050,248,SG_retrofit_1_Insul_retrofit_4_TR_retrofit_4_BW_retrofit_2,24.0,306
2050,248,SG_retrofit_1_Insul_retrofit_4_TR_retrofit_4_BW_retrofit_2,25.0,329
2050,248,SG_retrofit_1_Insul_retrofit_4_TR_retrofit_4_BW_retrofit_2,26.0,345
2050,249,SG_retrofit_1_Insul_retrofit_4_TR_retrofit_4_BW_retrofit_3,23.0,288
2050,249,SG_retrofit_1_Insul_retrofit_4_TR_retrofit_4_BW_retrofit_3,24.0,304
2050,249,SG_retrofit_1_Insul_retrofit_4_TR_retrofit_4_BW_retrofit_3,25.0,325
2050,249,SG_retrofit_1_Insul_retrofit_4_TR_retrofit_4_BW_retrofit_3,26.0,344
2050,250,SG_retrofit_1_Insul_retrofit_4_TR_retrofit_4_BW_retrofit_4,23.0,288
2050,250,SG_retrofit_1_Insul_retrofit_4_TR_retrofit_4_BW_retrofit_4,24.0,304
2050,250,SG_retrofit_1_Insul_retrofit_4_TR_retrofit_4_BW_retrofit_4,25.0,325
2050,250,SG_retrofit_1_Insul_retrofit_4_TR_retrofit_4_BW_retrofit_4,26.0,344
2050,251,SG_retrofit_2_Insul_current_TR_current_BW_current,23.0,324
2050,251,SG_retrofit_2_Insul_current_TR_current_BW_current,24.0,339
2050,251,SG_retrofit_2_Insul_current_TR_current_BW_current,25.0,348
2050,251,SG_retrofit_2_Insul_current_TR_current_BW_current,26.0,360
2050,252,SG_retrofit_2_Insul_current_TR_current_BW_retrofit_1,23.0,321
2050,252,SG_retrofit_2_Insul_current_TR_current_BW_retrofit_1,24.0,343
2050,252,SG_retrofit_2_Insul_current_TR_current_BW_retrofit_1,25.0,349
2050,252,SG_retrofit_2_Insul_current_TR_current_BW_retrofit_1,26.0,360
2050,253,SG_retrofit_2_Insul_current_TR_current_BW_retrofit_2,23.0,321
2050,253,SG_retrofit_2_Insul_current_TR_current_BW_retrofit_2,24.0,343
2050,253,SG_retrofit_2_Insul_current_TR_current_BW_retrofit_2,25.0,350
2050,253,SG_retrofit_2_Insul_current_TR_current_BW_retrofit_2,26.0,360
2050,254,SG_retrofit_2_Insul_current_TR_current_BW_retrofit_3,23.0,321
2050,254,SG_retrofit_2_Insul_current_TR_current_BW_retrofit_3,24.0,343
2050,254,SG_retrofit_2_Insul_current_TR_current_BW_retrofit_3,25.0,350
2050,254,SG_retrofit_2_Insul_current_TR_current_BW_retrofit_3,26.0,362
2050,255,SG_retrofit_2_Insul_current_TR_current_BW_retrofit_4,23.0,321
2050,255,SG_retrofit_2_Insul_current_TR_current_BW_retrofit_4,24.0,342
2050,255,SG_retrofit_2_Insul_current_TR_current_BW_retrofit_4,25.0,350
2050,255,SG_retrofit_2_Insul_current_TR_current_BW_retrofit_4,26.0,362
2050,256,SG_retrofit_2_Insul_current_TR_retrofit_1_BW_current,23.0,324
2050,256,SG_retrofit_2_Insul_current_TR_retrofit_1_BW_current,24.0,342
2050,256,SG_retrofit_2_Insul_current_TR_retrofit_1_BW_current,25.0,348
2050,256,SG_retrofit_2_Insul_current_TR_retrofit_1_BW_current,26.0,361
2050,257,SG_retrofit_2_Insul_current_TR_retrofit_1_BW_retrofit_1,23.0,322
2050,257,SG_retrofit_2_Insul_current_TR_retrofit_1_BW_retrofit_1,24.0,343
2050,257,SG_retrofit_2_Insul_current_TR_retrofit_1_BW_retrofit_1,25.0,350
2050,257,SG_retrofit_2_Insul_current_TR_retrofit_1_BW_retrofit_1,26.0,361
2050,258,SG_retrofit_2_Insul_current_TR_retrofit_1_BW_retrofit_2,23.0,321
2050,258,SG_retrofit_2_Insul_current_TR_retrofit_1_BW_retrofit_2,24.0,344
2050,258,SG_retrofit_2_Insul_current_TR_retrofit_1_BW_retrofit_2,25.0,350
2050,258,SG_retrofit_2_Insul_current_TR_retrofit_1_BW_retrofit_2,26.0,362
2050,259,SG_retrofit_2_Insul_current_TR_retrofit_1_BW_retrofit_3,23.0,321
2050,259,SG_retrofit_2_Insul_current_TR_retrofit_1_BW_retrofit_3,24.0,345
2050,259,SG_retrofit_2_Insul_current_TR_retrofit_1_BW_retrofit_3,25.0,351
2050,259,SG_retrofit_2_Insul_current_TR_retrofit_1_BW_retrofit_3,26.0,363
2050,260,SG_retrofit_2_Insul_current_TR_retrofit_1_BW_retrofit_4,23.0,321
2050,260,SG_retrofit_2_Insul_current_TR_retrofit_1_BW_retrofit_4,24.0,345
2050,260,SG_retrofit_2_Insul_current_TR_retrofit_1_BW_retrofit_4,25.0,351
2050,260,SG_retrofit_2_Insul_current_TR_retrofit_1_BW_retrofit_4,26.0,363
2050,261,SG_retrofit_2_Insul_current_TR_retrofit_2_BW_current,23.0,324
2050,261,SG_retrofit_2_Insul_current_TR_retrofit_2_BW_current,24.0,342
2050,261,SG_retrofit_2_Insul_current_TR_retrofit_2_BW_current,25.0,348
2050,261,SG_retrofit_2_Insul_current_TR_retrofit_2_BW_current,26.0,361
2050,262,SG_retrofit_2_Insul_current_TR_retrofit_2_BW_retrofit_1,23.0,322
2050,262,SG_retrofit_2_Insul_current_TR_retrofit_2_BW_retrofit_1,24.0,343
2050,262,SG_retrofit_2_Insul_current_TR_retrofit_2_BW_retrofit_1,25.0,350
2050,262,SG_retrofit_2_Insul_current_TR_retrofit_2_BW_retrofit_1,26.0,361
2050,263,SG_retrofit_2_Insul_current_TR_retrofit_2_BW_retrofit_2,23.0,321
2050,263,SG_retrofit_2_Insul_current_TR_retrofit_2_BW_retrofit_2,24.0,344
2050,263,SG_retrofit_2_Insul_current_TR_retrofit_2_BW_retrofit_2,25.0,351
2050,263,SG_retrofit_2_Insul_current_TR_retrofit_2_BW_retrofit_2,26.0,362
2050,264,SG_retrofit_2_Insul_current_TR_retrofit_2_BW_retrofit_3,23.0,321
2050,264,SG_retrofit_2_Insul_current_TR_retrofit_2_BW_retrofit_3,24.0,345
2050,264,SG_retrofit_2_Insul_current_TR_retrofit_2_BW_retrofit_3,25.0,351
2050,264,SG_retrofit_2_Insul_current_TR_retrofit_2_BW_retrofit_3,26.0,363
2050,265,SG_retrofit_2_Insul_current_TR_retrofit_2_BW_retrofit_4,23.0,321
2050,265,SG_retrofit_2_Insul_current_TR_retrofit_2_BW_retrofit_4,24.0,345
2050,265,SG_retrofit_2_Insul_current_TR_retrofit_2_BW_retrofit_4,25.0,351
2050,265,SG_retrofit_2_Insul_current_TR_retrofit_2_BW_retrofit_4,26.0,363
2050,266,SG_retrofit_2_Insul_current_TR_retrofit_3_BW_current,23.0,324
2050,266,SG_retrofit_2_Insul_current_TR_retrofit_3_BW_current,24.0,342
2050,266,SG_retrofit_2_Insul_current_TR_retrofit_3_BW_current,25.0,348
2050,266,SG_retrofit_2_Insul_current_TR_retrofit_3_BW_current,26.0,361
2050,267,SG_retrofit_2_Insul_current_TR_retrofit_3_BW_retrofit_1,23.0,322
2050,267,SG_retrofit_2_Insul_current_TR_retrofit_3_BW_retrofit_1,24.0,343
2050,267,SG_retrofit_2_Insul_current_TR_retrofit_3_BW_retrofit_1,25.0,350
2050,267,SG_retrofit_2_Insul_current_TR_retrofit_3_BW_retrofit_1,26.0,362
2050,268,SG_retrofit_2_Insul_current_TR_retrofit_3_BW_retrofit_2,23.0,321
2050,268,SG_retrofit_2_Insul_current_TR_retrofit_3_BW_retrofit_2,24.0,344
2050,268,SG_retrofit_2_Insul_current_TR_retrofit_3_BW_retrofit_2,25.0,351
2050,268,SG_retrofit_2_Insul_current_TR_retrofit_3_BW_retrofit_2,26.0,362
2050,269,SG_retrofit_2_Insul_current_TR_retrofit_3_BW_retrofit_3,23.0,322
2050,269,SG_retrofit_2_Insul_current_TR_retrofit_3_BW_retrofit_3,24.0,345
2050,269,SG_retrofit_2_Insul_current_TR_retrofit_3_BW_retrofit_3,25.0,351
2050,269,SG_retrofit_2_Insul_current_TR_retrofit_3_BW_retrofit_3,26.0,363
2050,270,SG_retrofit_2_Insul_current_TR_retrofit_3_BW_retrofit_4,23.0,322
2050,270,SG_retrofit_2_Insul_current_TR_retrofit_3_BW_retrofit_4,24.0,345
2050,270,SG_retrofit_2_Insul_current_TR_retrofit_3_BW_retrofit_4,25.0,351
2050,270,SG_retrofit_2_Insul_current_TR_retrofit_3_BW_retrofit_4,26.0,363
2050,271,SG_retrofit_2_Insul_current_TR_retrofit_4_BW_current,23.0,324
2050,271,SG_retrofit_2_Insul_current_TR_retrofit_4_BW_current,24.0,342
2050,271,SG_retrofit_2_Insul_current_TR_retrofit_4_BW_current,25.0,348
2050,271,SG_retrofit_2_Insul_current_TR_retrofit_4_BW_current,26.0,361
2050,272,SG_retrofit_2_Insul_current_TR_retrofit_4_BW_retrofit_1,23.0,322
2050,272,SG_retrofit_2_Insul_current_TR_retrofit_4_BW_retrofit_1,24.0,343
2050,272,SG_retrofit_2_Insul_current_TR_retrofit_4_BW_retrofit_1,25.0,350
2050,272,SG_retrofit_2_Insul_current_TR_retrofit_4_BW_retrofit_1,26.0,362
2050,273,SG_retrofit_2_Insul_current_TR_retrofit_4_BW_retrofit_2,23.0,321
2050,273,SG_retrofit_2_Insul_current_TR_retrofit_4_BW_retrofit_2,24.0,344
2050,273,SG_retrofit_2_Insul_current_TR_retrofit_4_BW_retrofit_2,25.0,351
2050,273,SG_retrofit_2_Insul_current_TR_retrofit_4_BW_retrofit_2,26.0,362
2050,274,SG_retrofit_2_Insul_current_TR_retrofit_4_BW_retrofit_3,23.0,322
2050,274,SG_retrofit_2_Insul_current_TR_retrofit_4_BW_retrofit_3,24.0,345
2050,274,SG_retrofit_2_Insul_current_TR_retrofit_4_BW_retrofit_3,25.0,351
2050,274,SG_retrofit_2_Insul_current_TR_retrofit_4_BW_retrofit_3,26.0,363
2050,275,SG_retrofit_2_Insul_current_TR_retrofit_4_BW_retrofit_4,23.0,322
2050,275,SG_retrofit_2_Insul_current_TR_retrofit_4_BW_retrofit_4,24.0,345
2050,275,SG_retrofit_2_Insul_current_TR_retrofit_4_BW_retrofit_4,25.0,351
2050,275,SG_retrofit_2_Insul_current_TR_retrofit_4_BW_retrofit_4,26.0,363
2050,276,SG_retrofit_2_Insul_retrofit_1_TR_current_BW_current,23.0,295
2050,276,SG_retrofit_2_Insul_retrofit_1_TR_current_BW_current,24.0,317
2050,276,SG_retrofit_2_Insul_retrofit_1_TR_current_BW_current,25.0,330
2050,276,SG_retrofit_2_Insul_retrofit_1_TR_current_BW_current,26.0,345
2050,277,SG_retrofit_2_Insul_retrofit_1_TR_current_BW_retrofit_1,23.0,290
2050,277,SG_retrofit_2_Insul_retrofit_1_TR_current_BW_retrofit_1,24.0,307
2050,277,SG_retrofit_2_Insul_retrofit_1_TR_current_BW_retrofit_1,25.0,328
2050,277,SG_retrofit_2_Insul_retrofit_1_TR_current_BW_retrofit_1,26.0,345
2050,278,SG_retrofit_2_Insul_retrofit_1_TR_current_BW_retrofit_2,23.0,289
2050,278,SG_retrofit_2_Insul_retrofit_1_TR_current_BW_retrofit_2,24.0,305
2050,278,SG_retrofit_2_Insul_retrofit_1_TR_current_BW_retrofit_2,25.0,327
2050,278,SG_retrofit_2_Insul_retrofit_1_TR_current_BW_retrofit_2,26.0,345
2050,279,SG_retrofit_2_Insul_retrofit_1_TR_current_BW_retrofit_3,23.0,289
2050,279,SG_retrofit_2_Insul_retrofit_1_TR_current_BW_retrofit_3,24.0,304
2050,279,SG_retrofit_2_Insul_retrofit_1_TR_current_BW_retrofit_3,25.0,327
2050,279,SG_retrofit_2_Insul_retrofit_1_TR_current_BW_retrofit_3,26.0,345
2050,280,SG_retrofit_2_Insul_retrofit_1_TR_current_BW_retrofit_4,23.0,289
2050,280,SG_retrofit_2_Insul_retrofit_1_TR_current_BW_retrofit_4,24.0,304
2050,280,SG_retrofit_2_Insul_retrofit_1_TR_current_BW_retrofit_4,25.0,328
2050,280,SG_retrofit_2_Insul_retrofit_1_TR_current_BW_retrofit_4,26.0,345
2050,281,SG_retrofit_2_Insul_retrofit_1_TR_retrofit_1_BW_current,23.0,298
2050,281,SG_retrofit_2_Insul_retrofit_1_TR_retrofit_1_BW_current,24.0,317
2050,281,SG_retrofit_2_Insul_retrofit_1_TR_retrofit_1_BW_current,25.0,331
2050,281,SG_retrofit_2_Insul_retrofit_1_TR_retrofit_1_BW_current,26.0,346
2050,282,SG_retrofit_2_Insul_retrofit_1_TR_retrofit_1_BW_retrofit_1,23.0,291
2050,282,SG_retrofit_2_Insul_retrofit_1_TR_retrofit_1_BW_retrofit_1,24.0,307
2050,282,SG_retrofit_2_Insul_retrofit_1_TR_retrofit_1_BW_retrofit_1,25.0,329
2050,282,SG_retrofit_2_Insul_retrofit_1_TR_retrofit_1_BW_retrofit_1,26.0,345
2050,283,SG_retrofit_2_Insul_retrofit_1_TR_retrofit_1_BW_retrofit_2,23.0,290
2050,283,SG_retrofit_2_Insul_retrofit_1_TR_retrofit_1_BW_retrofit_2,24.0,307
2050,283,SG_retrofit_2_Insul_retrofit_1_TR_retrofit_1_BW_retrofit_2,25.0,329
2050,283,SG_retrofit_2_Insul_retrofit_1_TR_retrofit_1_BW_retrofit_2,26.0,345
2050,284,SG_retrofit_2_Insul_retrofit_1_TR_retrofit_1_BW_retrofit_3,23.0,289
2050,284,SG_retrofit_2_Insul_retrofit_1_TR_retrofit_1_BW_retrofit_3,24.0,306
2050,284,SG_retrofit_2_Insul_retrofit_1_TR_retrofit_1_BW_retrofit_3,25.0,329
2050,284,SG_retrofit_2_Insul_retrofit_1_TR_retrofit_1_BW_retrofit_3,26.0,345
2050,285,SG_retrofit_2_Insul_retrofit_1_TR_retrofit_1_BW_retrofit_4,23.0,289
2050,285,SG_retrofit_2_Insul_retrofit_1_TR_retrofit_1_BW_retrofit_4,24.0,306
2050,285,SG_retrofit_2_Insul_retrofit_1_TR_retrofit_1_BW_retrofit_4,25.0,329
2050,285,SG_retrofit_2_Insul_retrofit_1_TR_retrofit_1_BW_retrofit_4,26.0,345
2050,286,SG_retrofit_2_Insul_retrofit_1_TR_retrofit_2_BW_current,23.0,298
2050,286,SG_retrofit_2_Insul_retrofit_1_TR_retrofit_2_BW_current,24.0,317
2050,286,SG_retrofit_2_Insul_retrofit_1_TR_retrofit_2_BW_current,25.0,331
2050,286,SG_retrofit_2_Insul_retrofit_1_TR_retrofit_2_BW_current,26.0,346
2050,287,SG_retrofit_2_Insul_retrofit_1_TR_retrofit_2_BW_retrofit_1,23.0,291
2050,287,SG_retrofit_2_Insul_retrofit_1_TR_retrofit_2_BW_retrofit_1,24.0,307
2050,287,SG_retrofit_2_Insul_retrofit_1_TR_retrofit_2_BW_retrofit_1,25.0,329
2050,287,SG_retrofit_2_Insul_retrofit_1_TR_retrofit_2_BW_retrofit_1,26.0,345
2050,288,SG_retrofit_2_Insul_retrofit_1_TR_retrofit_2_BW_retrofit_2,23.0,290
2050,288,SG_retrofit_2_Insul_retrofit_1_TR_retrofit_2_BW_retrofit_2,24.0,307
2050,288,SG_retrofit_2_Insul_retrofit_1_TR_retrofit_2_BW_retrofit_2,25.0,329
2050,288,SG_retrofit_2_Insul_retrofit_1_TR_retrofit_2_BW_retrofit_2,26.0,345
2050,289,SG_retrofit_2_Insul_retrofit_1_TR_retrofit_2_BW_retrofit_3,23.0,289
2050,289,SG_retrofit_2_Insul_retrofit_1_TR_retrofit_2_BW_retrofit_3,24.0,305
2050,289,SG_retrofit_2_Insul_retrofit_1_TR_retrofit_2_BW_retrofit_3,25.0,329
2050,289,SG_retrofit_2_Insul_retrofit_1_TR_retrofit_2_BW_retrofit_3,26.0,345
2050,290,SG_retrofit_2_Insul_retrofit_1_TR_retrofit_2_BW_retrofit_4,23.0,289
2050,290,SG_retrofit_2_Insul_retrofit_1_TR_retrofit_2_BW_retrofit_4,24.0,305
2050,290,SG_retrofit_2_Insul_retrofit_1_TR_retrofit_2_BW_retrofit_4,25.0,329
2050,290,SG_retrofit_2_Insul_retrofit_1_TR_retrofit_2_BW_retrofit_4,26.0,345
2050,291,SG_retrofit_2_Insul_retrofit_1_TR_retrofit_3_BW_current,23.0,298
2050,291,SG_retrofit_2_Insul_retrofit_1_TR_retrofit_3_BW_current,24.0,317
2050,291,SG_retrofit_2_Insul_retrofit_1_TR_retrofit_3_BW_current,25.0,331
2050,291,SG_retrofit_2_Insul_retrofit_1_TR_retrofit_3_BW_current,26.0,346
2050,292,SG_retrofit_2_Insul_retrofit_1_TR_retrofit_3_BW_retrofit_1,23.0,291
2050,292,SG_retrofit_2_Insul_retrofit_1_TR_retrofit_3_BW_retrofit_1,24.0,307
2050,292,SG_retrofit_2_Insul_retrofit_1_TR_retrofit_3_BW_retrofit_1,25.0,329
2050,292,SG_retrofit_2_Insul_retrofit_1_TR_retrofit_3_BW_retrofit_1,26.0,345
2050,293,SG_retrofit_2_Insul_retrofit_1_TR_retrofit_3_BW_retrofit_2,23.0,290
2050,293,SG_retrofit_2_Insul_retrofit_1_TR_retrofit_3_BW_retrofit_2,24.0,307
2050,293,SG_retrofit_2_Insul_retrofit_1_TR_retrofit_3_BW_retrofit_2,25.0,329
2050,293,SG_retrofit_2_Insul_retrofit_1_TR_retrofit_3_BW_retrofit_2,26.0,345
2050,294,SG_retrofit_2_Insul_retrofit_1_TR_retrofit_3_BW_retrofit_3,23.0,289
2050,294,SG_retrofit_2_Insul_retrofit_1_TR_retrofit_3_BW_retrofit_3,24.0,306
2050,294,SG_retrofit_2_Insul_retrofit_1_TR_retrofit_3_BW_retrofit_3,25.0,329
2050,294,SG_retrofit_2_Insul_retrofit_1_TR_retrofit_3_BW_retrofit_3,26.0,345
2050,295,SG_retrofit_2_Insul_retrofit_1_TR_retrofit_3_BW_retrofit_4,23.0,289
2050,295,SG_retrofit_2_Insul_retrofit_1_TR_retrofit_3_BW_retrofit_4,24.0,305
2050,295,SG_retrofit_2_Insul_retrofit_1_TR_retrofit_3_BW_retrofit_4,25.0,330
2050,295,SG_retrofit_2_Insul_retrofit_1_TR_retrofit_3_BW_retrofit_4,26.0,345
2050,296,SG_retrofit_2_Insul_retrofit_1_TR_retrofit_4_BW_current,23.0,298
2050,296,SG_retrofit_2_Insul_retrofit_1_TR_retrofit_4_BW_current,24.0,317
2050,296,SG_retrofit_2_Insul_retrofit_1_TR_retrofit_4_BW_current,25.0,331
2050,296,SG_retrofit_2_Insul_retrofit_1_TR_retrofit_4_BW_current,26.0,346
2050,297,SG_retrofit_2_Insul_retrofit_1_TR_retrofit_4_BW_retrofit_1,23.0,291
2050,297,SG_retrofit_2_Insul_retrofit_1_TR_retrofit_4_BW_retrofit_1,24.0,307
2050,297,SG_retrofit_2_Insul_retrofit_1_TR_retrofit_4_BW_retrofit_1,25.0,329
2050,297,SG_retrofit_2_Insul_retrofit_1_TR_retrofit_4_BW_retrofit_1,26.0,345
2050,298,SG_retrofit_2_Insul_retrofit_1_TR_retrofit_4_BW_retrofit_2,23.0,290
2050,298,SG_retrofit_2_Insul_retrofit_1_TR_retrofit_4_BW_retrofit_2,24.0,307
2050,298,SG_retrofit_2_Insul_retrofit_1_TR_retrofit_4_BW_retrofit_2,25.0,329
2050,298,SG_retrofit_2_Insul_retrofit_1_TR_retrofit_4_BW_retrofit_2,26.0,345
2050,299,SG_retrofit_2_Insul_retrofit_1_TR_retrofit_4_BW_retrofit_3,23.0,289
2050,299,SG_retrofit_2_Insul_retrofit_1_TR_retrofit_4_BW_retrofit_3,24.0,305
2050,299,SG_retrofit_2_Insul_retrofit_1_TR_retrofit_4_BW_retrofit_3,25.0,329
2050,299,SG_retrofit_2_Insul_retrofit_1_TR_retrofit_4_BW_retrofit_3,26.0,345
2050,300,SG_retrofit_2_Insul_retrofit_1_TR_retrofit_4_BW_retrofit_4,23.0,289
2050,300,SG_retrofit_2_Insul_retrofit_1_TR_retrofit_4_BW_retrofit_4,24.0,305
2050,300,SG_retrofit_2_Insul_retrofit_1_TR_retrofit_4_BW_retrofit_4,25.0,330
2050,300,SG_retrofit_2_Insul_retrofit_1_TR_retrofit_4_BW_retrofit_4,26.0,345
2050,301,SG_retrofit_2_Insul_retrofit_2_TR_current_BW_current,23.0,294
2050,301,SG_retrofit_2_Insul_retrofit_2_TR_current_BW_current,24.0,316
2050,301,SG_retrofit_2_Insul_retrofit_2_TR_current_BW_current,25.0,329
2050,301,SG_retrofit_2_Insul_retrofit_2_TR_current_BW_current,26.0,345
2050,302,SG_retrofit_2_Insul_retrofit_2_TR_current_BW_retrofit_1,23.0,289
2050,302,SG_retrofit_2_Insul_retrofit_2_TR_current_BW_retrofit_1,24.0,305
2050,302,SG_retrofit_2_Insul_retrofit_2_TR_current_BW_retrofit_1,25.0,326
2050,302,SG_retrofit_2_Insul_retrofit_2_TR_current_BW_retrofit_1,26.0,345
2050,303,SG_retrofit_2_Insul_retrofit_2_TR_current_BW_retrofit_2,23.0,289
2050,303,SG_retrofit_2_Insul_retrofit_2_TR_current_BW_retrofit_2,24.0,303
2050,303,SG_retrofit_2_Insul_retrofit_2_TR_current_BW_retrofit_2,25.0,325
2050,303,SG_retrofit_2_Insul_retrofit_2_TR_current_BW_retrofit_2,26.0,343
2050,304,SG_retrofit_2_Insul_retrofit_2_TR_current_BW_retrofit_3,23.0,288
2050,304,SG_retrofit_2_Insul_retrofit_2_TR_current_BW_retrofit_3,24.0,302
2050,304,SG_retrofit_2_Insul_retrofit_2_TR_current_BW_retrofit_3,25.0,323
2050,304,SG_retrofit_2_Insul_retrofit_2_TR_current_BW_retrofit_3,26.0,343
2050,305,SG_retrofit_2_Insul_retrofit_2_TR_current_BW_retrofit_4,23.0,288
2050,305,SG_retrofit_2_Insul_retrofit_2_TR_current_BW_retrofit_4,24.0,302
2050,305,SG_retrofit_2_Insul_retrofit_2_TR_current_BW_retrofit_4,25.0,323
2050,305,SG_retrofit_2_Insul_retrofit_2_TR_current_BW_retrofit_4,26.0,343
2050,306,SG_retrofit_2_Insul_retrofit_2_TR_retrofit_1_BW_current,23.0,297
2050,306,SG_retrofit_2_Insul_retrofit_2_TR_retrofit_1_BW_current,24.0,316
2050,306,SG_retrofit_2_Insul_retrofit_2_TR_retrofit_1_BW_current,25.0,330
2050,306,SG_retrofit_2_Insul_retrofit_2_TR_retrofit_1_BW_current,26.0,345
2050,307,SG_retrofit_2_Insul_retrofit_2_TR_retrofit_1_BW_retrofit_1,23.0,290
2050,307,SG_retrofit_2_Insul_retrofit_2_TR_retrofit_1_BW_retrofit_1,24.0,306
2050,307,SG_retrofit_2_Insul_retrofit_2_TR_retrofit_1_BW_retrofit_1,25.0,329
2050,307,SG_retrofit_2_Insul_retrofit_2_TR_retrofit_1_BW_retrofit_1,26.0,345
2050,308,SG_retrofit_2_Insul_retrofit_2_TR_retrofit_1_BW_retrofit_2,23.0,289
2050,308,SG_retrofit_2_Insul_retrofit_2_TR_retrofit_1_BW_retrofit_2,24.0,306
2050,308,SG_retrofit_2_Insul_retrofit_2_TR_retrofit_1_BW_retrofit_2,25.0,329
2050,308,SG_retrofit_2_Insul_retrofit_2_TR_retrofit_1_BW_retrofit_2,26.0,345
2050,309,SG_retrofit_2_Insul_retrofit_2_TR_retrofit_1_BW_retrofit_3,23.0,289
2050,309,SG_retrofit_2_Insul_retrofit_2_TR_retrofit_1_BW_retrofit_3,24.0,304
2050,309,SG_retrofit_2_Insul_retrofit_2_TR_retrofit_1_BW_retrofit_3,25.0,325
2050,309,SG_retrofit_2_Insul_retrofit_2_TR_retrofit_1_BW_retrofit_3,26.0,345
2050,310,SG_retrofit_2_Insul_retrofit_2_TR_retrofit_1_BW_retrofit_4,23.0,289
2050,310,SG_retrofit_2_Insul_retrofit_2_TR_retrofit_1_BW_retrofit_4,24.0,304
2050,310,SG_retrofit_2_Insul_retrofit_2_TR_retrofit_1_BW_retrofit_4,25.0,325
2050,310,SG_retrofit_2_Insul_retrofit_2_TR_retrofit_1_BW_retrofit_4,26.0,345
2050,311,SG_retrofit_2_Insul_retrofit_2_TR_retrofit_2_BW_current,23.0,297
2050,311,SG_retrofit_2_Insul_retrofit_2_TR_retrofit_2_BW_current,24.0,316
2050,311,SG_retrofit_2_Insul_retrofit_2_TR_retrofit_2_BW_current,25.0,330
2050,311,SG_retrofit_2_Insul_retrofit_2_TR_retrofit_2_BW_current,26.0,345
2050,312,SG_retrofit_2_Insul_retrofit_2_TR_retrofit_2_BW_retrofit_1,23.0,290
2050,312,SG_retrofit_2_Insul_retrofit_2_TR_retrofit_2_BW_retrofit_1,24.0,306
2050,312,SG_retrofit_2_Insul_retrofit_2_TR_retrofit_2_BW_retrofit_1,25.0,329
2050,312,SG_retrofit_2_Insul_retrofit_2_TR_retrofit_2_BW_retrofit_1,26.0,345
2050,313,SG_retrofit_2_Insul_retrofit_2_TR_retrofit_2_BW_retrofit_2,23.0,289
2050,313,SG_retrofit_2_Insul_retrofit_2_TR_retrofit_2_BW_retrofit_2,24.0,306
2050,313,SG_retrofit_2_Insul_retrofit_2_TR_retrofit_2_BW_retrofit_2,25.0,329
2050,313,SG_retrofit_2_Insul_retrofit_2_TR_retrofit_2_BW_retrofit_2,26.0,345
2050,314,SG_retrofit_2_Insul_retrofit_2_TR_retrofit_2_BW_retrofit_3,23.0,288
2050,314,SG_retrofit_2_Insul_retrofit_2_TR_retrofit_2_BW_retrofit_3,24.0,304
2050,314,SG_retrofit_2_Insul_retrofit_2_TR_retrofit_2_BW_retrofit_3,25.0,325
2050,314,SG_retrofit_2_Insul_retrofit_2_TR_retrofit_2_BW_retrofit_3,26.0,345
2050,315,SG_retrofit_2_Insul_retrofit_2_TR_retrofit_2_BW_retrofit_4,23.0,289
2050,315,SG_retrofit_2_Insul_retrofit_2_TR_retrofit_2_BW_retrofit_4,24.0,304
2050,315,SG_retrofit_2_Insul_retrofit_2_TR_retrofit_2_BW_retrofit_4,25.0,325
2050,315,SG_retrofit_2_Insul_retrofit_2_TR_retrofit_2_BW_retrofit_4,26.0,345
2050,316,SG_retrofit_2_Insul_retrofit_2_TR_retrofit_3_BW_current,23.0,297
2050,316,SG_retrofit_2_Insul_retrofit_2_TR_retrofit_3_BW_current,24.0,316
2050,316,SG_retrofit_2_Insul_retrofit_2_TR_retrofit_3_BW_current,25.0,330
2050,316,SG_retrofit_2_Insul_retrofit_2_TR_retrofit_3_BW_current,26.0,345
2050,317,SG_retrofit_2_Insul_retrofit_2_TR_retrofit_3_BW_retrofit_1,23.0,290
2050,317,SG_retrofit_2_Insul_retrofit_2_TR_retrofit_3_BW_retrofit_1,24.0,306
2050,317,SG_retrofit_2_Insul_retrofit_2_TR_retrofit_3_BW_retrofit_1,25.0,329
2050,317,SG_retrofit_2_Insul_retrofit_2_TR_retrofit_3_BW_retrofit_1,26.0,345
2050,318,SG_retrofit_2_Insul_retrofit_2_TR_retrofit_3_BW_retrofit_2,23.0,289
2050,318,SG_retrofit_2_Insul_retrofit_2_TR_retrofit_3_BW_retrofit_2,24.0,305
2050,318,SG_retrofit_2_Insul_retrofit_2_TR_retrofit_3_BW_retrofit_2,25.0,329
2050,318,SG_retrofit_2_Insul_retrofit_2_TR_retrofit_3_BW_retrofit_2,26.0,345
2050,319,SG_retrofit_2_Insul_retrofit_2_TR_retrofit_3_BW_retrofit_3,23.0,288
2050,319,SG_retrofit_2_Insul_retrofit_2_TR_retrofit_3_BW_retrofit_3,24.0,304
2050,319,SG_retrofit_2_Insul_retrofit_2_TR_retrofit_3_BW_retrofit_3,25.0,326
2050,319,SG_retrofit_2_Insul_retrofit_2_TR_retrofit_3_BW_retrofit_3,26.0,345
2050,320,SG_retrofit_2_Insul_retrofit_2_TR_retrofit_3_BW_retrofit_4,23.0,288
2050,320,SG_retrofit_2_Insul_retrofit_2_TR_retrofit_3_BW_retrofit_4,24.0,304
2050,320,SG_retrofit_2_Insul_retrofit_2_TR_retrofit_3_BW_retrofit_4,25.0,325
2050,320,SG_retrofit_2_Insul_retrofit_2_TR_retrofit_3_BW_retrofit_4,26.0,345
2050,321,SG_retrofit_2_Insul_retrofit_2_TR_retrofit_4_BW_current,23.0,297
2050,321,SG_retrofit_2_Insul_retrofit_2_TR_retrofit_4_BW_current,24.0,316
2050,321,SG_retrofit_2_Insul_retrofit_2_TR_retrofit_4_BW_current,25.0,330
2050,321,SG_retrofit_2_Insul_retrofit_2_TR_retrofit_4_BW_current,26.0,345
2050,322,SG_retrofit_2_Insul_retrofit_2_TR_retrofit_4_BW_retrofit_1,23.0,290
2050,322,SG_retrofit_2_Insul_retrofit_2_TR_retrofit_4_BW_retrofit_1,24.0,306
2050,322,SG_retrofit_2_Insul_retrofit_2_TR_retrofit_4_BW_retrofit_1,25.0,329
2050,322,SG_retrofit_2_Insul_retrofit_2_TR_retrofit_4_BW_retrofit_1,26.0,345
2050,323,SG_retrofit_2_Insul_retrofit_2_TR_retrofit_4_BW_retrofit_2,23.0,289
2050,323,SG_retrofit_2_Insul_retrofit_2_TR_retrofit_4_BW_retrofit_2,24.0,305
2050,323,SG_retrofit_2_Insul_retrofit_2_TR_retrofit_4_BW_retrofit_2,25.0,329
2050,323,SG_retrofit_2_Insul_retrofit_2_TR_retrofit_4_BW_retrofit_2,26.0,345
2050,324,SG_retrofit_2_Insul_retrofit_2_TR_retrofit_4_BW_retrofit_3,23.0,288
2050,324,SG_retrofit_2_Insul_retrofit_2_TR_retrofit_4_BW_retrofit_3,24.0,304
2050,324,SG_retrofit_2_Insul_retrofit_2_TR_retrofit_4_BW_retrofit_3,25.0,326
2050,324,SG_retrofit_2_Insul_retrofit_2_TR_retrofit_4_BW_retrofit_3,26.0,345
2050,325,SG_retrofit_2_Insul_retrofit_2_TR_retrofit_4_BW_retrofit_4,23.0,288
2050,325,SG_retrofit_2_Insul_retrofit_2_TR_retrofit_4_BW_retrofit_4,24.0,304
2050,325,SG_retrofit_2_Insul_retrofit_2_TR_retrofit_4_BW_retrofit_4,25.0,325
2050,325,SG_retrofit_2_Insul_retrofit_2_TR_retrofit_4_BW_retrofit_4,26.0,345
2050,326,SG_retrofit_2_Insul_retrofit_3_TR_current_BW_current,23.0,294
2050,326,SG_retrofit_2_Insul_retrofit_3_TR_current_BW_current,24.0,316
2050,326,SG_retrofit_2_Insul_retrofit_3_TR_current_BW_current,25.0,329
2050,326,SG_retrofit_2_Insul_retrofit_3_TR_current_BW_current,26.0,345
2050,327,SG_retrofit_2_Insul_retrofit_3_TR_current_BW_retrofit_1,23.0,289
2050,327,SG_retrofit_2_Insul_retrofit_3_TR_current_BW_retrofit_1,24.0,304
2050,327,SG_retrofit_2_Insul_retrofit_3_TR_current_BW_retrofit_1,25.0,326
2050,327,SG_retrofit_2_Insul_retrofit_3_TR_current_BW_retrofit_1,26.0,343
2050,328,SG_retrofit_2_Insul_retrofit_3_TR_current_BW_retrofit_2,23.0,288
2050,328,SG_retrofit_2_Insul_retrofit_3_TR_current_BW_retrofit_2,24.0,302
2050,328,SG_retrofit_2_Insul_retrofit_3_TR_current_BW_retrofit_2,25.0,324
2050,328,SG_retrofit_2_Insul_retrofit_3_TR_current_BW_retrofit_2,26.0,343
2050,329,SG_retrofit_2_Insul_retrofit_3_TR_current_BW_retrofit_3,23.0,287
2050,329,SG_retrofit_2_Insul_retrofit_3_TR_current_BW_retrofit_3,24.0,300
2050,329,SG_retrofit_2_Insul_retrofit_3_TR_current_BW_retrofit_3,25.0,323
2050,329,SG_retrofit_2_Insul_retrofit_3_TR_current_BW_retrofit_3,26.0,343
2050,330,SG_retrofit_2_Insul_retrofit_3_TR_current_BW_retrofit_4,23.0,287
2050,330,SG_retrofit_2_Insul_retrofit_3_TR_current_BW_retrofit_4,24.0,300
2050,330,SG_retrofit_2_Insul_retrofit_3_TR_current_BW_retrofit_4,25.0,323
2050,330,SG_retrofit_2_Insul_retrofit_3_TR_current_BW_retrofit_4,26.0,343
2050,331,SG_retrofit_2_Insul_retrofit_3_TR_retrofit_1_BW_current,23.0,295
2050,331,SG_retrofit_2_Insul_retrofit_3_TR_retrofit_1_BW_current,24.0,316
2050,331,SG_retrofit_2_Insul_retrofit_3_TR_retrofit_1_BW_current,25.0,329
2050,331,SG_retrofit_2_Insul_retrofit_3_TR_retrofit_1_BW_current,26.0,345
2050,332,SG_retrofit_2_Insul_retrofit_3_TR_retrofit_1_BW_retrofit_1,23.0,290
2050,332,SG_retrofit_2_Insul_retrofit_3_TR_retrofit_1_BW_retrofit_1,24.0,306
2050,332,SG_retrofit_2_Insul_retrofit_3_TR_retrofit_1_BW_retrofit_1,25.0,329
2050,332,SG_retrofit_2_Insul_retrofit_3_TR_retrofit_1_BW_retrofit_1,26.0,345
2050,333,SG_retrofit_2_Insul_retrofit_3_TR_retrofit_1_BW_retrofit_2,23.0,289
2050,333,SG_retrofit_2_Insul_retrofit_3_TR_retrofit_1_BW_retrofit_2,24.0,304
2050,333,SG_retrofit_2_Insul_retrofit_3_TR_retrofit_1_BW_retrofit_2,25.0,327
2050,333,SG_retrofit_2_Insul_retrofit_3_TR_retrofit_1_BW_retrofit_2,26.0,344
2050,334,SG_retrofit_2_Insul_retrofit_3_TR_retrofit_1_BW_retrofit_3,23.0,288
2050,334,SG_retrofit_2_Insul_retrofit_3_TR_retrofit_1_BW_retrofit_3,24.0,302
2050,334,SG_retrofit_2_Insul_retrofit_3_TR_retrofit_1_BW_retrofit_3,25.0,324
2050,334,SG_retrofit_2_Insul_retrofit_3_TR_retrofit_1_BW_retrofit_3,26.0,344
2050,335,SG_retrofit_2_Insul_retrofit_3_TR_retrofit_1_BW_retrofit_4,23.0,288
2050,335,SG_retrofit_2_Insul_retrofit_3_TR_retrofit_1_BW_retrofit_4,24.0,303
2050,335,SG_retrofit_2_Insul_retrofit_3_TR_retrofit_1_BW_retrofit_4,25.0,325
2050,335,SG_retrofit_2_Insul_retrofit_3_TR_retrofit_1_BW_retrofit_4,26.0,344
2050,336,SG_retrofit_2_Insul_retrofit_3_TR_retrofit_2_BW_current,23.0,294
2050,336,SG_retrofit_2_Insul_retrofit_3_TR_retrofit_2_BW_current,24.0,316
2050,336,SG_retrofit_2_Insul_retrofit_3_TR_retrofit_2_BW_current,25.0,329
2050,336,SG_retrofit_2_Insul_retrofit_3_TR_retrofit_2_BW_current,26.0,345
2050,337,SG_retrofit_2_Insul_retrofit_3_TR_retrofit_2_BW_retrofit_1,23.0,290
2050,337,SG_retrofit_2_Insul_retrofit_3_TR_retrofit_2_BW_retrofit_1,24.0,306
2050,337,SG_retrofit_2_Insul_retrofit_3_TR_retrofit_2_BW_retrofit_1,25.0,329
2050,337,SG_retrofit_2_Insul_retrofit_3_TR_retrofit_2_BW_retrofit_1,26.0,345
2050,338,SG_retrofit_2_Insul_retrofit_3_TR_retrofit_2_BW_retrofit_2,23.0,289
2050,338,SG_retrofit_2_Insul_retrofit_3_TR_retrofit_2_BW_retrofit_2,24.0,304
2050,338,SG_retrofit_2_Insul_retrofit_3_TR_retrofit_2_BW_retrofit_2,25.0,327
2050,338,SG_retrofit_2_Insul_retrofit_3_TR_retrofit_2_BW_retrofit_2,26.0,343
2050,339,SG_retrofit_2_Insul_retrofit_3_TR_retrofit_2_BW_retrofit_3,23.0,288
2050,339,SG_retrofit_2_Insul_retrofit_3_TR_retrofit_2_BW_retrofit_3,24.0,302
2050,339,SG_retrofit_2_Insul_retrofit_3_TR_retrofit_2_BW_retrofit_3,25.0,324
2050,339,SG_retrofit_2_Insul_retrofit_3_TR_retrofit_2_BW_retrofit_3,26.0,344
2050,340,SG_retrofit_2_Insul_retrofit_3_TR_retrofit_2_BW_retrofit_4,23.0,288
2050,340,SG_retrofit_2_Insul_retrofit_3_TR_retrofit_2_BW_retrofit_4,24.0,302
2050,340,SG_retrofit_2_Insul_retrofit_3_TR_retrofit_2_BW_retrofit_4,25.0,325
2050,340,SG_retrofit_2_Insul_retrofit_3_TR_retrofit_2_BW_retrofit_4,26.0,344
2050,341,SG_retrofit_2_Insul_retrofit_3_TR_retrofit_3_BW_current,23.0,294
2050,341,SG_retrofit_2_Insul_retrofit_3_TR_retrofit_3_BW_current,24.0,316
2050,341,SG_retrofit_2_Insul_retrofit_3_TR_retrofit_3_BW_current,25.0,329
2050,341,SG_retrofit_2_Insul_retrofit_3_TR_retrofit_3_BW_current,26.0,345
2050,342,SG_retrofit_2_Insul_retrofit_3_TR_retrofit_3_BW_retrofit_1,23.0,290
2050,342,SG_retrofit_2_Insul_retrofit_3_TR_retrofit_3_BW_retrofit_1,24.0,306
2050,342,SG_retrofit_2_Insul_retrofit_3_TR_retrofit_3_BW_retrofit_1,25.0,329
2050,342,SG_retrofit_2_Insul_retrofit_3_TR_retrofit_3_BW_retrofit_1,26.0,345
2050,343,SG_retrofit_2_Insul_retrofit_3_TR_retrofit_3_BW_retrofit_2,23.0,289
2050,343,SG_retrofit_2_Insul_retrofit_3_TR_retrofit_3_BW_retrofit_2,24.0,304
2050,343,SG_retrofit_2_Insul_retrofit_3_TR_retrofit_3_BW_retrofit_2,25.0,327
2050,343,SG_retrofit_2_Insul_retrofit_3_TR_retrofit_3_BW_retrofit_2,26.0,344
2050,344,SG_retrofit_2_Insul_retrofit_3_TR_retrofit_3_BW_retrofit_3,23.0,287
2050,344,SG_retrofit_2_Insul_retrofit_3_TR_retrofit_3_BW_retrofit_3,24.0,302
2050,344,SG_retrofit_2_Insul_retrofit_3_TR_retrofit_3_BW_retrofit_3,25.0,324
2050,344,SG_retrofit_2_Insul_retrofit_3_TR_retrofit_3_BW_retrofit_3,26.0,344
2050,345,SG_retrofit_2_Insul_retrofit_3_TR_retrofit_3_BW_retrofit_4,23.0,287
2050,345,SG_retrofit_2_Insul_retrofit_3_TR_retrofit_3_BW_retrofit_4,24.0,302
2050,345,SG_retrofit_2_Insul_retrofit_3_TR_retrofit_3_BW_retrofit_4,25.0,325
2050,345,SG_retrofit_2_Insul_retrofit_3_TR_retrofit_3_BW_retrofit_4,26.0,344
2050,346,SG_retrofit_2_Insul_retrofit_3_TR_retrofit_4_BW_current,23.0,294
2050,346,SG_retrofit_2_Insul_retrofit_3_TR_retrofit_4_BW_current,24.0,316
2050,346,SG_retrofit_2_Insul_retrofit_3_TR_retrofit_4_BW_current,25.0,329
2050,346,SG_retrofit_2_Insul_retrofit_3_TR_retrofit_4_BW_current,26.0,345
2050,347,SG_retrofit_2_Insul_retrofit_3_TR_retrofit_4_BW_retrofit_1,23.0,290
2050,347,SG_retrofit_2_Insul_retrofit_3_TR_retrofit_4_BW_retrofit_1,24.0,306
2050,347,SG_retrofit_2_Insul_retrofit_3_TR_retrofit_4_BW_retrofit_1,25.0,329
2050,347,SG_retrofit_2_Insul_retrofit_3_TR_retrofit_4_BW_retrofit_1,26.0,345
2050,348,SG_retrofit_2_Insul_retrofit_3_TR_retrofit_4_BW_retrofit_2,23.0,289
2050,348,SG_retrofit_2_Insul_retrofit_3_TR_retrofit_4_BW_retrofit_2,24.0,304
2050,348,SG_retrofit_2_Insul_retrofit_3_TR_retrofit_4_BW_retrofit_2,25.0,327
2050,348,SG_retrofit_2_Insul_retrofit_3_TR_retrofit_4_BW_retrofit_2,26.0,344
2050,349,SG_retrofit_2_Insul_retrofit_3_TR_retrofit_4_BW_retrofit_3,23.0,287
2050,349,SG_retrofit_2_Insul_retrofit_3_TR_retrofit_4_BW_retrofit_3,24.0,302
2050,349,SG_retrofit_2_Insul_retrofit_3_TR_retrofit_4_BW_retrofit_3,25.0,324
2050,349,SG_retrofit_2_Insul_retrofit_3_TR_retrofit_4_BW_retrofit_3,26.0,344
2050,350,SG_retrofit_2_Insul_retrofit_3_TR_retrofit_4_BW_retrofit_4,23.0,287
2050,350,SG_retrofit_2_Insul_retrofit_3_TR_retrofit_4_BW_retrofit_4,24.0,302
2050,350,SG_retrofit_2_Insul_retrofit_3_TR_retrofit_4_BW_retrofit_4,25.0,325
2050,350,SG_retrofit_2_Insul_retrofit_3_TR_retrofit_4_BW_retrofit_4,26.0,344
2050,351,SG_retrofit_2_Insul_retrofit_4_TR_current_BW_current,23.0,294
2050,351,SG_retrofit_2_Insul_retrofit_4_TR_current_BW_current,24.0,316
2050,351,SG_retrofit_2_Insul_retrofit_4_TR_current_BW_current,25.0,329
2050,351,SG_retrofit_2_Insul_retrofit_4_TR_current_BW_current,26.0,345
2050,352,SG_retrofit_2_Insul_retrofit_4_TR_current_BW_retrofit_1,23.0,289
2050,352,SG_retrofit_2_Insul_retrofit_4_TR_current_BW_retrofit_1,24.0,304
2050,352,SG_retrofit_2_Insul_retrofit_4_TR_current_BW_retrofit_1,25.0,325
2050,352,SG_retrofit_2_Insul_retrofit_4_TR_current_BW_retrofit_1,26.0,343
2050,353,SG_retrofit_2_Insul_retrofit_4_TR_current_BW_retrofit_2,23.0,288
2050,353,SG_retrofit_2_Insul_retrofit_4_TR_current_BW_retrofit_2,24.0,302
2050,353,SG_retrofit_2_Insul_retrofit_4_TR_current_BW_retrofit_2,25.0,324
2050,353,SG_retrofit_2_Insul_retrofit_4_TR_current_BW_retrofit_2,26.0,343
2050,354,SG_retrofit_2_Insul_retrofit_4_TR_current_BW_retrofit_3,23.0,287
2050,354,SG_retrofit_2_Insul_retrofit_4_TR_current_BW_retrofit_3,24.0,300
2050,354,SG_retrofit_2_Insul_retrofit_4_TR_current_BW_retrofit_3,25.0,323
2050,354,SG_retrofit_2_Insul_retrofit_4_TR_current_BW_retrofit_3,26.0,343
2050,355,SG_retrofit_2_Insul_retrofit_4_TR_current_BW_retrofit_4,23.0,287
2050,355,SG_retrofit_2_Insul_retrofit_4_TR_current_BW_retrofit_4,24.0,300
2050,355,SG_retrofit_2_Insul_retrofit_4_TR_current_BW_retrofit_4,25.0,323
2050,355,SG_retrofit_2_Insul_retrofit_4_TR_current_BW_retrofit_4,26.0,343
2050,356,SG_retrofit_2_Insul_retrofit_4_TR_retrofit_1_BW_current,23.0,295
2050,356,SG_retrofit_2_Insul_retrofit_4_TR_retrofit_1_BW_current,24.0,316
2050,356,SG_retrofit_2_Insul_retrofit_4_TR_retrofit_1_BW_current,25.0,329
2050,356,SG_retrofit_2_Insul_retrofit_4_TR_retrofit_1_BW_current,26.0,345
2050,357,SG_retrofit_2_Insul_retrofit_4_TR_retrofit_1_BW_retrofit_1,23.0,289
2050,357,SG_retrofit_2_Insul_retrofit_4_TR_retrofit_1_BW_retrofit_1,24.0,306
2050,357,SG_retrofit_2_Insul_retrofit_4_TR_retrofit_1_BW_retrofit_1,25.0,328
2050,357,SG_retrofit_2_Insul_retrofit_4_TR_retrofit_1_BW_retrofit_1,26.0,345
2050,358,SG_retrofit_2_Insul_retrofit_4_TR_retrofit_1_BW_retrofit_2,23.0,289
2050,358,SG_retrofit_2_Insul_retrofit_4_TR_retrofit_1_BW_retrofit_2,24.0,304
2050,358,SG_retrofit_2_Insul_retrofit_4_TR_retrofit_1_BW_retrofit_2,25.0,326
2050,358,SG_retrofit_2_Insul_retrofit_4_TR_retrofit_1_BW_retrofit_2,26.0,343
2050,359,SG_retrofit_2_Insul_retrofit_4_TR_retrofit_1_BW_retrofit_3,23.0,288
2050,359,SG_retrofit_2_Insul_retrofit_4_TR_retrofit_1_BW_retrofit_3,24.0,302
2050,359,SG_retrofit_2_Insul_retrofit_4_TR_retrofit_1_BW_retrofit_3,25.0,324
2050,359,SG_retrofit_2_Insul_retrofit_4_TR_retrofit_1_BW_retrofit_3,26.0,344
2050,360,SG_retrofit_2_Insul_retrofit_4_TR_retrofit_1_BW_retrofit_4,23.0,288
2050,360,SG_retrofit_2_Insul_retrofit_4_TR_retrofit_1_BW_retrofit_4,24.0,302
2050,360,SG_retrofit_2_Insul_retrofit_4_TR_retrofit_1_BW_retrofit_4,25.0,324
2050,360,SG_retrofit_2_Insul_retrofit_4_TR_retrofit_1_BW_retrofit_4,26.0,344
2050,361,SG_retrofit_2_Insul_retrofit_4_TR_retrofit_2_BW_current,23.0,295
2050,361,SG_retrofit_2_Insul_retrofit_4_TR_retrofit_2_BW_current,24.0,316
2050,361,SG_retrofit_2_Insul_retrofit_4_TR_retrofit_2_BW_current,25.0,329
2050,361,SG_retrofit_2_Insul_retrofit_4_TR_retrofit_2_BW_current,26.0,345
2050,362,SG_retrofit_2_Insul_retrofit_4_TR_retrofit_2_BW_retrofit_1,23.0,289
2050,362,SG_retrofit_2_Insul_retrofit_4_TR_retrofit_2_BW_retrofit_1,24.0,306
2050,362,SG_retrofit_2_Insul_retrofit_4_TR_retrofit_2_BW_retrofit_1,25.0,328
2050,362,SG_retrofit_2_Insul_retrofit_4_TR_retrofit_2_BW_retrofit_1,26.0,345
2050,363,SG_retrofit_2_Insul_retrofit_4_TR_retrofit_2_BW_retrofit_2,23.0,289
2050,363,SG_retrofit_2_Insul_retrofit_4_TR_retrofit_2_BW_retrofit_2,24.0,304
2050,363,SG_retrofit_2_Insul_retrofit_4_TR_retrofit_2_BW_retrofit_2,25.0,326
2050,363,SG_retrofit_2_Insul_retrofit_4_TR_retrofit_2_BW_retrofit_2,26.0,343
2050,364,SG_retrofit_2_Insul_retrofit_4_TR_retrofit_2_BW_retrofit_3,23.0,287
2050,364,SG_retrofit_2_Insul_retrofit_4_TR_retrofit_2_BW_retrofit_3,24.0,302
2050,364,SG_retrofit_2_Insul_retrofit_4_TR_retrofit_2_BW_retrofit_3,25.0,324
2050,364,SG_retrofit_2_Insul_retrofit_4_TR_retrofit_2_BW_retrofit_3,26.0,343
2050,365,SG_retrofit_2_Insul_retrofit_4_TR_retrofit_2_BW_retrofit_4,23.0,287
2050,365,SG_retrofit_2_Insul_retrofit_4_TR_retrofit_2_BW_retrofit_4,24.0,302
2050,365,SG_retrofit_2_Insul_retrofit_4_TR_retrofit_2_BW_retrofit_4,25.0,324
2050,365,SG_retrofit_2_Insul_retrofit_4_TR_retrofit_2_BW_retrofit_4,26.0,344
2050,366,SG_retrofit_2_Insul_retrofit_4_TR_retrofit_3_BW_current,23.0,295
2050,366,SG_retrofit_2_Insul_retrofit_4_TR_retrofit_3_BW_current,24.0,316
2050,366,SG_retrofit_2_Insul_retrofit_4_TR_retrofit_3_BW_current,25.0,329
2050,366,SG_retrofit_2_Insul_retrofit_4_TR_retrofit_3_BW_current,26.0,345
2050,367,SG_retrofit_2_Insul_retrofit_4_TR_retrofit_3_BW_retrofit_1,23.0,289
2050,367,SG_retrofit_2_Insul_retrofit_4_TR_retrofit_3_BW_retrofit_1,24.0,306
2050,367,SG_retrofit_2_Insul_retrofit_4_TR_retrofit_3_BW_retrofit_1,25.0,329
2050,367,SG_retrofit_2_Insul_retrofit_4_TR_retrofit_3_BW_retrofit_1,26.0,345
2050,368,SG_retrofit_2_Insul_retrofit_4_TR_retrofit_3_BW_retrofit_2,23.0,288
2050,368,SG_retrofit_2_Insul_retrofit_4_TR_retrofit_3_BW_retrofit_2,24.0,304
2050,368,SG_retrofit_2_Insul_retrofit_4_TR_retrofit_3_BW_retrofit_2,25.0,325
2050,368,SG_retrofit_2_Insul_retrofit_4_TR_retrofit_3_BW_retrofit_2,26.0,343
2050,369,SG_retrofit_2_Insul_retrofit_4_TR_retrofit_3_BW_retrofit_3,23.0,287
2050,369,SG_retrofit_2_Insul_retrofit_4_TR_retrofit_3_BW_retrofit_3,24.0,302
2050,369,SG_retrofit_2_Insul_retrofit_4_TR_retrofit_3_BW_retrofit_3,25.0,324
2050,369,SG_retrofit_2_Insul_retrofit_4_TR_retrofit_3_BW_retrofit_3,26.0,343
2050,370,SG_retrofit_2_Insul_retrofit_4_TR_retrofit_3_BW_retrofit_4,23.0,287
2050,370,SG_retrofit_2_Insul_retrofit_4_TR_retrofit_3_BW_retrofit_4,24.0,302
2050,370,SG_retrofit_2_Insul_retrofit_4_TR_retrofit_3_BW_retrofit_4,25.0,324
2050,370,SG_retrofit_2_Insul_retrofit_4_TR_retrofit_3_BW_retrofit_4,26.0,344
2050,371,SG_retrofit_2_Insul_retrofit_4_TR_retrofit_4_BW_current,23.0,295
2050,371,SG_retrofit_2_Insul_retrofit_4_TR_retrofit_4_BW_current,24.0,316
2050,371,SG_retrofit_2_Insul_retrofit_4_TR_retrofit_4_BW_current,25.0,329
2050,371,SG_retrofit_2_Insul_retrofit_4_TR_retrofit_4_BW_current,26.0,345
2050,372,SG_retrofit_2_Insul_retrofit_4_TR_retrofit_4_BW_retrofit_1,23.0,289
2050,372,SG_retrofit_2_Insul_retrofit_4_TR_retrofit_4_BW_retrofit_1,24.0,306
2050,372,SG_retrofit_2_Insul_retrofit_4_TR_retrofit_4_BW_retrofit_1,25.0,329
2050,372,SG_retrofit_2_Insul_retrofit_4_TR_retrofit_4_BW_retrofit_1,26.0,345
2050,373,SG_retrofit_2_Insul_retrofit_4_TR_retrofit_4_BW_retrofit_2,23.0,288
2050,373,SG_retrofit_2_Insul_retrofit_4_TR_retrofit_4_BW_retrofit_2,24.0,304
2050,373,SG_retrofit_2_Insul_retrofit_4_TR_retrofit_4_BW_retrofit_2,25.0,325
2050,373,SG_retrofit_2_Insul_retrofit_4_TR_retrofit_4_BW_retrofit_2,26.0,343
2050,374,SG_retrofit_2_Insul_retrofit_4_TR_retrofit_4_BW_retrofit_3,23.0,287
2050,374,SG_retrofit_2_Insul_retrofit_4_TR_retrofit_4_BW_retrofit_3,24.0,302
2050,374,SG_retrofit_2_Insul_retrofit_4_TR_retrofit_4_BW_retrofit_3,25.0,324
2050,374,SG_retrofit_2_Insul_retrofit_4_TR_retrofit_4_BW_retrofit_3,26.0,343
2050,375,SG_retrofit_2_Insul_retrofit_4_TR_retrofit_4_BW_retrofit_4,23.0,287
2050,375,SG_retrofit_2_Insul_retrofit_4_TR_retrofit_4_BW_retrofit_4,24.0,302
2050,375,SG_retrofit_2_Insul_retrofit_4_TR_retrofit_4_BW_retrofit_4,25.0,324
2050,375,SG_retrofit_2_Insul_retrofit_4_TR_retrofit_4_BW_retrofit_4,26.0,344
2050,376,SG_retrofit_3_Insul_current_TR_current_BW_current,23.0,324
2050,376,SG_retrofit_3_Insul_current_TR_current_BW_current,24.0,339
2050,376,SG_retrofit_3_Insul_current_TR_current_BW_current,25.0,348
2050,376,SG_retrofit_3_Insul_current_TR_current_BW_current,26.0,361
2050,377,SG_retrofit_3_Insul_current_TR_current_BW_retrofit_1,23.0,321
2050,377,SG_retrofit_3_Insul_current_TR_current_BW_retrofit_1,24.0,343
2050,377,SG_retrofit_3_Insul_current_TR_current_BW_retrofit_1,25.0,350
2050,377,SG_retrofit_3_Insul_current_TR_current_BW_retrofit_1,26.0,361
2050,378,SG_retrofit_3_Insul_current_TR_current_BW_retrofit_2,23.0,322
2050,378,SG_retrofit_3_Insul_current_TR_current_BW_retrofit_2,24.0,343
2050,378,SG_retrofit_3_Insul_current_TR_current_BW_retrofit_2,25.0,351
2050,378,SG_retrofit_3_Insul_current_TR_current_BW_retrofit_2,26.0,362
2050,379,SG_retrofit_3_Insul_current_TR_current_BW_retrofit_3,23.0,322
2050,379,SG_retrofit_3_Insul_current_TR_current_BW_retrofit_3,24.0,343
2050,379,SG_retrofit_3_Insul_current_TR_current_BW_retrofit_3,25.0,351
2050,379,SG_retrofit_3_Insul_current_TR_current_BW_retrofit_3,26.0,363
2050,380,SG_retrofit_3_Insul_current_TR_current_BW_retrofit_4,23.0,322
2050,380,SG_retrofit_3_Insul_current_TR_current_BW_retrofit_4,24.0,343
2050,380,SG_retrofit_3_Insul_current_TR_current_BW_retrofit_4,25.0,351
2050,380,SG_retrofit_3_Insul_current_TR_current_BW_retrofit_4,26.0,363
2050,381,SG_retrofit_3_Insul_current_TR_retrofit_1_BW_current,23.0,324
2050,381,SG_retrofit_3_Insul_current_TR_retrofit_1_BW_current,24.0,342
2050,381,SG_retrofit_3_Insul_current_TR_retrofit_1_BW_current,25.0,348
2050,381,SG_retrofit_3_Insul_current_TR_retrofit_1_BW_current,26.0,361
2050,382,SG_retrofit_3_Insul_current_TR_retrofit_1_BW_retrofit_1,23.0,322
2050,382,SG_retrofit_3_Insul_current_TR_retrofit_1_BW_retrofit_1,24.0,344
2050,382,SG_retrofit_3_Insul_current_TR_retrofit_1_BW_retrofit_1,25.0,351
2050,382,SG_retrofit_3_Insul_current_TR_retrofit_1_BW_retrofit_1,26.0,363
2050,383,SG_retrofit_3_Insul_current_TR_retrofit_1_BW_retrofit_2,23.0,322
2050,383,SG_retrofit_3_Insul_current_TR_retrofit_1_BW_retrofit_2,24.0,345
2050,383,SG_retrofit_3_Insul_current_TR_retrofit_1_BW_retrofit_2,25.0,351
2050,383,SG_retrofit_3_Insul_current_TR_retrofit_1_BW_retrofit_2,26.0,363
2050,384,SG_retrofit_3_Insul_current_TR_retrofit_1_BW_retrofit_3,23.0,322
2050,384,SG_retrofit_3_Insul_current_TR_retrofit_1_BW_retrofit_3,24.0,346
2050,384,SG_retrofit_3_Insul_current_TR_retrofit_1_BW_retrofit_3,25.0,352
2050,384,SG_retrofit_3_Insul_current_TR_retrofit_1_BW_retrofit_3,26.0,363
2050,385,SG_retrofit_3_Insul_current_TR_retrofit_1_BW_retrofit_4,23.0,322
2050,385,SG_retrofit_3_Insul_current_TR_retrofit_1_BW_retrofit_4,24.0,346
2050,385,SG_retrofit_3_Insul_current_TR_retrofit_1_BW_retrofit_4,25.0,352
2050,385,SG_retrofit_3_Insul_current_TR_retrofit_1_BW_retrofit_4,26.0,363
2050,386,SG_retrofit_3_Insul_current_TR_retrofit_2_BW_current,23.0,324
2050,386,SG_retrofit_3_Insul_current_TR_retrofit_2_BW_current,24.0,342
2050,386,SG_retrofit_3_Insul_current_TR_retrofit_2_BW_current,25.0,349
2050,386,SG_retrofit_3_Insul_current_TR_retrofit_2_BW_current,26.0,361
2050,387,SG_retrofit_3_Insul_current_TR_retrofit_2_BW_retrofit_1,23.0,322
2050,387,SG_retrofit_3_Insul_current_TR_retrofit_2_BW_retrofit_1,24.0,344
2050,387,SG_retrofit_3_Insul_current_TR_retrofit_2_BW_retrofit_1,25.0,351
2050,387,SG_retrofit_3_Insul_current_TR_retrofit_2_BW_retrofit_1,26.0,363
2050,388,SG_retrofit_3_Insul_current_TR_retrofit_2_BW_retrofit_2,23.0,322
2050,388,SG_retrofit_3_Insul_current_TR_retrofit_2_BW_retrofit_2,24.0,345
2050,388,SG_retrofit_3_Insul_current_TR_retrofit_2_BW_retrofit_2,25.0,351
2050,388,SG_retrofit_3_Insul_current_TR_retrofit_2_BW_retrofit_2,26.0,363
2050,389,SG_retrofit_3_Insul_current_TR_retrofit_2_BW_retrofit_3,23.0,322
2050,389,SG_retrofit_3_Insul_current_TR_retrofit_2_BW_retrofit_3,24.0,346
2050,389,SG_retrofit_3_Insul_current_TR_retrofit_2_BW_retrofit_3,25.0,352
2050,389,SG_retrofit_3_Insul_current_TR_retrofit_2_BW_retrofit_3,26.0,363
2050,390,SG_retrofit_3_Insul_current_TR_retrofit_2_BW_retrofit_4,23.0,322
2050,390,SG_retrofit_3_Insul_current_TR_retrofit_2_BW_retrofit_4,24.0,346
2050,390,SG_retrofit_3_Insul_current_TR_retrofit_2_BW_retrofit_4,25.0,352
2050,390,SG_retrofit_3_Insul_current_TR_retrofit_2_BW_retrofit_4,26.0,363
2050,391,SG_retrofit_3_Insul_current_TR_retrofit_3_BW_current,23.0,324
2050,391,SG_retrofit_3_Insul_current_TR_retrofit_3_BW_current,24.0,342
2050,391,SG_retrofit_3_Insul_current_TR_retrofit_3_BW_current,25.0,349
2050,391,SG_retrofit_3_Insul_current_TR_retrofit_3_BW_current,26.0,361
2050,392,SG_retrofit_3_Insul_current_TR_retrofit_3_BW_retrofit_1,23.0,322
2050,392,SG_retrofit_3_Insul_current_TR_retrofit_3_BW_retrofit_1,24.0,344
2050,392,SG_retrofit_3_Insul_current_TR_retrofit_3_BW_retrofit_1,25.0,351
2050,392,SG_retrofit_3_Insul_current_TR_retrofit_3_BW_retrofit_1,26.0,363
2050,393,SG_retrofit_3_Insul_current_TR_retrofit_3_BW_retrofit_2,23.0,322
2050,393,SG_retrofit_3_Insul_current_TR_retrofit_3_BW_retrofit_2,24.0,345
2050,393,SG_retrofit_3_Insul_current_TR_retrofit_3_BW_retrofit_2,25.0,351
2050,393,SG_retrofit_3_Insul_current_TR_retrofit_3_BW_retrofit_2,26.0,363
2050,394,SG_retrofit_3_Insul_current_TR_retrofit_3_BW_retrofit_3,23.0,322
2050,394,SG_retrofit_3_Insul_current_TR_retrofit_3_BW_retrofit_3,24.0,346
2050,394,SG_retrofit_3_Insul_current_TR_retrofit_3_BW_retrofit_3,25.0,353
2050,394,SG_retrofit_3_Insul_current_TR_retrofit_3_BW_retrofit_3,26.0,363
2050,395,SG_retrofit_3_Insul_current_TR_retrofit_3_BW_retrofit_4,23.0,322
2050,395,SG_retrofit_3_Insul_current_TR_retrofit_3_BW_retrofit_4,24.0,346
2050,395,SG_retrofit_3_Insul_current_TR_retrofit_3_BW_retrofit_4,25.0,352
2050,395,SG_retrofit_3_Insul_current_TR_retrofit_3_BW_retrofit_4,26.0,363
2050,396,SG_retrofit_3_Insul_current_TR_retrofit_4_BW_current,23.0,324
2050,396,SG_retrofit_3_Insul_current_TR_retrofit_4_BW_current,24.0,342
2050,396,SG_retrofit_3_Insul_current_TR_retrofit_4_BW_current,25.0,349
2050,396,SG_retrofit_3_Insul_current_TR_retrofit_4_BW_current,26.0,361
2050,397,SG_retrofit_3_Insul_current_TR_retrofit_4_BW_retrofit_1,23.0,322
2050,397,SG_retrofit_3_Insul_current_TR_retrofit_4_BW_retrofit_1,24.0,344
2050,397,SG_retrofit_3_Insul_current_TR_retrofit_4_BW_retrofit_1,25.0,351
2050,397,SG_retrofit_3_Insul_current_TR_retrofit_4_BW_retrofit_1,26.0,363
2050,398,SG_retrofit_3_Insul_current_TR_retrofit_4_BW_retrofit_2,23.0,322
2050,398,SG_retrofit_3_Insul_current_TR_retrofit_4_BW_retrofit_2,24.0,345
2050,398,SG_retrofit_3_Insul_current_TR_retrofit_4_BW_retrofit_2,25.0,351
2050,398,SG_retrofit_3_Insul_current_TR_retrofit_4_BW_retrofit_2,26.0,363
2050,399,SG_retrofit_3_Insul_current_TR_retrofit_4_BW_retrofit_3,23.0,322
2050,399,SG_retrofit_3_Insul_current_TR_retrofit_4_BW_retrofit_3,24.0,346
2050,399,SG_retrofit_3_Insul_current_TR_retrofit_4_BW_retrofit_3,25.0,352
2050,399,SG_retrofit_3_Insul_current_TR_retrofit_4_BW_retrofit_3,26.0,363
2050,400,SG_retrofit_3_Insul_current_TR_retrofit_4_BW_retrofit_4,23.0,322
2050,400,SG_retrofit_3_Insul_current_TR_retrofit_4_BW_retrofit_4,24.0,346
2050,400,SG_retrofit_3_Insul_current_TR_retrofit_4_BW_retrofit_4,25.0,352
2050,400,SG_retrofit_3_Insul_current_TR_retrofit_4_BW_retrofit_4,26.0,363
2050,401,SG_retrofit_3_Insul_retrofit_1_TR_current_BW_current,23.0,294
2050,401,SG_retrofit_3_Insul_retrofit_1_TR_current_BW_current,24.0,316
2050,401,SG_retrofit_3_Insul_retrofit_1_TR_current_BW_current,25.0,329
2050,401,SG_retrofit_3_Insul_retrofit_1_TR_current_BW_current,26.0,345
2050,402,SG_retrofit_3_Insul_retrofit_1_TR_current_BW_retrofit_1,23.0,289
2050,402,SG_retrofit_3_Insul_retrofit_1_TR_current_BW_retrofit_1,24.0,303
2050,402,SG_retrofit_3_Insul_retrofit_1_TR_current_BW_retrofit_1,25.0,325
2050,402,SG_retrofit_3_Insul_retrofit_1_TR_current_BW_retrofit_1,26.0,344
2050,403,SG_retrofit_3_Insul_retrofit_1_TR_current_BW_retrofit_2,23.0,288
2050,403,SG_retrofit_3_Insul_retrofit_1_TR_current_BW_retrofit_2,24.0,302
2050,403,SG_retrofit_3_Insul_retrofit_1_TR_current_BW_retrofit_2,25.0,325
2050,403,SG_retrofit_3_Insul_retrofit_1_TR_current_BW_retrofit_2,26.0,343
2050,404,SG_retrofit_3_Insul_retrofit_1_TR_current_BW_retrofit_3,23.0,287
2050,404,SG_retrofit_3_Insul_retrofit_1_TR_current_BW_retrofit_3,24.0,300
2050,404,SG_retrofit_3_Insul_retrofit_1_TR_current_BW_retrofit_3,25.0,324
2050,404,SG_retrofit_3_Insul_retrofit_1_TR_current_BW_retrofit_3,26.0,343
2050,405,SG_retrofit_3_Insul_retrofit_1_TR_current_BW_retrofit_4,23.0,287
2050,405,SG_retrofit_3_Insul_retrofit_1_TR_current_BW_retrofit_4,24.0,300
2050,405,SG_retrofit_3_Insul_retrofit_1_TR_current_BW_retrofit_4,25.0,324
2050,405,SG_retrofit_3_Insul_retrofit_1_TR_current_BW_retrofit_4,26.0,343
2050,406,SG_retrofit_3_Insul_retrofit_1_TR_retrofit_1_BW_current,23.0,297
2050,406,SG_retrofit_3_Insul_retrofit_1_TR_retrofit_1_BW_current,24.0,316
2050,406,SG_retrofit_3_Insul_retrofit_1_TR_retrofit_1_BW_current,25.0,330
2050,406,SG_retrofit_3_Insul_retrofit_1_TR_retrofit_1_BW_current,26.0,345
2050,407,SG_retrofit_3_Insul_retrofit_1_TR_retrofit_1_BW_retrofit_1,23.0,289
2050,407,SG_retrofit_3_Insul_retrofit_1_TR_retrofit_1_BW_retrofit_1,24.0,305
2050,407,SG_retrofit_3_Insul_retrofit_1_TR_retrofit_1_BW_retrofit_1,25.0,328
2050,407,SG_retrofit_3_Insul_retrofit_1_TR_retrofit_1_BW_retrofit_1,26.0,345
2050,408,SG_retrofit_3_Insul_retrofit_1_TR_retrofit_1_BW_retrofit_2,23.0,288
2050,408,SG_retrofit_3_Insul_retrofit_1_TR_retrofit_1_BW_retrofit_2,24.0,304
2050,408,SG_retrofit_3_Insul_retrofit_1_TR_retrofit_1_BW_retrofit_2,25.0,327
2050,408,SG_retrofit_3_Insul_retrofit_1_TR_retrofit_1_BW_retrofit_2,26.0,344
2050,409,SG_retrofit_3_Insul_retrofit_1_TR_retrofit_1_BW_retrofit_3,23.0,287
2050,409,SG_retrofit_3_Insul_retrofit_1_TR_retrofit_1_BW_retrofit_3,24.0,302
2050,409,SG_retrofit_3_Insul_retrofit_1_TR_retrofit_1_BW_retrofit_3,25.0,325
2050,409,SG_retrofit_3_Insul_retrofit_1_TR_retrofit_1_BW_retrofit_3,26.0,345
2050,410,SG_retrofit_3_Insul_retrofit_1_TR_retrofit_1_BW_retrofit_4,23.0,287
2050,410,SG_retrofit_3_Insul_retrofit_1_TR_retrofit_1_BW_retrofit_4,24.0,301
2050,410,SG_retrofit_3_Insul_retrofit_1_TR_retrofit_1_BW_retrofit_4,25.0,325
2050,410,SG_retrofit_3_Insul_retrofit_1_TR_retrofit_1_BW_retrofit_4,26.0,345
2050,411,SG_retrofit_3_Insul_retrofit_1_TR_retrofit_2_BW_current,23.0,297
2050,411,SG_retrofit_3_Insul_retrofit_1_TR_retrofit_2_BW_current,24.0,316
2050,411,SG_retrofit_3_Insul_retrofit_1_TR_retrofit_2_BW_current,25.0,330
2050,411,SG_retrofit_3_Insul_retrofit_1_TR_retrofit_2_BW_current,26.0,345
2050,412,SG_retrofit_3_Insul_retrofit_1_TR_retrofit_2_BW_retrofit_1,23.0,289
2050,412,SG_retrofit_3_Insul_retrofit_1_TR_retrofit_2_BW_retrofit_1,24.0,305
2050,412,SG_retrofit_3_Insul_retrofit_1_TR_retrofit_2_BW_retrofit_1,25.0,328
2050,412,SG_retrofit_3_Insul_retrofit_1_TR_retrofit_2_BW_retrofit_1,26.0,345
2050,413,SG_retrofit_3_Insul_retrofit_1_TR_retrofit_2_BW_retrofit_2,23.0,288
2050,413,SG_retrofit_3_Insul_retrofit_1_TR_retrofit_2_BW_retrofit_2,24.0,304
2050,413,SG_retrofit_3_Insul_retrofit_1_TR_retrofit_2_BW_retrofit_2,25.0,327
2050,413,SG_retrofit_3_Insul_retrofit_1_TR_retrofit_2_BW_retrofit_2,26.0,344
2050,414,SG_retrofit_3_Insul_retrofit_1_TR_retrofit_2_BW_retrofit_3,23.0,287
2050,414,SG_retrofit_3_Insul_retrofit_1_TR_retrofit_2_BW_retrofit_3,24.0,301
2050,414,SG_retrofit_3_Insul_retrofit_1_TR_retrofit_2_BW_retrofit_3,25.0,325
2050,414,SG_retrofit_3_Insul_retrofit_1_TR_retrofit_2_BW_retrofit_3,26.0,345
2050,415,SG_retrofit_3_Insul_retrofit_1_TR_retrofit_2_BW_retrofit_4,23.0,287
2050,415,SG_retrofit_3_Insul_retrofit_1_TR_retrofit_2_BW_retrofit_4,24.0,301
2050,415,SG_retrofit_3_Insul_retrofit_1_TR_retrofit_2_BW_retrofit_4,25.0,325
2050,415,SG_retrofit_3_Insul_retrofit_1_TR_retrofit_2_BW_retrofit_4,26.0,345
2050,416,SG_retrofit_3_Insul_retrofit_1_TR_retrofit_3_BW_current,23.0,297
2050,416,SG_retrofit_3_Insul_retrofit_1_TR_retrofit_3_BW_current,24.0,316
2050,416,SG_retrofit_3_Insul_retrofit_1_TR_retrofit_3_BW_current,25.0,331
2050,416,SG_retrofit_3_Insul_retrofit_1_TR_retrofit_3_BW_current,26.0,346
2050,417,SG_retrofit_3_Insul_retrofit_1_TR_retrofit_3_BW_retrofit_1,23.0,289
2050,417,SG_retrofit_3_Insul_retrofit_1_TR_retrofit_3_BW_retrofit_1,24.0,305
2050,417,SG_retrofit_3_Insul_retrofit_1_TR_retrofit_3_BW_retrofit_1,25.0,328
2050,417,SG_retrofit_3_Insul_retrofit_1_TR_retrofit_3_BW_retrofit_1,26.0,345
2050,418,SG_retrofit_3_Insul_retrofit_1_TR_retrofit_3_BW_retrofit_2,23.0,288
2050,418,SG_retrofit_3_Insul_retrofit_1_TR_retrofit_3_BW_retrofit_2,24.0,304
2050,418,SG_retrofit_3_Insul_retrofit_1_TR_retrofit_3_BW_retrofit_2,25.0,327
2050,418,SG_retrofit_3_Insul_retrofit_1_TR_retrofit_3_BW_retrofit_2,26.0,344
2050,419,SG_retrofit_3_Insul_retrofit_1_TR_retrofit_3_BW_retrofit_3,23.0,287
2050,419,SG_retrofit_3_Insul_retrofit_1_TR_retrofit_3_BW_retrofit_3,24.0,301
2050,419,SG_retrofit_3_Insul_retrofit_1_TR_retrofit_3_BW_retrofit_3,25.0,325
2050,419,SG_retrofit_3_Insul_retrofit_1_TR_retrofit_3_BW_retrofit_3,26.0,345
2050,420,SG_retrofit_3_Insul_retrofit_1_TR_retrofit_3_BW_retrofit_4,23.0,287
2050,420,SG_retrofit_3_Insul_retrofit_1_TR_retrofit_3_BW_retrofit_4,24.0,301
2050,420,SG_retrofit_3_Insul_retrofit_1_TR_retrofit_3_BW_retrofit_4,25.0,325
2050,420,SG_retrofit_3_Insul_retrofit_1_TR_retrofit_3_BW_retrofit_4,26.0,345
2050,421,SG_retrofit_3_Insul_retrofit_1_TR_retrofit_4_BW_current,23.0,297
2050,421,SG_retrofit_3_Insul_retrofit_1_TR_retrofit_4_BW_current,24.0,316
2050,421,SG_retrofit_3_Insul_retrofit_1_TR_retrofit_4_BW_current,25.0,331
2050,421,SG_retrofit_3_Insul_retrofit_1_TR_retrofit_4_BW_current,26.0,346
2050,422,SG_retrofit_3_Insul_retrofit_1_TR_retrofit_4_BW_retrofit_1,23.0,289
2050,422,SG_retrofit_3_Insul_retrofit_1_TR_retrofit_4_BW_retrofit_1,24.0,305
2050,422,SG_retrofit_3_Insul_retrofit_1_TR_retrofit_4_BW_retrofit_1,25.0,328
2050,422,SG_retrofit_3_Insul_retrofit_1_TR_retrofit_4_BW_retrofit_1,26.0,345
2050,423,SG_retrofit_3_Insul_retrofit_1_TR_retrofit_4_BW_retrofit_2,23.0,288
2050,423,SG_retrofit_3_Insul_retrofit_1_TR_retrofit_4_BW_retrofit_2,24.0,304
2050,423,SG_retrofit_3_Insul_retrofit_1_TR_retrofit_4_BW_retrofit_2,25.0,327
2050,423,SG_retrofit_3_Insul_retrofit_1_TR_retrofit_4_BW_retrofit_2,26.0,344
2050,424,SG_retrofit_3_Insul_retrofit_1_TR_retrofit_4_BW_retrofit_3,23.0,287
2050,424,SG_retrofit_3_Insul_retrofit_1_TR_retrofit_4_BW_retrofit_3,24.0,301
2050,424,SG_retrofit_3_Insul_retrofit_1_TR_retrofit_4_BW_retrofit_3,25.0,325
2050,424,SG_retrofit_3_Insul_retrofit_1_TR_retrofit_4_BW_retrofit_3,26.0,345
2050,425,SG_retrofit_3_Insul_retrofit_1_TR_retrofit_4_BW_retrofit_4,23.0,287
2050,425,SG_retrofit_3_Insul_retrofit_1_TR_retrofit_4_BW_retrofit_4,24.0,301
2050,425,SG_retrofit_3_Insul_retrofit_1_TR_retrofit_4_BW_retrofit_4,25.0,325
2050,425,SG_retrofit_3_Insul_retrofit_1_TR_retrofit_4_BW_retrofit_4,26.0,345
2050,426,SG_retrofit_3_Insul_retrofit_2_TR_current_BW_current,23.0,293
2050,426,SG_retrofit_3_Insul_retrofit_2_TR_current_BW_current,24.0,315
2050,426,SG_retrofit_3_Insul_retrofit_2_TR_current_BW_current,25.0,329
2050,426,SG_retrofit_3_Insul_retrofit_2_TR_current_BW_current,26.0,345
2050,427,SG_retrofit_3_Insul_retrofit_2_TR_current_BW_retrofit_1,23.0,288
2050,427,SG_retrofit_3_Insul_retrofit_2_TR_current_BW_retrofit_1,24.0,301
2050,427,SG_retrofit_3_Insul_retrofit_2_TR_current_BW_retrofit_1,25.0,323
2050,427,SG_retrofit_3_Insul_retrofit_2_TR_current_BW_retrofit_1,26.0,343
2050,428,SG_retrofit_3_Insul_retrofit_2_TR_current_BW_retrofit_2,23.0,286
2050,428,SG_retrofit_3_Insul_retrofit_2_TR_current_BW_retrofit_2,24.0,300
2050,428,SG_retrofit_3_Insul_retrofit_2_TR_current_BW_retrofit_2,25.0,322
2050,428,SG_retrofit_3_Insul_retrofit_2_TR_current_BW_retrofit_2,26.0,343
2050,429,SG_retrofit_3_Insul_retrofit_2_TR_current_BW_retrofit_3,23.0,284
2050,429,SG_retrofit_3_Insul_retrofit_2_TR_current_BW_retrofit_3,24.0,300
2050,429,SG_retrofit_3_Insul_retrofit_2_TR_current_BW_retrofit_3,25.0,320
2050,429,SG_retrofit_3_Insul_retrofit_2_TR_current_BW_retrofit_3,26.0,341
2050,430,SG_retrofit_3_Insul_retrofit_2_TR_current_BW_retrofit_4,23.0,284
2050,430,SG_retrofit_3_Insul_retrofit_2_TR_current_BW_retrofit_4,24.0,300
2050,430,SG_retrofit_3_Insul_retrofit_2_TR_current_BW_retrofit_4,25.0,320
2050,430,SG_retrofit_3_Insul_retrofit_2_TR_current_BW_retrofit_4,26.0,341
2050,431,SG_retrofit_3_Insul_retrofit_2_TR_retrofit_1_BW_current,23.0,293
2050,431,SG_retrofit_3_Insul_retrofit_2_TR_retrofit_1_BW_current,24.0,316
2050,431,SG_retrofit_3_Insul_retrofit_2_TR_retrofit_1_BW_current,25.0,329
2050,431,SG_retrofit_3_Insul_retrofit_2_TR_retrofit_1_BW_current,26.0,345
2050,432,SG_retrofit_3_Insul_retrofit_2_TR_retrofit_1_BW_retrofit_1,23.0,288
2050,432,SG_retrofit_3_Insul_retrofit_2_TR_retrofit_1_BW_retrofit_1,24.0,304
2050,432,SG_retrofit_3_Insul_retrofit_2_TR_retrofit_1_BW_retrofit_1,25.0,325
2050,432,SG_retrofit_3_Insul_retrofit_2_TR_retrofit_1_BW_retrofit_1,26.0,343
2050,433,SG_retrofit_3_Insul_retrofit_2_TR_retrofit_1_BW_retrofit_2,23.0,287
2050,433,SG_retrofit_3_Insul_retrofit_2_TR_retrofit_1_BW_retrofit_2,24.0,300
2050,433,SG_retrofit_3_Insul_retrofit_2_TR_retrofit_1_BW_retrofit_2,25.0,325
2050,433,SG_retrofit_3_Insul_retrofit_2_TR_retrofit_1_BW_retrofit_2,26.0,343
2050,434,SG_retrofit_3_Insul_retrofit_2_TR_retrofit_1_BW_retrofit_3,23.0,286
2050,434,SG_retrofit_3_Insul_retrofit_2_TR_retrofit_1_BW_retrofit_3,24.0,300
2050,434,SG_retrofit_3_Insul_retrofit_2_TR_retrofit_1_BW_retrofit_3,25.0,322
2050,434,SG_retrofit_3_Insul_retrofit_2_TR_retrofit_1_BW_retrofit_3,26.0,343
2050,435,SG_retrofit_3_Insul_retrofit_2_TR_retrofit_1_BW_retrofit_4,23.0,286
2050,435,SG_retrofit_3_Insul_retrofit_2_TR_retrofit_1_BW_retrofit_4,24.0,300
2050,435,SG_retrofit_3_Insul_retrofit_2_TR_retrofit_1_BW_retrofit_4,25.0,321
2050,435,SG_retrofit_3_Insul_retrofit_2_TR_retrofit_1_BW_retrofit_4,26.0,343
2050,436,SG_retrofit_3_Insul_retrofit_2_TR_retrofit_2_BW_current,23.0,293
2050,436,SG_retrofit_3_Insul_retrofit_2_TR_retrofit_2_BW_current,24.0,316
2050,436,SG_retrofit_3_Insul_retrofit_2_TR_retrofit_2_BW_current,25.0,329
2050,436,SG_retrofit_3_Insul_retrofit_2_TR_retrofit_2_BW_current,26.0,345
2050,437,SG_retrofit_3_Insul_retrofit_2_TR_retrofit_2_BW_retrofit_1,23.0,288
2050,437,SG_retrofit_3_Insul_retrofit_2_TR_retrofit_2_BW_retrofit_1,24.0,303
2050,437,SG_retrofit_3_Insul_retrofit_2_TR_retrofit_2_BW_retrofit_1,25.0,325
2050,437,SG_retrofit_3_Insul_retrofit_2_TR_retrofit_2_BW_retrofit_1,26.0,343
2050,438,SG_retrofit_3_Insul_retrofit_2_TR_retrofit_2_BW_retrofit_2,23.0,286
2050,438,SG_retrofit_3_Insul_retrofit_2_TR_retrofit_2_BW_retrofit_2,24.0,300
2050,438,SG_retrofit_3_Insul_retrofit_2_TR_retrofit_2_BW_retrofit_2,25.0,325
2050,438,SG_retrofit_3_Insul_retrofit_2_TR_retrofit_2_BW_retrofit_2,26.0,343
2050,439,SG_retrofit_3_Insul_retrofit_2_TR_retrofit_2_BW_retrofit_3,23.0,286
2050,439,SG_retrofit_3_Insul_retrofit_2_TR_retrofit_2_BW_retrofit_3,24.0,300
2050,439,SG_retrofit_3_Insul_retrofit_2_TR_retrofit_2_BW_retrofit_3,25.0,321
2050,439,SG_retrofit_3_Insul_retrofit_2_TR_retrofit_2_BW_retrofit_3,26.0,343
2050,440,SG_retrofit_3_Insul_retrofit_2_TR_retrofit_2_BW_retrofit_4,23.0,286
2050,440,SG_retrofit_3_Insul_retrofit_2_TR_retrofit_2_BW_retrofit_4,24.0,300
2050,440,SG_retrofit_3_Insul_retrofit_2_TR_retrofit_2_BW_retrofit_4,25.0,321
2050,440,SG_retrofit_3_Insul_retrofit_2_TR_retrofit_2_BW_retrofit_4,26.0,343
2050,441,SG_retrofit_3_Insul_retrofit_2_TR_retrofit_3_BW_current,23.0,293
2050,441,SG_retrofit_3_Insul_retrofit_2_TR_retrofit_3_BW_current,24.0,315
2050,441,SG_retrofit_3_Insul_retrofit_2_TR_retrofit_3_BW_current,25.0,329
2050,441,SG_retrofit_3_Insul_retrofit_2_TR_retrofit_3_BW_current,26.0,345
2050,442,SG_retrofit_3_Insul_retrofit_2_TR_retrofit_3_BW_retrofit_1,23.0,288
2050,442,SG_retrofit_3_Insul_retrofit_2_TR_retrofit_3_BW_retrofit_1,24.0,303
2050,442,SG_retrofit_3_Insul_retrofit_2_TR_retrofit_3_BW_retrofit_1,25.0,325
2050,442,SG_retrofit_3_Insul_retrofit_2_TR_retrofit_3_BW_retrofit_1,26.0,343
2050,443,SG_retrofit_3_Insul_retrofit_2_TR_retrofit_3_BW_retrofit_2,23.0,286
2050,443,SG_retrofit_3_Insul_retrofit_2_TR_retrofit_3_BW_retrofit_2,24.0,300
2050,443,SG_retrofit_3_Insul_retrofit_2_TR_retrofit_3_BW_retrofit_2,25.0,325
2050,443,SG_retrofit_3_Insul_retrofit_2_TR_retrofit_3_BW_retrofit_2,26.0,343
2050,444,SG_retrofit_3_Insul_retrofit_2_TR_retrofit_3_BW_retrofit_3,23.0,286
2050,444,SG_retrofit_3_Insul_retrofit_2_TR_retrofit_3_BW_retrofit_3,24.0,300
2050,444,SG_retrofit_3_Insul_retrofit_2_TR_retrofit_3_BW_retrofit_3,25.0,321
2050,444,SG_retrofit_3_Insul_retrofit_2_TR_retrofit_3_BW_retrofit_3,26.0,343
2050,445,SG_retrofit_3_Insul_retrofit_2_TR_retrofit_3_BW_retrofit_4,23.0,286
2050,445,SG_retrofit_3_Insul_retrofit_2_TR_retrofit_3_BW_retrofit_4,24.0,300
2050,445,SG_retrofit_3_Insul_retrofit_2_TR_retrofit_3_BW_retrofit_4,25.0,321
2050,445,SG_retrofit_3_Insul_retrofit_2_TR_retrofit_3_BW_retrofit_4,26.0,343
2050,446,SG_retrofit_3_Insul_retrofit_2_TR_retrofit_4_BW_current,23.0,293
2050,446,SG_retrofit_3_Insul_retrofit_2_TR_retrofit_4_BW_current,24.0,315
2050,446,SG_retrofit_3_Insul_retrofit_2_TR_retrofit_4_BW_current,25.0,329
2050,446,SG_retrofit_3_Insul_retrofit_2_TR_retrofit_4_BW_current,26.0,345
2050,447,SG_retrofit_3_Insul_retrofit_2_TR_retrofit_4_BW_retrofit_1,23.0,288
2050,447,SG_retrofit_3_Insul_retrofit_2_TR_retrofit_4_BW_retrofit_1,24.0,303
2050,447,SG_retrofit_3_Insul_retrofit_2_TR_retrofit_4_BW_retrofit_1,25.0,325
2050,447,SG_retrofit_3_Insul_retrofit_2_TR_retrofit_4_BW_retrofit_1,26.0,343
2050,448,SG_retrofit_3_Insul_retrofit_2_TR_retrofit_4_BW_retrofit_2,23.0,286
2050,448,SG_retrofit_3_Insul_retrofit_2_TR_retrofit_4_BW_retrofit_2,24.0,300
2050,448,SG_retrofit_3_Insul_retrofit_2_TR_retrofit_4_BW_retrofit_2,25.0,325
2050,448,SG_retrofit_3_Insul_retrofit_2_TR_retrofit_4_BW_retrofit_2,26.0,343
2050,449,SG_retrofit_3_Insul_retrofit_2_TR_retrofit_4_BW_retrofit_3,23.0,286
2050,449,SG_retrofit_3_Insul_retrofit_2_TR_retrofit_4_BW_retrofit_3,24.0,300
2050,449,SG_retrofit_3_Insul_retrofit_2_TR_retrofit_4_BW_retrofit_3,25.0,321
2050,449,SG_retrofit_3_Insul_retrofit_2_TR_retrofit_4_BW_retrofit_3,26.0,343
2050,450,SG_retrofit_3_Insul_retrofit_2_TR_retrofit_4_BW_retrofit_4,23.0,286
2050,450,SG_retrofit_3_Insul_retrofit_2_TR_retrofit_4_BW_retrofit_4,24.0,300
2050,450,SG_retrofit_3_Insul_retrofit_2_TR_retrofit_4_BW_retrofit_4,25.0,321
2050,450,SG_retrofit_3_Insul_retrofit_2_TR_retrofit_4_BW_retrofit_4,26.0,343
2050,451,SG_retrofit_3_Insul_retrofit_3_TR_current_BW_current,23.0,293
2050,451,SG_retrofit_3_Insul_retrofit_3_TR_current_BW_current,24.0,315
2050,451,SG_retrofit_3_Insul_retrofit_3_TR_current_BW_current,25.0,329
2050,451,SG_retrofit_3_Insul_retrofit_3_TR_current_BW_current,26.0,345
2050,452,SG_retrofit_3_Insul_retrofit_3_TR_current_BW_retrofit_1,23.0,286
2050,452,SG_retrofit_3_Insul_retrofit_3_TR_current_BW_retrofit_1,24.0,300
2050,452,SG_retrofit_3_Insul_retrofit_3_TR_current_BW_retrofit_1,25.0,322
2050,452,SG_retrofit_3_Insul_retrofit_3_TR_current_BW_retrofit_1,26.0,342
2050,453,SG_retrofit_3_Insul_retrofit_3_TR_current_BW_retrofit_2,23.0,285
2050,453,SG_retrofit_3_Insul_retrofit_3_TR_current_BW_retrofit_2,24.0,300
2050,453,SG_retrofit_3_Insul_retrofit_3_TR_current_BW_retrofit_2,25.0,321
2050,453,SG_retrofit_3_Insul_retrofit_3_TR_current_BW_retrofit_2,26.0,342
2050,454,SG_retrofit_3_Insul_retrofit_3_TR_current_BW_retrofit_3,23.0,283
2050,454,SG_retrofit_3_Insul_retrofit_3_TR_current_BW_retrofit_3,24.0,300
2050,454,SG_retrofit_3_Insul_retrofit_3_TR_current_BW_retrofit_3,25.0,317
2050,454,SG_retrofit_3_Insul_retrofit_3_TR_current_BW_retrofit_3,26.0,341
2050,455,SG_retrofit_3_Insul_retrofit_3_TR_current_BW_retrofit_4,23.0,283
2050,455,SG_retrofit_3_Insul_retrofit_3_TR_current_BW_retrofit_4,24.0,300
2050,455,SG_retrofit_3_Insul_retrofit_3_TR_current_BW_retrofit_4,25.0,318
2050,455,SG_retrofit_3_Insul_retrofit_3_TR_current_BW_retrofit_4,26.0,341
2050,456,SG_retrofit_3_Insul_retrofit_3_TR_retrofit_1_BW_current,23.0,293
2050,456,SG_retrofit_3_Insul_retrofit_3_TR_retrofit_1_BW_current,24.0,314
2050,456,SG_retrofit_3_Insul_retrofit_3_TR_retrofit_1_BW_current,25.0,329
2050,456,SG_retrofit_3_Insul_retrofit_3_TR_retrofit_1_BW_current,26.0,345
2050,457,SG_retrofit_3_Insul_retrofit_3_TR_retrofit_1_BW_retrofit_1,23.0,288
2050,457,SG_retrofit_3_Insul_retrofit_3_TR_retrofit_1_BW_retrofit_1,24.0,301
2050,457,SG_retrofit_3_Insul_retrofit_3_TR_retrofit_1_BW_retrofit_1,25.0,323
2050,457,SG_retrofit_3_Insul_retrofit_3_TR_retrofit_1_BW_retrofit_1,26.0,343
2050,458,SG_retrofit_3_Insul_retrofit_3_TR_retrofit_1_BW_retrofit_2,23.0,286
2050,458,SG_retrofit_3_Insul_retrofit_3_TR_retrofit_1_BW_retrofit_2,24.0,300
2050,458,SG_retrofit_3_Insul_retrofit_3_TR_retrofit_1_BW_retrofit_2,25.0,322
2050,458,SG_retrofit_3_Insul_retrofit_3_TR_retrofit_1_BW_retrofit_2,26.0,343
2050,459,SG_retrofit_3_Insul_retrofit_3_TR_retrofit_1_BW_retrofit_3,23.0,286
2050,459,SG_retrofit_3_Insul_retrofit_3_TR_retrofit_1_BW_retrofit_3,24.0,300
2050,459,SG_retrofit_3_Insul_retrofit_3_TR_retrofit_1_BW_retrofit_3,25.0,320
2050,459,SG_retrofit_3_Insul_retrofit_3_TR_retrofit_1_BW_retrofit_3,26.0,343
2050,460,SG_retrofit_3_Insul_retrofit_3_TR_retrofit_1_BW_retrofit_4,23.0,286
2050,460,SG_retrofit_3_Insul_retrofit_3_TR_retrofit_1_BW_retrofit_4,24.0,300
2050,460,SG_retrofit_3_Insul_retrofit_3_TR_retrofit_1_BW_retrofit_4,25.0,321
2050,460,SG_retrofit_3_Insul_retrofit_3_TR_retrofit_1_BW_retrofit_4,26.0,343
2050,461,SG_retrofit_3_Insul_retrofit_3_TR_retrofit_2_BW_current,23.0,293
2050,461,SG_retrofit_3_Insul_retrofit_3_TR_retrofit_2_BW_current,24.0,314
2050,461,SG_retrofit_3_Insul_retrofit_3_TR_retrofit_2_BW_current,25.0,329
2050,461,SG_retrofit_3_Insul_retrofit_3_TR_retrofit_2_BW_current,26.0,345
2050,462,SG_retrofit_3_Insul_retrofit_3_TR_retrofit_2_BW_retrofit_1,23.0,288
2050,462,SG_retrofit_3_Insul_retrofit_3_TR_retrofit_2_BW_retrofit_1,24.0,301
2050,462,SG_retrofit_3_Insul_retrofit_3_TR_retrofit_2_BW_retrofit_1,25.0,323
2050,462,SG_retrofit_3_Insul_retrofit_3_TR_retrofit_2_BW_retrofit_1,26.0,343
2050,463,SG_retrofit_3_Insul_retrofit_3_TR_retrofit_2_BW_retrofit_2,23.0,286
2050,463,SG_retrofit_3_Insul_retrofit_3_TR_retrofit_2_BW_retrofit_2,24.0,300
2050,463,SG_retrofit_3_Insul_retrofit_3_TR_retrofit_2_BW_retrofit_2,25.0,322
2050,463,SG_retrofit_3_Insul_retrofit_3_TR_retrofit_2_BW_retrofit_2,26.0,343
2050,464,SG_retrofit_3_Insul_retrofit_3_TR_retrofit_2_BW_retrofit_3,23.0,286
2050,464,SG_retrofit_3_Insul_retrofit_3_TR_retrofit_2_BW_retrofit_3,24.0,300
2050,464,SG_retrofit_3_Insul_retrofit_3_TR_retrofit_2_BW_retrofit_3,25.0,319
2050,464,SG_retrofit_3_Insul_retrofit_3_TR_retrofit_2_BW_retrofit_3,26.0,343
2050,465,SG_retrofit_3_Insul_retrofit_3_TR_retrofit_2_BW_retrofit_4,23.0,284
2050,465,SG_retrofit_3_Insul_retrofit_3_TR_retrofit_2_BW_retrofit_4,24.0,300
2050,465,SG_retrofit_3_Insul_retrofit_3_TR_retrofit_2_BW_retrofit_4,25.0,319
2050,465,SG_retrofit_3_Insul_retrofit_3_TR_retrofit_2_BW_retrofit_4,26.0,343
2050,466,SG_retrofit_3_Insul_retrofit_3_TR_retrofit_3_BW_current,23.0,293
2050,466,SG_retrofit_3_Insul_retrofit_3_TR_retrofit_3_BW_current,24.0,314
2050,466,SG_retrofit_3_Insul_retrofit_3_TR_retrofit_3_BW_current,25.0,329
2050,466,SG_retrofit_3_Insul_retrofit_3_TR_retrofit_3_BW_current,26.0,345
2050,467,SG_retrofit_3_Insul_retrofit_3_TR_retrofit_3_BW_retrofit_1,23.0,287
2050,467,SG_retrofit_3_Insul_retrofit_3_TR_retrofit_3_BW_retrofit_1,24.0,300
2050,467,SG_retrofit_3_Insul_retrofit_3_TR_retrofit_3_BW_retrofit_1,25.0,324
2050,467,SG_retrofit_3_Insul_retrofit_3_TR_retrofit_3_BW_retrofit_1,26.0,343
2050,468,SG_retrofit_3_Insul_retrofit_3_TR_retrofit_3_BW_retrofit_2,23.0,286
2050,468,SG_retrofit_3_Insul_retrofit_3_TR_retrofit_3_BW_retrofit_2,24.0,300
2050,468,SG_retrofit_3_Insul_retrofit_3_TR_retrofit_3_BW_retrofit_2,25.0,322
2050,468,SG_retrofit_3_Insul_retrofit_3_TR_retrofit_3_BW_retrofit_2,26.0,343
2050,469,SG_retrofit_3_Insul_retrofit_3_TR_retrofit_3_BW_retrofit_3,23.0,284
2050,469,SG_retrofit_3_Insul_retrofit_3_TR_retrofit_3_BW_retrofit_3,24.0,300
2050,469,SG_retrofit_3_Insul_retrofit_3_TR_retrofit_3_BW_retrofit_3,25.0,319
2050,469,SG_retrofit_3_Insul_retrofit_3_TR_retrofit_3_BW_retrofit_3,26.0,343
2050,470,SG_retrofit_3_Insul_retrofit_3_TR_retrofit_3_BW_retrofit_4,23.0,284
2050,470,SG_retrofit_3_Insul_retrofit_3_TR_retrofit_3_BW_retrofit_4,24.0,300
2050,470,SG_retrofit_3_Insul_retrofit_3_TR_retrofit_3_BW_retrofit_4,25.0,319
2050,470,SG_retrofit_3_Insul_retrofit_3_TR_retrofit_3_BW_retrofit_4,26.0,343
2050,471,SG_retrofit_3_Insul_retrofit_3_TR_retrofit_4_BW_current,23.0,293
2050,471,SG_retrofit_3_Insul_retrofit_3_TR_retrofit_4_BW_current,24.0,314
2050,471,SG_retrofit_3_Insul_retrofit_3_TR_retrofit_4_BW_current,25.0,329
2050,471,SG_retrofit_3_Insul_retrofit_3_TR_retrofit_4_BW_current,26.0,345
2050,472,SG_retrofit_3_Insul_retrofit_3_TR_retrofit_4_BW_retrofit_1,23.0,287
2050,472,SG_retrofit_3_Insul_retrofit_3_TR_retrofit_4_BW_retrofit_1,24.0,300
2050,472,SG_retrofit_3_Insul_retrofit_3_TR_retrofit_4_BW_retrofit_1,25.0,324
2050,472,SG_retrofit_3_Insul_retrofit_3_TR_retrofit_4_BW_retrofit_1,26.0,343
2050,473,SG_retrofit_3_Insul_retrofit_3_TR_retrofit_4_BW_retrofit_2,23.0,286
2050,473,SG_retrofit_3_Insul_retrofit_3_TR_retrofit_4_BW_retrofit_2,24.0,300
2050,473,SG_retrofit_3_Insul_retrofit_3_TR_retrofit_4_BW_retrofit_2,25.0,322
2050,473,SG_retrofit_3_Insul_retrofit_3_TR_retrofit_4_BW_retrofit_2,26.0,343
2050,474,SG_retrofit_3_Insul_retrofit_3_TR_retrofit_4_BW_retrofit_3,23.0,285
2050,474,SG_retrofit_3_Insul_retrofit_3_TR_retrofit_4_BW_retrofit_3,24.0,300
2050,474,SG_retrofit_3_Insul_retrofit_3_TR_retrofit_4_BW_retrofit_3,25.0,319
2050,474,SG_retrofit_3_Insul_retrofit_3_TR_retrofit_4_BW_retrofit_3,26.0,343
2050,475,SG_retrofit_3_Insul_retrofit_3_TR_retrofit_4_BW_retrofit_4,23.0,284
2050,475,SG_retrofit_3_Insul_retrofit_3_TR_retrofit_4_BW_retrofit_4,24.0,300
2050,475,SG_retrofit_3_Insul_retrofit_3_TR_retrofit_4_BW_retrofit_4,25.0,319
2050,475,SG_retrofit_3_Insul_retrofit_3_TR_retrofit_4_BW_retrofit_4,26.0,343
2050,476,SG_retrofit_3_Insul_retrofit_4_TR_current_BW_current,23.0,293
2050,476,SG_retrofit_3_Insul_retrofit_4_TR_current_BW_current,24.0,314
2050,476,SG_retrofit_3_Insul_retrofit_4_TR_current_BW_current,25.0,329
2050,476,SG_retrofit_3_Insul_retrofit_4_TR_current_BW_current,26.0,345
2050,477,SG_retrofit_3_Insul_retrofit_4_TR_current_BW_retrofit_1,23.0,287
2050,477,SG_retrofit_3_Insul_retrofit_4_TR_current_BW_retrofit_1,24.0,300
2050,477,SG_retrofit_3_Insul_retrofit_4_TR_current_BW_retrofit_1,25.0,323
2050,477,SG_retrofit_3_Insul_retrofit_4_TR_current_BW_retrofit_1,26.0,342
2050,478,SG_retrofit_3_Insul_retrofit_4_TR_current_BW_retrofit_2,23.0,285
2050,478,SG_retrofit_3_Insul_retrofit_4_TR_current_BW_retrofit_2,24.0,300
2050,478,SG_retrofit_3_Insul_retrofit_4_TR_current_BW_retrofit_2,25.0,321
2050,478,SG_retrofit_3_Insul_retrofit_4_TR_current_BW_retrofit_2,26.0,341
2050,479,SG_retrofit_3_Insul_retrofit_4_TR_current_BW_retrofit_3,23.0,283
2050,479,SG_retrofit_3_Insul_retrofit_4_TR_current_BW_retrofit_3,24.0,300
2050,479,SG_retrofit_3_Insul_retrofit_4_TR_current_BW_retrofit_3,25.0,317
2050,479,SG_retrofit_3_Insul_retrofit_4_TR_current_BW_retrofit_3,26.0,340
2050,480,SG_retrofit_3_Insul_retrofit_4_TR_current_BW_retrofit_4,23.0,283
2050,480,SG_retrofit_3_Insul_retrofit_4_TR_current_BW_retrofit_4,24.0,300
2050,480,SG_retrofit_3_Insul_retrofit_4_TR_current_BW_retrofit_4,25.0,317
2050,480,SG_retrofit_3_Insul_retrofit_4_TR_current_BW_retrofit_4,26.0,340
2050,481,SG_retrofit_3_Insul_retrofit_4_TR_retrofit_1_BW_current,23.0,293
2050,481,SG_retrofit_3_Insul_retrofit_4_TR_retrofit_1_BW_current,24.0,314
2050,481,SG_retrofit_3_Insul_retrofit_4_TR_retrofit_1_BW_current,25.0,329
2050,481,SG_retrofit_3_Insul_retrofit_4_TR_retrofit_1_BW_current,26.0,345
2050,482,SG_retrofit_3_Insul_retrofit_4_TR_retrofit_1_BW_retrofit_1,23.0,288
2050,482,SG_retrofit_3_Insul_retrofit_4_TR_retrofit_1_BW_retrofit_1,24.0,301
2050,482,SG_retrofit_3_Insul_retrofit_4_TR_retrofit_1_BW_retrofit_1,25.0,324
2050,482,SG_retrofit_3_Insul_retrofit_4_TR_retrofit_1_BW_retrofit_1,26.0,343
2050,483,SG_retrofit_3_Insul_retrofit_4_TR_retrofit_1_BW_retrofit_2,23.0,286
2050,483,SG_retrofit_3_Insul_retrofit_4_TR_retrofit_1_BW_retrofit_2,24.0,300
2050,483,SG_retrofit_3_Insul_retrofit_4_TR_retrofit_1_BW_retrofit_2,25.0,321
2050,483,SG_retrofit_3_Insul_retrofit_4_TR_retrofit_1_BW_retrofit_2,26.0,343
2050,484,SG_retrofit_3_Insul_retrofit_4_TR_retrofit_1_BW_retrofit_3,23.0,286
2050,484,SG_retrofit_3_Insul_retrofit_4_TR_retrofit_1_BW_retrofit_3,24.0,300
2050,484,SG_retrofit_3_Insul_retrofit_4_TR_retrofit_1_BW_retrofit_3,25.0,319
2050,484,SG_retrofit_3_Insul_retrofit_4_TR_retrofit_1_BW_retrofit_3,26.0,342
2050,485,SG_retrofit_3_Insul_retrofit_4_TR_retrofit_1_BW_retrofit_4,23.0,284
2050,485,SG_retrofit_3_Insul_retrofit_4_TR_retrofit_1_BW_retrofit_4,24.0,300
2050,485,SG_retrofit_3_Insul_retrofit_4_TR_retrofit_1_BW_retrofit_4,25.0,320
2050,485,SG_retrofit_3_Insul_retrofit_4_TR_retrofit_1_BW_retrofit_4,26.0,342
2050,486,SG_retrofit_3_Insul_retrofit_4_TR_retrofit_2_BW_current,23.0,293
2050,486,SG_retrofit_3_Insul_retrofit_4_TR_retrofit_2_BW_current,24.0,314
2050,486,SG_retrofit_3_Insul_retrofit_4_TR_retrofit_2_BW_current,25.0,329
2050,486,SG_retrofit_3_Insul_retrofit_4_TR_retrofit_2_BW_current,26.0,345
2050,487,SG_retrofit_3_Insul_retrofit_4_TR_retrofit_2_BW_retrofit_1,23.0,287
2050,487,SG_retrofit_3_Insul_retrofit_4_TR_retrofit_2_BW_retrofit_1,24.0,300
2050,487,SG_retrofit_3_Insul_retrofit_4_TR_retrofit_2_BW_retrofit_1,25.0,324
2050,487,SG_retrofit_3_Insul_retrofit_4_TR_retrofit_2_BW_retrofit_1,26.0,343
2050,488,SG_retrofit_3_Insul_retrofit_4_TR_retrofit_2_BW_retrofit_2,23.0,286
2050,488,SG_retrofit_3_Insul_retrofit_4_TR_retrofit_2_BW_retrofit_2,24.0,300
2050,488,SG_retrofit_3_Insul_retrofit_4_TR_retrofit_2_BW_retrofit_2,25.0,321
2050,488,SG_retrofit_3_Insul_retrofit_4_TR_retrofit_2_BW_retrofit_2,26.0,343
2050,489,SG_retrofit_3_Insul_retrofit_4_TR_retrofit_2_BW_retrofit_3,23.0,284
2050,489,SG_retrofit_3_Insul_retrofit_4_TR_retrofit_2_BW_retrofit_3,24.0,300
2050,489,SG_retrofit_3_Insul_retrofit_4_TR_retrofit_2_BW_retrofit_3,25.0,318
2050,489,SG_retrofit_3_Insul_retrofit_4_TR_retrofit_2_BW_retrofit_3,26.0,342
2050,490,SG_retrofit_3_Insul_retrofit_4_TR_retrofit_2_BW_retrofit_4,23.0,284
2050,490,SG_retrofit_3_Insul_retrofit_4_TR_retrofit_2_BW_retrofit_4,24.0,300
2050,490,SG_retrofit_3_Insul_retrofit_4_TR_retrofit_2_BW_retrofit_4,25.0,318
2050,490,SG_retrofit_3_Insul_retrofit_4_TR_retrofit_2_BW_retrofit_4,26.0,341
2050,491,SG_retrofit_3_Insul_retrofit_4_TR_retrofit_3_BW_current,23.0,293
2050,491,SG_retrofit_3_Insul_retrofit_4_TR_retrofit_3_BW_current,24.0,314
2050,491,SG_retrofit_3_Insul_retrofit_4_TR_retrofit_3_BW_current,25.0,329
2050,491,SG_retrofit_3_Insul_retrofit_4_TR_retrofit_3_BW_current,26.0,345
2050,492,SG_retrofit_3_Insul_retrofit_4_TR_retrofit_3_BW_retrofit_1,23.0,287
2050,492,SG_retrofit_3_Insul_retrofit_4_TR_retrofit_3_BW_retrofit_1,24.0,301
2050,492,SG_retrofit_3_Insul_retrofit_4_TR_retrofit_3_BW_retrofit_1,25.0,324
2050,492,SG_retrofit_3_Insul_retrofit_4_TR_retrofit_3_BW_retrofit_1,26.0,343
2050,493,SG_retrofit_3_Insul_retrofit_4_TR_retrofit_3_BW_retrofit_2,23.0,286
2050,493,SG_retrofit_3_Insul_retrofit_4_TR_retrofit_3_BW_retrofit_2,24.0,300
2050,493,SG_retrofit_3_Insul_retrofit_4_TR_retrofit_3_BW_retrofit_2,25.0,321
2050,493,SG_retrofit_3_Insul_retrofit_4_TR_retrofit_3_BW_retrofit_2,26.0,343
2050,494,SG_retrofit_3_Insul_retrofit_4_TR_retrofit_3_BW_retrofit_3,23.0,284
2050,494,SG_retrofit_3_Insul_retrofit_4_TR_retrofit_3_BW_retrofit_3,24.0,300
2050,494,SG_retrofit_3_Insul_retrofit_4_TR_retrofit_3_BW_retrofit_3,25.0,318
2050,494,SG_retrofit_3_Insul_retrofit_4_TR_retrofit_3_BW_retrofit_3,26.0,342
2050,495,SG_retrofit_3_Insul_retrofit_4_TR_retrofit_3_BW_retrofit_4,23.0,284
2050,495,SG_retrofit_3_Insul_retrofit_4_TR_retrofit_3_BW_retrofit_4,24.0,300
2050,495,SG_retrofit_3_Insul_retrofit_4_TR_retrofit_3_BW_retrofit_4,25.0,318
2050,495,SG_retrofit_3_Insul_retrofit_4_TR_retrofit_3_BW_retrofit_4,26.0,342
2050,496,SG_retrofit_3_Insul_retrofit_4_TR_retrofit_4_BW_current,23.0,293
2050,496,SG_retrofit_3_Insul_retrofit_4_TR_retrofit_4_BW_current,24.0,314
2050,496,SG_retrofit_3_Insul_retrofit_4_TR_retrofit_4_BW_current,25.0,329
2050,496,SG_retrofit_3_Insul_retrofit_4_TR_retrofit_4_BW_current,26.0,345
2050,497,SG_retrofit_3_Insul_retrofit_4_TR_retrofit_4_BW_retrofit_1,23.0,287
2050,497,SG_retrofit_3_Insul_retrofit_4_TR_retrofit_4_BW_retrofit_1,24.0,301
2050,497,SG_retrofit_3_Insul_retrofit_4_TR_retrofit_4_BW_retrofit_1,25.0,324
2050,497,SG_retrofit_3_Insul_retrofit_4_TR_retrofit_4_BW_retrofit_1,26.0,343
2050,498,SG_retrofit_3_Insul_retrofit_4_TR_retrofit_4_BW_retrofit_2,23.0,286
2050,498,SG_retrofit_3_Insul_retrofit_4_TR_retrofit_4_BW_retrofit_2,24.0,300
2050,498,SG_retrofit_3_Insul_retrofit_4_TR_retrofit_4_BW_retrofit_2,25.0,321
2050,498,SG_retrofit_3_Insul_retrofit_4_TR_retrofit_4_BW_retrofit_2,26.0,343
2050,499,SG_retrofit_3_Insul_retrofit_4_TR_retrofit_4_BW_retrofit_3,23.0,284
2050,499,SG_retrofit_3_Insul_retrofit_4_TR_retrofit_4_BW_retrofit_3,24.0,300
2050,499,SG_retrofit_3_Insul_retrofit_4_TR_retrofit_4_BW_retrofit_3,25.0,318
2050,499,SG_retrofit_3_Insul_retrofit_4_TR_retrofit_4_BW_retrofit_3,26.0,342
2050,500,SG_retrofit_3_Insul_retrofit_4_TR_retrofit_4_BW_retrofit_4,23.0,284
2050,500,SG_retrofit_3_Insul_retrofit_4_TR_retrofit_4_BW_retrofit_4,24.0,300
2050,500,SG_retrofit_3_Insul_retrofit_4_TR_retrofit_4_BW_retrofit_4,25.0,318
2050,500,SG_retrofit_3_Insul_retrofit_4_TR_retrofit_4_BW_retrofit_4,26.0,342
2050,501,SG_retrofit_4_Insul_current_TR_current_BW_current,23.0,324
2050,501,SG_retrofit_4_Insul_current_TR_current_BW_current,24.0,340
2050,501,SG_retrofit_4_Insul_current_TR_current_BW_current,25.0,349
2050,501,SG_retrofit_4_Insul_current_TR_current_BW_current,26.0,361
2050,502,SG_retrofit_4_Insul_current_TR_current_BW_retrofit_1,23.0,321
2050,502,SG_retrofit_4_Insul_current_TR_current_BW_retrofit_1,24.0,343
2050,502,SG_retrofit_4_Insul_current_TR_current_BW_retrofit_1,25.0,351
2050,502,SG_retrofit_4_Insul_current_TR_current_BW_retrofit_1,26.0,362
2050,503,SG_retrofit_4_Insul_current_TR_current_BW_retrofit_2,23.0,322
2050,503,SG_retrofit_4_Insul_current_TR_current_BW_retrofit_2,24.0,344
2050,503,SG_retrofit_4_Insul_current_TR_current_BW_retrofit_2,25.0,351
2050,503,SG_retrofit_4_Insul_current_TR_current_BW_retrofit_2,26.0,362
2050,504,SG_retrofit_4_Insul_current_TR_current_BW_retrofit_3,23.0,322
2050,504,SG_retrofit_4_Insul_current_TR_current_BW_retrofit_3,24.0,344
2050,504,SG_retrofit_4_Insul_current_TR_current_BW_retrofit_3,25.0,351
2050,504,SG_retrofit_4_Insul_current_TR_current_BW_retrofit_3,26.0,363
2050,505,SG_retrofit_4_Insul_current_TR_current_BW_retrofit_4,23.0,322
2050,505,SG_retrofit_4_Insul_current_TR_current_BW_retrofit_4,24.0,344
2050,505,SG_retrofit_4_Insul_current_TR_current_BW_retrofit_4,25.0,352
2050,505,SG_retrofit_4_Insul_current_TR_current_BW_retrofit_4,26.0,363
2050,506,SG_retrofit_4_Insul_current_TR_retrofit_1_BW_current,23.0,324
2050,506,SG_retrofit_4_Insul_current_TR_retrofit_1_BW_current,24.0,343
2050,506,SG_retrofit_4_Insul_current_TR_retrofit_1_BW_current,25.0,349
2050,506,SG_retrofit_4_Insul_current_TR_retrofit_1_BW_current,26.0,361
2050,507,SG_retrofit_4_Insul_current_TR_retrofit_1_BW_retrofit_1,23.0,322
2050,507,SG_retrofit_4_Insul_current_TR_retrofit_1_BW_retrofit_1,24.0,344
2050,507,SG_retrofit_4_Insul_current_TR_retrofit_1_BW_retrofit_1,25.0,351
2050,507,SG_retrofit_4_Insul_current_TR_retrofit_1_BW_retrofit_1,26.0,363
2050,508,SG_retrofit_4_Insul_current_TR_retrofit_1_BW_retrofit_2,23.0,322
2050,508,SG_retrofit_4_Insul_current_TR_retrofit_1_BW_retrofit_2,24.0,345
2050,508,SG_retrofit_4_Insul_current_TR_retrofit_1_BW_retrofit_2,25.0,351
2050,508,SG_retrofit_4_Insul_current_TR_retrofit_1_BW_retrofit_2,26.0,363
2050,509,SG_retrofit_4_Insul_current_TR_retrofit_1_BW_retrofit_3,23.0,322
2050,509,SG_retrofit_4_Insul_current_TR_retrofit_1_BW_retrofit_3,24.0,346
2050,509,SG_retrofit_4_Insul_current_TR_retrofit_1_BW_retrofit_3,25.0,354
2050,509,SG_retrofit_4_Insul_current_TR_retrofit_1_BW_retrofit_3,26.0,363
2050,510,SG_retrofit_4_Insul_current_TR_retrofit_1_BW_retrofit_4,23.0,322
2050,510,SG_retrofit_4_Insul_current_TR_retrofit_1_BW_retrofit_4,24.0,346
2050,510,SG_retrofit_4_Insul_current_TR_retrofit_1_BW_retrofit_4,25.0,354
2050,510,SG_retrofit_4_Insul_current_TR_retrofit_1_BW_retrofit_4,26.0,363
2050,511,SG_retrofit_4_Insul_current_TR_retrofit_2_BW_current,23.0,324
2050,511,SG_retrofit_4_Insul_current_TR_retrofit_2_BW_current,24.0,343
2050,511,SG_retrofit_4_Insul_current_TR_retrofit_2_BW_current,25.0,349
2050,511,SG_retrofit_4_Insul_current_TR_retrofit_2_BW_current,26.0,361
2050,512,SG_retrofit_4_Insul_current_TR_retrofit_2_BW_retrofit_1,23.0,322
2050,512,SG_retrofit_4_Insul_current_TR_retrofit_2_BW_retrofit_1,24.0,345
2050,512,SG_retrofit_4_Insul_current_TR_retrofit_2_BW_retrofit_1,25.0,351
2050,512,SG_retrofit_4_Insul_current_TR_retrofit_2_BW_retrofit_1,26.0,363
2050,513,SG_retrofit_4_Insul_current_TR_retrofit_2_BW_retrofit_2,23.0,322
2050,513,SG_retrofit_4_Insul_current_TR_retrofit_2_BW_retrofit_2,24.0,345
2050,513,SG_retrofit_4_Insul_current_TR_retrofit_2_BW_retrofit_2,25.0,351
2050,513,SG_retrofit_4_Insul_current_TR_retrofit_2_BW_retrofit_2,26.0,363
2050,514,SG_retrofit_4_Insul_current_TR_retrofit_2_BW_retrofit_3,23.0,322
2050,514,SG_retrofit_4_Insul_current_TR_retrofit_2_BW_retrofit_3,24.0,346
2050,514,SG_retrofit_4_Insul_current_TR_retrofit_2_BW_retrofit_3,25.0,354
2050,514,SG_retrofit_4_Insul_current_TR_retrofit_2_BW_retrofit_3,26.0,363
2050,515,SG_retrofit_4_Insul_current_TR_retrofit_2_BW_retrofit_4,23.0,322
2050,515,SG_retrofit_4_Insul_current_TR_retrofit_2_BW_retrofit_4,24.0,346
2050,515,SG_retrofit_4_Insul_current_TR_retrofit_2_BW_retrofit_4,25.0,354
2050,515,SG_retrofit_4_Insul_current_TR_retrofit_2_BW_retrofit_4,26.0,363
2050,516,SG_retrofit_4_Insul_current_TR_retrofit_3_BW_current,23.0,324
2050,516,SG_retrofit_4_Insul_current_TR_retrofit_3_BW_current,24.0,343
2050,516,SG_retrofit_4_Insul_current_TR_retrofit_3_BW_current,25.0,349
2050,516,SG_retrofit_4_Insul_current_TR_retrofit_3_BW_current,26.0,361
2050,517,SG_retrofit_4_Insul_current_TR_retrofit_3_BW_retrofit_1,23.0,322
2050,517,SG_retrofit_4_Insul_current_TR_retrofit_3_BW_retrofit_1,24.0,345
2050,517,SG_retrofit_4_Insul_current_TR_retrofit_3_BW_retrofit_1,25.0,351
2050,517,SG_retrofit_4_Insul_current_TR_retrofit_3_BW_retrofit_1,26.0,363
2050,518,SG_retrofit_4_Insul_current_TR_retrofit_3_BW_retrofit_2,23.0,322
2050,518,SG_retrofit_4_Insul_current_TR_retrofit_3_BW_retrofit_2,24.0,345
2050,518,SG_retrofit_4_Insul_current_TR_retrofit_3_BW_retrofit_2,25.0,352
2050,518,SG_retrofit_4_Insul_current_TR_retrofit_3_BW_retrofit_2,26.0,363
2050,519,SG_retrofit_4_Insul_current_TR_retrofit_3_BW_retrofit_3,23.0,322
2050,519,SG_retrofit_4_Insul_current_TR_retrofit_3_BW_retrofit_3,24.0,346
2050,519,SG_retrofit_4_Insul_current_TR_retrofit_3_BW_retrofit_3,25.0,354
2050,519,SG_retrofit_4_Insul_current_TR_retrofit_3_BW_retrofit_3,26.0,363
2050,520,SG_retrofit_4_Insul_current_TR_retrofit_3_BW_retrofit_4,23.0,322
2050,520,SG_retrofit_4_Insul_current_TR_retrofit_3_BW_retrofit_4,24.0,346
2050,520,SG_retrofit_4_Insul_current_TR_retrofit_3_BW_retrofit_4,25.0,354
2050,520,SG_retrofit_4_Insul_current_TR_retrofit_3_BW_retrofit_4,26.0,363
2050,521,SG_retrofit_4_Insul_current_TR_retrofit_4_BW_current,23.0,324
2050,521,SG_retrofit_4_Insul_current_TR_retrofit_4_BW_current,24.0,343
2050,521,SG_retrofit_4_Insul_current_TR_retrofit_4_BW_current,25.0,349
2050,521,SG_retrofit_4_Insul_current_TR_retrofit_4_BW_current,26.0,361
2050,522,SG_retrofit_4_Insul_current_TR_retrofit_4_BW_retrofit_1,23.0,322
2050,522,SG_retrofit_4_Insul_current_TR_retrofit_4_BW_retrofit_1,24.0,345
2050,522,SG_retrofit_4_Insul_current_TR_retrofit_4_BW_retrofit_1,25.0,351
2050,522,SG_retrofit_4_Insul_current_TR_retrofit_4_BW_retrofit_1,26.0,363
2050,523,SG_retrofit_4_Insul_current_TR_retrofit_4_BW_retrofit_2,23.0,322
2050,523,SG_retrofit_4_Insul_current_TR_retrofit_4_BW_retrofit_2,24.0,345
2050,523,SG_retrofit_4_Insul_current_TR_retrofit_4_BW_retrofit_2,25.0,352
2050,523,SG_retrofit_4_Insul_current_TR_retrofit_4_BW_retrofit_2,26.0,363
2050,524,SG_retrofit_4_Insul_current_TR_retrofit_4_BW_retrofit_3,23.0,322
2050,524,SG_retrofit_4_Insul_current_TR_retrofit_4_BW_retrofit_3,24.0,346
2050,524,SG_retrofit_4_Insul_current_TR_retrofit_4_BW_retrofit_3,25.0,354
2050,524,SG_retrofit_4_Insul_current_TR_retrofit_4_BW_retrofit_3,26.0,363
2050,525,SG_retrofit_4_Insul_current_TR_retrofit_4_BW_retrofit_4,23.0,322
2050,525,SG_retrofit_4_Insul_current_TR_retrofit_4_BW_retrofit_4,24.0,346
2050,525,SG_retrofit_4_Insul_current_TR_retrofit_4_BW_retrofit_4,25.0,355
2050,525,SG_retrofit_4_Insul_current_TR_retrofit_4_BW_retrofit_4,26.0,363
2050,526,SG_retrofit_4_Insul_retrofit_1_TR_current_BW_current,23.0,294
2050,526,SG_retrofit_4_Insul_retrofit_1_TR_current_BW_current,24.0,316
2050,526,SG_retrofit_4_Insul_retrofit_1_TR_current_BW_current,25.0,329
2050,526,SG_retrofit_4_Insul_retrofit_1_TR_current_BW_current,26.0,345
2050,527,SG_retrofit_4_Insul_retrofit_1_TR_current_BW_retrofit_1,23.0,288
2050,527,SG_retrofit_4_Insul_retrofit_1_TR_current_BW_retrofit_1,24.0,302
2050,527,SG_retrofit_4_Insul_retrofit_1_TR_current_BW_retrofit_1,25.0,325
2050,527,SG_retrofit_4_Insul_retrofit_1_TR_current_BW_retrofit_1,26.0,343
2050,528,SG_retrofit_4_Insul_retrofit_1_TR_current_BW_retrofit_2,23.0,287
2050,528,SG_retrofit_4_Insul_retrofit_1_TR_current_BW_retrofit_2,24.0,301
2050,528,SG_retrofit_4_Insul_retrofit_1_TR_current_BW_retrofit_2,25.0,325
2050,528,SG_retrofit_4_Insul_retrofit_1_TR_current_BW_retrofit_2,26.0,343
2050,529,SG_retrofit_4_Insul_retrofit_1_TR_current_BW_retrofit_3,23.0,286
2050,529,SG_retrofit_4_Insul_retrofit_1_TR_current_BW_retrofit_3,24.0,300
2050,529,SG_retrofit_4_Insul_retrofit_1_TR_current_BW_retrofit_3,25.0,321
2050,529,SG_retrofit_4_Insul_retrofit_1_TR_current_BW_retrofit_3,26.0,343
2050,530,SG_retrofit_4_Insul_retrofit_1_TR_current_BW_retrofit_4,23.0,286
2050,530,SG_retrofit_4_Insul_retrofit_1_TR_current_BW_retrofit_4,24.0,300
2050,530,SG_retrofit_4_Insul_retrofit_1_TR_current_BW_retrofit_4,25.0,321
2050,530,SG_retrofit_4_Insul_retrofit_1_TR_current_BW_retrofit_4,26.0,343
2050,531,SG_retrofit_4_Insul_retrofit_1_TR_retrofit_1_BW_current,23.0,295
2050,531,SG_retrofit_4_Insul_retrofit_1_TR_retrofit_1_BW_current,24.0,316
2050,531,SG_retrofit_4_Insul_retrofit_1_TR_retrofit_1_BW_current,25.0,331
2050,531,SG_retrofit_4_Insul_retrofit_1_TR_retrofit_1_BW_current,26.0,345
2050,532,SG_retrofit_4_Insul_retrofit_1_TR_retrofit_1_BW_retrofit_1,23.0,289
2050,532,SG_retrofit_4_Insul_retrofit_1_TR_retrofit_1_BW_retrofit_1,24.0,304
2050,532,SG_retrofit_4_Insul_retrofit_1_TR_retrofit_1_BW_retrofit_1,25.0,328
2050,532,SG_retrofit_4_Insul_retrofit_1_TR_retrofit_1_BW_retrofit_1,26.0,345
2050,533,SG_retrofit_4_Insul_retrofit_1_TR_retrofit_1_BW_retrofit_2,23.0,287
2050,533,SG_retrofit_4_Insul_retrofit_1_TR_retrofit_1_BW_retrofit_2,24.0,302
2050,533,SG_retrofit_4_Insul_retrofit_1_TR_retrofit_1_BW_retrofit_2,25.0,326
2050,533,SG_retrofit_4_Insul_retrofit_1_TR_retrofit_1_BW_retrofit_2,26.0,344
2050,534,SG_retrofit_4_Insul_retrofit_1_TR_retrofit_1_BW_retrofit_3,23.0,286
2050,534,SG_retrofit_4_Insul_retrofit_1_TR_retrofit_1_BW_retrofit_3,24.0,301
2050,534,SG_retrofit_4_Insul_retrofit_1_TR_retrofit_1_BW_retrofit_3,25.0,324
2050,534,SG_retrofit_4_Insul_retrofit_1_TR_retrofit_1_BW_retrofit_3,26.0,344
2050,535,SG_retrofit_4_Insul_retrofit_1_TR_retrofit_1_BW_retrofit_4,23.0,286
2050,535,SG_retrofit_4_Insul_retrofit_1_TR_retrofit_1_BW_retrofit_4,24.0,301
2050,535,SG_retrofit_4_Insul_retrofit_1_TR_retrofit_1_BW_retrofit_4,25.0,324
2050,535,SG_retrofit_4_Insul_retrofit_1_TR_retrofit_1_BW_retrofit_4,26.0,344
2050,536,SG_retrofit_4_Insul_retrofit_1_TR_retrofit_2_BW_current,23.0,295
2050,536,SG_retrofit_4_Insul_retrofit_1_TR_retrofit_2_BW_current,24.0,316
2050,536,SG_retrofit_4_Insul_retrofit_1_TR_retrofit_2_BW_current,25.0,331
2050,536,SG_retrofit_4_Insul_retrofit_1_TR_retrofit_2_BW_current,26.0,345
2050,537,SG_retrofit_4_Insul_retrofit_1_TR_retrofit_2_BW_retrofit_1,23.0,289
2050,537,SG_retrofit_4_Insul_retrofit_1_TR_retrofit_2_BW_retrofit_1,24.0,304
2050,537,SG_retrofit_4_Insul_retrofit_1_TR_retrofit_2_BW_retrofit_1,25.0,327
2050,537,SG_retrofit_4_Insul_retrofit_1_TR_retrofit_2_BW_retrofit_1,26.0,344
2050,538,SG_retrofit_4_Insul_retrofit_1_TR_retrofit_2_BW_retrofit_2,23.0,287
2050,538,SG_retrofit_4_Insul_retrofit_1_TR_retrofit_2_BW_retrofit_2,24.0,301
2050,538,SG_retrofit_4_Insul_retrofit_1_TR_retrofit_2_BW_retrofit_2,25.0,326
2050,538,SG_retrofit_4_Insul_retrofit_1_TR_retrofit_2_BW_retrofit_2,26.0,344
2050,539,SG_retrofit_4_Insul_retrofit_1_TR_retrofit_2_BW_retrofit_3,23.0,286
2050,539,SG_retrofit_4_Insul_retrofit_1_TR_retrofit_2_BW_retrofit_3,24.0,300
2050,539,SG_retrofit_4_Insul_retrofit_1_TR_retrofit_2_BW_retrofit_3,25.0,324
2050,539,SG_retrofit_4_Insul_retrofit_1_TR_retrofit_2_BW_retrofit_3,26.0,344
2050,540,SG_retrofit_4_Insul_retrofit_1_TR_retrofit_2_BW_retrofit_4,23.0,286
2050,540,SG_retrofit_4_Insul_retrofit_1_TR_retrofit_2_BW_retrofit_4,24.0,301
2050,540,SG_retrofit_4_Insul_retrofit_1_TR_retrofit_2_BW_retrofit_4,25.0,324
2050,540,SG_retrofit_4_Insul_retrofit_1_TR_retrofit_2_BW_retrofit_4,26.0,344
2050,541,SG_retrofit_4_Insul_retrofit_1_TR_retrofit_3_BW_current,23.0,295
2050,541,SG_retrofit_4_Insul_retrofit_1_TR_retrofit_3_BW_current,24.0,316
2050,541,SG_retrofit_4_Insul_retrofit_1_TR_retrofit_3_BW_current,25.0,331
2050,541,SG_retrofit_4_Insul_retrofit_1_TR_retrofit_3_BW_current,26.0,345
2050,542,SG_retrofit_4_Insul_retrofit_1_TR_retrofit_3_BW_retrofit_1,23.0,289
2050,542,SG_retrofit_4_Insul_retrofit_1_TR_retrofit_3_BW_retrofit_1,24.0,304
2050,542,SG_retrofit_4_Insul_retrofit_1_TR_retrofit_3_BW_retrofit_1,25.0,327
2050,542,SG_retrofit_4_Insul_retrofit_1_TR_retrofit_3_BW_retrofit_1,26.0,345
2050,543,SG_retrofit_4_Insul_retrofit_1_TR_retrofit_3_BW_retrofit_2,23.0,287
2050,543,SG_retrofit_4_Insul_retrofit_1_TR_retrofit_3_BW_retrofit_2,24.0,302
2050,543,SG_retrofit_4_Insul_retrofit_1_TR_retrofit_3_BW_retrofit_2,25.0,326
2050,543,SG_retrofit_4_Insul_retrofit_1_TR_retrofit_3_BW_retrofit_2,26.0,344
2050,544,SG_retrofit_4_Insul_retrofit_1_TR_retrofit_3_BW_retrofit_3,23.0,286
2050,544,SG_retrofit_4_Insul_retrofit_1_TR_retrofit_3_BW_retrofit_3,24.0,301
2050,544,SG_retrofit_4_Insul_retrofit_1_TR_retrofit_3_BW_retrofit_3,25.0,324
2050,544,SG_retrofit_4_Insul_retrofit_1_TR_retrofit_3_BW_retrofit_3,26.0,344
2050,545,SG_retrofit_4_Insul_retrofit_1_TR_retrofit_3_BW_retrofit_4,23.0,286
2050,545,SG_retrofit_4_Insul_retrofit_1_TR_retrofit_3_BW_retrofit_4,24.0,301
2050,545,SG_retrofit_4_Insul_retrofit_1_TR_retrofit_3_BW_retrofit_4,25.0,324
2050,545,SG_retrofit_4_Insul_retrofit_1_TR_retrofit_3_BW_retrofit_4,26.0,344
2050,546,SG_retrofit_4_Insul_retrofit_1_TR_retrofit_4_BW_current,23.0,295
2050,546,SG_retrofit_4_Insul_retrofit_1_TR_retrofit_4_BW_current,24.0,316
2050,546,SG_retrofit_4_Insul_retrofit_1_TR_retrofit_4_BW_current,25.0,331
2050,546,SG_retrofit_4_Insul_retrofit_1_TR_retrofit_4_BW_current,26.0,345
2050,547,SG_retrofit_4_Insul_retrofit_1_TR_retrofit_4_BW_retrofit_1,23.0,289
2050,547,SG_retrofit_4_Insul_retrofit_1_TR_retrofit_4_BW_retrofit_1,24.0,304
2050,547,SG_retrofit_4_Insul_retrofit_1_TR_retrofit_4_BW_retrofit_1,25.0,327
2050,547,SG_retrofit_4_Insul_retrofit_1_TR_retrofit_4_BW_retrofit_1,26.0,345
2050,548,SG_retrofit_4_Insul_retrofit_1_TR_retrofit_4_BW_retrofit_2,23.0,287
2050,548,SG_retrofit_4_Insul_retrofit_1_TR_retrofit_4_BW_retrofit_2,24.0,302
2050,548,SG_retrofit_4_Insul_retrofit_1_TR_retrofit_4_BW_retrofit_2,25.0,326
2050,548,SG_retrofit_4_Insul_retrofit_1_TR_retrofit_4_BW_retrofit_2,26.0,344
2050,549,SG_retrofit_4_Insul_retrofit_1_TR_retrofit_4_BW_retrofit_3,23.0,286
2050,549,SG_retrofit_4_Insul_retrofit_1_TR_retrofit_4_BW_retrofit_3,24.0,301
2050,549,SG_retrofit_4_Insul_retrofit_1_TR_retrofit_4_BW_retrofit_3,25.0,324
2050,549,SG_retrofit_4_Insul_retrofit_1_TR_retrofit_4_BW_retrofit_3,26.0,344
2050,550,SG_retrofit_4_Insul_retrofit_1_TR_retrofit_4_BW_retrofit_4,23.0,286
2050,550,SG_retrofit_4_Insul_retrofit_1_TR_retrofit_4_BW_retrofit_4,24.0,301
2050,550,SG_retrofit_4_Insul_retrofit_1_TR_retrofit_4_BW_retrofit_4,25.0,324
2050,550,SG_retrofit_4_Insul_retrofit_1_TR_retrofit_4_BW_retrofit_4,26.0,344
2050,551,SG_retrofit_4_Insul_retrofit_2_TR_current_BW_current,23.0,293
2050,551,SG_retrofit_4_Insul_retrofit_2_TR_current_BW_current,24.0,315
2050,551,SG_retrofit_4_Insul_retrofit_2_TR_current_BW_current,25.0,329
2050,551,SG_retrofit_4_Insul_retrofit_2_TR_current_BW_current,26.0,345
2050,552,SG_retrofit_4_Insul_retrofit_2_TR_current_BW_retrofit_1,23.0,287
2050,552,SG_retrofit_4_Insul_retrofit_2_TR_current_BW_retrofit_1,24.0,300
2050,552,SG_retrofit_4_Insul_retrofit_2_TR_current_BW_retrofit_1,25.0,323
2050,552,SG_retrofit_4_Insul_retrofit_2_TR_current_BW_retrofit_1,26.0,343
2050,553,SG_retrofit_4_Insul_retrofit_2_TR_current_BW_retrofit_2,23.0,285
2050,553,SG_retrofit_4_Insul_retrofit_2_TR_current_BW_retrofit_2,24.0,300
2050,553,SG_retrofit_4_Insul_retrofit_2_TR_current_BW_retrofit_2,25.0,321
2050,553,SG_retrofit_4_Insul_retrofit_2_TR_current_BW_retrofit_2,26.0,341
2050,554,SG_retrofit_4_Insul_retrofit_2_TR_current_BW_retrofit_3,23.0,283
2050,554,SG_retrofit_4_Insul_retrofit_2_TR_current_BW_retrofit_3,24.0,300
2050,554,SG_retrofit_4_Insul_retrofit_2_TR_current_BW_retrofit_3,25.0,317
2050,554,SG_retrofit_4_Insul_retrofit_2_TR_current_BW_retrofit_3,26.0,340
2050,555,SG_retrofit_4_Insul_retrofit_2_TR_current_BW_retrofit_4,23.0,283
2050,555,SG_retrofit_4_Insul_retrofit_2_TR_current_BW_retrofit_4,24.0,300
2050,555,SG_retrofit_4_Insul_retrofit_2_TR_current_BW_retrofit_4,25.0,317
2050,555,SG_retrofit_4_Insul_retrofit_2_TR_current_BW_retrofit_4,26.0,340
2050,556,SG_retrofit_4_Insul_retrofit_2_TR_retrofit_1_BW_current,23.0,293
2050,556,SG_retrofit_4_Insul_retrofit_2_TR_retrofit_1_BW_current,24.0,314
2050,556,SG_retrofit_4_Insul_retrofit_2_TR_retrofit_1_BW_current,25.0,329
2050,556,SG_retrofit_4_Insul_retrofit_2_TR_retrofit_1_BW_current,26.0,345
2050,557,SG_retrofit_4_Insul_retrofit_2_TR_retrofit_1_BW_retrofit_1,23.0,287
2050,557,SG_retrofit_4_Insul_retrofit_2_TR_retrofit_1_BW_retrofit_1,24.0,301
2050,557,SG_retrofit_4_Insul_retrofit_2_TR_retrofit_1_BW_retrofit_1,25.0,325
2050,557,SG_retrofit_4_Insul_retrofit_2_TR_retrofit_1_BW_retrofit_1,26.0,343
2050,558,SG_retrofit_4_Insul_retrofit_2_TR_retrofit_1_BW_retrofit_2,23.0,286
2050,558,SG_retrofit_4_Insul_retrofit_2_TR_retrofit_1_BW_retrofit_2,24.0,300
2050,558,SG_retrofit_4_Insul_retrofit_2_TR_retrofit_1_BW_retrofit_2,25.0,323
2050,558,SG_retrofit_4_Insul_retrofit_2_TR_retrofit_1_BW_retrofit_2,26.0,343
2050,559,SG_retrofit_4_Insul_retrofit_2_TR_retrofit_1_BW_retrofit_3,23.0,284
2050,559,SG_retrofit_4_Insul_retrofit_2_TR_retrofit_1_BW_retrofit_3,24.0,300
2050,559,SG_retrofit_4_Insul_retrofit_2_TR_retrofit_1_BW_retrofit_3,25.0,320
2050,559,SG_retrofit_4_Insul_retrofit_2_TR_retrofit_1_BW_retrofit_3,26.0,343
2050,560,SG_retrofit_4_Insul_retrofit_2_TR_retrofit_1_BW_retrofit_4,23.0,284
2050,560,SG_retrofit_4_Insul_retrofit_2_TR_retrofit_1_BW_retrofit_4,24.0,300
2050,560,SG_retrofit_4_Insul_retrofit_2_TR_retrofit_1_BW_retrofit_4,25.0,320
2050,560,SG_retrofit_4_Insul_retrofit_2_TR_retrofit_1_BW_retrofit_4,26.0,343
2050,561,SG_retrofit_4_Insul_retrofit_2_TR_retrofit_2_BW_current,23.0,293
2050,561,SG_retrofit_4_Insul_retrofit_2_TR_retrofit_2_BW_current,24.0,314
2050,561,SG_retrofit_4_Insul_retrofit_2_TR_retrofit_2_BW_current,25.0,329
2050,561,SG_retrofit_4_Insul_retrofit_2_TR_retrofit_2_BW_current,26.0,345
2050,562,SG_retrofit_4_Insul_retrofit_2_TR_retrofit_2_BW_retrofit_1,23.0,287
2050,562,SG_retrofit_4_Insul_retrofit_2_TR_retrofit_2_BW_retrofit_1,24.0,301
2050,562,SG_retrofit_4_Insul_retrofit_2_TR_retrofit_2_BW_retrofit_1,25.0,325
2050,562,SG_retrofit_4_Insul_retrofit_2_TR_retrofit_2_BW_retrofit_1,26.0,343
2050,563,SG_retrofit_4_Insul_retrofit_2_TR_retrofit_2_BW_retrofit_2,23.0,286
2050,563,SG_retrofit_4_Insul_retrofit_2_TR_retrofit_2_BW_retrofit_2,24.0,300
2050,563,SG_retrofit_4_Insul_retrofit_2_TR_retrofit_2_BW_retrofit_2,25.0,322
2050,563,SG_retrofit_4_Insul_retrofit_2_TR_retrofit_2_BW_retrofit_2,26.0,343
2050,564,SG_retrofit_4_Insul_retrofit_2_TR_retrofit_2_BW_retrofit_3,23.0,284
2050,564,SG_retrofit_4_Insul_retrofit_2_TR_retrofit_2_BW_retrofit_3,24.0,300
2050,564,SG_retrofit_4_Insul_retrofit_2_TR_retrofit_2_BW_retrofit_3,25.0,319
2050,564,SG_retrofit_4_Insul_retrofit_2_TR_retrofit_2_BW_retrofit_3,26.0,342
2050,565,SG_retrofit_4_Insul_retrofit_2_TR_retrofit_2_BW_retrofit_4,23.0,284
2050,565,SG_retrofit_4_Insul_retrofit_2_TR_retrofit_2_BW_retrofit_4,24.0,300
2050,565,SG_retrofit_4_Insul_retrofit_2_TR_retrofit_2_BW_retrofit_4,25.0,319
2050,565,SG_retrofit_4_Insul_retrofit_2_TR_retrofit_2_BW_retrofit_4,26.0,343
2050,566,SG_retrofit_4_Insul_retrofit_2_TR_retrofit_3_BW_current,23.0,293
2050,566,SG_retrofit_4_Insul_retrofit_2_TR_retrofit_3_BW_current,24.0,314
2050,566,SG_retrofit_4_Insul_retrofit_2_TR_retrofit_3_BW_current,25.0,329
2050,566,SG_retrofit_4_Insul_retrofit_2_TR_retrofit_3_BW_current,26.0,345
2050,567,SG_retrofit_4_Insul_retrofit_2_TR_retrofit_3_BW_retrofit_1,23.0,287
2050,567,SG_retrofit_4_Insul_retrofit_2_TR_retrofit_3_BW_retrofit_1,24.0,301
2050,567,SG_retrofit_4_Insul_retrofit_2_TR_retrofit_3_BW_retrofit_1,25.0,325
2050,567,SG_retrofit_4_Insul_retrofit_2_TR_retrofit_3_BW_retrofit_1,26.0,343
2050,568,SG_retrofit_4_Insul_retrofit_2_TR_retrofit_3_BW_retrofit_2,23.0,286
2050,568,SG_retrofit_4_Insul_retrofit_2_TR_retrofit_3_BW_retrofit_2,24.0,300
2050,568,SG_retrofit_4_Insul_retrofit_2_TR_retrofit_3_BW_retrofit_2,25.0,322
2050,568,SG_retrofit_4_Insul_retrofit_2_TR_retrofit_3_BW_retrofit_2,26.0,343
2050,569,SG_retrofit_4_Insul_retrofit_2_TR_retrofit_3_BW_retrofit_3,23.0,284
2050,569,SG_retrofit_4_Insul_retrofit_2_TR_retrofit_3_BW_retrofit_3,24.0,300
2050,569,SG_retrofit_4_Insul_retrofit_2_TR_retrofit_3_BW_retrofit_3,25.0,319
2050,569,SG_retrofit_4_Insul_retrofit_2_TR_retrofit_3_BW_retrofit_3,26.0,342
2050,570,SG_retrofit_4_Insul_retrofit_2_TR_retrofit_3_BW_retrofit_4,23.0,284
2050,570,SG_retrofit_4_Insul_retrofit_2_TR_retrofit_3_BW_retrofit_4,24.0,300
2050,570,SG_retrofit_4_Insul_retrofit_2_TR_retrofit_3_BW_retrofit_4,25.0,319
2050,570,SG_retrofit_4_Insul_retrofit_2_TR_retrofit_3_BW_retrofit_4,26.0,343
2050,571,SG_retrofit_4_Insul_retrofit_2_TR_retrofit_4_BW_current,23.0,293
2050,571,SG_retrofit_4_Insul_retrofit_2_TR_retrofit_4_BW_current,24.0,314
2050,571,SG_retrofit_4_Insul_retrofit_2_TR_retrofit_4_BW_current,25.0,329
2050,571,SG_retrofit_4_Insul_retrofit_2_TR_retrofit_4_BW_current,26.0,345
2050,572,SG_retrofit_4_Insul_retrofit_2_TR_retrofit_4_BW_retrofit_1,23.0,287
2050,572,SG_retrofit_4_Insul_retrofit_2_TR_retrofit_4_BW_retrofit_1,24.0,301
2050,572,SG_retrofit_4_Insul_retrofit_2_TR_retrofit_4_BW_retrofit_1,25.0,325
2050,572,SG_retrofit_4_Insul_retrofit_2_TR_retrofit_4_BW_retrofit_1,26.0,343
2050,573,SG_retrofit_4_Insul_retrofit_2_TR_retrofit_4_BW_retrofit_2,23.0,286
2050,573,SG_retrofit_4_Insul_retrofit_2_TR_retrofit_4_BW_retrofit_2,24.0,300
2050,573,SG_retrofit_4_Insul_retrofit_2_TR_retrofit_4_BW_retrofit_2,25.0,322
2050,573,SG_retrofit_4_Insul_retrofit_2_TR_retrofit_4_BW_retrofit_2,26.0,343
2050,574,SG_retrofit_4_Insul_retrofit_2_TR_retrofit_4_BW_retrofit_3,23.0,284
2050,574,SG_retrofit_4_Insul_retrofit_2_TR_retrofit_4_BW_retrofit_3,24.0,300
2050,574,SG_retrofit_4_Insul_retrofit_2_TR_retrofit_4_BW_retrofit_3,25.0,319
2050,574,SG_retrofit_4_Insul_retrofit_2_TR_retrofit_4_BW_retrofit_3,26.0,342
2050,575,SG_retrofit_4_Insul_retrofit_2_TR_retrofit_4_BW_retrofit_4,23.0,284
2050,575,SG_retrofit_4_Insul_retrofit_2_TR_retrofit_4_BW_retrofit_4,24.0,300
2050,575,SG_retrofit_4_Insul_retrofit_2_TR_retrofit_4_BW_retrofit_4,25.0,319
2050,575,SG_retrofit_4_Insul_retrofit_2_TR_retrofit_4_BW_retrofit_4,26.0,343
2050,576,SG_retrofit_4_Insul_retrofit_3_TR_current_BW_current,23.0,293
2050,576,SG_retrofit_4_Insul_retrofit_3_TR_current_BW_current,24.0,314
2050,576,SG_retrofit_4_Insul_retrofit_3_TR_current_BW_current,25.0,329
2050,576,SG_retrofit_4_Insul_retrofit_3_TR_current_BW_current,26.0,345
2050,577,SG_retrofit_4_Insul_retrofit_3_TR_current_BW_retrofit_1,23.0,285
2050,577,SG_retrofit_4_Insul_retrofit_3_TR_current_BW_retrofit_1,24.0,300
2050,577,SG_retrofit_4_Insul_retrofit_3_TR_current_BW_retrofit_1,25.0,322
2050,577,SG_retrofit_4_Insul_retrofit_3_TR_current_BW_retrofit_1,26.0,342
2050,578,SG_retrofit_4_Insul_retrofit_3_TR_current_BW_retrofit_2,23.0,282
2050,578,SG_retrofit_4_Insul_retrofit_3_TR_current_BW_retrofit_2,24.0,300
2050,578,SG_retrofit_4_Insul_retrofit_3_TR_current_BW_retrofit_2,25.0,319
2050,578,SG_retrofit_4_Insul_retrofit_3_TR_current_BW_retrofit_2,26.0,341
2050,579,SG_retrofit_4_Insul_retrofit_3_TR_current_BW_retrofit_3,23.0,279
2050,579,SG_retrofit_4_Insul_retrofit_3_TR_current_BW_retrofit_3,24.0,300
2050,579,SG_retrofit_4_Insul_retrofit_3_TR_current_BW_retrofit_3,25.0,317
2050,579,SG_retrofit_4_Insul_retrofit_3_TR_current_BW_retrofit_3,26.0,340
2050,580,SG_retrofit_4_Insul_retrofit_3_TR_current_BW_retrofit_4,23.0,279
2050,580,SG_retrofit_4_Insul_retrofit_3_TR_current_BW_retrofit_4,24.0,300
2050,580,SG_retrofit_4_Insul_retrofit_3_TR_current_BW_retrofit_4,25.0,317
2050,580,SG_retrofit_4_Insul_retrofit_3_TR_current_BW_retrofit_4,26.0,340
2050,581,SG_retrofit_4_Insul_retrofit_3_TR_retrofit_1_BW_current,23.0,293
2050,581,SG_retrofit_4_Insul_retrofit_3_TR_retrofit_1_BW_current,24.0,314
2050,581,SG_retrofit_4_Insul_retrofit_3_TR_retrofit_1_BW_current,25.0,329
2050,581,SG_retrofit_4_Insul_retrofit_3_TR_retrofit_1_BW_current,26.0,345
2050,582,SG_retrofit_4_Insul_retrofit_3_TR_retrofit_1_BW_retrofit_1,23.0,286
2050,582,SG_retrofit_4_Insul_retrofit_3_TR_retrofit_1_BW_retrofit_1,24.0,300
2050,582,SG_retrofit_4_Insul_retrofit_3_TR_retrofit_1_BW_retrofit_1,25.0,323
2050,582,SG_retrofit_4_Insul_retrofit_3_TR_retrofit_1_BW_retrofit_1,26.0,343
2050,583,SG_retrofit_4_Insul_retrofit_3_TR_retrofit_1_BW_retrofit_2,23.0,286
2050,583,SG_retrofit_4_Insul_retrofit_3_TR_retrofit_1_BW_retrofit_2,24.0,300
2050,583,SG_retrofit_4_Insul_retrofit_3_TR_retrofit_1_BW_retrofit_2,25.0,320
2050,583,SG_retrofit_4_Insul_retrofit_3_TR_retrofit_1_BW_retrofit_2,26.0,343
2050,584,SG_retrofit_4_Insul_retrofit_3_TR_retrofit_1_BW_retrofit_3,23.0,284
2050,584,SG_retrofit_4_Insul_retrofit_3_TR_retrofit_1_BW_retrofit_3,24.0,300
2050,584,SG_retrofit_4_Insul_retrofit_3_TR_retrofit_1_BW_retrofit_3,25.0,318
2050,584,SG_retrofit_4_Insul_retrofit_3_TR_retrofit_1_BW_retrofit_3,26.0,341
2050,585,SG_retrofit_4_Insul_retrofit_3_TR_retrofit_1_BW_retrofit_4,23.0,284
2050,585,SG_retrofit_4_Insul_retrofit_3_TR_retrofit_1_BW_retrofit_4,24.0,300
2050,585,SG_retrofit_4_Insul_retrofit_3_TR_retrofit_1_BW_retrofit_4,25.0,318
2050,585,SG_retrofit_4_Insul_retrofit_3_TR_retrofit_1_BW_retrofit_4,26.0,342
2050,586,SG_retrofit_4_Insul_retrofit_3_TR_retrofit_2_BW_current,23.0,293
2050,586,SG_retrofit_4_Insul_retrofit_3_TR_retrofit_2_BW_current,24.0,314
2050,586,SG_retrofit_4_Insul_retrofit_3_TR_retrofit_2_BW_current,25.0,329
2050,586,SG_retrofit_4_Insul_retrofit_3_TR_retrofit_2_BW_current,26.0,345
2050,587,SG_retrofit_4_Insul_retrofit_3_TR_retrofit_2_BW_retrofit_1,23.0,286
2050,587,SG_retrofit_4_Insul_retrofit_3_TR_retrofit_2_BW_retrofit_1,24.0,300
2050,587,SG_retrofit_4_Insul_retrofit_3_TR_retrofit_2_BW_retrofit_1,25.0,323
2050,587,SG_retrofit_4_Insul_retrofit_3_TR_retrofit_2_BW_retrofit_1,26.0,343
2050,588,SG_retrofit_4_Insul_retrofit_3_TR_retrofit_2_BW_retrofit_2,23.0,286
2050,588,SG_retrofit_4_Insul_retrofit_3_TR_retrofit_2_BW_retrofit_2,24.0,300
2050,588,SG_retrofit_4_Insul_retrofit_3_TR_retrofit_2_BW_retrofit_2,25.0,319
2050,588,SG_retrofit_4_Insul_retrofit_3_TR_retrofit_2_BW_retrofit_2,26.0,342
2050,589,SG_retrofit_4_Insul_retrofit_3_TR_retrofit_2_BW_retrofit_3,23.0,284
2050,589,SG_retrofit_4_Insul_retrofit_3_TR_retrofit_2_BW_retrofit_3,24.0,300
2050,589,SG_retrofit_4_Insul_retrofit_3_TR_retrofit_2_BW_retrofit_3,25.0,318
2050,589,SG_retrofit_4_Insul_retrofit_3_TR_retrofit_2_BW_retrofit_3,26.0,341
2050,590,SG_retrofit_4_Insul_retrofit_3_TR_retrofit_2_BW_retrofit_4,23.0,284
2050,590,SG_retrofit_4_Insul_retrofit_3_TR_retrofit_2_BW_retrofit_4,24.0,300
2050,590,SG_retrofit_4_Insul_retrofit_3_TR_retrofit_2_BW_retrofit_4,25.0,318
2050,590,SG_retrofit_4_Insul_retrofit_3_TR_retrofit_2_BW_retrofit_4,26.0,340
2050,591,SG_retrofit_4_Insul_retrofit_3_TR_retrofit_3_BW_current,23.0,293
2050,591,SG_retrofit_4_Insul_retrofit_3_TR_retrofit_3_BW_current,24.0,314
2050,591,SG_retrofit_4_Insul_retrofit_3_TR_retrofit_3_BW_current,25.0,329
2050,591,SG_retrofit_4_Insul_retrofit_3_TR_retrofit_3_BW_current,26.0,345
2050,592,SG_retrofit_4_Insul_retrofit_3_TR_retrofit_3_BW_retrofit_1,23.0,286
2050,592,SG_retrofit_4_Insul_retrofit_3_TR_retrofit_3_BW_retrofit_1,24.0,300
2050,592,SG_retrofit_4_Insul_retrofit_3_TR_retrofit_3_BW_retrofit_1,25.0,324
2050,592,SG_retrofit_4_Insul_retrofit_3_TR_retrofit_3_BW_retrofit_1,26.0,343
2050,593,SG_retrofit_4_Insul_retrofit_3_TR_retrofit_3_BW_retrofit_2,23.0,286
2050,593,SG_retrofit_4_Insul_retrofit_3_TR_retrofit_3_BW_retrofit_2,24.0,300
2050,593,SG_retrofit_4_Insul_retrofit_3_TR_retrofit_3_BW_retrofit_2,25.0,319
2050,593,SG_retrofit_4_Insul_retrofit_3_TR_retrofit_3_BW_retrofit_2,26.0,342
2050,594,SG_retrofit_4_Insul_retrofit_3_TR_retrofit_3_BW_retrofit_3,23.0,284
2050,594,SG_retrofit_4_Insul_retrofit_3_TR_retrofit_3_BW_retrofit_3,24.0,300
2050,594,SG_retrofit_4_Insul_retrofit_3_TR_retrofit_3_BW_retrofit_3,25.0,318
2050,594,SG_retrofit_4_Insul_retrofit_3_TR_retrofit_3_BW_retrofit_3,26.0,341
2050,595,SG_retrofit_4_Insul_retrofit_3_TR_retrofit_3_BW_retrofit_4,23.0,283
2050,595,SG_retrofit_4_Insul_retrofit_3_TR_retrofit_3_BW_retrofit_4,24.0,300
2050,595,SG_retrofit_4_Insul_retrofit_3_TR_retrofit_3_BW_retrofit_4,25.0,318
2050,595,SG_retrofit_4_Insul_retrofit_3_TR_retrofit_3_BW_retrofit_4,26.0,342
2050,596,SG_retrofit_4_Insul_retrofit_3_TR_retrofit_4_BW_current,23.0,293
2050,596,SG_retrofit_4_Insul_retrofit_3_TR_retrofit_4_BW_current,24.0,314
2050,596,SG_retrofit_4_Insul_retrofit_3_TR_retrofit_4_BW_current,25.0,329
2050,596,SG_retrofit_4_Insul_retrofit_3_TR_retrofit_4_BW_current,26.0,345
2050,597,SG_retrofit_4_Insul_retrofit_3_TR_retrofit_4_BW_retrofit_1,23.0,286
2050,597,SG_retrofit_4_Insul_retrofit_3_TR_retrofit_4_BW_retrofit_1,24.0,300
2050,597,SG_retrofit_4_Insul_retrofit_3_TR_retrofit_4_BW_retrofit_1,25.0,324
2050,597,SG_retrofit_4_Insul_retrofit_3_TR_retrofit_4_BW_retrofit_1,26.0,343
2050,598,SG_retrofit_4_Insul_retrofit_3_TR_retrofit_4_BW_retrofit_2,23.0,286
2050,598,SG_retrofit_4_Insul_retrofit_3_TR_retrofit_4_BW_retrofit_2,24.0,300
2050,598,SG_retrofit_4_Insul_retrofit_3_TR_retrofit_4_BW_retrofit_2,25.0,320
2050,598,SG_retrofit_4_Insul_retrofit_3_TR_retrofit_4_BW_retrofit_2,26.0,342
2050,599,SG_retrofit_4_Insul_retrofit_3_TR_retrofit_4_BW_retrofit_3,23.0,284
2050,599,SG_retrofit_4_Insul_retrofit_3_TR_retrofit_4_BW_retrofit_3,24.0,300
2050,599,SG_retrofit_4_Insul_retrofit_3_TR_retrofit_4_BW_retrofit_3,25.0,318
2050,599,SG_retrofit_4_Insul_retrofit_3_TR_retrofit_4_BW_retrofit_3,26.0,341
2050,600,SG_retrofit_4_Insul_retrofit_3_TR_retrofit_4_BW_retrofit_4,23.0,283
2050,600,SG_retrofit_4_Insul_retrofit_3_TR_retrofit_4_BW_retrofit_4,24.0,300
2050,600,SG_retrofit_4_Insul_retrofit_3_TR_retrofit_4_BW_retrofit_4,25.0,318
2050,600,SG_retrofit_4_Insul_retrofit_3_TR_retrofit_4_BW_retrofit_4,26.0,342
2050,601,SG_retrofit_4_Insul_retrofit_4_TR_current_BW_current,23.0,293
2050,601,SG_retrofit_4_Insul_retrofit_4_TR_current_BW_current,24.0,314
2050,601,SG_retrofit_4_Insul_retrofit_4_TR_current_BW_current,25.0,329
2050,601,SG_retrofit_4_Insul_retrofit_4_TR_current_BW_current,26.0,345
2050,602,SG_retrofit_4_Insul_retrofit_4_TR_current_BW_retrofit_1,23.0,285
2050,602,SG_retrofit_4_Insul_retrofit_4_TR_current_BW_retrofit_1,24.0,300
2050,602,SG_retrofit_4_Insul_retrofit_4_TR_current_BW_retrofit_1,25.0,321
2050,602,SG_retrofit_4_Insul_retrofit_4_TR_current_BW_retrofit_1,26.0,342
2050,603,SG_retrofit_4_Insul_retrofit_4_TR_current_BW_retrofit_2,23.0,283
2050,603,SG_retrofit_4_Insul_retrofit_4_TR_current_BW_retrofit_2,24.0,300
2050,603,SG_retrofit_4_Insul_retrofit_4_TR_current_BW_retrofit_2,25.0,319
2050,603,SG_retrofit_4_Insul_retrofit_4_TR_current_BW_retrofit_2,26.0,340
2050,604,SG_retrofit_4_Insul_retrofit_4_TR_current_BW_retrofit_3,23.0,281
2050,604,SG_retrofit_4_Insul_retrofit_4_TR_current_BW_retrofit_3,24.0,300
2050,604,SG_retrofit_4_Insul_retrofit_4_TR_current_BW_retrofit_3,25.0,317
2050,604,SG_retrofit_4_Insul_retrofit_4_TR_current_BW_retrofit_3,26.0,340
2050,605,SG_retrofit_4_Insul_retrofit_4_TR_current_BW_retrofit_4,23.0,279
2050,605,SG_retrofit_4_Insul_retrofit_4_TR_current_BW_retrofit_4,24.0,300
2050,605,SG_retrofit_4_Insul_retrofit_4_TR_current_BW_retrofit_4,25.0,317
2050,605,SG_retrofit_4_Insul_retrofit_4_TR_current_BW_retrofit_4,26.0,339
2050,606,SG_retrofit_4_Insul_retrofit_4_TR_retrofit_1_BW_current,23.0,293
2050,606,SG_retrofit_4_Insul_retrofit_4_TR_retrofit_1_BW_current,24.0,314
2050,606,SG_retrofit_4_Insul_retrofit_4_TR_retrofit_1_BW_current,25.0,329
2050,606,SG_retrofit_4_Insul_retrofit_4_TR_retrofit_1_BW_current,26.0,345
2050,607,SG_retrofit_4_Insul_retrofit_4_TR_retrofit_1_BW_retrofit_1,23.0,286
2050,607,SG_retrofit_4_Insul_retrofit_4_TR_retrofit_1_BW_retrofit_1,24.0,300
2050,607,SG_retrofit_4_Insul_retrofit_4_TR_retrofit_1_BW_retrofit_1,25.0,324
2050,607,SG_retrofit_4_Insul_retrofit_4_TR_retrofit_1_BW_retrofit_1,26.0,343
2050,608,SG_retrofit_4_Insul_retrofit_4_TR_retrofit_1_BW_retrofit_2,23.0,286
2050,608,SG_retrofit_4_Insul_retrofit_4_TR_retrofit_1_BW_retrofit_2,24.0,300
2050,608,SG_retrofit_4_Insul_retrofit_4_TR_retrofit_1_BW_retrofit_2,25.0,320
2050,608,SG_retrofit_4_Insul_retrofit_4_TR_retrofit_1_BW_retrofit_2,26.0,342
2050,609,SG_retrofit_4_Insul_retrofit_4_TR_retrofit_1_BW_retrofit_3,23.0,284
2050,609,SG_retrofit_4_Insul_retrofit_4_TR_retrofit_1_BW_retrofit_3,24.0,300
2050,609,SG_retrofit_4_Insul_retrofit_4_TR_retrofit_1_BW_retrofit_3,25.0,318
2050,609,SG_retrofit_4_Insul_retrofit_4_TR_retrofit_1_BW_retrofit_3,26.0,340
2050,610,SG_retrofit_4_Insul_retrofit_4_TR_retrofit_1_BW_retrofit_4,23.0,284
2050,610,SG_retrofit_4_Insul_retrofit_4_TR_retrofit_1_BW_retrofit_4,24.0,300
2050,610,SG_retrofit_4_Insul_retrofit_4_TR_retrofit_1_BW_retrofit_4,25.0,318
2050,610,SG_retrofit_4_Insul_retrofit_4_TR_retrofit_1_BW_retrofit_4,26.0,340
2050,611,SG_retrofit_4_Insul_retrofit_4_TR_retrofit_2_BW_current,23.0,293
2050,611,SG_retrofit_4_Insul_retrofit_4_TR_retrofit_2_BW_current,24.0,314
2050,611,SG_retrofit_4_Insul_retrofit_4_TR_retrofit_2_BW_current,25.0,329
2050,611,SG_retrofit_4_Insul_retrofit_4_TR_retrofit_2_BW_current,26.0,345
2050,612,SG_retrofit_4_Insul_retrofit_4_TR_retrofit_2_BW_retrofit_1,23.0,286
2050,612,SG_retrofit_4_Insul_retrofit_4_TR_retrofit_2_BW_retrofit_1,24.0,300
2050,612,SG_retrofit_4_Insul_retrofit_4_TR_retrofit_2_BW_retrofit_1,25.0,324
2050,612,SG_retrofit_4_Insul_retrofit_4_TR_retrofit_2_BW_retrofit_1,26.0,343
2050,613,SG_retrofit_4_Insul_retrofit_4_TR_retrofit_2_BW_retrofit_2,23.0,286
2050,613,SG_retrofit_4_Insul_retrofit_4_TR_retrofit_2_BW_retrofit_2,24.0,300
2050,613,SG_retrofit_4_Insul_retrofit_4_TR_retrofit_2_BW_retrofit_2,25.0,319
2050,613,SG_retrofit_4_Insul_retrofit_4_TR_retrofit_2_BW_retrofit_2,26.0,342
2050,614,SG_retrofit_4_Insul_retrofit_4_TR_retrofit_2_BW_retrofit_3,23.0,284
2050,614,SG_retrofit_4_Insul_retrofit_4_TR_retrofit_2_BW_retrofit_3,24.0,300
2050,614,SG_retrofit_4_Insul_retrofit_4_TR_retrofit_2_BW_retrofit_3,25.0,318
2050,614,SG_retrofit_4_Insul_retrofit_4_TR_retrofit_2_BW_retrofit_3,26.0,340
2050,615,SG_retrofit_4_Insul_retrofit_4_TR_retrofit_2_BW_retrofit_4,23.0,283
2050,615,SG_retrofit_4_Insul_retrofit_4_TR_retrofit_2_BW_retrofit_4,24.0,300
2050,615,SG_retrofit_4_Insul_retrofit_4_TR_retrofit_2_BW_retrofit_4,25.0,318
2050,615,SG_retrofit_4_Insul_retrofit_4_TR_retrofit_2_BW_retrofit_4,26.0,340
2050,616,SG_retrofit_4_Insul_retrofit_4_TR_retrofit_3_BW_current,23.0,293
2050,616,SG_retrofit_4_Insul_retrofit_4_TR_retrofit_3_BW_current,24.0,314
2050,616,SG_retrofit_4_Insul_retrofit_4_TR_retrofit_3_BW_current,25.0,329
2050,616,SG_retrofit_4_Insul_retrofit_4_TR_retrofit_3_BW_current,26.0,345
2050,617,SG_retrofit_4_Insul_retrofit_4_TR_retrofit_3_BW_retrofit_1,23.0,286
2050,617,SG_retrofit_4_Insul_retrofit_4_TR_retrofit_3_BW_retrofit_1,24.0,300
2050,617,SG_retrofit_4_Insul_retrofit_4_TR_retrofit_3_BW_retrofit_1,25.0,324
2050,617,SG_retrofit_4_Insul_retrofit_4_TR_retrofit_3_BW_retrofit_1,26.0,343
2050,618,SG_retrofit_4_Insul_retrofit_4_TR_retrofit_3_BW_retrofit_2,23.0,286
2050,618,SG_retrofit_4_Insul_retrofit_4_TR_retrofit_3_BW_retrofit_2,24.0,300
2050,618,SG_retrofit_4_Insul_retrofit_4_TR_retrofit_3_BW_retrofit_2,25.0,320
2050,618,SG_retrofit_4_Insul_retrofit_4_TR_retrofit_3_BW_retrofit_2,26.0,342
2050,619,SG_retrofit_4_Insul_retrofit_4_TR_retrofit_3_BW_retrofit_3,23.0,283
2050,619,SG_retrofit_4_Insul_retrofit_4_TR_retrofit_3_BW_retrofit_3,24.0,300
2050,619,SG_retrofit_4_Insul_retrofit_4_TR_retrofit_3_BW_retrofit_3,25.0,318
2050,619,SG_retrofit_4_Insul_retrofit_4_TR_retrofit_3_BW_retrofit_3,26.0,341
2050,620,SG_retrofit_4_Insul_retrofit_4_TR_retrofit_3_BW_retrofit_4,23.0,283
2050,620,SG_retrofit_4_Insul_retrofit_4_TR_retrofit_3_BW_retrofit_4,24.0,300
2050,620,SG_retrofit_4_Insul_retrofit_4_TR_retrofit_3_BW_retrofit_4,25.0,318
2050,620,SG_retrofit_4_Insul_retrofit_4_TR_retrofit_3_BW_retrofit_4,26.0,340
2050,621,SG_retrofit_4_Insul_retrofit_4_TR_retrofit_4_BW_current,23.0,293
2050,621,SG_retrofit_4_Insul_retrofit_4_TR_retrofit_4_BW_current,24.0,314
2050,621,SG_retrofit_4_Insul_retrofit_4_TR_retrofit_4_BW_current,25.0,329
2050,621,SG_retrofit_4_Insul_retrofit_4_TR_retrofit_4_BW_current,26.0,345
2050,622,SG_retrofit_4_Insul_retrofit_4_TR_retrofit_4_BW_retrofit_1,23.0,286
2050,622,SG_retrofit_4_Insul_retrofit_4_TR_retrofit_4_BW_retrofit_1,24.0,300
2050,622,SG_retrofit_4_Insul_retrofit_4_TR_retrofit_4_BW_retrofit_1,25.0,324
2050,622,SG_retrofit_4_Insul_retrofit_4_TR_retrofit_4_BW_retrofit_1,26.0,343
2050,623,SG_retrofit_4_Insul_retrofit_4_TR_retrofit_4_BW_retrofit_2,23.0,286
2050,623,SG_retrofit_4_Insul_retrofit_4_TR_retrofit_4_BW_retrofit_2,24.0,300
2050,623,SG_retrofit_4_Insul_retrofit_4_TR_retrofit_4_BW_retrofit_2,25.0,320
2050,623,SG_retrofit_4_Insul_retrofit_4_TR_retrofit_4_BW_retrofit_2,26.0,342
2050,624,SG_retrofit_4_Insul_retrofit_4_TR_retrofit_4_BW_retrofit_3,23.0,283
2050,624,SG_retrofit_4_Insul_retrofit_4_TR_retrofit_4_BW_retrofit_3,24.0,300
2050,624,SG_retrofit_4_Insul_retrofit_4_TR_retrofit_4_BW_retrofit_3,25.0,318
2050,624,SG_retrofit_4_Insul_retrofit_4_TR_retrofit_4_BW_retrofit_3,26.0,341
2050,625,SG_retrofit_4_Insul_retrofit_4_TR_retrofit_4_BW_retrofit_4,23.0,283
2050,625,SG_retrofit_4_Insul_retrofit_4_TR_retrofit_4_BW_retrofit_4,24.0,300
2050,625,SG_retrofit_4_Insul_retrofit_4_TR_retrofit_4_BW_retrofit_4,25.0,318
2050,625,SG_retrofit_4_Insul_retrofit_4_TR_retrofit_4_BW_retrofit_4,26.0,340
2100,1,SG_current_Insul_current_TR_current_BW_current,23.0,297
2100,1,SG_current_Insul_current_TR_current_BW_current,24.0,321
2100,1,SG_current_Insul_current_TR_current_BW_current,25.0,343
2100,1,SG_current_Insul_current_TR_current_BW_current,26.0,356
2100,2,SG_current_Insul_current_TR_current_BW_retrofit_1,23.0,300
2100,2,SG_current_Insul_current_TR_current_BW_retrofit_1,24.0,323
2100,2,SG_current_Insul_current_TR_current_BW_retrofit_1,25.0,343
2100,2,SG_current_Insul_current_TR_current_BW_retrofit_1,26.0,358
2100,3,SG_current_Insul_current_TR_current_BW_retrofit_2,23.0,300
2100,3,SG_current_Insul_current_TR_current_BW_retrofit_2,24.0,322
2100,3,SG_current_Insul_current_TR_current_BW_retrofit_2,25.0,344
2100,3,SG_current_Insul_current_TR_current_BW_retrofit_2,26.0,358
2100,4,SG_current_Insul_current_TR_current_BW_retrofit_3,23.0,300
2100,4,SG_current_Insul_current_TR_current_BW_retrofit_3,24.0,322
2100,4,SG_current_Insul_current_TR_current_BW_retrofit_3,25.0,343
2100,4,SG_current_Insul_current_TR_current_BW_retrofit_3,26.0,358
2100,5,SG_current_Insul_current_TR_current_BW_retrofit_4,23.0,300
2100,5,SG_current_Insul_current_TR_current_BW_retrofit_4,24.0,322
2100,5,SG_current_Insul_current_TR_current_BW_retrofit_4,25.0,343
2100,5,SG_current_Insul_current_TR_current_BW_retrofit_4,26.0,358
2100,6,SG_current_Insul_current_TR_retrofit_1_BW_current,23.0,299
2100,6,SG_current_Insul_current_TR_retrofit_1_BW_current,24.0,321
2100,6,SG_current_Insul_current_TR_retrofit_1_BW_current,25.0,343
2100,6,SG_current_Insul_current_TR_retrofit_1_BW_current,26.0,356
2100,7,SG_current_Insul_current_TR_retrofit_1_BW_retrofit_1,23.0,300
2100,7,SG_current_Insul_current_TR_retrofit_1_BW_retrofit_1,24.0,324
2100,7,SG_current_Insul_current_TR_retrofit_1_BW_retrofit_1,25.0,343
2100,7,SG_current_Insul_current_TR_retrofit_1_BW_retrofit_1,26.0,358
2100,8,SG_current_Insul_current_TR_retrofit_1_BW_retrofit_2,23.0,300
2100,8,SG_current_Insul_current_TR_retrofit_1_BW_retrofit_2,24.0,325
2100,8,SG_current_Insul_current_TR_retrofit_1_BW_retrofit_2,25.0,345
2100,8,SG_current_Insul_current_TR_retrofit_1_BW_retrofit_2,26.0,358
2100,9,SG_current_Insul_current_TR_retrofit_1_BW_retrofit_3,23.0,301
2100,9,SG_current_Insul_current_TR_retrofit_1_BW_retrofit_3,24.0,326
2100,9,SG_current_Insul_current_TR_retrofit_1_BW_retrofit_3,25.0,345
2100,9,SG_current_Insul_current_TR_retrofit_1_BW_retrofit_3,26.0,358
2100,10,SG_current_Insul_current_TR_retrofit_1_BW_retrofit_4,23.0,301
2100,10,SG_current_Insul_current_TR_retrofit_1_BW_retrofit_4,24.0,326
2100,10,SG_current_Insul_current_TR_retrofit_1_BW_retrofit_4,25.0,345
2100,10,SG_current_Insul_current_TR_retrofit_1_BW_retrofit_4,26.0,358
2100,11,SG_current_Insul_current_TR_retrofit_2_BW_current,23.0,299
2100,11,SG_current_Insul_current_TR_retrofit_2_BW_current,24.0,321
2100,11,SG_current_Insul_current_TR_retrofit_2_BW_current,25.0,343
2100,11,SG_current_Insul_current_TR_retrofit_2_BW_current,26.0,356
2100,12,SG_current_Insul_current_TR_retrofit_2_BW_retrofit_1,23.0,300
2100,12,SG_current_Insul_current_TR_retrofit_2_BW_retrofit_1,24.0,324
2100,12,SG_current_Insul_current_TR_retrofit_2_BW_retrofit_1,25.0,343
2100,12,SG_current_Insul_current_TR_retrofit_2_BW_retrofit_1,26.0,358
2100,13,SG_current_Insul_current_TR_retrofit_2_BW_retrofit_2,23.0,301
2100,13,SG_current_Insul_current_TR_retrofit_2_BW_retrofit_2,24.0,325
2100,13,SG_current_Insul_current_TR_retrofit_2_BW_retrofit_2,25.0,345
2100,13,SG_current_Insul_current_TR_retrofit_2_BW_retrofit_2,26.0,358
2100,14,SG_current_Insul_current_TR_retrofit_2_BW_retrofit_3,23.0,301
2100,14,SG_current_Insul_current_TR_retrofit_2_BW_retrofit_3,24.0,326
2100,14,SG_current_Insul_current_TR_retrofit_2_BW_retrofit_3,25.0,346
2100,14,SG_current_Insul_current_TR_retrofit_2_BW_retrofit_3,26.0,358
2100,15,SG_current_Insul_current_TR_retrofit_2_BW_retrofit_4,23.0,301
2100,15,SG_current_Insul_current_TR_retrofit_2_BW_retrofit_4,24.0,326
2100,15,SG_current_Insul_current_TR_retrofit_2_BW_retrofit_4,25.0,345
2100,15,SG_current_Insul_current_TR_retrofit_2_BW_retrofit_4,26.0,358
2100,16,SG_current_Insul_current_TR_retrofit_3_BW_current,23.0,299
2100,16,SG_current_Insul_current_TR_retrofit_3_BW_current,24.0,321
2100,16,SG_current_Insul_current_TR_retrofit_3_BW_current,25.0,343
2100,16,SG_current_Insul_current_TR_retrofit_3_BW_current,26.0,357
2100,17,SG_current_Insul_current_TR_retrofit_3_BW_retrofit_1,23.0,300
2100,17,SG_current_Insul_current_TR_retrofit_3_BW_retrofit_1,24.0,324
2100,17,SG_current_Insul_current_TR_retrofit_3_BW_retrofit_1,25.0,343
2100,17,SG_current_Insul_current_TR_retrofit_3_BW_retrofit_1,26.0,358
2100,18,SG_current_Insul_current_TR_retrofit_3_BW_retrofit_2,23.0,301
2100,18,SG_current_Insul_current_TR_retrofit_3_BW_retrofit_2,24.0,325
2100,18,SG_current_Insul_current_TR_retrofit_3_BW_retrofit_2,25.0,345
2100,18,SG_current_Insul_current_TR_retrofit_3_BW_retrofit_2,26.0,358
2100,19,SG_current_Insul_current_TR_retrofit_3_BW_retrofit_3,23.0,301
2100,19,SG_current_Insul_current_TR_retrofit_3_BW_retrofit_3,24.0,326
2100,19,SG_current_Insul_current_TR_retrofit_3_BW_retrofit_3,25.0,346
2100,19,SG_current_Insul_current_TR_retrofit_3_BW_retrofit_3,26.0,358
2100,20,SG_current_Insul_current_TR_retrofit_3_BW_retrofit_4,23.0,301
2100,20,SG_current_Insul_current_TR_retrofit_3_BW_retrofit_4,24.0,326
2100,20,SG_current_Insul_current_TR_retrofit_3_BW_retrofit_4,25.0,346
2100,20,SG_current_Insul_current_TR_retrofit_3_BW_retrofit_4,26.0,358
2100,21,SG_current_Insul_current_TR_retrofit_4_BW_current,23.0,299
2100,21,SG_current_Insul_current_TR_retrofit_4_BW_current,24.0,321
2100,21,SG_current_Insul_current_TR_retrofit_4_BW_current,25.0,343
2100,21,SG_current_Insul_current_TR_retrofit_4_BW_current,26.0,357
2100,22,SG_current_Insul_current_TR_retrofit_4_BW_retrofit_1,23.0,300
2100,22,SG_current_Insul_current_TR_retrofit_4_BW_retrofit_1,24.0,324
2100,22,SG_current_Insul_current_TR_retrofit_4_BW_retrofit_1,25.0,343
2100,22,SG_current_Insul_current_TR_retrofit_4_BW_retrofit_1,26.0,358
2100,23,SG_current_Insul_current_TR_retrofit_4_BW_retrofit_2,23.0,301
2100,23,SG_current_Insul_current_TR_retrofit_4_BW_retrofit_2,24.0,325
2100,23,SG_current_Insul_current_TR_retrofit_4_BW_retrofit_2,25.0,345
2100,23,SG_current_Insul_current_TR_retrofit_4_BW_retrofit_2,26.0,358
2100,24,SG_current_Insul_current_TR_retrofit_4_BW_retrofit_3,23.0,301
2100,24,SG_current_Insul_current_TR_retrofit_4_BW_retrofit_3,24.0,326
2100,24,SG_current_Insul_current_TR_retrofit_4_BW_retrofit_3,25.0,346
2100,24,SG_current_Insul_current_TR_retrofit_4_BW_retrofit_3,26.0,358
2100,25,SG_current_Insul_current_TR_retrofit_4_BW_retrofit_4,23.0,301
2100,25,SG_current_Insul_current_TR_retrofit_4_BW_retrofit_4,24.0,326
2100,25,SG_current_Insul_current_TR_retrofit_4_BW_retrofit_4,25.0,346
2100,25,SG_current_Insul_current_TR_retrofit_4_BW_retrofit_4,26.0,358
2100,26,SG_current_Insul_retrofit_1_TR_current_BW_current,23.0,262
2100,26,SG_current_Insul_retrofit_1_TR_current_BW_current,24.0,292
2100,26,SG_current_Insul_retrofit_1_TR_current_BW_current,25.0,314
2100,26,SG_current_Insul_retrofit_1_TR_current_BW_current,26.0,335
2100,27,SG_current_Insul_retrofit_1_TR_current_BW_retrofit_1,23.0,259
2100,27,SG_current_Insul_retrofit_1_TR_current_BW_retrofit_1,24.0,284
2100,27,SG_current_Insul_retrofit_1_TR_current_BW_retrofit_1,25.0,311
2100,27,SG_current_Insul_retrofit_1_TR_current_BW_retrofit_1,26.0,328
2100,28,SG_current_Insul_retrofit_1_TR_current_BW_retrofit_2,23.0,257
2100,28,SG_current_Insul_retrofit_1_TR_current_BW_retrofit_2,24.0,283
2100,28,SG_current_Insul_retrofit_1_TR_current_BW_retrofit_2,25.0,311
2100,28,SG_current_Insul_retrofit_1_TR_current_BW_retrofit_2,26.0,327
2100,29,SG_current_Insul_retrofit_1_TR_current_BW_retrofit_3,23.0,257
2100,29,SG_current_Insul_retrofit_1_TR_current_BW_retrofit_3,24.0,283
2100,29,SG_current_Insul_retrofit_1_TR_current_BW_retrofit_3,25.0,310
2100,29,SG_current_Insul_retrofit_1_TR_current_BW_retrofit_3,26.0,327
2100,30,SG_current_Insul_retrofit_1_TR_current_BW_retrofit_4,23.0,256
2100,30,SG_current_Insul_retrofit_1_TR_current_BW_retrofit_4,24.0,283
2100,30,SG_current_Insul_retrofit_1_TR_current_BW_retrofit_4,25.0,310
2100,30,SG_current_Insul_retrofit_1_TR_current_BW_retrofit_4,26.0,327
2100,31,SG_current_Insul_retrofit_1_TR_retrofit_1_BW_current,23.0,263
2100,31,SG_current_Insul_retrofit_1_TR_retrofit_1_BW_current,24.0,294
2100,31,SG_current_Insul_retrofit_1_TR_retrofit_1_BW_current,25.0,315
2100,31,SG_current_Insul_retrofit_1_TR_retrofit_1_BW_current,26.0,336
2100,32,SG_current_Insul_retrofit_1_TR_retrofit_1_BW_retrofit_1,23.0,260
2100,32,SG_current_Insul_retrofit_1_TR_retrofit_1_BW_retrofit_1,24.0,288
2100,32,SG_current_Insul_retrofit_1_TR_retrofit_1_BW_retrofit_1,25.0,311
2100,32,SG_current_Insul_retrofit_1_TR_retrofit_1_BW_retrofit_1,26.0,329
2100,33,SG_current_Insul_retrofit_1_TR_retrofit_1_BW_retrofit_2,23.0,258
2100,33,SG_current_Insul_retrofit_1_TR_retrofit_1_BW_retrofit_2,24.0,285
2100,33,SG_current_Insul_retrofit_1_TR_retrofit_1_BW_retrofit_2,25.0,311
2100,33,SG_current_Insul_retrofit_1_TR_retrofit_1_BW_retrofit_2,26.0,328
2100,34,SG_current_Insul_retrofit_1_TR_retrofit_1_BW_retrofit_3,23.0,257
2100,34,SG_current_Insul_retrofit_1_TR_retrofit_1_BW_retrofit_3,24.0,284
2100,34,SG_current_Insul_retrofit_1_TR_retrofit_1_BW_retrofit_3,25.0,311
2100,34,SG_current_Insul_retrofit_1_TR_retrofit_1_BW_retrofit_3,26.0,328
2100,35,SG_current_Insul_retrofit_1_TR_retrofit_1_BW_retrofit_4,23.0,256
2100,35,SG_current_Insul_retrofit_1_TR_retrofit_1_BW_retrofit_4,24.0,284
2100,35,SG_current_Insul_retrofit_1_TR_retrofit_1_BW_retrofit_4,25.0,311
2100,35,SG_current_Insul_retrofit_1_TR_retrofit_1_BW_retrofit_4,26.0,329
2100,36,SG_current_Insul_retrofit_1_TR_retrofit_2_BW_current,23.0,263
2100,36,SG_current_Insul_retrofit_1_TR_retrofit_2_BW_current,24.0,293
2100,36,SG_current_Insul_retrofit_1_TR_retrofit_2_BW_current,25.0,315
2100,36,SG_current_Insul_retrofit_1_TR_retrofit_2_BW_current,26.0,336
2100,37,SG_current_Insul_retrofit_1_TR_retrofit_2_BW_retrofit_1,23.0,259
2100,37,SG_current_Insul_retrofit_1_TR_retrofit_2_BW_retrofit_1,24.0,288
2100,37,SG_current_Insul_retrofit_1_TR_retrofit_2_BW_retrofit_1,25.0,311
2100,37,SG_current_Insul_retrofit_1_TR_retrofit_2_BW_retrofit_1,26.0,329
2100,38,SG_current_Insul_retrofit_1_TR_retrofit_2_BW_retrofit_2,23.0,258
2100,38,SG_current_Insul_retrofit_1_TR_retrofit_2_BW_retrofit_2,24.0,285
2100,38,SG_current_Insul_retrofit_1_TR_retrofit_2_BW_retrofit_2,25.0,311
2100,38,SG_current_Insul_retrofit_1_TR_retrofit_2_BW_retrofit_2,26.0,328
2100,39,SG_current_Insul_retrofit_1_TR_retrofit_2_BW_retrofit_3,23.0,256
2100,39,SG_current_Insul_retrofit_1_TR_retrofit_2_BW_retrofit_3,24.0,284
2100,39,SG_current_Insul_retrofit_1_TR_retrofit_2_BW_retrofit_3,25.0,311
2100,39,SG_current_Insul_retrofit_1_TR_retrofit_2_BW_retrofit_3,26.0,329
2100,40,SG_current_Insul_retrofit_1_TR_retrofit_2_BW_retrofit_4,23.0,256
2100,40,SG_current_Insul_retrofit_1_TR_retrofit_2_BW_retrofit_4,24.0,284
2100,40,SG_current_Insul_retrofit_1_TR_retrofit_2_BW_retrofit_4,25.0,311
2100,40,SG_current_Insul_retrofit_1_TR_retrofit_2_BW_retrofit_4,26.0,329
2100,41,SG_current_Insul_retrofit_1_TR_retrofit_3_BW_current,23.0,263
2100,41,SG_current_Insul_retrofit_1_TR_retrofit_3_BW_current,24.0,293
2100,41,SG_current_Insul_retrofit_1_TR_retrofit_3_BW_current,25.0,315
2100,41,SG_current_Insul_retrofit_1_TR_retrofit_3_BW_current,26.0,336
2100,42,SG_current_Insul_retrofit_1_TR_retrofit_3_BW_retrofit_1,23.0,259
2100,42,SG_current_Insul_retrofit_1_TR_retrofit_3_BW_retrofit_1,24.0,288
2100,42,SG_current_Insul_retrofit_1_TR_retrofit_3_BW_retrofit_1,25.0,311
2100,42,SG_current_Insul_retrofit_1_TR_retrofit_3_BW_retrofit_1,26.0,329
2100,43,SG_current_Insul_retrofit_1_TR_retrofit_3_BW_retrofit_2,23.0,258
2100,43,SG_current_Insul_retrofit_1_TR_retrofit_3_BW_retrofit_2,24.0,285
2100,43,SG_current_Insul_retrofit_1_TR_retrofit_3_BW_retrofit_2,25.0,311
2100,43,SG_current_Insul_retrofit_1_TR_retrofit_3_BW_retrofit_2,26.0,328
2100,44,SG_current_Insul_retrofit_1_TR_retrofit_3_BW_retrofit_3,23.0,256
2100,44,SG_current_Insul_retrofit_1_TR_retrofit_3_BW_retrofit_3,24.0,284
2100,44,SG_current_Insul_retrofit_1_TR_retrofit_3_BW_retrofit_3,25.0,311
2100,44,SG_current_Insul_retrofit_1_TR_retrofit_3_BW_retrofit_3,26.0,329
2100,45,SG_current_Insul_retrofit_1_TR_retrofit_3_BW_retrofit_4,23.0,256
2100,45,SG_current_Insul_retrofit_1_TR_retrofit_3_BW_retrofit_4,24.0,284
2100,45,SG_current_Insul_retrofit_1_TR_retrofit_3_BW_retrofit_4,25.0,311
2100,45,SG_current_Insul_retrofit_1_TR_retrofit_3_BW_retrofit_4,26.0,329
2100,46,SG_current_Insul_retrofit_1_TR_retrofit_4_BW_current,23.0,263
2100,46,SG_current_Insul_retrofit_1_TR_retrofit_4_BW_current,24.0,293
2100,46,SG_current_Insul_retrofit_1_TR_retrofit_4_BW_current,25.0,315
2100,46,SG_current_Insul_retrofit_1_TR_retrofit_4_BW_current,26.0,336
2100,47,SG_current_Insul_retrofit_1_TR_retrofit_4_BW_retrofit_1,23.0,259
2100,47,SG_current_Insul_retrofit_1_TR_retrofit_4_BW_retrofit_1,24.0,288
2100,47,SG_current_Insul_retrofit_1_TR_retrofit_4_BW_retrofit_1,25.0,311
2100,47,SG_current_Insul_retrofit_1_TR_retrofit_4_BW_retrofit_1,26.0,329
2100,48,SG_current_Insul_retrofit_1_TR_retrofit_4_BW_retrofit_2,23.0,258
2100,48,SG_current_Insul_retrofit_1_TR_retrofit_4_BW_retrofit_2,24.0,284
2100,48,SG_current_Insul_retrofit_1_TR_retrofit_4_BW_retrofit_2,25.0,311
2100,48,SG_current_Insul_retrofit_1_TR_retrofit_4_BW_retrofit_2,26.0,328
2100,49,SG_current_Insul_retrofit_1_TR_retrofit_4_BW_retrofit_3,23.0,256
2100,49,SG_current_Insul_retrofit_1_TR_retrofit_4_BW_retrofit_3,24.0,284
2100,49,SG_current_Insul_retrofit_1_TR_retrofit_4_BW_retrofit_3,25.0,311
2100,49,SG_current_Insul_retrofit_1_TR_retrofit_4_BW_retrofit_3,26.0,329
2100,50,SG_current_Insul_retrofit_1_TR_retrofit_4_BW_retrofit_4,23.0,256
2100,50,SG_current_Insul_retrofit_1_TR_retrofit_4_BW_retrofit_4,24.0,284
2100,50,SG_current_Insul_retrofit_1_TR_retrofit_4_BW_retrofit_4,25.0,311
2100,50,SG_current_Insul_retrofit_1_TR_retrofit_4_BW_retrofit_4,26.0,329
2100,51,SG_current_Insul_retrofit_2_TR_current_BW_current,23.0,260
2100,51,SG_current_Insul_retrofit_2_TR_current_BW_current,24.0,290
2100,51,SG_current_Insul_retrofit_2_TR_current_BW_current,25.0,312
2100,51,SG_current_Insul_retrofit_2_TR_current_BW_current,26.0,333
2100,52,SG_current_Insul_retrofit_2_TR_current_BW_retrofit_1,23.0,257
2100,52,SG_current_Insul_retrofit_2_TR_current_BW_retrofit_1,24.0,282
2100,52,SG_current_Insul_retrofit_2_TR_current_BW_retrofit_1,25.0,310
2100,52,SG_current_Insul_retrofit_2_TR_current_BW_retrofit_1,26.0,325
2100,53,SG_current_Insul_retrofit_2_TR_current_BW_retrofit_2,23.0,256
2100,53,SG_current_Insul_retrofit_2_TR_current_BW_retrofit_2,24.0,281
2100,53,SG_current_Insul_retrofit_2_TR_current_BW_retrofit_2,25.0,310
2100,53,SG_current_Insul_retrofit_2_TR_current_BW_retrofit_2,26.0,326
2100,54,SG_current_Insul_retrofit_2_TR_current_BW_retrofit_3,23.0,253
2100,54,SG_current_Insul_retrofit_2_TR_current_BW_retrofit_3,24.0,280
2100,54,SG_current_Insul_retrofit_2_TR_current_BW_retrofit_3,25.0,308
2100,54,SG_current_Insul_retrofit_2_TR_current_BW_retrofit_3,26.0,325
2100,55,SG_current_Insul_retrofit_2_TR_current_BW_retrofit_4,23.0,253
2100,55,SG_current_Insul_retrofit_2_TR_current_BW_retrofit_4,24.0,280
2100,55,SG_current_Insul_retrofit_2_TR_current_BW_retrofit_4,25.0,308
2100,55,SG_current_Insul_retrofit_2_TR_current_BW_retrofit_4,26.0,325
2100,56,SG_current_Insul_retrofit_2_TR_retrofit_1_BW_current,23.0,262
2100,56,SG_current_Insul_retrofit_2_TR_retrofit_1_BW_current,24.0,293
2100,56,SG_current_Insul_retrofit_2_TR_retrofit_1_BW_current,25.0,314
2100,56,SG_current_Insul_retrofit_2_TR_retrofit_1_BW_current,26.0,336
2100,57,SG_current_Insul_retrofit_2_TR_retrofit_1_BW_retrofit_1,23.0,258
2100,57,SG_current_Insul_retrofit_2_TR_retrofit_1_BW_retrofit_1,24.0,284
2100,57,SG_current_Insul_retrofit_2_TR_retrofit_1_BW_retrofit_1,25.0,311
2100,57,SG_current_Insul_retrofit_2_TR_retrofit_1_BW_retrofit_1,26.0,326
2100,58,SG_current_Insul_retrofit_2_TR_retrofit_1_BW_retrofit_2,23.0,256
2100,58,SG_current_Insul_retrofit_2_TR_retrofit_1_BW_retrofit_2,24.0,284
2100,58,SG_current_Insul_retrofit_2_TR_retrofit_1_BW_retrofit_2,25.0,310
2100,58,SG_current_Insul_retrofit_2_TR_retrofit_1_BW_retrofit_2,26.0,327
2100,59,SG_current_Insul_retrofit_2_TR_retrofit_1_BW_retrofit_3,23.0,254
2100,59,SG_current_Insul_retrofit_2_TR_retrofit_1_BW_retrofit_3,24.0,284
2100,59,SG_current_Insul_retrofit_2_TR_retrofit_1_BW_retrofit_3,25.0,309
2100,59,SG_current_Insul_retrofit_2_TR_retrofit_1_BW_retrofit_3,26.0,326
2100,60,SG_current_Insul_retrofit_2_TR_retrofit_1_BW_retrofit_4,23.0,253
2100,60,SG_current_Insul_retrofit_2_TR_retrofit_1_BW_retrofit_4,24.0,284
2100,60,SG_current_Insul_retrofit_2_TR_retrofit_1_BW_retrofit_4,25.0,309
2100,60,SG_current_Insul_retrofit_2_TR_retrofit_1_BW_retrofit_4,26.0,326
2100,61,SG_current_Insul_retrofit_2_TR_retrofit_2_BW_current,23.0,261
2100,61,SG_current_Insul_retrofit_2_TR_retrofit_2_BW_current,24.0,292
2100,61,SG_current_Insul_retrofit_2_TR_retrofit_2_BW_current,25.0,313
2100,61,SG_current_Insul_retrofit_2_TR_retrofit_2_BW_current,26.0,336
2100,62,SG_current_Insul_retrofit_2_TR_retrofit_2_BW_retrofit_1,23.0,256
2100,62,SG_current_Insul_retrofit_2_TR_retrofit_2_BW_retrofit_1,24.0,284
2100,62,SG_current_Insul_retrofit_2_TR_retrofit_2_BW_retrofit_1,25.0,311
2100,62,SG_current_Insul_retrofit_2_TR_retrofit_2_BW_retrofit_1,26.0,326
2100,63,SG_current_Insul_retrofit_2_TR_retrofit_2_BW_retrofit_2,23.0,256
2100,63,SG_current_Insul_retrofit_2_TR_retrofit_2_BW_retrofit_2,24.0,284
2100,63,SG_current_Insul_retrofit_2_TR_retrofit_2_BW_retrofit_2,25.0,310
2100,63,SG_current_Insul_retrofit_2_TR_retrofit_2_BW_retrofit_2,26.0,327
2100,64,SG_current_Insul_retrofit_2_TR_retrofit_2_BW_retrofit_3,23.0,253
2100,64,SG_current_Insul_retrofit_2_TR_retrofit_2_BW_retrofit_3,24.0,284
2100,64,SG_current_Insul_retrofit_2_TR_retrofit_2_BW_retrofit_3,25.0,309
2100,64,SG_current_Insul_retrofit_2_TR_retrofit_2_BW_retrofit_3,26.0,326
2100,65,SG_current_Insul_retrofit_2_TR_retrofit_2_BW_retrofit_4,23.0,253
2100,65,SG_current_Insul_retrofit_2_TR_retrofit_2_BW_retrofit_4,24.0,284
2100,65,SG_current_Insul_retrofit_2_TR_retrofit_2_BW_retrofit_4,25.0,309
2100,65,SG_current_Insul_retrofit_2_TR_retrofit_2_BW_retrofit_4,26.0,326
2100,66,SG_current_Insul_retrofit_2_TR_retrofit_3_BW_current,23.0,261
2100,66,SG_current_Insul_retrofit_2_TR_retrofit_3_BW_current,24.0,292
2100,66,SG_current_Insul_retrofit_2_TR_retrofit_3_BW_current,25.0,313
2100,66,SG_current_Insul_retrofit_2_TR_retrofit_3_BW_current,26.0,336
2100,67,SG_current_Insul_retrofit_2_TR_retrofit_3_BW_retrofit_1,23.0,256
2100,67,SG_current_Insul_retrofit_2_TR_retrofit_3_BW_retrofit_1,24.0,284
2100,67,SG_current_Insul_retrofit_2_TR_retrofit_3_BW_retrofit_1,25.0,311
2100,67,SG_current_Insul_retrofit_2_TR_retrofit_3_BW_retrofit_1,26.0,326
2100,68,SG_current_Insul_retrofit_2_TR_retrofit_3_BW_retrofit_2,23.0,256
2100,68,SG_current_Insul_retrofit_2_TR_retrofit_3_BW_retrofit_2,24.0,284
2100,68,SG_current_Insul_retrofit_2_TR_retrofit_3_BW_retrofit_2,25.0,310
2100,68,SG_current_Insul_retrofit_2_TR_retrofit_3_BW_retrofit_2,26.0,327
2100,69,SG_current_Insul_retrofit_2_TR_retrofit_3_BW_retrofit_3,23.0,253
2100,69,SG_current_Insul_retrofit_2_TR_retrofit_3_BW_retrofit_3,24.0,284
2100,69,SG_current_Insul_retrofit_2_TR_retrofit_3_BW_retrofit_3,25.0,309
2100,69,SG_current_Insul_retrofit_2_TR_retrofit_3_BW_retrofit_3,26.0,326
2100,70,SG_current_Insul_retrofit_2_TR_retrofit_3_BW_retrofit_4,23.0,253
2100,70,SG_current_Insul_retrofit_2_TR_retrofit_3_BW_retrofit_4,24.0,283
2100,70,SG_current_Insul_retrofit_2_TR_retrofit_3_BW_retrofit_4,25.0,309
2100,70,SG_current_Insul_retrofit_2_TR_retrofit_3_BW_retrofit_4,26.0,326
2100,71,SG_current_Insul_retrofit_2_TR_retrofit_4_BW_current,23.0,261
2100,71,SG_current_Insul_retrofit_2_TR_retrofit_4_BW_current,24.0,292
2100,71,SG_current_Insul_retrofit_2_TR_retrofit_4_BW_current,25.0,313
2100,71,SG_current_Insul_retrofit_2_TR_retrofit_4_BW_current,26.0,336
2100,72,SG_current_Insul_retrofit_2_TR_retrofit_4_BW_retrofit_1,23.0,256
2100,72,SG_current_Insul_retrofit_2_TR_retrofit_4_BW_retrofit_1,24.0,284
2100,72,SG_current_Insul_retrofit_2_TR_retrofit_4_BW_retrofit_1,25.0,311
2100,72,SG_current_Insul_retrofit_2_TR_retrofit_4_BW_retrofit_1,26.0,326
2100,73,SG_current_Insul_retrofit_2_TR_retrofit_4_BW_retrofit_2,23.0,256
2100,73,SG_current_Insul_retrofit_2_TR_retrofit_4_BW_retrofit_2,24.0,284
2100,73,SG_current_Insul_retrofit_2_TR_retrofit_4_BW_retrofit_2,25.0,310
2100,73,SG_current_Insul_retrofit_2_TR_retrofit_4_BW_retrofit_2,26.0,327
2100,74,SG_current_Insul_retrofit_2_TR_retrofit_4_BW_retrofit_3,23.0,253
2100,74,SG_current_Insul_retrofit_2_TR_retrofit_4_BW_retrofit_3,24.0,284
2100,74,SG_current_Insul_retrofit_2_TR_retrofit_4_BW_retrofit_3,25.0,309
2100,74,SG_current_Insul_retrofit_2_TR_retrofit_4_BW_retrofit_3,26.0,326
2100,75,SG_current_Insul_retrofit_2_TR_retrofit_4_BW_retrofit_4,23.0,253
2100,75,SG_current_Insul_retrofit_2_TR_retrofit_4_BW_retrofit_4,24.0,283
2100,75,SG_current_Insul_retrofit_2_TR_retrofit_4_BW_retrofit_4,25.0,309
2100,75,SG_current_Insul_retrofit_2_TR_retrofit_4_BW_retrofit_4,26.0,326
2100,76,SG_current_Insul_retrofit_3_TR_current_BW_current,23.0,259
2100,76,SG_current_Insul_retrofit_3_TR_current_BW_current,24.0,290
2100,76,SG_current_Insul_retrofit_3_TR_current_BW_current,25.0,312
2100,76,SG_current_Insul_retrofit_3_TR_current_BW_current,26.0,333
2100,77,SG_current_Insul_retrofit_3_TR_current_BW_retrofit_1,23.0,256
2100,77,SG_current_Insul_retrofit_3_TR_current_BW_retrofit_1,24.0,281
2100,77,SG_current_Insul_retrofit_3_TR_current_BW_retrofit_1,25.0,310
2100,77,SG_current_Insul_retrofit_3_TR_current_BW_retrofit_1,26.0,325
2100,78,SG_current_Insul_retrofit_3_TR_current_BW_retrofit_2,23.0,254
2100,78,SG_current_Insul_retrofit_3_TR_current_BW_retrofit_2,24.0,281
2100,78,SG_current_Insul_retrofit_3_TR_current_BW_retrofit_2,25.0,307
2100,78,SG_current_Insul_retrofit_3_TR_current_BW_retrofit_2,26.0,326
2100,79,SG_current_Insul_retrofit_3_TR_current_BW_retrofit_3,23.0,253
2100,79,SG_current_Insul_retrofit_3_TR_current_BW_retrofit_3,24.0,279
2100,79,SG_current_Insul_retrofit_3_TR_current_BW_retrofit_3,25.0,306
2100,79,SG_current_Insul_retrofit_3_TR_current_BW_retrofit_3,26.0,325
2100,80,SG_current_Insul_retrofit_3_TR_current_BW_retrofit_4,23.0,252
2100,80,SG_current_Insul_retrofit_3_TR_current_BW_retrofit_4,24.0,279
2100,80,SG_current_Insul_retrofit_3_TR_current_BW_retrofit_4,25.0,306
2100,80,SG_current_Insul_retrofit_3_TR_current_BW_retrofit_4,26.0,325
2100,81,SG_current_Insul_retrofit_3_TR_retrofit_1_BW_current,23.0,261
2100,81,SG_current_Insul_retrofit_3_TR_retrofit_1_BW_current,24.0,290
2100,81,SG_current_Insul_retrofit_3_TR_retrofit_1_BW_current,25.0,312
2100,81,SG_current_Insul_retrofit_3_TR_retrofit_1_BW_current,26.0,334
2100,82,SG_current_Insul_retrofit_3_TR_retrofit_1_BW_retrofit_1,23.0,256
2100,82,SG_current_Insul_retrofit_3_TR_retrofit_1_BW_retrofit_1,24.0,283
2100,82,SG_current_Insul_retrofit_3_TR_retrofit_1_BW_retrofit_1,25.0,311
2100,82,SG_current_Insul_retrofit_3_TR_retrofit_1_BW_retrofit_1,26.0,326
2100,83,SG_current_Insul_retrofit_3_TR_retrofit_1_BW_retrofit_2,23.0,256
2100,83,SG_current_Insul_retrofit_3_TR_retrofit_1_BW_retrofit_2,24.0,282
2100,83,SG_current_Insul_retrofit_3_TR_retrofit_1_BW_retrofit_2,25.0,310
2100,83,SG_current_Insul_retrofit_3_TR_retrofit_1_BW_retrofit_2,26.0,326
2100,84,SG_current_Insul_retrofit_3_TR_retrofit_1_BW_retrofit_3,23.0,253
2100,84,SG_current_Insul_retrofit_3_TR_retrofit_1_BW_retrofit_3,24.0,282
2100,84,SG_current_Insul_retrofit_3_TR_retrofit_1_BW_retrofit_3,25.0,309
2100,84,SG_current_Insul_retrofit_3_TR_retrofit_1_BW_retrofit_3,26.0,326
2100,85,SG_current_Insul_retrofit_3_TR_retrofit_1_BW_retrofit_4,23.0,253
2100,85,SG_current_Insul_retrofit_3_TR_retrofit_1_BW_retrofit_4,24.0,282
2100,85,SG_current_Insul_retrofit_3_TR_retrofit_1_BW_retrofit_4,25.0,308
2100,85,SG_current_Insul_retrofit_3_TR_retrofit_1_BW_retrofit_4,26.0,326
2100,86,SG_current_Insul_retrofit_3_TR_retrofit_2_BW_current,23.0,261
2100,86,SG_current_Insul_retrofit_3_TR_retrofit_2_BW_current,24.0,290
2100,86,SG_current_Insul_retrofit_3_TR_retrofit_2_BW_current,25.0,312
2100,86,SG_current_Insul_retrofit_3_TR_retrofit_2_BW_current,26.0,333
2100,87,SG_current_Insul_retrofit_3_TR_retrofit_2_BW_retrofit_1,23.0,256
2100,87,SG_current_Insul_retrofit_3_TR_retrofit_2_BW_retrofit_1,24.0,283
2100,87,SG_current_Insul_retrofit_3_TR_retrofit_2_BW_retrofit_1,25.0,311
2100,87,SG_current_Insul_retrofit_3_TR_retrofit_2_BW_retrofit_1,26.0,326
2100,88,SG_current_Insul_retrofit_3_TR_retrofit_2_BW_retrofit_2,23.0,255
2100,88,SG_current_Insul_retrofit_3_TR_retrofit_2_BW_retrofit_2,24.0,282
2100,88,SG_current_Insul_retrofit_3_TR_retrofit_2_BW_retrofit_2,25.0,310
2100,88,SG_current_Insul_retrofit_3_TR_retrofit_2_BW_retrofit_2,26.0,326
2100,89,SG_current_Insul_retrofit_3_TR_retrofit_2_BW_retrofit_3,23.0,253
2100,89,SG_current_Insul_retrofit_3_TR_retrofit_2_BW_retrofit_3,24.0,281
2100,89,SG_current_Insul_retrofit_3_TR_retrofit_2_BW_retrofit_3,25.0,308
2100,89,SG_current_Insul_retrofit_3_TR_retrofit_2_BW_retrofit_3,26.0,326
2100,90,SG_current_Insul_retrofit_3_TR_retrofit_2_BW_retrofit_4,23.0,253
2100,90,SG_current_Insul_retrofit_3_TR_retrofit_2_BW_retrofit_4,24.0,281
2100,90,SG_current_Insul_retrofit_3_TR_retrofit_2_BW_retrofit_4,25.0,308
2100,90,SG_current_Insul_retrofit_3_TR_retrofit_2_BW_retrofit_4,26.0,326
2100,91,SG_current_Insul_retrofit_3_TR_retrofit_3_BW_current,23.0,261
2100,91,SG_current_Insul_retrofit_3_TR_retrofit_3_BW_current,24.0,290
2100,91,SG_current_Insul_retrofit_3_TR_retrofit_3_BW_current,25.0,313
2100,91,SG_current_Insul_retrofit_3_TR_retrofit_3_BW_current,26.0,334
2100,92,SG_current_Insul_retrofit_3_TR_retrofit_3_BW_retrofit_1,23.0,256
2100,92,SG_current_Insul_retrofit_3_TR_retrofit_3_BW_retrofit_1,24.0,283
2100,92,SG_current_Insul_retrofit_3_TR_retrofit_3_BW_retrofit_1,25.0,311
2100,92,SG_current_Insul_retrofit_3_TR_retrofit_3_BW_retrofit_1,26.0,326
2100,93,SG_current_Insul_retrofit_3_TR_retrofit_3_BW_retrofit_2,23.0,255
2100,93,SG_current_Insul_retrofit_3_TR_retrofit_3_BW_retrofit_2,24.0,282
2100,93,SG_current_Insul_retrofit_3_TR_retrofit_3_BW_retrofit_2,25.0,309
2100,93,SG_current_Insul_retrofit_3_TR_retrofit_3_BW_retrofit_2,26.0,327
2100,94,SG_current_Insul_retrofit_3_TR_retrofit_3_BW_retrofit_3,23.0,252
2100,94,SG_current_Insul_retrofit_3_TR_retrofit_3_BW_retrofit_3,24.0,281
2100,94,SG_current_Insul_retrofit_3_TR_retrofit_3_BW_retrofit_3,25.0,308
2100,94,SG_current_Insul_retrofit_3_TR_retrofit_3_BW_retrofit_3,26.0,326
2100,95,SG_current_Insul_retrofit_3_TR_retrofit_3_BW_retrofit_4,23.0,252
2100,95,SG_current_Insul_retrofit_3_TR_retrofit_3_BW_retrofit_4,24.0,281
2100,95,SG_current_Insul_retrofit_3_TR_retrofit_3_BW_retrofit_4,25.0,308
2100,95,SG_current_Insul_retrofit_3_TR_retrofit_3_BW_retrofit_4,26.0,326
2100,96,SG_current_Insul_retrofit_3_TR_retrofit_4_BW_current,23.0,261
2100,96,SG_current_Insul_retrofit_3_TR_retrofit_4_BW_current,24.0,290
2100,96,SG_current_Insul_retrofit_3_TR_retrofit_4_BW_current,25.0,313
2100,96,SG_current_Insul_retrofit_3_TR_retrofit_4_BW_current,26.0,334
2100,97,SG_current_Insul_retrofit_3_TR_retrofit_4_BW_retrofit_1,23.0,256
2100,97,SG_current_Insul_retrofit_3_TR_retrofit_4_BW_retrofit_1,24.0,283
2100,97,SG_current_Insul_retrofit_3_TR_retrofit_4_BW_retrofit_1,25.0,311
2100,97,SG_current_Insul_retrofit_3_TR_retrofit_4_BW_retrofit_1,26.0,326
2100,98,SG_current_Insul_retrofit_3_TR_retrofit_4_BW_retrofit_2,23.0,255
2100,98,SG_current_Insul_retrofit_3_TR_retrofit_4_BW_retrofit_2,24.0,282
2100,98,SG_current_Insul_retrofit_3_TR_retrofit_4_BW_retrofit_2,25.0,309
2100,98,SG_current_Insul_retrofit_3_TR_retrofit_4_BW_retrofit_2,26.0,327
2100,99,SG_current_Insul_retrofit_3_TR_retrofit_4_BW_retrofit_3,23.0,252
2100,99,SG_current_Insul_retrofit_3_TR_retrofit_4_BW_retrofit_3,24.0,281
2100,99,SG_current_Insul_retrofit_3_TR_retrofit_4_BW_retrofit_3,25.0,308
2100,99,SG_current_Insul_retrofit_3_TR_retrofit_4_BW_retrofit_3,26.0,326
2100,100,SG_current_Insul_retrofit_3_TR_retrofit_4_BW_retrofit_4,23.0,252
2100,100,SG_current_Insul_retrofit_3_TR_retrofit_4_BW_retrofit_4,24.0,281
2100,100,SG_current_Insul_retrofit_3_TR_retrofit_4_BW_retrofit_4,25.0,308
2100,100,SG_current_Insul_retrofit_3_TR_retrofit_4_BW_retrofit_4,26.0,326
2100,101,SG_current_Insul_retrofit_4_TR_current_BW_current,23.0,259
2100,101,SG_current_Insul_retrofit_4_TR_current_BW_current,24.0,290
2100,101,SG_current_Insul_retrofit_4_TR_current_BW_current,25.0,312
2100,101,SG_current_Insul_retrofit_4_TR_current_BW_current,26.0,332
2100,102,SG_current_Insul_retrofit_4_TR_current_BW_retrofit_1,23.0,256
2100,102,SG_current_Insul_retrofit_4_TR_current_BW_retrofit_1,24.0,281
2100,102,SG_current_Insul_retrofit_4_TR_current_BW_retrofit_1,25.0,310
2100,102,SG_current_Insul_retrofit_4_TR_current_BW_retrofit_1,26.0,325
2100,103,SG_current_Insul_retrofit_4_TR_current_BW_retrofit_2,23.0,254
2100,103,SG_current_Insul_retrofit_4_TR_current_BW_retrofit_2,24.0,280
2100,103,SG_current_Insul_retrofit_4_TR_current_BW_retrofit_2,25.0,306
2100,103,SG_current_Insul_retrofit_4_TR_current_BW_retrofit_2,26.0,325
2100,104,SG_current_Insul_retrofit_4_TR_current_BW_retrofit_3,23.0,253
2100,104,SG_current_Insul_retrofit_4_TR_current_BW_retrofit_3,24.0,279
2100,104,SG_current_Insul_retrofit_4_TR_current_BW_retrofit_3,25.0,307
2100,104,SG_current_Insul_retrofit_4_TR_current_BW_retrofit_3,26.0,324
2100,105,SG_current_Insul_retrofit_4_TR_current_BW_retrofit_4,23.0,253
2100,105,SG_current_Insul_retrofit_4_TR_current_BW_retrofit_4,24.0,279
2100,105,SG_current_Insul_retrofit_4_TR_current_BW_retrofit_4,25.0,306
2100,105,SG_current_Insul_retrofit_4_TR_current_BW_retrofit_4,26.0,324
2100,106,SG_current_Insul_retrofit_4_TR_retrofit_1_BW_current,23.0,261
2100,106,SG_current_Insul_retrofit_4_TR_retrofit_1_BW_current,24.0,290
2100,106,SG_current_Insul_retrofit_4_TR_retrofit_1_BW_current,25.0,313
2100,106,SG_current_Insul_retrofit_4_TR_retrofit_1_BW_current,26.0,334
2100,107,SG_current_Insul_retrofit_4_TR_retrofit_1_BW_retrofit_1,23.0,256
2100,107,SG_current_Insul_retrofit_4_TR_retrofit_1_BW_retrofit_1,24.0,283
2100,107,SG_current_Insul_retrofit_4_TR_retrofit_1_BW_retrofit_1,25.0,310
2100,107,SG_current_Insul_retrofit_4_TR_retrofit_1_BW_retrofit_1,26.0,326
2100,108,SG_current_Insul_retrofit_4_TR_retrofit_1_BW_retrofit_2,23.0,255
2100,108,SG_current_Insul_retrofit_4_TR_retrofit_1_BW_retrofit_2,24.0,282
2100,108,SG_current_Insul_retrofit_4_TR_retrofit_1_BW_retrofit_2,25.0,310
2100,108,SG_current_Insul_retrofit_4_TR_retrofit_1_BW_retrofit_2,26.0,326
2100,109,SG_current_Insul_retrofit_4_TR_retrofit_1_BW_retrofit_3,23.0,253
2100,109,SG_current_Insul_retrofit_4_TR_retrofit_1_BW_retrofit_3,24.0,282
2100,109,SG_current_Insul_retrofit_4_TR_retrofit_1_BW_retrofit_3,25.0,308
2100,109,SG_current_Insul_retrofit_4_TR_retrofit_1_BW_retrofit_3,26.0,326
2100,110,SG_current_Insul_retrofit_4_TR_retrofit_1_BW_retrofit_4,23.0,253
2100,110,SG_current_Insul_retrofit_4_TR_retrofit_1_BW_retrofit_4,24.0,282
2100,110,SG_current_Insul_retrofit_4_TR_retrofit_1_BW_retrofit_4,25.0,308
2100,110,SG_current_Insul_retrofit_4_TR_retrofit_1_BW_retrofit_4,26.0,326
2100,111,SG_current_Insul_retrofit_4_TR_retrofit_2_BW_current,23.0,261
2100,111,SG_current_Insul_retrofit_4_TR_retrofit_2_BW_current,24.0,290
2100,111,SG_current_Insul_retrofit_4_TR_retrofit_2_BW_current,25.0,313
2100,111,SG_current_Insul_retrofit_4_TR_retrofit_2_BW_current,26.0,334
2100,112,SG_current_Insul_retrofit_4_TR_retrofit_2_BW_retrofit_1,23.0,256
2100,112,SG_current_Insul_retrofit_4_TR_retrofit_2_BW_retrofit_1,24.0,283
2100,112,SG_current_Insul_retrofit_4_TR_retrofit_2_BW_retrofit_1,25.0,310
2100,112,SG_current_Insul_retrofit_4_TR_retrofit_2_BW_retrofit_1,26.0,326
2100,113,SG_current_Insul_retrofit_4_TR_retrofit_2_BW_retrofit_2,23.0,255
2100,113,SG_current_Insul_retrofit_4_TR_retrofit_2_BW_retrofit_2,24.0,282
2100,113,SG_current_Insul_retrofit_4_TR_retrofit_2_BW_retrofit_2,25.0,309
2100,113,SG_current_Insul_retrofit_4_TR_retrofit_2_BW_retrofit_2,26.0,326
2100,114,SG_current_Insul_retrofit_4_TR_retrofit_2_BW_retrofit_3,23.0,252
2100,114,SG_current_Insul_retrofit_4_TR_retrofit_2_BW_retrofit_3,24.0,281
2100,114,SG_current_Insul_retrofit_4_TR_retrofit_2_BW_retrofit_3,25.0,307
2100,114,SG_current_Insul_retrofit_4_TR_retrofit_2_BW_retrofit_3,26.0,326
2100,115,SG_current_Insul_retrofit_4_TR_retrofit_2_BW_retrofit_4,23.0,252
2100,115,SG_current_Insul_retrofit_4_TR_retrofit_2_BW_retrofit_4,24.0,281
2100,115,SG_current_Insul_retrofit_4_TR_retrofit_2_BW_retrofit_4,25.0,307
2100,115,SG_current_Insul_retrofit_4_TR_retrofit_2_BW_retrofit_4,26.0,326
2100,116,SG_current_Insul_retrofit_4_TR_retrofit_3_BW_current,23.0,261
2100,116,SG_current_Insul_retrofit_4_TR_retrofit_3_BW_current,24.0,290
2100,116,SG_current_Insul_retrofit_4_TR_retrofit_3_BW_current,25.0,313
2100,116,SG_current_Insul_retrofit_4_TR_retrofit_3_BW_current,26.0,334
2100,117,SG_current_Insul_retrofit_4_TR_retrofit_3_BW_retrofit_1,23.0,256
2100,117,SG_current_Insul_retrofit_4_TR_retrofit_3_BW_retrofit_1,24.0,283
2100,117,SG_current_Insul_retrofit_4_TR_retrofit_3_BW_retrofit_1,25.0,310
2100,117,SG_current_Insul_retrofit_4_TR_retrofit_3_BW_retrofit_1,26.0,326
2100,118,SG_current_Insul_retrofit_4_TR_retrofit_3_BW_retrofit_2,23.0,255
2100,118,SG_current_Insul_retrofit_4_TR_retrofit_3_BW_retrofit_2,24.0,282
2100,118,SG_current_Insul_retrofit_4_TR_retrofit_3_BW_retrofit_2,25.0,309
2100,118,SG_current_Insul_retrofit_4_TR_retrofit_3_BW_retrofit_2,26.0,326
2100,119,SG_current_Insul_retrofit_4_TR_retrofit_3_BW_retrofit_3,23.0,252
2100,119,SG_current_Insul_retrofit_4_TR_retrofit_3_BW_retrofit_3,24.0,281
2100,119,SG_current_Insul_retrofit_4_TR_retrofit_3_BW_retrofit_3,25.0,307
2100,119,SG_current_Insul_retrofit_4_TR_retrofit_3_BW_retrofit_3,26.0,326
2100,120,SG_current_Insul_retrofit_4_TR_retrofit_3_BW_retrofit_4,23.0,252
2100,120,SG_current_Insul_retrofit_4_TR_retrofit_3_BW_retrofit_4,24.0,280
2100,120,SG_current_Insul_retrofit_4_TR_retrofit_3_BW_retrofit_4,25.0,307
2100,120,SG_current_Insul_retrofit_4_TR_retrofit_3_BW_retrofit_4,26.0,326
2100,121,SG_current_Insul_retrofit_4_TR_retrofit_4_BW_current,23.0,261
2100,121,SG_current_Insul_retrofit_4_TR_retrofit_4_BW_current,24.0,290
2100,121,SG_current_Insul_retrofit_4_TR_retrofit_4_BW_current,25.0,313
2100,121,SG_current_Insul_retrofit_4_TR_retrofit_4_BW_current,26.0,334
2100,122,SG_current_Insul_retrofit_4_TR_retrofit_4_BW_retrofit_1,23.0,256
2100,122,SG_current_Insul_retrofit_4_TR_retrofit_4_BW_retrofit_1,24.0,283
2100,122,SG_current_Insul_retrofit_4_TR_retrofit_4_BW_retrofit_1,25.0,310
2100,122,SG_current_Insul_retrofit_4_TR_retrofit_4_BW_retrofit_1,26.0,326
2100,123,SG_current_Insul_retrofit_4_TR_retrofit_4_BW_retrofit_2,23.0,255
2100,123,SG_current_Insul_retrofit_4_TR_retrofit_4_BW_retrofit_2,24.0,282
2100,123,SG_current_Insul_retrofit_4_TR_retrofit_4_BW_retrofit_2,25.0,309
2100,123,SG_current_Insul_retrofit_4_TR_retrofit_4_BW_retrofit_2,26.0,326
2100,124,SG_current_Insul_retrofit_4_TR_retrofit_4_BW_retrofit_3,23.0,252
2100,124,SG_current_Insul_retrofit_4_TR_retrofit_4_BW_retrofit_3,24.0,281
2100,124,SG_current_Insul_retrofit_4_TR_retrofit_4_BW_retrofit_3,25.0,307
2100,124,SG_current_Insul_retrofit_4_TR_retrofit_4_BW_retrofit_3,26.0,326
2100,125,SG_current_Insul_retrofit_4_TR_retrofit_4_BW_retrofit_4,23.0,252
2100,125,SG_current_Insul_retrofit_4_TR_retrofit_4_BW_retrofit_4,24.0,280
2100,125,SG_current_Insul_retrofit_4_TR_retrofit_4_BW_retrofit_4,25.0,307
2100,125,SG_current_Insul_retrofit_4_TR_retrofit_4_BW_retrofit_4,26.0,326
2100,126,SG_retrofit_1_Insul_current_TR_current_BW_current,23.0,299
2100,126,SG_retrofit_1_Insul_current_TR_current_BW_current,24.0,322
2100,126,SG_retrofit_1_Insul_current_TR_current_BW_current,25.0,343
2100,126,SG_retrofit_1_Insul_current_TR_current_BW_current,26.0,358
2100,127,SG_retrofit_1_Insul_current_TR_current_BW_retrofit_1,23.0,299
2100,127,SG_retrofit_1_Insul_current_TR_current_BW_retrofit_1,24.0,323
2100,127,SG_retrofit_1_Insul_current_TR_current_BW_retrofit_1,25.0,346
2100,127,SG_retrofit_1_Insul_current_TR_current_BW_retrofit_1,26.0,358
2100,128,SG_retrofit_1_Insul_current_TR_current_BW_retrofit_2,23.0,299
2100,128,SG_retrofit_1_Insul_current_TR_current_BW_retrofit_2,24.0,322
2100,128,SG_retrofit_1_Insul_current_TR_current_BW_retrofit_2,25.0,347
2100,128,SG_retrofit_1_Insul_current_TR_current_BW_retrofit_2,26.0,358
2100,129,SG_retrofit_1_Insul_current_TR_current_BW_retrofit_3,23.0,299
2100,129,SG_retrofit_1_Insul_current_TR_current_BW_retrofit_3,24.0,323
2100,129,SG_retrofit_1_Insul_current_TR_current_BW_retrofit_3,25.0,348
2100,129,SG_retrofit_1_Insul_current_TR_current_BW_retrofit_3,26.0,359
2100,130,SG_retrofit_1_Insul_current_TR_current_BW_retrofit_4,23.0,299
2100,130,SG_retrofit_1_Insul_current_TR_current_BW_retrofit_4,24.0,323
2100,130,SG_retrofit_1_Insul_current_TR_current_BW_retrofit_4,25.0,348
2100,130,SG_retrofit_1_Insul_current_TR_current_BW_retrofit_4,26.0,359
2100,131,SG_retrofit_1_Insul_current_TR_retrofit_1_BW_current,23.0,301
2100,131,SG_retrofit_1_Insul_current_TR_retrofit_1_BW_current,24.0,324
2100,131,SG_retrofit_1_Insul_current_TR_retrofit_1_BW_current,25.0,343
2100,131,SG_retrofit_1_Insul_current_TR_retrofit_1_BW_current,26.0,358
2100,132,SG_retrofit_1_Insul_current_TR_retrofit_1_BW_retrofit_1,23.0,300
2100,132,SG_retrofit_1_Insul_current_TR_retrofit_1_BW_retrofit_1,24.0,325
2100,132,SG_retrofit_1_Insul_current_TR_retrofit_1_BW_retrofit_1,25.0,347
2100,132,SG_retrofit_1_Insul_current_TR_retrofit_1_BW_retrofit_1,26.0,358
2100,133,SG_retrofit_1_Insul_current_TR_retrofit_1_BW_retrofit_2,23.0,300
2100,133,SG_retrofit_1_Insul_current_TR_retrofit_1_BW_retrofit_2,24.0,326
2100,133,SG_retrofit_1_Insul_current_TR_retrofit_1_BW_retrofit_2,25.0,347
2100,133,SG_retrofit_1_Insul_current_TR_retrofit_1_BW_retrofit_2,26.0,359
2100,134,SG_retrofit_1_Insul_current_TR_retrofit_1_BW_retrofit_3,23.0,300
2100,134,SG_retrofit_1_Insul_current_TR_retrofit_1_BW_retrofit_3,24.0,327
2100,134,SG_retrofit_1_Insul_current_TR_retrofit_1_BW_retrofit_3,25.0,348
2100,134,SG_retrofit_1_Insul_current_TR_retrofit_1_BW_retrofit_3,26.0,359
2100,135,SG_retrofit_1_Insul_current_TR_retrofit_1_BW_retrofit_4,23.0,300
2100,135,SG_retrofit_1_Insul_current_TR_retrofit_1_BW_retrofit_4,24.0,327
2100,135,SG_retrofit_1_Insul_current_TR_retrofit_1_BW_retrofit_4,25.0,348
2100,135,SG_retrofit_1_Insul_current_TR_retrofit_1_BW_retrofit_4,26.0,359
2100,136,SG_retrofit_1_Insul_current_TR_retrofit_2_BW_current,23.0,301
2100,136,SG_retrofit_1_Insul_current_TR_retrofit_2_BW_current,24.0,324
2100,136,SG_retrofit_1_Insul_current_TR_retrofit_2_BW_current,25.0,343
2100,136,SG_retrofit_1_Insul_current_TR_retrofit_2_BW_current,26.0,358
2100,137,SG_retrofit_1_Insul_current_TR_retrofit_2_BW_retrofit_1,23.0,300
2100,137,SG_retrofit_1_Insul_current_TR_retrofit_2_BW_retrofit_1,24.0,326
2100,137,SG_retrofit_1_Insul_current_TR_retrofit_2_BW_retrofit_1,25.0,347
2100,137,SG_retrofit_1_Insul_current_TR_retrofit_2_BW_retrofit_1,26.0,358
2100,138,SG_retrofit_1_Insul_current_TR_retrofit_2_BW_retrofit_2,23.0,300
2100,138,SG_retrofit_1_Insul_current_TR_retrofit_2_BW_retrofit_2,24.0,326
2100,138,SG_retrofit_1_Insul_current_TR_retrofit_2_BW_retrofit_2,25.0,347
2100,138,SG_retrofit_1_Insul_current_TR_retrofit_2_BW_retrofit_2,26.0,359
2100,139,SG_retrofit_1_Insul_current_TR_retrofit_2_BW_retrofit_3,23.0,300
2100,139,SG_retrofit_1_Insul_current_TR_retrofit_2_BW_retrofit_3,24.0,327
2100,139,SG_retrofit_1_Insul_current_TR_retrofit_2_BW_retrofit_3,25.0,349
2100,139,SG_retrofit_1_Insul_current_TR_retrofit_2_BW_retrofit_3,26.0,359
2100,140,SG_retrofit_1_Insul_current_TR_retrofit_2_BW_retrofit_4,23.0,300
2100,140,SG_retrofit_1_Insul_current_TR_retrofit_2_BW_retrofit_4,24.0,326
2100,140,SG_retrofit_1_Insul_current_TR_retrofit_2_BW_retrofit_4,25.0,349
2100,140,SG_retrofit_1_Insul_current_TR_retrofit_2_BW_retrofit_4,26.0,359
2100,141,SG_retrofit_1_Insul_current_TR_retrofit_3_BW_current,23.0,301
2100,141,SG_retrofit_1_Insul_current_TR_retrofit_3_BW_current,24.0,324
2100,141,SG_retrofit_1_Insul_current_TR_retrofit_3_BW_current,25.0,343
2100,141,SG_retrofit_1_Insul_current_TR_retrofit_3_BW_current,26.0,358
2100,142,SG_retrofit_1_Insul_current_TR_retrofit_3_BW_retrofit_1,23.0,300
2100,142,SG_retrofit_1_Insul_current_TR_retrofit_3_BW_retrofit_1,24.0,326
2100,142,SG_retrofit_1_Insul_current_TR_retrofit_3_BW_retrofit_1,25.0,347
2100,142,SG_retrofit_1_Insul_current_TR_retrofit_3_BW_retrofit_1,26.0,359
2100,143,SG_retrofit_1_Insul_current_TR_retrofit_3_BW_retrofit_2,23.0,300
2100,143,SG_retrofit_1_Insul_current_TR_retrofit_3_BW_retrofit_2,24.0,326
2100,143,SG_retrofit_1_Insul_current_TR_retrofit_3_BW_retrofit_2,25.0,347
2100,143,SG_retrofit_1_Insul_current_TR_retrofit_3_BW_retrofit_2,26.0,359
2100,144,SG_retrofit_1_Insul_current_TR_retrofit_3_BW_retrofit_3,23.0,300
2100,144,SG_retrofit_1_Insul_current_TR_retrofit_3_BW_retrofit_3,24.0,327
2100,144,SG_retrofit_1_Insul_current_TR_retrofit_3_BW_retrofit_3,25.0,349
2100,144,SG_retrofit_1_Insul_current_TR_retrofit_3_BW_retrofit_3,26.0,359
2100,145,SG_retrofit_1_Insul_current_TR_retrofit_3_BW_retrofit_4,23.0,301
2100,145,SG_retrofit_1_Insul_current_TR_retrofit_3_BW_retrofit_4,24.0,327
2100,145,SG_retrofit_1_Insul_current_TR_retrofit_3_BW_retrofit_4,25.0,349
2100,145,SG_retrofit_1_Insul_current_TR_retrofit_3_BW_retrofit_4,26.0,359
2100,146,SG_retrofit_1_Insul_current_TR_retrofit_4_BW_current,23.0,301
2100,146,SG_retrofit_1_Insul_current_TR_retrofit_4_BW_current,24.0,324
2100,146,SG_retrofit_1_Insul_current_TR_retrofit_4_BW_current,25.0,343
2100,146,SG_retrofit_1_Insul_current_TR_retrofit_4_BW_current,26.0,358
2100,147,SG_retrofit_1_Insul_current_TR_retrofit_4_BW_retrofit_1,23.0,300
2100,147,SG_retrofit_1_Insul_current_TR_retrofit_4_BW_retrofit_1,24.0,326
2100,147,SG_retrofit_1_Insul_current_TR_retrofit_4_BW_retrofit_1,25.0,347
2100,147,SG_retrofit_1_Insul_current_TR_retrofit_4_BW_retrofit_1,26.0,359
2100,148,SG_retrofit_1_Insul_current_TR_retrofit_4_BW_retrofit_2,23.0,300
2100,148,SG_retrofit_1_Insul_current_TR_retrofit_4_BW_retrofit_2,24.0,326
2100,148,SG_retrofit_1_Insul_current_TR_retrofit_4_BW_retrofit_2,25.0,347
2100,148,SG_retrofit_1_Insul_current_TR_retrofit_4_BW_retrofit_2,26.0,359
2100,149,SG_retrofit_1_Insul_current_TR_retrofit_4_BW_retrofit_3,23.0,300
2100,149,SG_retrofit_1_Insul_current_TR_retrofit_4_BW_retrofit_3,24.0,327
2100,149,SG_retrofit_1_Insul_current_TR_retrofit_4_BW_retrofit_3,25.0,349
2100,149,SG_retrofit_1_Insul_current_TR_retrofit_4_BW_retrofit_3,26.0,359
2100,150,SG_retrofit_1_Insul_current_TR_retrofit_4_BW_retrofit_4,23.0,301
2100,150,SG_retrofit_1_Insul_current_TR_retrofit_4_BW_retrofit_4,24.0,327
2100,150,SG_retrofit_1_Insul_current_TR_retrofit_4_BW_retrofit_4,25.0,349
2100,150,SG_retrofit_1_Insul_current_TR_retrofit_4_BW_retrofit_4,26.0,359
2100,151,SG_retrofit_1_Insul_retrofit_1_TR_current_BW_current,23.0,256
2100,151,SG_retrofit_1_Insul_retrofit_1_TR_current_BW_current,24.0,286
2100,151,SG_retrofit_1_Insul_retrofit_1_TR_current_BW_current,25.0,312
2100,151,SG_retrofit_1_Insul_retrofit_1_TR_current_BW_current,26.0,330
2100,152,SG_retrofit_1_Insul_retrofit_1_TR_current_BW_retrofit_1,23.0,249
2100,152,SG_retrofit_1_Insul_retrofit_1_TR_current_BW_retrofit_1,24.0,278
2100,152,SG_retrofit_1_Insul_retrofit_1_TR_current_BW_retrofit_1,25.0,305
2100,152,SG_retrofit_1_Insul_retrofit_1_TR_current_BW_retrofit_1,26.0,324
2100,153,SG_retrofit_1_Insul_retrofit_1_TR_current_BW_retrofit_2,23.0,248
2100,153,SG_retrofit_1_Insul_retrofit_1_TR_current_BW_retrofit_2,24.0,276
2100,153,SG_retrofit_1_Insul_retrofit_1_TR_current_BW_retrofit_2,25.0,304
2100,153,SG_retrofit_1_Insul_retrofit_1_TR_current_BW_retrofit_2,26.0,323
2100,154,SG_retrofit_1_Insul_retrofit_1_TR_current_BW_retrofit_3,23.0,247
2100,154,SG_retrofit_1_Insul_retrofit_1_TR_current_BW_retrofit_3,24.0,275
2100,154,SG_retrofit_1_Insul_retrofit_1_TR_current_BW_retrofit_3,25.0,302
2100,154,SG_retrofit_1_Insul_retrofit_1_TR_current_BW_retrofit_3,26.0,322
2100,155,SG_retrofit_1_Insul_retrofit_1_TR_current_BW_retrofit_4,23.0,247
2100,155,SG_retrofit_1_Insul_retrofit_1_TR_current_BW_retrofit_4,24.0,274
2100,155,SG_retrofit_1_Insul_retrofit_1_TR_current_BW_retrofit_4,25.0,301
2100,155,SG_retrofit_1_Insul_retrofit_1_TR_current_BW_retrofit_4,26.0,322
2100,156,SG_retrofit_1_Insul_retrofit_1_TR_retrofit_1_BW_current,23.0,259
2100,156,SG_retrofit_1_Insul_retrofit_1_TR_retrofit_1_BW_current,24.0,286
2100,156,SG_retrofit_1_Insul_retrofit_1_TR_retrofit_1_BW_current,25.0,312
2100,156,SG_retrofit_1_Insul_retrofit_1_TR_retrofit_1_BW_current,26.0,332
2100,157,SG_retrofit_1_Insul_retrofit_1_TR_retrofit_1_BW_retrofit_1,23.0,250
2100,157,SG_retrofit_1_Insul_retrofit_1_TR_retrofit_1_BW_retrofit_1,24.0,279
2100,157,SG_retrofit_1_Insul_retrofit_1_TR_retrofit_1_BW_retrofit_1,25.0,307
2100,157,SG_retrofit_1_Insul_retrofit_1_TR_retrofit_1_BW_retrofit_1,26.0,324
2100,158,SG_retrofit_1_Insul_retrofit_1_TR_retrofit_1_BW_retrofit_2,23.0,248
2100,158,SG_retrofit_1_Insul_retrofit_1_TR_retrofit_1_BW_retrofit_2,24.0,279
2100,158,SG_retrofit_1_Insul_retrofit_1_TR_retrofit_1_BW_retrofit_2,25.0,306
2100,158,SG_retrofit_1_Insul_retrofit_1_TR_retrofit_1_BW_retrofit_2,26.0,324
2100,159,SG_retrofit_1_Insul_retrofit_1_TR_retrofit_1_BW_retrofit_3,23.0,248
2100,159,SG_retrofit_1_Insul_retrofit_1_TR_retrofit_1_BW_retrofit_3,24.0,277
2100,159,SG_retrofit_1_Insul_retrofit_1_TR_retrofit_1_BW_retrofit_3,25.0,305
2100,159,SG_retrofit_1_Insul_retrofit_1_TR_retrofit_1_BW_retrofit_3,26.0,324
2100,160,SG_retrofit_1_Insul_retrofit_1_TR_retrofit_1_BW_retrofit_4,23.0,248
2100,160,SG_retrofit_1_Insul_retrofit_1_TR_retrofit_1_BW_retrofit_4,24.0,276
2100,160,SG_retrofit_1_Insul_retrofit_1_TR_retrofit_1_BW_retrofit_4,25.0,305
2100,160,SG_retrofit_1_Insul_retrofit_1_TR_retrofit_1_BW_retrofit_4,26.0,324
2100,161,SG_retrofit_1_Insul_retrofit_1_TR_retrofit_2_BW_current,23.0,259
2100,161,SG_retrofit_1_Insul_retrofit_1_TR_retrofit_2_BW_current,24.0,286
2100,161,SG_retrofit_1_Insul_retrofit_1_TR_retrofit_2_BW_current,25.0,312
2100,161,SG_retrofit_1_Insul_retrofit_1_TR_retrofit_2_BW_current,26.0,332
2100,162,SG_retrofit_1_Insul_retrofit_1_TR_retrofit_2_BW_retrofit_1,23.0,250
2100,162,SG_retrofit_1_Insul_retrofit_1_TR_retrofit_2_BW_retrofit_1,24.0,279
2100,162,SG_retrofit_1_Insul_retrofit_1_TR_retrofit_2_BW_retrofit_1,25.0,307
2100,162,SG_retrofit_1_Insul_retrofit_1_TR_retrofit_2_BW_retrofit_1,26.0,324
2100,163,SG_retrofit_1_Insul_retrofit_1_TR_retrofit_2_BW_retrofit_2,23.0,248
2100,163,SG_retrofit_1_Insul_retrofit_1_TR_retrofit_2_BW_retrofit_2,24.0,279
2100,163,SG_retrofit_1_Insul_retrofit_1_TR_retrofit_2_BW_retrofit_2,25.0,306
2100,163,SG_retrofit_1_Insul_retrofit_1_TR_retrofit_2_BW_retrofit_2,26.0,324
2100,164,SG_retrofit_1_Insul_retrofit_1_TR_retrofit_2_BW_retrofit_3,23.0,248
2100,164,SG_retrofit_1_Insul_retrofit_1_TR_retrofit_2_BW_retrofit_3,24.0,277
2100,164,SG_retrofit_1_Insul_retrofit_1_TR_retrofit_2_BW_retrofit_3,25.0,305
2100,164,SG_retrofit_1_Insul_retrofit_1_TR_retrofit_2_BW_retrofit_3,26.0,324
2100,165,SG_retrofit_1_Insul_retrofit_1_TR_retrofit_2_BW_retrofit_4,23.0,248
2100,165,SG_retrofit_1_Insul_retrofit_1_TR_retrofit_2_BW_retrofit_4,24.0,276
2100,165,SG_retrofit_1_Insul_retrofit_1_TR_retrofit_2_BW_retrofit_4,25.0,305
2100,165,SG_retrofit_1_Insul_retrofit_1_TR_retrofit_2_BW_retrofit_4,26.0,324
2100,166,SG_retrofit_1_Insul_retrofit_1_TR_retrofit_3_BW_current,23.0,259
2100,166,SG_retrofit_1_Insul_retrofit_1_TR_retrofit_3_BW_current,24.0,286
2100,166,SG_retrofit_1_Insul_retrofit_1_TR_retrofit_3_BW_current,25.0,312
2100,166,SG_retrofit_1_Insul_retrofit_1_TR_retrofit_3_BW_current,26.0,332
2100,167,SG_retrofit_1_Insul_retrofit_1_TR_retrofit_3_BW_retrofit_1,23.0,250
2100,167,SG_retrofit_1_Insul_retrofit_1_TR_retrofit_3_BW_retrofit_1,24.0,279
2100,167,SG_retrofit_1_Insul_retrofit_1_TR_retrofit_3_BW_retrofit_1,25.0,307
2100,167,SG_retrofit_1_Insul_retrofit_1_TR_retrofit_3_BW_retrofit_1,26.0,324
2100,168,SG_retrofit_1_Insul_retrofit_1_TR_retrofit_3_BW_retrofit_2,23.0,248
2100,168,SG_retrofit_1_Insul_retrofit_1_TR_retrofit_3_BW_retrofit_2,24.0,279
2100,168,SG_retrofit_1_Insul_retrofit_1_TR_retrofit_3_BW_retrofit_2,25.0,306
2100,168,SG_retrofit_1_Insul_retrofit_1_TR_retrofit_3_BW_retrofit_2,26.0,324
2100,169,SG_retrofit_1_Insul_retrofit_1_TR_retrofit_3_BW_retrofit_3,23.0,248
2100,169,SG_retrofit_1_Insul_retrofit_1_TR_retrofit_3_BW_retrofit_3,24.0,277
2100,169,SG_retrofit_1_Insul_retrofit_1_TR_retrofit_3_BW_retrofit_3,25.0,305
2100,169,SG_retrofit_1_Insul_retrofit_1_TR_retrofit_3_BW_retrofit_3,26.0,324
2100,170,SG_retrofit_1_Insul_retrofit_1_TR_retrofit_3_BW_retrofit_4,23.0,248
2100,170,SG_retrofit_1_Insul_retrofit_1_TR_retrofit_3_BW_retrofit_4,24.0,276
2100,170,SG_retrofit_1_Insul_retrofit_1_TR_retrofit_3_BW_retrofit_4,25.0,305
2100,170,SG_retrofit_1_Insul_retrofit_1_TR_retrofit_3_BW_retrofit_4,26.0,324
2100,171,SG_retrofit_1_Insul_retrofit_1_TR_retrofit_4_BW_current,23.0,259
2100,171,SG_retrofit_1_Insul_retrofit_1_TR_retrofit_4_BW_current,24.0,286
2100,171,SG_retrofit_1_Insul_retrofit_1_TR_retrofit_4_BW_current,25.0,312
2100,171,SG_retrofit_1_Insul_retrofit_1_TR_retrofit_4_BW_current,26.0,332
2100,172,SG_retrofit_1_Insul_retrofit_1_TR_retrofit_4_BW_retrofit_1,23.0,250
2100,172,SG_retrofit_1_Insul_retrofit_1_TR_retrofit_4_BW_retrofit_1,24.0,279
2100,172,SG_retrofit_1_Insul_retrofit_1_TR_retrofit_4_BW_retrofit_1,25.0,307
2100,172,SG_retrofit_1_Insul_retrofit_1_TR_retrofit_4_BW_retrofit_1,26.0,324
2100,173,SG_retrofit_1_Insul_retrofit_1_TR_retrofit_4_BW_retrofit_2,23.0,248
2100,173,SG_retrofit_1_Insul_retrofit_1_TR_retrofit_4_BW_retrofit_2,24.0,279
2100,173,SG_retrofit_1_Insul_retrofit_1_TR_retrofit_4_BW_retrofit_2,25.0,306
2100,173,SG_retrofit_1_Insul_retrofit_1_TR_retrofit_4_BW_retrofit_2,26.0,324
2100,174,SG_retrofit_1_Insul_retrofit_1_TR_retrofit_4_BW_retrofit_3,23.0,248
2100,174,SG_retrofit_1_Insul_retrofit_1_TR_retrofit_4_BW_retrofit_3,24.0,277
2100,174,SG_retrofit_1_Insul_retrofit_1_TR_retrofit_4_BW_retrofit_3,25.0,305
2100,174,SG_retrofit_1_Insul_retrofit_1_TR_retrofit_4_BW_retrofit_3,26.0,324
2100,175,SG_retrofit_1_Insul_retrofit_1_TR_retrofit_4_BW_retrofit_4,23.0,248
2100,175,SG_retrofit_1_Insul_retrofit_1_TR_retrofit_4_BW_retrofit_4,24.0,276
2100,175,SG_retrofit_1_Insul_retrofit_1_TR_retrofit_4_BW_retrofit_4,25.0,305
2100,175,SG_retrofit_1_Insul_retrofit_1_TR_retrofit_4_BW_retrofit_4,26.0,324
2100,176,SG_retrofit_1_Insul_retrofit_2_TR_current_BW_current,23.0,255
2100,176,SG_retrofit_1_Insul_retrofit_2_TR_current_BW_current,24.0,286
2100,176,SG_retrofit_1_Insul_retrofit_2_TR_current_BW_current,25.0,310
2100,176,SG_retrofit_1_Insul_retrofit_2_TR_current_BW_current,26.0,330
2100,177,SG_retrofit_1_Insul_retrofit_2_TR_current_BW_retrofit_1,23.0,248
2100,177,SG_retrofit_1_Insul_retrofit_2_TR_current_BW_retrofit_1,24.0,275
2100,177,SG_retrofit_1_Insul_retrofit_2_TR_current_BW_retrofit_1,25.0,302
2100,177,SG_retrofit_1_Insul_retrofit_2_TR_current_BW_retrofit_1,26.0,323
2100,178,SG_retrofit_1_Insul_retrofit_2_TR_current_BW_retrofit_2,23.0,247
2100,178,SG_retrofit_1_Insul_retrofit_2_TR_current_BW_retrofit_2,24.0,272
2100,178,SG_retrofit_1_Insul_retrofit_2_TR_current_BW_retrofit_2,25.0,300
2100,178,SG_retrofit_1_Insul_retrofit_2_TR_current_BW_retrofit_2,26.0,322
2100,179,SG_retrofit_1_Insul_retrofit_2_TR_current_BW_retrofit_3,23.0,247
2100,179,SG_retrofit_1_Insul_retrofit_2_TR_current_BW_retrofit_3,24.0,271
2100,179,SG_retrofit_1_Insul_retrofit_2_TR_current_BW_retrofit_3,25.0,300
2100,179,SG_retrofit_1_Insul_retrofit_2_TR_current_BW_retrofit_3,26.0,322
2100,180,SG_retrofit_1_Insul_retrofit_2_TR_current_BW_retrofit_4,23.0,247
2100,180,SG_retrofit_1_Insul_retrofit_2_TR_current_BW_retrofit_4,24.0,272
2100,180,SG_retrofit_1_Insul_retrofit_2_TR_current_BW_retrofit_4,25.0,300
2100,180,SG_retrofit_1_Insul_retrofit_2_TR_current_BW_retrofit_4,26.0,322
2100,181,SG_retrofit_1_Insul_retrofit_2_TR_retrofit_1_BW_current,23.0,255
2100,181,SG_retrofit_1_Insul_retrofit_2_TR_retrofit_1_BW_current,24.0,286
2100,181,SG_retrofit_1_Insul_retrofit_2_TR_retrofit_1_BW_current,25.0,311
2100,181,SG_retrofit_1_Insul_retrofit_2_TR_retrofit_1_BW_current,26.0,331
2100,182,SG_retrofit_1_Insul_retrofit_2_TR_retrofit_1_BW_retrofit_1,23.0,248
2100,182,SG_retrofit_1_Insul_retrofit_2_TR_retrofit_1_BW_retrofit_1,24.0,278
2100,182,SG_retrofit_1_Insul_retrofit_2_TR_retrofit_1_BW_retrofit_1,25.0,306
2100,182,SG_retrofit_1_Insul_retrofit_2_TR_retrofit_1_BW_retrofit_1,26.0,323
2100,183,SG_retrofit_1_Insul_retrofit_2_TR_retrofit_1_BW_retrofit_2,23.0,247
2100,183,SG_retrofit_1_Insul_retrofit_2_TR_retrofit_1_BW_retrofit_2,24.0,276
2100,183,SG_retrofit_1_Insul_retrofit_2_TR_retrofit_1_BW_retrofit_2,25.0,303
2100,183,SG_retrofit_1_Insul_retrofit_2_TR_retrofit_1_BW_retrofit_2,26.0,322
2100,184,SG_retrofit_1_Insul_retrofit_2_TR_retrofit_1_BW_retrofit_3,23.0,247
2100,184,SG_retrofit_1_Insul_retrofit_2_TR_retrofit_1_BW_retrofit_3,24.0,274
2100,184,SG_retrofit_1_Insul_retrofit_2_TR_retrofit_1_BW_retrofit_3,25.0,301
2100,184,SG_retrofit_1_Insul_retrofit_2_TR_retrofit_1_BW_retrofit_3,26.0,322
2100,185,SG_retrofit_1_Insul_retrofit_2_TR_retrofit_1_BW_retrofit_4,23.0,247
2100,185,SG_retrofit_1_Insul_retrofit_2_TR_retrofit_1_BW_retrofit_4,24.0,274
2100,185,SG_retrofit_1_Insul_retrofit_2_TR_retrofit_1_BW_retrofit_4,25.0,301
2100,185,SG_retrofit_1_Insul_retrofit_2_TR_retrofit_1_BW_retrofit_4,26.0,321
2100,186,SG_retrofit_1_Insul_retrofit_2_TR_retrofit_2_BW_current,23.0,255
2100,186,SG_retrofit_1_Insul_retrofit_2_TR_retrofit_2_BW_current,24.0,286
2100,186,SG_retrofit_1_Insul_retrofit_2_TR_retrofit_2_BW_current,25.0,311
2100,186,SG_retrofit_1_Insul_retrofit_2_TR_retrofit_2_BW_current,26.0,331
2100,187,SG_retrofit_1_Insul_retrofit_2_TR_retrofit_2_BW_retrofit_1,23.0,248
2100,187,SG_retrofit_1_Insul_retrofit_2_TR_retrofit_2_BW_retrofit_1,24.0,278
2100,187,SG_retrofit_1_Insul_retrofit_2_TR_retrofit_2_BW_retrofit_1,25.0,306
2100,187,SG_retrofit_1_Insul_retrofit_2_TR_retrofit_2_BW_retrofit_1,26.0,323
2100,188,SG_retrofit_1_Insul_retrofit_2_TR_retrofit_2_BW_retrofit_2,23.0,247
2100,188,SG_retrofit_1_Insul_retrofit_2_TR_retrofit_2_BW_retrofit_2,24.0,276
2100,188,SG_retrofit_1_Insul_retrofit_2_TR_retrofit_2_BW_retrofit_2,25.0,301
2100,188,SG_retrofit_1_Insul_retrofit_2_TR_retrofit_2_BW_retrofit_2,26.0,322
2100,189,SG_retrofit_1_Insul_retrofit_2_TR_retrofit_2_BW_retrofit_3,23.0,247
2100,189,SG_retrofit_1_Insul_retrofit_2_TR_retrofit_2_BW_retrofit_3,24.0,274
2100,189,SG_retrofit_1_Insul_retrofit_2_TR_retrofit_2_BW_retrofit_3,25.0,301
2100,189,SG_retrofit_1_Insul_retrofit_2_TR_retrofit_2_BW_retrofit_3,26.0,322
2100,190,SG_retrofit_1_Insul_retrofit_2_TR_retrofit_2_BW_retrofit_4,23.0,247
2100,190,SG_retrofit_1_Insul_retrofit_2_TR_retrofit_2_BW_retrofit_4,24.0,274
2100,190,SG_retrofit_1_Insul_retrofit_2_TR_retrofit_2_BW_retrofit_4,25.0,301
2100,190,SG_retrofit_1_Insul_retrofit_2_TR_retrofit_2_BW_retrofit_4,26.0,321
2100,191,SG_retrofit_1_Insul_retrofit_2_TR_retrofit_3_BW_current,23.0,255
2100,191,SG_retrofit_1_Insul_retrofit_2_TR_retrofit_3_BW_current,24.0,286
2100,191,SG_retrofit_1_Insul_retrofit_2_TR_retrofit_3_BW_current,25.0,311
2100,191,SG_retrofit_1_Insul_retrofit_2_TR_retrofit_3_BW_current,26.0,332
2100,192,SG_retrofit_1_Insul_retrofit_2_TR_retrofit_3_BW_retrofit_1,23.0,248
2100,192,SG_retrofit_1_Insul_retrofit_2_TR_retrofit_3_BW_retrofit_1,24.0,278
2100,192,SG_retrofit_1_Insul_retrofit_2_TR_retrofit_3_BW_retrofit_1,25.0,306
2100,192,SG_retrofit_1_Insul_retrofit_2_TR_retrofit_3_BW_retrofit_1,26.0,323
2100,193,SG_retrofit_1_Insul_retrofit_2_TR_retrofit_3_BW_retrofit_2,23.0,247
2100,193,SG_retrofit_1_Insul_retrofit_2_TR_retrofit_3_BW_retrofit_2,24.0,276
2100,193,SG_retrofit_1_Insul_retrofit_2_TR_retrofit_3_BW_retrofit_2,25.0,303
2100,193,SG_retrofit_1_Insul_retrofit_2_TR_retrofit_3_BW_retrofit_2,26.0,322
2100,194,SG_retrofit_1_Insul_retrofit_2_TR_retrofit_3_BW_retrofit_3,23.0,247
2100,194,SG_retrofit_1_Insul_retrofit_2_TR_retrofit_3_BW_retrofit_3,24.0,275
2100,194,SG_retrofit_1_Insul_retrofit_2_TR_retrofit_3_BW_retrofit_3,25.0,301
2100,194,SG_retrofit_1_Insul_retrofit_2_TR_retrofit_3_BW_retrofit_3,26.0,322
2100,195,SG_retrofit_1_Insul_retrofit_2_TR_retrofit_3_BW_retrofit_4,23.0,247
2100,195,SG_retrofit_1_Insul_retrofit_2_TR_retrofit_3_BW_retrofit_4,24.0,275
2100,195,SG_retrofit_1_Insul_retrofit_2_TR_retrofit_3_BW_retrofit_4,25.0,301
2100,195,SG_retrofit_1_Insul_retrofit_2_TR_retrofit_3_BW_retrofit_4,26.0,321
2100,196,SG_retrofit_1_Insul_retrofit_2_TR_retrofit_4_BW_current,23.0,255
2100,196,SG_retrofit_1_Insul_retrofit_2_TR_retrofit_4_BW_current,24.0,286
2100,196,SG_retrofit_1_Insul_retrofit_2_TR_retrofit_4_BW_current,25.0,311
2100,196,SG_retrofit_1_Insul_retrofit_2_TR_retrofit_4_BW_current,26.0,332
2100,197,SG_retrofit_1_Insul_retrofit_2_TR_retrofit_4_BW_retrofit_1,23.0,248
2100,197,SG_retrofit_1_Insul_retrofit_2_TR_retrofit_4_BW_retrofit_1,24.0,278
2100,197,SG_retrofit_1_Insul_retrofit_2_TR_retrofit_4_BW_retrofit_1,25.0,306
2100,197,SG_retrofit_1_Insul_retrofit_2_TR_retrofit_4_BW_retrofit_1,26.0,323
2100,198,SG_retrofit_1_Insul_retrofit_2_TR_retrofit_4_BW_retrofit_2,23.0,247
2100,198,SG_retrofit_1_Insul_retrofit_2_TR_retrofit_4_BW_retrofit_2,24.0,276
2100,198,SG_retrofit_1_Insul_retrofit_2_TR_retrofit_4_BW_retrofit_2,25.0,303
2100,198,SG_retrofit_1_Insul_retrofit_2_TR_retrofit_4_BW_retrofit_2,26.0,322
2100,199,SG_retrofit_1_Insul_retrofit_2_TR_retrofit_4_BW_retrofit_3,23.0,247
2100,199,SG_retrofit_1_Insul_retrofit_2_TR_retrofit_4_BW_retrofit_3,24.0,275
2100,199,SG_retrofit_1_Insul_retrofit_2_TR_retrofit_4_BW_retrofit_3,25.0,301
2100,199,SG_retrofit_1_Insul_retrofit_2_TR_retrofit_4_BW_retrofit_3,26.0,322
2100,200,SG_retrofit_1_Insul_retrofit_2_TR_retrofit_4_BW_retrofit_4,23.0,247
2100,200,SG_retrofit_1_Insul_retrofit_2_TR_retrofit_4_BW_retrofit_4,24.0,275
2100,200,SG_retrofit_1_Insul_retrofit_2_TR_retrofit_4_BW_retrofit_4,25.0,301
2100,200,SG_retrofit_1_Insul_retrofit_2_TR_retrofit_4_BW_retrofit_4,26.0,321
2100,201,SG_retrofit_1_Insul_retrofit_3_TR_current_BW_current,23.0,255
2100,201,SG_retrofit_1_Insul_retrofit_3_TR_current_BW_current,24.0,285
2100,201,SG_retrofit_1_Insul_retrofit_3_TR_current_BW_current,25.0,310
2100,201,SG_retrofit_1_Insul_retrofit_3_TR_current_BW_current,26.0,329
2100,202,SG_retrofit_1_Insul_retrofit_3_TR_current_BW_retrofit_1,23.0,247
2100,202,SG_retrofit_1_Insul_retrofit_3_TR_current_BW_retrofit_1,24.0,272
2100,202,SG_retrofit_1_Insul_retrofit_3_TR_current_BW_retrofit_1,25.0,301
2100,202,SG_retrofit_1_Insul_retrofit_3_TR_current_BW_retrofit_1,26.0,322
2100,203,SG_retrofit_1_Insul_retrofit_3_TR_current_BW_retrofit_2,23.0,247
2100,203,SG_retrofit_1_Insul_retrofit_3_TR_current_BW_retrofit_2,24.0,271
2100,203,SG_retrofit_1_Insul_retrofit_3_TR_current_BW_retrofit_2,25.0,300
2100,203,SG_retrofit_1_Insul_retrofit_3_TR_current_BW_retrofit_2,26.0,322
2100,204,SG_retrofit_1_Insul_retrofit_3_TR_current_BW_retrofit_3,23.0,247
2100,204,SG_retrofit_1_Insul_retrofit_3_TR_current_BW_retrofit_3,24.0,270
2100,204,SG_retrofit_1_Insul_retrofit_3_TR_current_BW_retrofit_3,25.0,300
2100,204,SG_retrofit_1_Insul_retrofit_3_TR_current_BW_retrofit_3,26.0,321
2100,205,SG_retrofit_1_Insul_retrofit_3_TR_current_BW_retrofit_4,23.0,247
2100,205,SG_retrofit_1_Insul_retrofit_3_TR_current_BW_retrofit_4,24.0,270
2100,205,SG_retrofit_1_Insul_retrofit_3_TR_current_BW_retrofit_4,25.0,300
2100,205,SG_retrofit_1_Insul_retrofit_3_TR_current_BW_retrofit_4,26.0,321
2100,206,SG_retrofit_1_Insul_retrofit_3_TR_retrofit_1_BW_current,23.0,255
2100,206,SG_retrofit_1_Insul_retrofit_3_TR_retrofit_1_BW_current,24.0,285
2100,206,SG_retrofit_1_Insul_retrofit_3_TR_retrofit_1_BW_current,25.0,311
2100,206,SG_retrofit_1_Insul_retrofit_3_TR_retrofit_1_BW_current,26.0,331
2100,207,SG_retrofit_1_Insul_retrofit_3_TR_retrofit_1_BW_retrofit_1,23.0,247
2100,207,SG_retrofit_1_Insul_retrofit_3_TR_retrofit_1_BW_retrofit_1,24.0,276
2100,207,SG_retrofit_1_Insul_retrofit_3_TR_retrofit_1_BW_retrofit_1,25.0,302
2100,207,SG_retrofit_1_Insul_retrofit_3_TR_retrofit_1_BW_retrofit_1,26.0,322
2100,208,SG_retrofit_1_Insul_retrofit_3_TR_retrofit_1_BW_retrofit_2,23.0,247
2100,208,SG_retrofit_1_Insul_retrofit_3_TR_retrofit_1_BW_retrofit_2,24.0,273
2100,208,SG_retrofit_1_Insul_retrofit_3_TR_retrofit_1_BW_retrofit_2,25.0,301
2100,208,SG_retrofit_1_Insul_retrofit_3_TR_retrofit_1_BW_retrofit_2,26.0,322
2100,209,SG_retrofit_1_Insul_retrofit_3_TR_retrofit_1_BW_retrofit_3,23.0,246
2100,209,SG_retrofit_1_Insul_retrofit_3_TR_retrofit_1_BW_retrofit_3,24.0,273
2100,209,SG_retrofit_1_Insul_retrofit_3_TR_retrofit_1_BW_retrofit_3,25.0,300
2100,209,SG_retrofit_1_Insul_retrofit_3_TR_retrofit_1_BW_retrofit_3,26.0,321
2100,210,SG_retrofit_1_Insul_retrofit_3_TR_retrofit_1_BW_retrofit_4,23.0,246
2100,210,SG_retrofit_1_Insul_retrofit_3_TR_retrofit_1_BW_retrofit_4,24.0,274
2100,210,SG_retrofit_1_Insul_retrofit_3_TR_retrofit_1_BW_retrofit_4,25.0,300
2100,210,SG_retrofit_1_Insul_retrofit_3_TR_retrofit_1_BW_retrofit_4,26.0,321
2100,211,SG_retrofit_1_Insul_retrofit_3_TR_retrofit_2_BW_current,23.0,255
2100,211,SG_retrofit_1_Insul_retrofit_3_TR_retrofit_2_BW_current,24.0,285
2100,211,SG_retrofit_1_Insul_retrofit_3_TR_retrofit_2_BW_current,25.0,311
2100,211,SG_retrofit_1_Insul_retrofit_3_TR_retrofit_2_BW_current,26.0,331
2100,212,SG_retrofit_1_Insul_retrofit_3_TR_retrofit_2_BW_retrofit_1,23.0,247
2100,212,SG_retrofit_1_Insul_retrofit_3_TR_retrofit_2_BW_retrofit_1,24.0,276
2100,212,SG_retrofit_1_Insul_retrofit_3_TR_retrofit_2_BW_retrofit_1,25.0,302
2100,212,SG_retrofit_1_Insul_retrofit_3_TR_retrofit_2_BW_retrofit_1,26.0,322
2100,213,SG_retrofit_1_Insul_retrofit_3_TR_retrofit_2_BW_retrofit_2,23.0,247
2100,213,SG_retrofit_1_Insul_retrofit_3_TR_retrofit_2_BW_retrofit_2,24.0,273
2100,213,SG_retrofit_1_Insul_retrofit_3_TR_retrofit_2_BW_retrofit_2,25.0,301
2100,213,SG_retrofit_1_Insul_retrofit_3_TR_retrofit_2_BW_retrofit_2,26.0,322
2100,214,SG_retrofit_1_Insul_retrofit_3_TR_retrofit_2_BW_retrofit_3,23.0,246
2100,214,SG_retrofit_1_Insul_retrofit_3_TR_retrofit_2_BW_retrofit_3,24.0,273
2100,214,SG_retrofit_1_Insul_retrofit_3_TR_retrofit_2_BW_retrofit_3,25.0,300
2100,214,SG_retrofit_1_Insul_retrofit_3_TR_retrofit_2_BW_retrofit_3,26.0,321
2100,215,SG_retrofit_1_Insul_retrofit_3_TR_retrofit_2_BW_retrofit_4,23.0,246
2100,215,SG_retrofit_1_Insul_retrofit_3_TR_retrofit_2_BW_retrofit_4,24.0,273
2100,215,SG_retrofit_1_Insul_retrofit_3_TR_retrofit_2_BW_retrofit_4,25.0,300
2100,215,SG_retrofit_1_Insul_retrofit_3_TR_retrofit_2_BW_retrofit_4,26.0,321
2100,216,SG_retrofit_1_Insul_retrofit_3_TR_retrofit_3_BW_current,23.0,255
2100,216,SG_retrofit_1_Insul_retrofit_3_TR_retrofit_3_BW_current,24.0,285
2100,216,SG_retrofit_1_Insul_retrofit_3_TR_retrofit_3_BW_current,25.0,311
2100,216,SG_retrofit_1_Insul_retrofit_3_TR_retrofit_3_BW_current,26.0,331
2100,217,SG_retrofit_1_Insul_retrofit_3_TR_retrofit_3_BW_retrofit_1,23.0,247
2100,217,SG_retrofit_1_Insul_retrofit_3_TR_retrofit_3_BW_retrofit_1,24.0,276
2100,217,SG_retrofit_1_Insul_retrofit_3_TR_retrofit_3_BW_retrofit_1,25.0,302
2100,217,SG_retrofit_1_Insul_retrofit_3_TR_retrofit_3_BW_retrofit_1,26.0,322
2100,218,SG_retrofit_1_Insul_retrofit_3_TR_retrofit_3_BW_retrofit_2,23.0,247
2100,218,SG_retrofit_1_Insul_retrofit_3_TR_retrofit_3_BW_retrofit_2,24.0,274
2100,218,SG_retrofit_1_Insul_retrofit_3_TR_retrofit_3_BW_retrofit_2,25.0,301
2100,218,SG_retrofit_1_Insul_retrofit_3_TR_retrofit_3_BW_retrofit_2,26.0,322
2100,219,SG_retrofit_1_Insul_retrofit_3_TR_retrofit_3_BW_retrofit_3,23.0,246
2100,219,SG_retrofit_1_Insul_retrofit_3_TR_retrofit_3_BW_retrofit_3,24.0,273
2100,219,SG_retrofit_1_Insul_retrofit_3_TR_retrofit_3_BW_retrofit_3,25.0,300
2100,219,SG_retrofit_1_Insul_retrofit_3_TR_retrofit_3_BW_retrofit_3,26.0,321
2100,220,SG_retrofit_1_Insul_retrofit_3_TR_retrofit_3_BW_retrofit_4,23.0,246
2100,220,SG_retrofit_1_Insul_retrofit_3_TR_retrofit_3_BW_retrofit_4,24.0,273
2100,220,SG_retrofit_1_Insul_retrofit_3_TR_retrofit_3_BW_retrofit_4,25.0,300
2100,220,SG_retrofit_1_Insul_retrofit_3_TR_retrofit_3_BW_retrofit_4,26.0,321
2100,221,SG_retrofit_1_Insul_retrofit_3_TR_retrofit_4_BW_current,23.0,255
2100,221,SG_retrofit_1_Insul_retrofit_3_TR_retrofit_4_BW_current,24.0,285
2100,221,SG_retrofit_1_Insul_retrofit_3_TR_retrofit_4_BW_current,25.0,311
2100,221,SG_retrofit_1_Insul_retrofit_3_TR_retrofit_4_BW_current,26.0,331
2100,222,SG_retrofit_1_Insul_retrofit_3_TR_retrofit_4_BW_retrofit_1,23.0,247
2100,222,SG_retrofit_1_Insul_retrofit_3_TR_retrofit_4_BW_retrofit_1,24.0,276
2100,222,SG_retrofit_1_Insul_retrofit_3_TR_retrofit_4_BW_retrofit_1,25.0,303
2100,222,SG_retrofit_1_Insul_retrofit_3_TR_retrofit_4_BW_retrofit_1,26.0,322
2100,223,SG_retrofit_1_Insul_retrofit_3_TR_retrofit_4_BW_retrofit_2,23.0,247
2100,223,SG_retrofit_1_Insul_retrofit_3_TR_retrofit_4_BW_retrofit_2,24.0,274
2100,223,SG_retrofit_1_Insul_retrofit_3_TR_retrofit_4_BW_retrofit_2,25.0,301
2100,223,SG_retrofit_1_Insul_retrofit_3_TR_retrofit_4_BW_retrofit_2,26.0,322
2100,224,SG_retrofit_1_Insul_retrofit_3_TR_retrofit_4_BW_retrofit_3,23.0,246
2100,224,SG_retrofit_1_Insul_retrofit_3_TR_retrofit_4_BW_retrofit_3,24.0,273
2100,224,SG_retrofit_1_Insul_retrofit_3_TR_retrofit_4_BW_retrofit_3,25.0,300
2100,224,SG_retrofit_1_Insul_retrofit_3_TR_retrofit_4_BW_retrofit_3,26.0,321
2100,225,SG_retrofit_1_Insul_retrofit_3_TR_retrofit_4_BW_retrofit_4,23.0,246
2100,225,SG_retrofit_1_Insul_retrofit_3_TR_retrofit_4_BW_retrofit_4,24.0,273
2100,225,SG_retrofit_1_Insul_retrofit_3_TR_retrofit_4_BW_retrofit_4,25.0,300
2100,225,SG_retrofit_1_Insul_retrofit_3_TR_retrofit_4_BW_retrofit_4,26.0,321
2100,226,SG_retrofit_1_Insul_retrofit_4_TR_current_BW_current,23.0,255
2100,226,SG_retrofit_1_Insul_retrofit_4_TR_current_BW_current,24.0,285
2100,226,SG_retrofit_1_Insul_retrofit_4_TR_current_BW_current,25.0,310
2100,226,SG_retrofit_1_Insul_retrofit_4_TR_current_BW_current,26.0,330
2100,227,SG_retrofit_1_Insul_retrofit_4_TR_current_BW_retrofit_1,23.0,247
2100,227,SG_retrofit_1_Insul_retrofit_4_TR_current_BW_retrofit_1,24.0,272
2100,227,SG_retrofit_1_Insul_retrofit_4_TR_current_BW_retrofit_1,25.0,300
2100,227,SG_retrofit_1_Insul_retrofit_4_TR_current_BW_retrofit_1,26.0,322
2100,228,SG_retrofit_1_Insul_retrofit_4_TR_current_BW_retrofit_2,23.0,247
2100,228,SG_retrofit_1_Insul_retrofit_4_TR_current_BW_retrofit_2,24.0,271
2100,228,SG_retrofit_1_Insul_retrofit_4_TR_current_BW_retrofit_2,25.0,300
2100,228,SG_retrofit_1_Insul_retrofit_4_TR_current_BW_retrofit_2,26.0,322
2100,229,SG_retrofit_1_Insul_retrofit_4_TR_current_BW_retrofit_3,23.0,247
2100,229,SG_retrofit_1_Insul_retrofit_4_TR_current_BW_retrofit_3,24.0,270
2100,229,SG_retrofit_1_Insul_retrofit_4_TR_current_BW_retrofit_3,25.0,300
2100,229,SG_retrofit_1_Insul_retrofit_4_TR_current_BW_retrofit_3,26.0,321
2100,230,SG_retrofit_1_Insul_retrofit_4_TR_current_BW_retrofit_4,23.0,247
2100,230,SG_retrofit_1_Insul_retrofit_4_TR_current_BW_retrofit_4,24.0,270
2100,230,SG_retrofit_1_Insul_retrofit_4_TR_current_BW_retrofit_4,25.0,300
2100,230,SG_retrofit_1_Insul_retrofit_4_TR_current_BW_retrofit_4,26.0,321
2100,231,SG_retrofit_1_Insul_retrofit_4_TR_retrofit_1_BW_current,23.0,255
2100,231,SG_retrofit_1_Insul_retrofit_4_TR_retrofit_1_BW_current,24.0,285
2100,231,SG_retrofit_1_Insul_retrofit_4_TR_retrofit_1_BW_current,25.0,311
2100,231,SG_retrofit_1_Insul_retrofit_4_TR_retrofit_1_BW_current,26.0,331
2100,232,SG_retrofit_1_Insul_retrofit_4_TR_retrofit_1_BW_retrofit_1,23.0,247
2100,232,SG_retrofit_1_Insul_retrofit_4_TR_retrofit_1_BW_retrofit_1,24.0,276
2100,232,SG_retrofit_1_Insul_retrofit_4_TR_retrofit_1_BW_retrofit_1,25.0,303
2100,232,SG_retrofit_1_Insul_retrofit_4_TR_retrofit_1_BW_retrofit_1,26.0,322
2100,233,SG_retrofit_1_Insul_retrofit_4_TR_retrofit_1_BW_retrofit_2,23.0,247
2100,233,SG_retrofit_1_Insul_retrofit_4_TR_retrofit_1_BW_retrofit_2,24.0,274
2100,233,SG_retrofit_1_Insul_retrofit_4_TR_retrofit_1_BW_retrofit_2,25.0,300
2100,233,SG_retrofit_1_Insul_retrofit_4_TR_retrofit_1_BW_retrofit_2,26.0,322
2100,234,SG_retrofit_1_Insul_retrofit_4_TR_retrofit_1_BW_retrofit_3,23.0,246
2100,234,SG_retrofit_1_Insul_retrofit_4_TR_retrofit_1_BW_retrofit_3,24.0,274
2100,234,SG_retrofit_1_Insul_retrofit_4_TR_retrofit_1_BW_retrofit_3,25.0,300
2100,234,SG_retrofit_1_Insul_retrofit_4_TR_retrofit_1_BW_retrofit_3,26.0,321
2100,235,SG_retrofit_1_Insul_retrofit_4_TR_retrofit_1_BW_retrofit_4,23.0,246
2100,235,SG_retrofit_1_Insul_retrofit_4_TR_retrofit_1_BW_retrofit_4,24.0,274
2100,235,SG_retrofit_1_Insul_retrofit_4_TR_retrofit_1_BW_retrofit_4,25.0,300
2100,235,SG_retrofit_1_Insul_retrofit_4_TR_retrofit_1_BW_retrofit_4,26.0,321
2100,236,SG_retrofit_1_Insul_retrofit_4_TR_retrofit_2_BW_current,23.0,255
2100,236,SG_retrofit_1_Insul_retrofit_4_TR_retrofit_2_BW_current,24.0,285
2100,236,SG_retrofit_1_Insul_retrofit_4_TR_retrofit_2_BW_current,25.0,311
2100,236,SG_retrofit_1_Insul_retrofit_4_TR_retrofit_2_BW_current,26.0,331
2100,237,SG_retrofit_1_Insul_retrofit_4_TR_retrofit_2_BW_retrofit_1,23.0,247
2100,237,SG_retrofit_1_Insul_retrofit_4_TR_retrofit_2_BW_retrofit_1,24.0,275
2100,237,SG_retrofit_1_Insul_retrofit_4_TR_retrofit_2_BW_retrofit_1,25.0,303
2100,237,SG_retrofit_1_Insul_retrofit_4_TR_retrofit_2_BW_retrofit_1,26.0,322
2100,238,SG_retrofit_1_Insul_retrofit_4_TR_retrofit_2_BW_retrofit_2,23.0,247
2100,238,SG_retrofit_1_Insul_retrofit_4_TR_retrofit_2_BW_retrofit_2,24.0,274
2100,238,SG_retrofit_1_Insul_retrofit_4_TR_retrofit_2_BW_retrofit_2,25.0,300
2100,238,SG_retrofit_1_Insul_retrofit_4_TR_retrofit_2_BW_retrofit_2,26.0,322
2100,239,SG_retrofit_1_Insul_retrofit_4_TR_retrofit_2_BW_retrofit_3,23.0,246
2100,239,SG_retrofit_1_Insul_retrofit_4_TR_retrofit_2_BW_retrofit_3,24.0,274
2100,239,SG_retrofit_1_Insul_retrofit_4_TR_retrofit_2_BW_retrofit_3,25.0,300
2100,239,SG_retrofit_1_Insul_retrofit_4_TR_retrofit_2_BW_retrofit_3,26.0,321
2100,240,SG_retrofit_1_Insul_retrofit_4_TR_retrofit_2_BW_retrofit_4,23.0,246
2100,240,SG_retrofit_1_Insul_retrofit_4_TR_retrofit_2_BW_retrofit_4,24.0,273
2100,240,SG_retrofit_1_Insul_retrofit_4_TR_retrofit_2_BW_retrofit_4,25.0,300
2100,240,SG_retrofit_1_Insul_retrofit_4_TR_retrofit_2_BW_retrofit_4,26.0,321
2100,241,SG_retrofit_1_Insul_retrofit_4_TR_retrofit_3_BW_current,23.0,255
2100,241,SG_retrofit_1_Insul_retrofit_4_TR_retrofit_3_BW_current,24.0,285
2100,241,SG_retrofit_1_Insul_retrofit_4_TR_retrofit_3_BW_current,25.0,311
2100,241,SG_retrofit_1_Insul_retrofit_4_TR_retrofit_3_BW_current,26.0,331
2100,242,SG_retrofit_1_Insul_retrofit_4_TR_retrofit_3_BW_retrofit_1,23.0,247
2100,242,SG_retrofit_1_Insul_retrofit_4_TR_retrofit_3_BW_retrofit_1,24.0,275
2100,242,SG_retrofit_1_Insul_retrofit_4_TR_retrofit_3_BW_retrofit_1,25.0,303
2100,242,SG_retrofit_1_Insul_retrofit_4_TR_retrofit_3_BW_retrofit_1,26.0,322
2100,243,SG_retrofit_1_Insul_retrofit_4_TR_retrofit_3_BW_retrofit_2,23.0,247
2100,243,SG_retrofit_1_Insul_retrofit_4_TR_retrofit_3_BW_retrofit_2,24.0,274
2100,243,SG_retrofit_1_Insul_retrofit_4_TR_retrofit_3_BW_retrofit_2,25.0,300
2100,243,SG_retrofit_1_Insul_retrofit_4_TR_retrofit_3_BW_retrofit_2,26.0,322
2100,244,SG_retrofit_1_Insul_retrofit_4_TR_retrofit_3_BW_retrofit_3,23.0,246
2100,244,SG_retrofit_1_Insul_retrofit_4_TR_retrofit_3_BW_retrofit_3,24.0,273
2100,244,SG_retrofit_1_Insul_retrofit_4_TR_retrofit_3_BW_retrofit_3,25.0,300
2100,244,SG_retrofit_1_Insul_retrofit_4_TR_retrofit_3_BW_retrofit_3,26.0,321
2100,245,SG_retrofit_1_Insul_retrofit_4_TR_retrofit_3_BW_retrofit_4,23.0,246
2100,245,SG_retrofit_1_Insul_retrofit_4_TR_retrofit_3_BW_retrofit_4,24.0,273
2100,245,SG_retrofit_1_Insul_retrofit_4_TR_retrofit_3_BW_retrofit_4,25.0,300
2100,245,SG_retrofit_1_Insul_retrofit_4_TR_retrofit_3_BW_retrofit_4,26.0,321
2100,246,SG_retrofit_1_Insul_retrofit_4_TR_retrofit_4_BW_current,23.0,255
2100,246,SG_retrofit_1_Insul_retrofit_4_TR_retrofit_4_BW_current,24.0,285
2100,246,SG_retrofit_1_Insul_retrofit_4_TR_retrofit_4_BW_current,25.0,311
2100,246,SG_retrofit_1_Insul_retrofit_4_TR_retrofit_4_BW_current,26.0,331
2100,247,SG_retrofit_1_Insul_retrofit_4_TR_retrofit_4_BW_retrofit_1,23.0,247
2100,247,SG_retrofit_1_Insul_retrofit_4_TR_retrofit_4_BW_retrofit_1,24.0,275
2100,247,SG_retrofit_1_Insul_retrofit_4_TR_retrofit_4_BW_retrofit_1,25.0,303
2100,247,SG_retrofit_1_Insul_retrofit_4_TR_retrofit_4_BW_retrofit_1,26.0,322
2100,248,SG_retrofit_1_Insul_retrofit_4_TR_retrofit_4_BW_retrofit_2,23.0,247
2100,248,SG_retrofit_1_Insul_retrofit_4_TR_retrofit_4_BW_retrofit_2,24.0,274
2100,248,SG_retrofit_1_Insul_retrofit_4_TR_retrofit_4_BW_retrofit_2,25.0,300
2100,248,SG_retrofit_1_Insul_retrofit_4_TR_retrofit_4_BW_retrofit_2,26.0,322
2100,249,SG_retrofit_1_Insul_retrofit_4_TR_retrofit_4_BW_retrofit_3,23.0,246
2100,249,SG_retrofit_1_Insul_retrofit_4_TR_retrofit_4_BW_retrofit_3,24.0,273
2100,249,SG_retrofit_1_Insul_retrofit_4_TR_retrofit_4_BW_retrofit_3,25.0,300
2100,249,SG_retrofit_1_Insul_retrofit_4_TR_retrofit_4_BW_retrofit_3,26.0,321
2100,250,SG_retrofit_1_Insul_retrofit_4_TR_retrofit_4_BW_retrofit_4,23.0,246
2100,250,SG_retrofit_1_Insul_retrofit_4_TR_retrofit_4_BW_retrofit_4,24.0,273
2100,250,SG_retrofit_1_Insul_retrofit_4_TR_retrofit_4_BW_retrofit_4,25.0,300
2100,250,SG_retrofit_1_Insul_retrofit_4_TR_retrofit_4_BW_retrofit_4,26.0,321
2100,251,SG_retrofit_2_Insul_current_TR_current_BW_current,23.0,300
2100,251,SG_retrofit_2_Insul_current_TR_current_BW_current,24.0,323
2100,251,SG_retrofit_2_Insul_current_TR_current_BW_current,25.0,343
2100,251,SG_retrofit_2_Insul_current_TR_current_BW_current,26.0,358
2100,252,SG_retrofit_2_Insul_current_TR_current_BW_retrofit_1,23.0,299
2100,252,SG_retrofit_2_Insul_current_TR_current_BW_retrofit_1,24.0,323
2100,252,SG_retrofit_2_Insul_current_TR_current_BW_retrofit_1,25.0,347
2100,252,SG_retrofit_2_Insul_current_TR_current_BW_retrofit_1,26.0,358
2100,253,SG_retrofit_2_Insul_current_TR_current_BW_retrofit_2,23.0,299
2100,253,SG_retrofit_2_Insul_current_TR_current_BW_retrofit_2,24.0,323
2100,253,SG_retrofit_2_Insul_current_TR_current_BW_retrofit_2,25.0,347
2100,253,SG_retrofit_2_Insul_current_TR_current_BW_retrofit_2,26.0,359
2100,254,SG_retrofit_2_Insul_current_TR_current_BW_retrofit_3,23.0,299
2100,254,SG_retrofit_2_Insul_current_TR_current_BW_retrofit_3,24.0,323
2100,254,SG_retrofit_2_Insul_current_TR_current_BW_retrofit_3,25.0,348
2100,254,SG_retrofit_2_Insul_current_TR_current_BW_retrofit_3,26.0,359
2100,255,SG_retrofit_2_Insul_current_TR_current_BW_retrofit_4,23.0,299
2100,255,SG_retrofit_2_Insul_current_TR_current_BW_retrofit_4,24.0,323
2100,255,SG_retrofit_2_Insul_current_TR_current_BW_retrofit_4,25.0,348
2100,255,SG_retrofit_2_Insul_current_TR_current_BW_retrofit_4,26.0,359
2100,256,SG_retrofit_2_Insul_current_TR_retrofit_1_BW_current,23.0,301
2100,256,SG_retrofit_2_Insul_current_TR_retrofit_1_BW_current,24.0,324
2100,256,SG_retrofit_2_Insul_current_TR_retrofit_1_BW_current,25.0,343
2100,256,SG_retrofit_2_Insul_current_TR_retrofit_1_BW_current,26.0,358
2100,257,SG_retrofit_2_Insul_current_TR_retrofit_1_BW_retrofit_1,23.0,300
2100,257,SG_retrofit_2_Insul_current_TR_retrofit_1_BW_retrofit_1,24.0,326
2100,257,SG_retrofit_2_Insul_current_TR_retrofit_1_BW_retrofit_1,25.0,347
2100,257,SG_retrofit_2_Insul_current_TR_retrofit_1_BW_retrofit_1,26.0,359
2100,258,SG_retrofit_2_Insul_current_TR_retrofit_1_BW_retrofit_2,23.0,300
2100,258,SG_retrofit_2_Insul_current_TR_retrofit_1_BW_retrofit_2,24.0,326
2100,258,SG_retrofit_2_Insul_current_TR_retrofit_1_BW_retrofit_2,25.0,347
2100,258,SG_retrofit_2_Insul_current_TR_retrofit_1_BW_retrofit_2,26.0,359
2100,259,SG_retrofit_2_Insul_current_TR_retrofit_1_BW_retrofit_3,23.0,301
2100,259,SG_retrofit_2_Insul_current_TR_retrofit_1_BW_retrofit_3,24.0,326
2100,259,SG_retrofit_2_Insul_current_TR_retrofit_1_BW_retrofit_3,25.0,349
2100,259,SG_retrofit_2_Insul_current_TR_retrofit_1_BW_retrofit_3,26.0,359
2100,260,SG_retrofit_2_Insul_current_TR_retrofit_1_BW_retrofit_4,23.0,301
2100,260,SG_retrofit_2_Insul_current_TR_retrofit_1_BW_retrofit_4,24.0,326
2100,260,SG_retrofit_2_Insul_current_TR_retrofit_1_BW_retrofit_4,25.0,349
2100,260,SG_retrofit_2_Insul_current_TR_retrofit_1_BW_retrofit_4,26.0,359
2100,261,SG_retrofit_2_Insul_current_TR_retrofit_2_BW_current,23.0,301
2100,261,SG_retrofit_2_Insul_current_TR_retrofit_2_BW_current,24.0,324
2100,261,SG_retrofit_2_Insul_current_TR_retrofit_2_BW_current,25.0,343
2100,261,SG_retrofit_2_Insul_current_TR_retrofit_2_BW_current,26.0,358
2100,262,SG_retrofit_2_Insul_current_TR_retrofit_2_BW_retrofit_1,23.0,300
2100,262,SG_retrofit_2_Insul_current_TR_retrofit_2_BW_retrofit_1,24.0,326
2100,262,SG_retrofit_2_Insul_current_TR_retrofit_2_BW_retrofit_1,25.0,347
2100,262,SG_retrofit_2_Insul_current_TR_retrofit_2_BW_retrofit_1,26.0,359
2100,263,SG_retrofit_2_Insul_current_TR_retrofit_2_BW_retrofit_2,23.0,300
2100,263,SG_retrofit_2_Insul_current_TR_retrofit_2_BW_retrofit_2,24.0,327
2100,263,SG_retrofit_2_Insul_current_TR_retrofit_2_BW_retrofit_2,25.0,347
2100,263,SG_retrofit_2_Insul_current_TR_retrofit_2_BW_retrofit_2,26.0,359
2100,264,SG_retrofit_2_Insul_current_TR_retrofit_2_BW_retrofit_3,23.0,301
2100,264,SG_retrofit_2_Insul_current_TR_retrofit_2_BW_retrofit_3,24.0,326
2100,264,SG_retrofit_2_Insul_current_TR_retrofit_2_BW_retrofit_3,25.0,349
2100,264,SG_retrofit_2_Insul_current_TR_retrofit_2_BW_retrofit_3,26.0,359
2100,265,SG_retrofit_2_Insul_current_TR_retrofit_2_BW_retrofit_4,23.0,300
2100,265,SG_retrofit_2_Insul_current_TR_retrofit_2_BW_retrofit_4,24.0,327
2100,265,SG_retrofit_2_Insul_current_TR_retrofit_2_BW_retrofit_4,25.0,349
2100,265,SG_retrofit_2_Insul_current_TR_retrofit_2_BW_retrofit_4,26.0,359
2100,266,SG_retrofit_2_Insul_current_TR_retrofit_3_BW_current,23.0,301
2100,266,SG_retrofit_2_Insul_current_TR_retrofit_3_BW_current,24.0,324
2100,266,SG_retrofit_2_Insul_current_TR_retrofit_3_BW_current,25.0,343
2100,266,SG_retrofit_2_Insul_current_TR_retrofit_3_BW_current,26.0,358
2100,267,SG_retrofit_2_Insul_current_TR_retrofit_3_BW_retrofit_1,23.0,300
2100,267,SG_retrofit_2_Insul_current_TR_retrofit_3_BW_retrofit_1,24.0,326
2100,267,SG_retrofit_2_Insul_current_TR_retrofit_3_BW_retrofit_1,25.0,347
2100,267,SG_retrofit_2_Insul_current_TR_retrofit_3_BW_retrofit_1,26.0,359
2100,268,SG_retrofit_2_Insul_current_TR_retrofit_3_BW_retrofit_2,23.0,301
2100,268,SG_retrofit_2_Insul_current_TR_retrofit_3_BW_retrofit_2,24.0,327
2100,268,SG_retrofit_2_Insul_current_TR_retrofit_3_BW_retrofit_2,25.0,348
2100,268,SG_retrofit_2_Insul_current_TR_retrofit_3_BW_retrofit_2,26.0,359
2100,269,SG_retrofit_2_Insul_current_TR_retrofit_3_BW_retrofit_3,23.0,301
2100,269,SG_retrofit_2_Insul_current_TR_retrofit_3_BW_retrofit_3,24.0,329
2100,269,SG_retrofit_2_Insul_current_TR_retrofit_3_BW_retrofit_3,25.0,349
2100,269,SG_retrofit_2_Insul_current_TR_retrofit_3_BW_retrofit_3,26.0,359
2100,270,SG_retrofit_2_Insul_current_TR_retrofit_3_BW_retrofit_4,23.0,301
2100,270,SG_retrofit_2_Insul_current_TR_retrofit_3_BW_retrofit_4,24.0,328
2100,270,SG_retrofit_2_Insul_current_TR_retrofit_3_BW_retrofit_4,25.0,349
2100,270,SG_retrofit_2_Insul_current_TR_retrofit_3_BW_retrofit_4,26.0,359
2100,271,SG_retrofit_2_Insul_current_TR_retrofit_4_BW_current,23.0,301
2100,271,SG_retrofit_2_Insul_current_TR_retrofit_4_BW_current,24.0,324
2100,271,SG_retrofit_2_Insul_current_TR_retrofit_4_BW_current,25.0,343
2100,271,SG_retrofit_2_Insul_current_TR_retrofit_4_BW_current,26.0,358
2100,272,SG_retrofit_2_Insul_current_TR_retrofit_4_BW_retrofit_1,23.0,300
2100,272,SG_retrofit_2_Insul_current_TR_retrofit_4_BW_retrofit_1,24.0,326
2100,272,SG_retrofit_2_Insul_current_TR_retrofit_4_BW_retrofit_1,25.0,347
2100,272,SG_retrofit_2_Insul_current_TR_retrofit_4_BW_retrofit_1,26.0,359
2100,273,SG_retrofit_2_Insul_current_TR_retrofit_4_BW_retrofit_2,23.0,301
2100,273,SG_retrofit_2_Insul_current_TR_retrofit_4_BW_retrofit_2,24.0,327
2100,273,SG_retrofit_2_Insul_current_TR_retrofit_4_BW_retrofit_2,25.0,348
2100,273,SG_retrofit_2_Insul_current_TR_retrofit_4_BW_retrofit_2,26.0,359
2100,274,SG_retrofit_2_Insul_current_TR_retrofit_4_BW_retrofit_3,23.0,301
2100,274,SG_retrofit_2_Insul_current_TR_retrofit_4_BW_retrofit_3,24.0,329
2100,274,SG_retrofit_2_Insul_current_TR_retrofit_4_BW_retrofit_3,25.0,349
2100,274,SG_retrofit_2_Insul_current_TR_retrofit_4_BW_retrofit_3,26.0,359
2100,275,SG_retrofit_2_Insul_current_TR_retrofit_4_BW_retrofit_4,23.0,301
2100,275,SG_retrofit_2_Insul_current_TR_retrofit_4_BW_retrofit_4,24.0,327
2100,275,SG_retrofit_2_Insul_current_TR_retrofit_4_BW_retrofit_4,25.0,349
2100,275,SG_retrofit_2_Insul_current_TR_retrofit_4_BW_retrofit_4,26.0,359
2100,276,SG_retrofit_2_Insul_retrofit_1_TR_current_BW_current,23.0,256
2100,276,SG_retrofit_2_Insul_retrofit_1_TR_current_BW_current,24.0,286
2100,276,SG_retrofit_2_Insul_retrofit_1_TR_current_BW_current,25.0,312
2100,276,SG_retrofit_2_Insul_retrofit_1_TR_current_BW_current,26.0,330
2100,277,SG_retrofit_2_Insul_retrofit_1_TR_current_BW_retrofit_1,23.0,248
2100,277,SG_retrofit_2_Insul_retrofit_1_TR_current_BW_retrofit_1,24.0,277
2100,277,SG_retrofit_2_Insul_retrofit_1_TR_current_BW_retrofit_1,25.0,305
2100,277,SG_retrofit_2_Insul_retrofit_1_TR_current_BW_retrofit_1,26.0,323
2100,278,SG_retrofit_2_Insul_retrofit_1_TR_current_BW_retrofit_2,23.0,247
2100,278,SG_retrofit_2_Insul_retrofit_1_TR_current_BW_retrofit_2,24.0,275
2100,278,SG_retrofit_2_Insul_retrofit_1_TR_current_BW_retrofit_2,25.0,302
2100,278,SG_retrofit_2_Insul_retrofit_1_TR_current_BW_retrofit_2,26.0,323
2100,279,SG_retrofit_2_Insul_retrofit_1_TR_current_BW_retrofit_3,23.0,247
2100,279,SG_retrofit_2_Insul_retrofit_1_TR_current_BW_retrofit_3,24.0,274
2100,279,SG_retrofit_2_Insul_retrofit_1_TR_current_BW_retrofit_3,25.0,300
2100,279,SG_retrofit_2_Insul_retrofit_1_TR_current_BW_retrofit_3,26.0,322
2100,280,SG_retrofit_2_Insul_retrofit_1_TR_current_BW_retrofit_4,23.0,247
2100,280,SG_retrofit_2_Insul_retrofit_1_TR_current_BW_retrofit_4,24.0,274
2100,280,SG_retrofit_2_Insul_retrofit_1_TR_current_BW_retrofit_4,25.0,300
2100,280,SG_retrofit_2_Insul_retrofit_1_TR_current_BW_retrofit_4,26.0,322
2100,281,SG_retrofit_2_Insul_retrofit_1_TR_retrofit_1_BW_current,23.0,257
2100,281,SG_retrofit_2_Insul_retrofit_1_TR_retrofit_1_BW_current,24.0,286
2100,281,SG_retrofit_2_Insul_retrofit_1_TR_retrofit_1_BW_current,25.0,312
2100,281,SG_retrofit_2_Insul_retrofit_1_TR_retrofit_1_BW_current,26.0,332
2100,282,SG_retrofit_2_Insul_retrofit_1_TR_retrofit_1_BW_retrofit_1,23.0,250
2100,282,SG_retrofit_2_Insul_retrofit_1_TR_retrofit_1_BW_retrofit_1,24.0,279
2100,282,SG_retrofit_2_Insul_retrofit_1_TR_retrofit_1_BW_retrofit_1,25.0,306
2100,282,SG_retrofit_2_Insul_retrofit_1_TR_retrofit_1_BW_retrofit_1,26.0,324
2100,283,SG_retrofit_2_Insul_retrofit_1_TR_retrofit_1_BW_retrofit_2,23.0,248
2100,283,SG_retrofit_2_Insul_retrofit_1_TR_retrofit_1_BW_retrofit_2,24.0,278
2100,283,SG_retrofit_2_Insul_retrofit_1_TR_retrofit_1_BW_retrofit_2,25.0,306
2100,283,SG_retrofit_2_Insul_retrofit_1_TR_retrofit_1_BW_retrofit_2,26.0,323
2100,284,SG_retrofit_2_Insul_retrofit_1_TR_retrofit_1_BW_retrofit_3,23.0,248
2100,284,SG_retrofit_2_Insul_retrofit_1_TR_retrofit_1_BW_retrofit_3,24.0,276
2100,284,SG_retrofit_2_Insul_retrofit_1_TR_retrofit_1_BW_retrofit_3,25.0,305
2100,284,SG_retrofit_2_Insul_retrofit_1_TR_retrofit_1_BW_retrofit_3,26.0,323
2100,285,SG_retrofit_2_Insul_retrofit_1_TR_retrofit_1_BW_retrofit_4,23.0,248
2100,285,SG_retrofit_2_Insul_retrofit_1_TR_retrofit_1_BW_retrofit_4,24.0,276
2100,285,SG_retrofit_2_Insul_retrofit_1_TR_retrofit_1_BW_retrofit_4,25.0,304
2100,285,SG_retrofit_2_Insul_retrofit_1_TR_retrofit_1_BW_retrofit_4,26.0,323
2100,286,SG_retrofit_2_Insul_retrofit_1_TR_retrofit_2_BW_current,23.0,257
2100,286,SG_retrofit_2_Insul_retrofit_1_TR_retrofit_2_BW_current,24.0,286
2100,286,SG_retrofit_2_Insul_retrofit_1_TR_retrofit_2_BW_current,25.0,312
2100,286,SG_retrofit_2_Insul_retrofit_1_TR_retrofit_2_BW_current,26.0,332
2100,287,SG_retrofit_2_Insul_retrofit_1_TR_retrofit_2_BW_retrofit_1,23.0,250
2100,287,SG_retrofit_2_Insul_retrofit_1_TR_retrofit_2_BW_retrofit_1,24.0,279
2100,287,SG_retrofit_2_Insul_retrofit_1_TR_retrofit_2_BW_retrofit_1,25.0,306
2100,287,SG_retrofit_2_Insul_retrofit_1_TR_retrofit_2_BW_retrofit_1,26.0,324
2100,288,SG_retrofit_2_Insul_retrofit_1_TR_retrofit_2_BW_retrofit_2,23.0,248
2100,288,SG_retrofit_2_Insul_retrofit_1_TR_retrofit_2_BW_retrofit_2,24.0,278
2100,288,SG_retrofit_2_Insul_retrofit_1_TR_retrofit_2_BW_retrofit_2,25.0,306
2100,288,SG_retrofit_2_Insul_retrofit_1_TR_retrofit_2_BW_retrofit_2,26.0,323
2100,289,SG_retrofit_2_Insul_retrofit_1_TR_retrofit_2_BW_retrofit_3,23.0,248
2100,289,SG_retrofit_2_Insul_retrofit_1_TR_retrofit_2_BW_retrofit_3,24.0,276
2100,289,SG_retrofit_2_Insul_retrofit_1_TR_retrofit_2_BW_retrofit_3,25.0,304
2100,289,SG_retrofit_2_Insul_retrofit_1_TR_retrofit_2_BW_retrofit_3,26.0,323
2100,290,SG_retrofit_2_Insul_retrofit_1_TR_retrofit_2_BW_retrofit_4,23.0,248
2100,290,SG_retrofit_2_Insul_retrofit_1_TR_retrofit_2_BW_retrofit_4,24.0,276
2100,290,SG_retrofit_2_Insul_retrofit_1_TR_retrofit_2_BW_retrofit_4,25.0,304
2100,290,SG_retrofit_2_Insul_retrofit_1_TR_retrofit_2_BW_retrofit_4,26.0,323
2100,291,SG_retrofit_2_Insul_retrofit_1_TR_retrofit_3_BW_current,23.0,257
2100,291,SG_retrofit_2_Insul_retrofit_1_TR_retrofit_3_BW_current,24.0,286
2100,291,SG_retrofit_2_Insul_retrofit_1_TR_retrofit_3_BW_current,25.0,312
2100,291,SG_retrofit_2_Insul_retrofit_1_TR_retrofit_3_BW_current,26.0,332
2100,292,SG_retrofit_2_Insul_retrofit_1_TR_retrofit_3_BW_retrofit_1,23.0,250
2100,292,SG_retrofit_2_Insul_retrofit_1_TR_retrofit_3_BW_retrofit_1,24.0,279
2100,292,SG_retrofit_2_Insul_retrofit_1_TR_retrofit_3_BW_retrofit_1,25.0,306
2100,292,SG_retrofit_2_Insul_retrofit_1_TR_retrofit_3_BW_retrofit_1,26.0,324
2100,293,SG_retrofit_2_Insul_retrofit_1_TR_retrofit_3_BW_retrofit_2,23.0,248
2100,293,SG_retrofit_2_Insul_retrofit_1_TR_retrofit_3_BW_retrofit_2,24.0,278
2100,293,SG_retrofit_2_Insul_retrofit_1_TR_retrofit_3_BW_retrofit_2,25.0,306
2100,293,SG_retrofit_2_Insul_retrofit_1_TR_retrofit_3_BW_retrofit_2,26.0,323
2100,294,SG_retrofit_2_Insul_retrofit_1_TR_retrofit_3_BW_retrofit_3,23.0,248
2100,294,SG_retrofit_2_Insul_retrofit_1_TR_retrofit_3_BW_retrofit_3,24.0,276
2100,294,SG_retrofit_2_Insul_retrofit_1_TR_retrofit_3_BW_retrofit_3,25.0,305
2100,294,SG_retrofit_2_Insul_retrofit_1_TR_retrofit_3_BW_retrofit_3,26.0,323
2100,295,SG_retrofit_2_Insul_retrofit_1_TR_retrofit_3_BW_retrofit_4,23.0,248
2100,295,SG_retrofit_2_Insul_retrofit_1_TR_retrofit_3_BW_retrofit_4,24.0,276
2100,295,SG_retrofit_2_Insul_retrofit_1_TR_retrofit_3_BW_retrofit_4,25.0,304
2100,295,SG_retrofit_2_Insul_retrofit_1_TR_retrofit_3_BW_retrofit_4,26.0,323
2100,296,SG_retrofit_2_Insul_retrofit_1_TR_retrofit_4_BW_current,23.0,257
2100,296,SG_retrofit_2_Insul_retrofit_1_TR_retrofit_4_BW_current,24.0,286
2100,296,SG_retrofit_2_Insul_retrofit_1_TR_retrofit_4_BW_current,25.0,312
2100,296,SG_retrofit_2_Insul_retrofit_1_TR_retrofit_4_BW_current,26.0,332
2100,297,SG_retrofit_2_Insul_retrofit_1_TR_retrofit_4_BW_retrofit_1,23.0,250
2100,297,SG_retrofit_2_Insul_retrofit_1_TR_retrofit_4_BW_retrofit_1,24.0,279
2100,297,SG_retrofit_2_Insul_retrofit_1_TR_retrofit_4_BW_retrofit_1,25.0,306
2100,297,SG_retrofit_2_Insul_retrofit_1_TR_retrofit_4_BW_retrofit_1,26.0,324
2100,298,SG_retrofit_2_Insul_retrofit_1_TR_retrofit_4_BW_retrofit_2,23.0,248
2100,298,SG_retrofit_2_Insul_retrofit_1_TR_retrofit_4_BW_retrofit_2,24.0,278
2100,298,SG_retrofit_2_Insul_retrofit_1_TR_retrofit_4_BW_retrofit_2,25.0,306
2100,298,SG_retrofit_2_Insul_retrofit_1_TR_retrofit_4_BW_retrofit_2,26.0,323
2100,299,SG_retrofit_2_Insul_retrofit_1_TR_retrofit_4_BW_retrofit_3,23.0,248
2100,299,SG_retrofit_2_Insul_retrofit_1_TR_retrofit_4_BW_retrofit_3,24.0,276
2100,299,SG_retrofit_2_Insul_retrofit_1_TR_retrofit_4_BW_retrofit_3,25.0,305
2100,299,SG_retrofit_2_Insul_retrofit_1_TR_retrofit_4_BW_retrofit_3,26.0,323
2100,300,SG_retrofit_2_Insul_retrofit_1_TR_retrofit_4_BW_retrofit_4,23.0,248
2100,300,SG_retrofit_2_Insul_retrofit_1_TR_retrofit_4_BW_retrofit_4,24.0,276
2100,300,SG_retrofit_2_Insul_retrofit_1_TR_retrofit_4_BW_retrofit_4,25.0,304
2100,300,SG_retrofit_2_Insul_retrofit_1_TR_retrofit_4_BW_retrofit_4,26.0,323
2100,301,SG_retrofit_2_Insul_retrofit_2_TR_current_BW_current,23.0,255
2100,301,SG_retrofit_2_Insul_retrofit_2_TR_current_BW_current,24.0,285
2100,301,SG_retrofit_2_Insul_retrofit_2_TR_current_BW_current,25.0,310
2100,301,SG_retrofit_2_Insul_retrofit_2_TR_current_BW_current,26.0,330
2100,302,SG_retrofit_2_Insul_retrofit_2_TR_current_BW_retrofit_1,23.0,247
2100,302,SG_retrofit_2_Insul_retrofit_2_TR_current_BW_retrofit_1,24.0,274
2100,302,SG_retrofit_2_Insul_retrofit_2_TR_current_BW_retrofit_1,25.0,301
2100,302,SG_retrofit_2_Insul_retrofit_2_TR_current_BW_retrofit_1,26.0,322
2100,303,SG_retrofit_2_Insul_retrofit_2_TR_current_BW_retrofit_2,23.0,247
2100,303,SG_retrofit_2_Insul_retrofit_2_TR_current_BW_retrofit_2,24.0,271
2100,303,SG_retrofit_2_Insul_retrofit_2_TR_current_BW_retrofit_2,25.0,300
2100,303,SG_retrofit_2_Insul_retrofit_2_TR_current_BW_retrofit_2,26.0,322
2100,304,SG_retrofit_2_Insul_retrofit_2_TR_current_BW_retrofit_3,23.0,247
2100,304,SG_retrofit_2_Insul_retrofit_2_TR_current_BW_retrofit_3,24.0,270
2100,304,SG_retrofit_2_Insul_retrofit_2_TR_current_BW_retrofit_3,25.0,300
2100,304,SG_retrofit_2_Insul_retrofit_2_TR_current_BW_retrofit_3,26.0,322
2100,305,SG_retrofit_2_Insul_retrofit_2_TR_current_BW_retrofit_4,23.0,247
2100,305,SG_retrofit_2_Insul_retrofit_2_TR_current_BW_retrofit_4,24.0,270
2100,305,SG_retrofit_2_Insul_retrofit_2_TR_current_BW_retrofit_4,25.0,300
2100,305,SG_retrofit_2_Insul_retrofit_2_TR_current_BW_retrofit_4,26.0,322
2100,306,SG_retrofit_2_Insul_retrofit_2_TR_retrofit_1_BW_current,23.0,255
2100,306,SG_retrofit_2_Insul_retrofit_2_TR_retrofit_1_BW_current,24.0,286
2100,306,SG_retrofit_2_Insul_retrofit_2_TR_retrofit_1_BW_current,25.0,311
2100,306,SG_retrofit_2_Insul_retrofit_2_TR_retrofit_1_BW_current,26.0,331
2100,307,SG_retrofit_2_Insul_retrofit_2_TR_retrofit_1_BW_retrofit_1,23.0,247
2100,307,SG_retrofit_2_Insul_retrofit_2_TR_retrofit_1_BW_retrofit_1,24.0,276
2100,307,SG_retrofit_2_Insul_retrofit_2_TR_retrofit_1_BW_retrofit_1,25.0,305
2100,307,SG_retrofit_2_Insul_retrofit_2_TR_retrofit_1_BW_retrofit_1,26.0,322
2100,308,SG_retrofit_2_Insul_retrofit_2_TR_retrofit_1_BW_retrofit_2,23.0,247
2100,308,SG_retrofit_2_Insul_retrofit_2_TR_retrofit_1_BW_retrofit_2,24.0,275
2100,308,SG_retrofit_2_Insul_retrofit_2_TR_retrofit_1_BW_retrofit_2,25.0,301
2100,308,SG_retrofit_2_Insul_retrofit_2_TR_retrofit_1_BW_retrofit_2,26.0,322
2100,309,SG_retrofit_2_Insul_retrofit_2_TR_retrofit_1_BW_retrofit_3,23.0,246
2100,309,SG_retrofit_2_Insul_retrofit_2_TR_retrofit_1_BW_retrofit_3,24.0,274
2100,309,SG_retrofit_2_Insul_retrofit_2_TR_retrofit_1_BW_retrofit_3,25.0,300
2100,309,SG_retrofit_2_Insul_retrofit_2_TR_retrofit_1_BW_retrofit_3,26.0,322
2100,310,SG_retrofit_2_Insul_retrofit_2_TR_retrofit_1_BW_retrofit_4,23.0,246
2100,310,SG_retrofit_2_Insul_retrofit_2_TR_retrofit_1_BW_retrofit_4,24.0,274
2100,310,SG_retrofit_2_Insul_retrofit_2_TR_retrofit_1_BW_retrofit_4,25.0,300
2100,310,SG_retrofit_2_Insul_retrofit_2_TR_retrofit_1_BW_retrofit_4,26.0,322
2100,311,SG_retrofit_2_Insul_retrofit_2_TR_retrofit_2_BW_current,23.0,255
2100,311,SG_retrofit_2_Insul_retrofit_2_TR_retrofit_2_BW_current,24.0,285
2100,311,SG_retrofit_2_Insul_retrofit_2_TR_retrofit_2_BW_current,25.0,311
2100,311,SG_retrofit_2_Insul_retrofit_2_TR_retrofit_2_BW_current,26.0,331
2100,312,SG_retrofit_2_Insul_retrofit_2_TR_retrofit_2_BW_retrofit_1,23.0,247
2100,312,SG_retrofit_2_Insul_retrofit_2_TR_retrofit_2_BW_retrofit_1,24.0,276
2100,312,SG_retrofit_2_Insul_retrofit_2_TR_retrofit_2_BW_retrofit_1,25.0,303
2100,312,SG_retrofit_2_Insul_retrofit_2_TR_retrofit_2_BW_retrofit_1,26.0,322
2100,313,SG_retrofit_2_Insul_retrofit_2_TR_retrofit_2_BW_retrofit_2,23.0,247
2100,313,SG_retrofit_2_Insul_retrofit_2_TR_retrofit_2_BW_retrofit_2,24.0,274
2100,313,SG_retrofit_2_Insul_retrofit_2_TR_retrofit_2_BW_retrofit_2,25.0,301
2100,313,SG_retrofit_2_Insul_retrofit_2_TR_retrofit_2_BW_retrofit_2,26.0,322
2100,314,SG_retrofit_2_Insul_retrofit_2_TR_retrofit_2_BW_retrofit_3,23.0,246
2100,314,SG_retrofit_2_Insul_retrofit_2_TR_retrofit_2_BW_retrofit_3,24.0,273
2100,314,SG_retrofit_2_Insul_retrofit_2_TR_retrofit_2_BW_retrofit_3,25.0,300
2100,314,SG_retrofit_2_Insul_retrofit_2_TR_retrofit_2_BW_retrofit_3,26.0,322
2100,315,SG_retrofit_2_Insul_retrofit_2_TR_retrofit_2_BW_retrofit_4,23.0,246
2100,315,SG_retrofit_2_Insul_retrofit_2_TR_retrofit_2_BW_retrofit_4,24.0,273
2100,315,SG_retrofit_2_Insul_retrofit_2_TR_retrofit_2_BW_retrofit_4,25.0,300
2100,315,SG_retrofit_2_Insul_retrofit_2_TR_retrofit_2_BW_retrofit_4,26.0,322
2100,316,SG_retrofit_2_Insul_retrofit_2_TR_retrofit_3_BW_current,23.0,255
2100,316,SG_retrofit_2_Insul_retrofit_2_TR_retrofit_3_BW_current,24.0,285
2100,316,SG_retrofit_2_Insul_retrofit_2_TR_retrofit_3_BW_current,25.0,311
2100,316,SG_retrofit_2_Insul_retrofit_2_TR_retrofit_3_BW_current,26.0,332
2100,317,SG_retrofit_2_Insul_retrofit_2_TR_retrofit_3_BW_retrofit_1,23.0,247
2100,317,SG_retrofit_2_Insul_retrofit_2_TR_retrofit_3_BW_retrofit_1,24.0,277
2100,317,SG_retrofit_2_Insul_retrofit_2_TR_retrofit_3_BW_retrofit_1,25.0,303
2100,317,SG_retrofit_2_Insul_retrofit_2_TR_retrofit_3_BW_retrofit_1,26.0,322
2100,318,SG_retrofit_2_Insul_retrofit_2_TR_retrofit_3_BW_retrofit_2,23.0,247
2100,318,SG_retrofit_2_Insul_retrofit_2_TR_retrofit_3_BW_retrofit_2,24.0,275
2100,318,SG_retrofit_2_Insul_retrofit_2_TR_retrofit_3_BW_retrofit_2,25.0,300
2100,318,SG_retrofit_2_Insul_retrofit_2_TR_retrofit_3_BW_retrofit_2,26.0,322
2100,319,SG_retrofit_2_Insul_retrofit_2_TR_retrofit_3_BW_retrofit_3,23.0,246
2100,319,SG_retrofit_2_Insul_retrofit_2_TR_retrofit_3_BW_retrofit_3,24.0,274
2100,319,SG_retrofit_2_Insul_retrofit_2_TR_retrofit_3_BW_retrofit_3,25.0,300
2100,319,SG_retrofit_2_Insul_retrofit_2_TR_retrofit_3_BW_retrofit_3,26.0,322
2100,320,SG_retrofit_2_Insul_retrofit_2_TR_retrofit_3_BW_retrofit_4,23.0,246
2100,320,SG_retrofit_2_Insul_retrofit_2_TR_retrofit_3_BW_retrofit_4,24.0,273
2100,320,SG_retrofit_2_Insul_retrofit_2_TR_retrofit_3_BW_retrofit_4,25.0,300
2100,320,SG_retrofit_2_Insul_retrofit_2_TR_retrofit_3_BW_retrofit_4,26.0,322
2100,321,SG_retrofit_2_Insul_retrofit_2_TR_retrofit_4_BW_current,23.0,255
2100,321,SG_retrofit_2_Insul_retrofit_2_TR_retrofit_4_BW_current,24.0,285
2100,321,SG_retrofit_2_Insul_retrofit_2_TR_retrofit_4_BW_current,25.0,311
2100,321,SG_retrofit_2_Insul_retrofit_2_TR_retrofit_4_BW_current,26.0,332
2100,322,SG_retrofit_2_Insul_retrofit_2_TR_retrofit_4_BW_retrofit_1,23.0,247
2100,322,SG_retrofit_2_Insul_retrofit_2_TR_retrofit_4_BW_retrofit_1,24.0,277
2100,322,SG_retrofit_2_Insul_retrofit_2_TR_retrofit_4_BW_retrofit_1,25.0,303
2100,322,SG_retrofit_2_Insul_retrofit_2_TR_retrofit_4_BW_retrofit_1,26.0,322
2100,323,SG_retrofit_2_Insul_retrofit_2_TR_retrofit_4_BW_retrofit_2,23.0,247
2100,323,SG_retrofit_2_Insul_retrofit_2_TR_retrofit_4_BW_retrofit_2,24.0,274
2100,323,SG_retrofit_2_Insul_retrofit_2_TR_retrofit_4_BW_retrofit_2,25.0,300
2100,323,SG_retrofit_2_Insul_retrofit_2_TR_retrofit_4_BW_retrofit_2,26.0,322
2100,324,SG_retrofit_2_Insul_retrofit_2_TR_retrofit_4_BW_retrofit_3,23.0,246
2100,324,SG_retrofit_2_Insul_retrofit_2_TR_retrofit_4_BW_retrofit_3,24.0,274
2100,324,SG_retrofit_2_Insul_retrofit_2_TR_retrofit_4_BW_retrofit_3,25.0,300
2100,324,SG_retrofit_2_Insul_retrofit_2_TR_retrofit_4_BW_retrofit_3,26.0,322
2100,325,SG_retrofit_2_Insul_retrofit_2_TR_retrofit_4_BW_retrofit_4,23.0,246
2100,325,SG_retrofit_2_Insul_retrofit_2_TR_retrofit_4_BW_retrofit_4,24.0,274
2100,325,SG_retrofit_2_Insul_retrofit_2_TR_retrofit_4_BW_retrofit_4,25.0,300
2100,325,SG_retrofit_2_Insul_retrofit_2_TR_retrofit_4_BW_retrofit_4,26.0,322
2100,326,SG_retrofit_2_Insul_retrofit_3_TR_current_BW_current,23.0,255
2100,326,SG_retrofit_2_Insul_retrofit_3_TR_current_BW_current,24.0,285
2100,326,SG_retrofit_2_Insul_retrofit_3_TR_current_BW_current,25.0,310
2100,326,SG_retrofit_2_Insul_retrofit_3_TR_current_BW_current,26.0,329
2100,327,SG_retrofit_2_Insul_retrofit_3_TR_current_BW_retrofit_1,23.0,247
2100,327,SG_retrofit_2_Insul_retrofit_3_TR_current_BW_retrofit_1,24.0,271
2100,327,SG_retrofit_2_Insul_retrofit_3_TR_current_BW_retrofit_1,25.0,300
2100,327,SG_retrofit_2_Insul_retrofit_3_TR_current_BW_retrofit_1,26.0,322
2100,328,SG_retrofit_2_Insul_retrofit_3_TR_current_BW_retrofit_2,23.0,247
2100,328,SG_retrofit_2_Insul_retrofit_3_TR_current_BW_retrofit_2,24.0,270
2100,328,SG_retrofit_2_Insul_retrofit_3_TR_current_BW_retrofit_2,25.0,300
2100,328,SG_retrofit_2_Insul_retrofit_3_TR_current_BW_retrofit_2,26.0,322
2100,329,SG_retrofit_2_Insul_retrofit_3_TR_current_BW_retrofit_3,23.0,246
2100,329,SG_retrofit_2_Insul_retrofit_3_TR_current_BW_retrofit_3,24.0,269
2100,329,SG_retrofit_2_Insul_retrofit_3_TR_current_BW_retrofit_3,25.0,300
2100,329,SG_retrofit_2_Insul_retrofit_3_TR_current_BW_retrofit_3,26.0,321
2100,330,SG_retrofit_2_Insul_retrofit_3_TR_current_BW_retrofit_4,23.0,246
2100,330,SG_retrofit_2_Insul_retrofit_3_TR_current_BW_retrofit_4,24.0,269
2100,330,SG_retrofit_2_Insul_retrofit_3_TR_current_BW_retrofit_4,25.0,299
2100,330,SG_retrofit_2_Insul_retrofit_3_TR_current_BW_retrofit_4,26.0,320
2100,331,SG_retrofit_2_Insul_retrofit_3_TR_retrofit_1_BW_current,23.0,255
2100,331,SG_retrofit_2_Insul_retrofit_3_TR_retrofit_1_BW_current,24.0,285
2100,331,SG_retrofit_2_Insul_retrofit_3_TR_retrofit_1_BW_current,25.0,311
2100,331,SG_retrofit_2_Insul_retrofit_3_TR_retrofit_1_BW_current,26.0,330
2100,332,SG_retrofit_2_Insul_retrofit_3_TR_retrofit_1_BW_retrofit_1,23.0,247
2100,332,SG_retrofit_2_Insul_retrofit_3_TR_retrofit_1_BW_retrofit_1,24.0,275
2100,332,SG_retrofit_2_Insul_retrofit_3_TR_retrofit_1_BW_retrofit_1,25.0,301
2100,332,SG_retrofit_2_Insul_retrofit_3_TR_retrofit_1_BW_retrofit_1,26.0,322
2100,333,SG_retrofit_2_Insul_retrofit_3_TR_retrofit_1_BW_retrofit_2,23.0,247
2100,333,SG_retrofit_2_Insul_retrofit_3_TR_retrofit_1_BW_retrofit_2,24.0,273
2100,333,SG_retrofit_2_Insul_retrofit_3_TR_retrofit_1_BW_retrofit_2,25.0,300
2100,333,SG_retrofit_2_Insul_retrofit_3_TR_retrofit_1_BW_retrofit_2,26.0,322
2100,334,SG_retrofit_2_Insul_retrofit_3_TR_retrofit_1_BW_retrofit_3,23.0,246
2100,334,SG_retrofit_2_Insul_retrofit_3_TR_retrofit_1_BW_retrofit_3,24.0,272
2100,334,SG_retrofit_2_Insul_retrofit_3_TR_retrofit_1_BW_retrofit_3,25.0,300
2100,334,SG_retrofit_2_Insul_retrofit_3_TR_retrofit_1_BW_retrofit_3,26.0,321
2100,335,SG_retrofit_2_Insul_retrofit_3_TR_retrofit_1_BW_retrofit_4,23.0,246
2100,335,SG_retrofit_2_Insul_retrofit_3_TR_retrofit_1_BW_retrofit_4,24.0,271
2100,335,SG_retrofit_2_Insul_retrofit_3_TR_retrofit_1_BW_retrofit_4,25.0,300
2100,335,SG_retrofit_2_Insul_retrofit_3_TR_retrofit_1_BW_retrofit_4,26.0,321
2100,336,SG_retrofit_2_Insul_retrofit_3_TR_retrofit_2_BW_current,23.0,255
2100,336,SG_retrofit_2_Insul_retrofit_3_TR_retrofit_2_BW_current,24.0,285
2100,336,SG_retrofit_2_Insul_retrofit_3_TR_retrofit_2_BW_current,25.0,311
2100,336,SG_retrofit_2_Insul_retrofit_3_TR_retrofit_2_BW_current,26.0,330
2100,337,SG_retrofit_2_Insul_retrofit_3_TR_retrofit_2_BW_retrofit_1,23.0,247
2100,337,SG_retrofit_2_Insul_retrofit_3_TR_retrofit_2_BW_retrofit_1,24.0,274
2100,337,SG_retrofit_2_Insul_retrofit_3_TR_retrofit_2_BW_retrofit_1,25.0,301
2100,337,SG_retrofit_2_Insul_retrofit_3_TR_retrofit_2_BW_retrofit_1,26.0,322
2100,338,SG_retrofit_2_Insul_retrofit_3_TR_retrofit_2_BW_retrofit_2,23.0,247
2100,338,SG_retrofit_2_Insul_retrofit_3_TR_retrofit_2_BW_retrofit_2,24.0,273
2100,338,SG_retrofit_2_Insul_retrofit_3_TR_retrofit_2_BW_retrofit_2,25.0,300
2100,338,SG_retrofit_2_Insul_retrofit_3_TR_retrofit_2_BW_retrofit_2,26.0,322
2100,339,SG_retrofit_2_Insul_retrofit_3_TR_retrofit_2_BW_retrofit_3,23.0,246
2100,339,SG_retrofit_2_Insul_retrofit_3_TR_retrofit_2_BW_retrofit_3,24.0,271
2100,339,SG_retrofit_2_Insul_retrofit_3_TR_retrofit_2_BW_retrofit_3,25.0,300
2100,339,SG_retrofit_2_Insul_retrofit_3_TR_retrofit_2_BW_retrofit_3,26.0,322
2100,340,SG_retrofit_2_Insul_retrofit_3_TR_retrofit_2_BW_retrofit_4,23.0,246
2100,340,SG_retrofit_2_Insul_retrofit_3_TR_retrofit_2_BW_retrofit_4,24.0,270
2100,340,SG_retrofit_2_Insul_retrofit_3_TR_retrofit_2_BW_retrofit_4,25.0,300
2100,340,SG_retrofit_2_Insul_retrofit_3_TR_retrofit_2_BW_retrofit_4,26.0,321
2100,341,SG_retrofit_2_Insul_retrofit_3_TR_retrofit_3_BW_current,23.0,255
2100,341,SG_retrofit_2_Insul_retrofit_3_TR_retrofit_3_BW_current,24.0,285
2100,341,SG_retrofit_2_Insul_retrofit_3_TR_retrofit_3_BW_current,25.0,311
2100,341,SG_retrofit_2_Insul_retrofit_3_TR_retrofit_3_BW_current,26.0,330
2100,342,SG_retrofit_2_Insul_retrofit_3_TR_retrofit_3_BW_retrofit_1,23.0,247
2100,342,SG_retrofit_2_Insul_retrofit_3_TR_retrofit_3_BW_retrofit_1,24.0,274
2100,342,SG_retrofit_2_Insul_retrofit_3_TR_retrofit_3_BW_retrofit_1,25.0,301
2100,342,SG_retrofit_2_Insul_retrofit_3_TR_retrofit_3_BW_retrofit_1,26.0,322
2100,343,SG_retrofit_2_Insul_retrofit_3_TR_retrofit_3_BW_retrofit_2,23.0,247
2100,343,SG_retrofit_2_Insul_retrofit_3_TR_retrofit_3_BW_retrofit_2,24.0,273
2100,343,SG_retrofit_2_Insul_retrofit_3_TR_retrofit_3_BW_retrofit_2,25.0,300
2100,343,SG_retrofit_2_Insul_retrofit_3_TR_retrofit_3_BW_retrofit_2,26.0,322
2100,344,SG_retrofit_2_Insul_retrofit_3_TR_retrofit_3_BW_retrofit_3,23.0,246
2100,344,SG_retrofit_2_Insul_retrofit_3_TR_retrofit_3_BW_retrofit_3,24.0,271
2100,344,SG_retrofit_2_Insul_retrofit_3_TR_retrofit_3_BW_retrofit_3,25.0,300
2100,344,SG_retrofit_2_Insul_retrofit_3_TR_retrofit_3_BW_retrofit_3,26.0,322
2100,345,SG_retrofit_2_Insul_retrofit_3_TR_retrofit_3_BW_retrofit_4,23.0,246
2100,345,SG_retrofit_2_Insul_retrofit_3_TR_retrofit_3_BW_retrofit_4,24.0,270
2100,345,SG_retrofit_2_Insul_retrofit_3_TR_retrofit_3_BW_retrofit_4,25.0,300
2100,345,SG_retrofit_2_Insul_retrofit_3_TR_retrofit_3_BW_retrofit_4,26.0,321
2100,346,SG_retrofit_2_Insul_retrofit_3_TR_retrofit_4_BW_current,23.0,255
2100,346,SG_retrofit_2_Insul_retrofit_3_TR_retrofit_4_BW_current,24.0,285
2100,346,SG_retrofit_2_Insul_retrofit_3_TR_retrofit_4_BW_current,25.0,311
2100,346,SG_retrofit_2_Insul_retrofit_3_TR_retrofit_4_BW_current,26.0,330
2100,347,SG_retrofit_2_Insul_retrofit_3_TR_retrofit_4_BW_retrofit_1,23.0,247
2100,347,SG_retrofit_2_Insul_retrofit_3_TR_retrofit_4_BW_retrofit_1,24.0,274
2100,347,SG_retrofit_2_Insul_retrofit_3_TR_retrofit_4_BW_retrofit_1,25.0,301
2100,347,SG_retrofit_2_Insul_retrofit_3_TR_retrofit_4_BW_retrofit_1,26.0,322
2100,348,SG_retrofit_2_Insul_retrofit_3_TR_retrofit_4_BW_retrofit_2,23.0,247
2100,348,SG_retrofit_2_Insul_retrofit_3_TR_retrofit_4_BW_retrofit_2,24.0,273
2100,348,SG_retrofit_2_Insul_retrofit_3_TR_retrofit_4_BW_retrofit_2,25.0,300
2100,348,SG_retrofit_2_Insul_retrofit_3_TR_retrofit_4_BW_retrofit_2,26.0,322
2100,349,SG_retrofit_2_Insul_retrofit_3_TR_retrofit_4_BW_retrofit_3,23.0,246
2100,349,SG_retrofit_2_Insul_retrofit_3_TR_retrofit_4_BW_retrofit_3,24.0,271
2100,349,SG_retrofit_2_Insul_retrofit_3_TR_retrofit_4_BW_retrofit_3,25.0,300
2100,349,SG_retrofit_2_Insul_retrofit_3_TR_retrofit_4_BW_retrofit_3,26.0,322
2100,350,SG_retrofit_2_Insul_retrofit_3_TR_retrofit_4_BW_retrofit_4,23.0,246
2100,350,SG_retrofit_2_Insul_retrofit_3_TR_retrofit_4_BW_retrofit_4,24.0,270
2100,350,SG_retrofit_2_Insul_retrofit_3_TR_retrofit_4_BW_retrofit_4,25.0,300
2100,350,SG_retrofit_2_Insul_retrofit_3_TR_retrofit_4_BW_retrofit_4,26.0,321
2100,351,SG_retrofit_2_Insul_retrofit_4_TR_current_BW_current,23.0,255
2100,351,SG_retrofit_2_Insul_retrofit_4_TR_current_BW_current,24.0,285
2100,351,SG_retrofit_2_Insul_retrofit_4_TR_current_BW_current,25.0,310
2100,351,SG_retrofit_2_Insul_retrofit_4_TR_current_BW_current,26.0,329
2100,352,SG_retrofit_2_Insul_retrofit_4_TR_current_BW_retrofit_1,23.0,247
2100,352,SG_retrofit_2_Insul_retrofit_4_TR_current_BW_retrofit_1,24.0,271
2100,352,SG_retrofit_2_Insul_retrofit_4_TR_current_BW_retrofit_1,25.0,300
2100,352,SG_retrofit_2_Insul_retrofit_4_TR_current_BW_retrofit_1,26.0,322
2100,353,SG_retrofit_2_Insul_retrofit_4_TR_current_BW_retrofit_2,23.0,247
2100,353,SG_retrofit_2_Insul_retrofit_4_TR_current_BW_retrofit_2,24.0,270
2100,353,SG_retrofit_2_Insul_retrofit_4_TR_current_BW_retrofit_2,25.0,300
2100,353,SG_retrofit_2_Insul_retrofit_4_TR_current_BW_retrofit_2,26.0,322
2100,354,SG_retrofit_2_Insul_retrofit_4_TR_current_BW_retrofit_3,23.0,246
2100,354,SG_retrofit_2_Insul_retrofit_4_TR_current_BW_retrofit_3,24.0,269
2100,354,SG_retrofit_2_Insul_retrofit_4_TR_current_BW_retrofit_3,25.0,300
2100,354,SG_retrofit_2_Insul_retrofit_4_TR_current_BW_retrofit_3,26.0,320
2100,355,SG_retrofit_2_Insul_retrofit_4_TR_current_BW_retrofit_4,23.0,246
2100,355,SG_retrofit_2_Insul_retrofit_4_TR_current_BW_retrofit_4,24.0,268
2100,355,SG_retrofit_2_Insul_retrofit_4_TR_current_BW_retrofit_4,25.0,299
2100,355,SG_retrofit_2_Insul_retrofit_4_TR_current_BW_retrofit_4,26.0,320
2100,356,SG_retrofit_2_Insul_retrofit_4_TR_retrofit_1_BW_current,23.0,255
2100,356,SG_retrofit_2_Insul_retrofit_4_TR_retrofit_1_BW_current,24.0,285
2100,356,SG_retrofit_2_Insul_retrofit_4_TR_retrofit_1_BW_current,25.0,311
2100,356,SG_retrofit_2_Insul_retrofit_4_TR_retrofit_1_BW_current,26.0,330
2100,357,SG_retrofit_2_Insul_retrofit_4_TR_retrofit_1_BW_retrofit_1,23.0,247
2100,357,SG_retrofit_2_Insul_retrofit_4_TR_retrofit_1_BW_retrofit_1,24.0,274
2100,357,SG_retrofit_2_Insul_retrofit_4_TR_retrofit_1_BW_retrofit_1,25.0,301
2100,357,SG_retrofit_2_Insul_retrofit_4_TR_retrofit_1_BW_retrofit_1,26.0,322
2100,358,SG_retrofit_2_Insul_retrofit_4_TR_retrofit_1_BW_retrofit_2,23.0,247
2100,358,SG_retrofit_2_Insul_retrofit_4_TR_retrofit_1_BW_retrofit_2,24.0,273
2100,358,SG_retrofit_2_Insul_retrofit_4_TR_retrofit_1_BW_retrofit_2,25.0,300
2100,358,SG_retrofit_2_Insul_retrofit_4_TR_retrofit_1_BW_retrofit_2,26.0,322
2100,359,SG_retrofit_2_Insul_retrofit_4_TR_retrofit_1_BW_retrofit_3,23.0,246
2100,359,SG_retrofit_2_Insul_retrofit_4_TR_retrofit_1_BW_retrofit_3,24.0,272
2100,359,SG_retrofit_2_Insul_retrofit_4_TR_retrofit_1_BW_retrofit_3,25.0,300
2100,359,SG_retrofit_2_Insul_retrofit_4_TR_retrofit_1_BW_retrofit_3,26.0,321
2100,360,SG_retrofit_2_Insul_retrofit_4_TR_retrofit_1_BW_retrofit_4,23.0,246
2100,360,SG_retrofit_2_Insul_retrofit_4_TR_retrofit_1_BW_retrofit_4,24.0,270
2100,360,SG_retrofit_2_Insul_retrofit_4_TR_retrofit_1_BW_retrofit_4,25.0,300
2100,360,SG_retrofit_2_Insul_retrofit_4_TR_retrofit_1_BW_retrofit_4,26.0,321
2100,361,SG_retrofit_2_Insul_retrofit_4_TR_retrofit_2_BW_current,23.0,255
2100,361,SG_retrofit_2_Insul_retrofit_4_TR_retrofit_2_BW_current,24.0,285
2100,361,SG_retrofit_2_Insul_retrofit_4_TR_retrofit_2_BW_current,25.0,311
2100,361,SG_retrofit_2_Insul_retrofit_4_TR_retrofit_2_BW_current,26.0,330
2100,362,SG_retrofit_2_Insul_retrofit_4_TR_retrofit_2_BW_retrofit_1,23.0,247
2100,362,SG_retrofit_2_Insul_retrofit_4_TR_retrofit_2_BW_retrofit_1,24.0,274
2100,362,SG_retrofit_2_Insul_retrofit_4_TR_retrofit_2_BW_retrofit_1,25.0,301
2100,362,SG_retrofit_2_Insul_retrofit_4_TR_retrofit_2_BW_retrofit_1,26.0,322
2100,363,SG_retrofit_2_Insul_retrofit_4_TR_retrofit_2_BW_retrofit_2,23.0,247
2100,363,SG_retrofit_2_Insul_retrofit_4_TR_retrofit_2_BW_retrofit_2,24.0,273
2100,363,SG_retrofit_2_Insul_retrofit_4_TR_retrofit_2_BW_retrofit_2,25.0,300
2100,363,SG_retrofit_2_Insul_retrofit_4_TR_retrofit_2_BW_retrofit_2,26.0,322
2100,364,SG_retrofit_2_Insul_retrofit_4_TR_retrofit_2_BW_retrofit_3,23.0,246
2100,364,SG_retrofit_2_Insul_retrofit_4_TR_retrofit_2_BW_retrofit_3,24.0,270
2100,364,SG_retrofit_2_Insul_retrofit_4_TR_retrofit_2_BW_retrofit_3,25.0,300
2100,364,SG_retrofit_2_Insul_retrofit_4_TR_retrofit_2_BW_retrofit_3,26.0,321
2100,365,SG_retrofit_2_Insul_retrofit_4_TR_retrofit_2_BW_retrofit_4,23.0,246
2100,365,SG_retrofit_2_Insul_retrofit_4_TR_retrofit_2_BW_retrofit_4,24.0,269
2100,365,SG_retrofit_2_Insul_retrofit_4_TR_retrofit_2_BW_retrofit_4,25.0,300
2100,365,SG_retrofit_2_Insul_retrofit_4_TR_retrofit_2_BW_retrofit_4,26.0,321
2100,366,SG_retrofit_2_Insul_retrofit_4_TR_retrofit_3_BW_current,23.0,255
2100,366,SG_retrofit_2_Insul_retrofit_4_TR_retrofit_3_BW_current,24.0,285
2100,366,SG_retrofit_2_Insul_retrofit_4_TR_retrofit_3_BW_current,25.0,311
2100,366,SG_retrofit_2_Insul_retrofit_4_TR_retrofit_3_BW_current,26.0,331
2100,367,SG_retrofit_2_Insul_retrofit_4_TR_retrofit_3_BW_retrofit_1,23.0,247
2100,367,SG_retrofit_2_Insul_retrofit_4_TR_retrofit_3_BW_retrofit_1,24.0,274
2100,367,SG_retrofit_2_Insul_retrofit_4_TR_retrofit_3_BW_retrofit_1,25.0,301
2100,367,SG_retrofit_2_Insul_retrofit_4_TR_retrofit_3_BW_retrofit_1,26.0,322
2100,368,SG_retrofit_2_Insul_retrofit_4_TR_retrofit_3_BW_retrofit_2,23.0,247
2100,368,SG_retrofit_2_Insul_retrofit_4_TR_retrofit_3_BW_retrofit_2,24.0,274
2100,368,SG_retrofit_2_Insul_retrofit_4_TR_retrofit_3_BW_retrofit_2,25.0,300
2100,368,SG_retrofit_2_Insul_retrofit_4_TR_retrofit_3_BW_retrofit_2,26.0,322
2100,369,SG_retrofit_2_Insul_retrofit_4_TR_retrofit_3_BW_retrofit_3,23.0,246
2100,369,SG_retrofit_2_Insul_retrofit_4_TR_retrofit_3_BW_retrofit_3,24.0,270
2100,369,SG_retrofit_2_Insul_retrofit_4_TR_retrofit_3_BW_retrofit_3,25.0,300
2100,369,SG_retrofit_2_Insul_retrofit_4_TR_retrofit_3_BW_retrofit_3,26.0,321
2100,370,SG_retrofit_2_Insul_retrofit_4_TR_retrofit_3_BW_retrofit_4,23.0,246
2100,370,SG_retrofit_2_Insul_retrofit_4_TR_retrofit_3_BW_retrofit_4,24.0,269
2100,370,SG_retrofit_2_Insul_retrofit_4_TR_retrofit_3_BW_retrofit_4,25.0,300
2100,370,SG_retrofit_2_Insul_retrofit_4_TR_retrofit_3_BW_retrofit_4,26.0,321
2100,371,SG_retrofit_2_Insul_retrofit_4_TR_retrofit_4_BW_current,23.0,255
2100,371,SG_retrofit_2_Insul_retrofit_4_TR_retrofit_4_BW_current,24.0,285
2100,371,SG_retrofit_2_Insul_retrofit_4_TR_retrofit_4_BW_current,25.0,311
2100,371,SG_retrofit_2_Insul_retrofit_4_TR_retrofit_4_BW_current,26.0,331
2100,372,SG_retrofit_2_Insul_retrofit_4_TR_retrofit_4_BW_retrofit_1,23.0,247
2100,372,SG_retrofit_2_Insul_retrofit_4_TR_retrofit_4_BW_retrofit_1,24.0,274
2100,372,SG_retrofit_2_Insul_retrofit_4_TR_retrofit_4_BW_retrofit_1,25.0,301
2100,372,SG_retrofit_2_Insul_retrofit_4_TR_retrofit_4_BW_retrofit_1,26.0,322
2100,373,SG_retrofit_2_Insul_retrofit_4_TR_retrofit_4_BW_retrofit_2,23.0,247
2100,373,SG_retrofit_2_Insul_retrofit_4_TR_retrofit_4_BW_retrofit_2,24.0,274
2100,373,SG_retrofit_2_Insul_retrofit_4_TR_retrofit_4_BW_retrofit_2,25.0,300
2100,373,SG_retrofit_2_Insul_retrofit_4_TR_retrofit_4_BW_retrofit_2,26.0,322
2100,374,SG_retrofit_2_Insul_retrofit_4_TR_retrofit_4_BW_retrofit_3,23.0,246
2100,374,SG_retrofit_2_Insul_retrofit_4_TR_retrofit_4_BW_retrofit_3,24.0,270
2100,374,SG_retrofit_2_Insul_retrofit_4_TR_retrofit_4_BW_retrofit_3,25.0,300
2100,374,SG_retrofit_2_Insul_retrofit_4_TR_retrofit_4_BW_retrofit_3,26.0,321
2100,375,SG_retrofit_2_Insul_retrofit_4_TR_retrofit_4_BW_retrofit_4,23.0,246
2100,375,SG_retrofit_2_Insul_retrofit_4_TR_retrofit_4_BW_retrofit_4,24.0,269
2100,375,SG_retrofit_2_Insul_retrofit_4_TR_retrofit_4_BW_retrofit_4,25.0,300
2100,375,SG_retrofit_2_Insul_retrofit_4_TR_retrofit_4_BW_retrofit_4,26.0,321
2100,376,SG_retrofit_3_Insul_current_TR_current_BW_current,23.0,300
2100,376,SG_retrofit_3_Insul_current_TR_current_BW_current,24.0,323
2100,376,SG_retrofit_3_Insul_current_TR_current_BW_current,25.0,343
2100,376,SG_retrofit_3_Insul_current_TR_current_BW_current,26.0,358
2100,377,SG_retrofit_3_Insul_current_TR_current_BW_retrofit_1,23.0,299
2100,377,SG_retrofit_3_Insul_current_TR_current_BW_retrofit_1,24.0,323
2100,377,SG_retrofit_3_Insul_current_TR_current_BW_retrofit_1,25.0,346
2100,377,SG_retrofit_3_Insul_current_TR_current_BW_retrofit_1,26.0,358
2100,378,SG_retrofit_3_Insul_current_TR_current_BW_retrofit_2,23.0,299
2100,378,SG_retrofit_3_Insul_current_TR_current_BW_retrofit_2,24.0,323
2100,378,SG_retrofit_3_Insul_current_TR_current_BW_retrofit_2,25.0,345
2100,378,SG_retrofit_3_Insul_current_TR_current_BW_retrofit_2,26.0,358
2100,379,SG_retrofit_3_Insul_current_TR_current_BW_retrofit_3,23.0,300
2100,379,SG_retrofit_3_Insul_current_TR_current_BW_retrofit_3,24.0,325
2100,379,SG_retrofit_3_Insul_current_TR_current_BW_retrofit_3,25.0,347
2100,379,SG_retrofit_3_Insul_current_TR_current_BW_retrofit_3,26.0,358
2100,380,SG_retrofit_3_Insul_current_TR_current_BW_retrofit_4,23.0,300
2100,380,SG_retrofit_3_Insul_current_TR_current_BW_retrofit_4,24.0,325
2100,380,SG_retrofit_3_Insul_current_TR_current_BW_retrofit_4,25.0,347
2100,380,SG_retrofit_3_Insul_current_TR_current_BW_retrofit_4,26.0,359
2100,381,SG_retrofit_3_Insul_current_TR_retrofit_1_BW_current,23.0,301
2100,381,SG_retrofit_3_Insul_current_TR_retrofit_1_BW_current,24.0,324
2100,381,SG_retrofit_3_Insul_current_TR_retrofit_1_BW_current,25.0,343
2100,381,SG_retrofit_3_Insul_current_TR_retrofit_1_BW_current,26.0,358
2100,382,SG_retrofit_3_Insul_current_TR_retrofit_1_BW_retrofit_1,23.0,300
2100,382,SG_retrofit_3_Insul_current_TR_retrofit_1_BW_retrofit_1,24.0,326
2100,382,SG_retrofit_3_Insul_current_TR_retrofit_1_BW_retrofit_1,25.0,347
2100,382,SG_retrofit_3_Insul_current_TR_retrofit_1_BW_retrofit_1,26.0,358
2100,383,SG_retrofit_3_Insul_current_TR_retrofit_1_BW_retrofit_2,23.0,300
2100,383,SG_retrofit_3_Insul_current_TR_retrofit_1_BW_retrofit_2,24.0,326
2100,383,SG_retrofit_3_Insul_current_TR_retrofit_1_BW_retrofit_2,25.0,348
2100,383,SG_retrofit_3_Insul_current_TR_retrofit_1_BW_retrofit_2,26.0,359
2100,384,SG_retrofit_3_Insul_current_TR_retrofit_1_BW_retrofit_3,23.0,300
2100,384,SG_retrofit_3_Insul_current_TR_retrofit_1_BW_retrofit_3,24.0,327
2100,384,SG_retrofit_3_Insul_current_TR_retrofit_1_BW_retrofit_3,25.0,349
2100,384,SG_retrofit_3_Insul_current_TR_retrofit_1_BW_retrofit_3,26.0,359
2100,385,SG_retrofit_3_Insul_current_TR_retrofit_1_BW_retrofit_4,23.0,300
2100,385,SG_retrofit_3_Insul_current_TR_retrofit_1_BW_retrofit_4,24.0,327
2100,385,SG_retrofit_3_Insul_current_TR_retrofit_1_BW_retrofit_4,25.0,349
2100,385,SG_retrofit_3_Insul_current_TR_retrofit_1_BW_retrofit_4,26.0,359
2100,386,SG_retrofit_3_Insul_current_TR_retrofit_2_BW_current,23.0,301
2100,386,SG_retrofit_3_Insul_current_TR_retrofit_2_BW_current,24.0,324
2100,386,SG_retrofit_3_Insul_current_TR_retrofit_2_BW_current,25.0,343
2100,386,SG_retrofit_3_Insul_current_TR_retrofit_2_BW_current,26.0,358
2100,387,SG_retrofit_3_Insul_current_TR_retrofit_2_BW_retrofit_1,23.0,300
2100,387,SG_retrofit_3_Insul_current_TR_retrofit_2_BW_retrofit_1,24.0,326
2100,387,SG_retrofit_3_Insul_current_TR_retrofit_2_BW_retrofit_1,25.0,347
2100,387,SG_retrofit_3_Insul_current_TR_retrofit_2_BW_retrofit_1,26.0,358
2100,388,SG_retrofit_3_Insul_current_TR_retrofit_2_BW_retrofit_2,23.0,300
2100,388,SG_retrofit_3_Insul_current_TR_retrofit_2_BW_retrofit_2,24.0,326
2100,388,SG_retrofit_3_Insul_current_TR_retrofit_2_BW_retrofit_2,25.0,348
2100,388,SG_retrofit_3_Insul_current_TR_retrofit_2_BW_retrofit_2,26.0,359
2100,389,SG_retrofit_3_Insul_current_TR_retrofit_2_BW_retrofit_3,23.0,300
2100,389,SG_retrofit_3_Insul_current_TR_retrofit_2_BW_retrofit_3,24.0,327
2100,389,SG_retrofit_3_Insul_current_TR_retrofit_2_BW_retrofit_3,25.0,349
2100,389,SG_retrofit_3_Insul_current_TR_retrofit_2_BW_retrofit_3,26.0,359
2100,390,SG_retrofit_3_Insul_current_TR_retrofit_2_BW_retrofit_4,23.0,300
2100,390,SG_retrofit_3_Insul_current_TR_retrofit_2_BW_retrofit_4,24.0,327
2100,390,SG_retrofit_3_Insul_current_TR_retrofit_2_BW_retrofit_4,25.0,349
2100,390,SG_retrofit_3_Insul_current_TR_retrofit_2_BW_retrofit_4,26.0,359
2100,391,SG_retrofit_3_Insul_current_TR_retrofit_3_BW_current,23.0,301
2100,391,SG_retrofit_3_Insul_current_TR_retrofit_3_BW_current,24.0,324
2100,391,SG_retrofit_3_Insul_current_TR_retrofit_3_BW_current,25.0,343
2100,391,SG_retrofit_3_Insul_current_TR_retrofit_3_BW_current,26.0,358
2100,392,SG_retrofit_3_Insul_current_TR_retrofit_3_BW_retrofit_1,23.0,300
2100,392,SG_retrofit_3_Insul_current_TR_retrofit_3_BW_retrofit_1,24.0,326
2100,392,SG_retrofit_3_Insul_current_TR_retrofit_3_BW_retrofit_1,25.0,347
2100,392,SG_retrofit_3_Insul_current_TR_retrofit_3_BW_retrofit_1,26.0,358
2100,393,SG_retrofit_3_Insul_current_TR_retrofit_3_BW_retrofit_2,23.0,300
2100,393,SG_retrofit_3_Insul_current_TR_retrofit_3_BW_retrofit_2,24.0,327
2100,393,SG_retrofit_3_Insul_current_TR_retrofit_3_BW_retrofit_2,25.0,348
2100,393,SG_retrofit_3_Insul_current_TR_retrofit_3_BW_retrofit_2,26.0,359
2100,394,SG_retrofit_3_Insul_current_TR_retrofit_3_BW_retrofit_3,23.0,300
2100,394,SG_retrofit_3_Insul_current_TR_retrofit_3_BW_retrofit_3,24.0,327
2100,394,SG_retrofit_3_Insul_current_TR_retrofit_3_BW_retrofit_3,25.0,349
2100,394,SG_retrofit_3_Insul_current_TR_retrofit_3_BW_retrofit_3,26.0,359
2100,395,SG_retrofit_3_Insul_current_TR_retrofit_3_BW_retrofit_4,23.0,300
2100,395,SG_retrofit_3_Insul_current_TR_retrofit_3_BW_retrofit_4,24.0,327
2100,395,SG_retrofit_3_Insul_current_TR_retrofit_3_BW_retrofit_4,25.0,349
2100,395,SG_retrofit_3_Insul_current_TR_retrofit_3_BW_retrofit_4,26.0,359
2100,396,SG_retrofit_3_Insul_current_TR_retrofit_4_BW_current,23.0,301
2100,396,SG_retrofit_3_Insul_current_TR_retrofit_4_BW_current,24.0,324
2100,396,SG_retrofit_3_Insul_current_TR_retrofit_4_BW_current,25.0,343
2100,396,SG_retrofit_3_Insul_current_TR_retrofit_4_BW_current,26.0,358
2100,397,SG_retrofit_3_Insul_current_TR_retrofit_4_BW_retrofit_1,23.0,300
2100,397,SG_retrofit_3_Insul_current_TR_retrofit_4_BW_retrofit_1,24.0,326
2100,397,SG_retrofit_3_Insul_current_TR_retrofit_4_BW_retrofit_1,25.0,347
2100,397,SG_retrofit_3_Insul_current_TR_retrofit_4_BW_retrofit_1,26.0,358
2100,398,SG_retrofit_3_Insul_current_TR_retrofit_4_BW_retrofit_2,23.0,300
2100,398,SG_retrofit_3_Insul_current_TR_retrofit_4_BW_retrofit_2,24.0,327
2100,398,SG_retrofit_3_Insul_current_TR_retrofit_4_BW_retrofit_2,25.0,348
2100,398,SG_retrofit_3_Insul_current_TR_retrofit_4_BW_retrofit_2,26.0,359
2100,399,SG_retrofit_3_Insul_current_TR_retrofit_4_BW_retrofit_3,23.0,300
2100,399,SG_retrofit_3_Insul_current_TR_retrofit_4_BW_retrofit_3,24.0,327
2100,399,SG_retrofit_3_Insul_current_TR_retrofit_4_BW_retrofit_3,25.0,349
2100,399,SG_retrofit_3_Insul_current_TR_retrofit_4_BW_retrofit_3,26.0,359
2100,400,SG_retrofit_3_Insul_current_TR_retrofit_4_BW_retrofit_4,23.0,300
2100,400,SG_retrofit_3_Insul_current_TR_retrofit_4_BW_retrofit_4,24.0,327
2100,400,SG_retrofit_3_Insul_current_TR_retrofit_4_BW_retrofit_4,25.0,349
2100,400,SG_retrofit_3_Insul_current_TR_retrofit_4_BW_retrofit_4,26.0,359
2100,401,SG_retrofit_3_Insul_retrofit_1_TR_current_BW_current,23.0,255
2100,401,SG_retrofit_3_Insul_retrofit_1_TR_current_BW_current,24.0,286
2100,401,SG_retrofit_3_Insul_retrofit_1_TR_current_BW_current,25.0,311
2100,401,SG_retrofit_3_Insul_retrofit_1_TR_current_BW_current,26.0,330
2100,402,SG_retrofit_3_Insul_retrofit_1_TR_current_BW_retrofit_1,23.0,247
2100,402,SG_retrofit_3_Insul_retrofit_1_TR_current_BW_retrofit_1,24.0,273
2100,402,SG_retrofit_3_Insul_retrofit_1_TR_current_BW_retrofit_1,25.0,300
2100,402,SG_retrofit_3_Insul_retrofit_1_TR_current_BW_retrofit_1,26.0,322
2100,403,SG_retrofit_3_Insul_retrofit_1_TR_current_BW_retrofit_2,23.0,246
2100,403,SG_retrofit_3_Insul_retrofit_1_TR_current_BW_retrofit_2,24.0,270
2100,403,SG_retrofit_3_Insul_retrofit_1_TR_current_BW_retrofit_2,25.0,300
2100,403,SG_retrofit_3_Insul_retrofit_1_TR_current_BW_retrofit_2,26.0,322
2100,404,SG_retrofit_3_Insul_retrofit_1_TR_current_BW_retrofit_3,23.0,246
2100,404,SG_retrofit_3_Insul_retrofit_1_TR_current_BW_retrofit_3,24.0,267
2100,404,SG_retrofit_3_Insul_retrofit_1_TR_current_BW_retrofit_3,25.0,299
2100,404,SG_retrofit_3_Insul_retrofit_1_TR_current_BW_retrofit_3,26.0,322
2100,405,SG_retrofit_3_Insul_retrofit_1_TR_current_BW_retrofit_4,23.0,246
2100,405,SG_retrofit_3_Insul_retrofit_1_TR_current_BW_retrofit_4,24.0,267
2100,405,SG_retrofit_3_Insul_retrofit_1_TR_current_BW_retrofit_4,25.0,299
2100,405,SG_retrofit_3_Insul_retrofit_1_TR_current_BW_retrofit_4,26.0,322
2100,406,SG_retrofit_3_Insul_retrofit_1_TR_retrofit_1_BW_current,23.0,255
2100,406,SG_retrofit_3_Insul_retrofit_1_TR_retrofit_1_BW_current,24.0,286
2100,406,SG_retrofit_3_Insul_retrofit_1_TR_retrofit_1_BW_current,25.0,311
2100,406,SG_retrofit_3_Insul_retrofit_1_TR_retrofit_1_BW_current,26.0,332
2100,407,SG_retrofit_3_Insul_retrofit_1_TR_retrofit_1_BW_retrofit_1,23.0,247
2100,407,SG_retrofit_3_Insul_retrofit_1_TR_retrofit_1_BW_retrofit_1,24.0,276
2100,407,SG_retrofit_3_Insul_retrofit_1_TR_retrofit_1_BW_retrofit_1,25.0,303
2100,407,SG_retrofit_3_Insul_retrofit_1_TR_retrofit_1_BW_retrofit_1,26.0,322
2100,408,SG_retrofit_3_Insul_retrofit_1_TR_retrofit_1_BW_retrofit_2,23.0,246
2100,408,SG_retrofit_3_Insul_retrofit_1_TR_retrofit_1_BW_retrofit_2,24.0,275
2100,408,SG_retrofit_3_Insul_retrofit_1_TR_retrofit_1_BW_retrofit_2,25.0,301
2100,408,SG_retrofit_3_Insul_retrofit_1_TR_retrofit_1_BW_retrofit_2,26.0,322
2100,409,SG_retrofit_3_Insul_retrofit_1_TR_retrofit_1_BW_retrofit_3,23.0,246
2100,409,SG_retrofit_3_Insul_retrofit_1_TR_retrofit_1_BW_retrofit_3,24.0,273
2100,409,SG_retrofit_3_Insul_retrofit_1_TR_retrofit_1_BW_retrofit_3,25.0,300
2100,409,SG_retrofit_3_Insul_retrofit_1_TR_retrofit_1_BW_retrofit_3,26.0,323
2100,410,SG_retrofit_3_Insul_retrofit_1_TR_retrofit_1_BW_retrofit_4,23.0,246
2100,410,SG_retrofit_3_Insul_retrofit_1_TR_retrofit_1_BW_retrofit_4,24.0,273
2100,410,SG_retrofit_3_Insul_retrofit_1_TR_retrofit_1_BW_retrofit_4,25.0,300
2100,410,SG_retrofit_3_Insul_retrofit_1_TR_retrofit_1_BW_retrofit_4,26.0,323
2100,411,SG_retrofit_3_Insul_retrofit_1_TR_retrofit_2_BW_current,23.0,255
2100,411,SG_retrofit_3_Insul_retrofit_1_TR_retrofit_2_BW_current,24.0,286
2100,411,SG_retrofit_3_Insul_retrofit_1_TR_retrofit_2_BW_current,25.0,311
2100,411,SG_retrofit_3_Insul_retrofit_1_TR_retrofit_2_BW_current,26.0,332
2100,412,SG_retrofit_3_Insul_retrofit_1_TR_retrofit_2_BW_retrofit_1,23.0,247
2100,412,SG_retrofit_3_Insul_retrofit_1_TR_retrofit_2_BW_retrofit_1,24.0,276
2100,412,SG_retrofit_3_Insul_retrofit_1_TR_retrofit_2_BW_retrofit_1,25.0,302
2100,412,SG_retrofit_3_Insul_retrofit_1_TR_retrofit_2_BW_retrofit_1,26.0,322
2100,413,SG_retrofit_3_Insul_retrofit_1_TR_retrofit_2_BW_retrofit_2,23.0,246
2100,413,SG_retrofit_3_Insul_retrofit_1_TR_retrofit_2_BW_retrofit_2,24.0,274
2100,413,SG_retrofit_3_Insul_retrofit_1_TR_retrofit_2_BW_retrofit_2,25.0,300
2100,413,SG_retrofit_3_Insul_retrofit_1_TR_retrofit_2_BW_retrofit_2,26.0,322
2100,414,SG_retrofit_3_Insul_retrofit_1_TR_retrofit_2_BW_retrofit_3,23.0,246
2100,414,SG_retrofit_3_Insul_retrofit_1_TR_retrofit_2_BW_retrofit_3,24.0,273
2100,414,SG_retrofit_3_Insul_retrofit_1_TR_retrofit_2_BW_retrofit_3,25.0,300
2100,414,SG_retrofit_3_Insul_retrofit_1_TR_retrofit_2_BW_retrofit_3,26.0,323
2100,415,SG_retrofit_3_Insul_retrofit_1_TR_retrofit_2_BW_retrofit_4,23.0,246
2100,415,SG_retrofit_3_Insul_retrofit_1_TR_retrofit_2_BW_retrofit_4,24.0,272
2100,415,SG_retrofit_3_Insul_retrofit_1_TR_retrofit_2_BW_retrofit_4,25.0,300
2100,415,SG_retrofit_3_Insul_retrofit_1_TR_retrofit_2_BW_retrofit_4,26.0,323
2100,416,SG_retrofit_3_Insul_retrofit_1_TR_retrofit_3_BW_current,23.0,255
2100,416,SG_retrofit_3_Insul_retrofit_1_TR_retrofit_3_BW_current,24.0,286
2100,416,SG_retrofit_3_Insul_retrofit_1_TR_retrofit_3_BW_current,25.0,311
2100,416,SG_retrofit_3_Insul_retrofit_1_TR_retrofit_3_BW_current,26.0,332
2100,417,SG_retrofit_3_Insul_retrofit_1_TR_retrofit_3_BW_retrofit_1,23.0,246
2100,417,SG_retrofit_3_Insul_retrofit_1_TR_retrofit_3_BW_retrofit_1,24.0,276
2100,417,SG_retrofit_3_Insul_retrofit_1_TR_retrofit_3_BW_retrofit_1,25.0,303
2100,417,SG_retrofit_3_Insul_retrofit_1_TR_retrofit_3_BW_retrofit_1,26.0,322
2100,418,SG_retrofit_3_Insul_retrofit_1_TR_retrofit_3_BW_retrofit_2,23.0,246
2100,418,SG_retrofit_3_Insul_retrofit_1_TR_retrofit_3_BW_retrofit_2,24.0,274
2100,418,SG_retrofit_3_Insul_retrofit_1_TR_retrofit_3_BW_retrofit_2,25.0,300
2100,418,SG_retrofit_3_Insul_retrofit_1_TR_retrofit_3_BW_retrofit_2,26.0,322
2100,419,SG_retrofit_3_Insul_retrofit_1_TR_retrofit_3_BW_retrofit_3,23.0,246
2100,419,SG_retrofit_3_Insul_retrofit_1_TR_retrofit_3_BW_retrofit_3,24.0,273
2100,419,SG_retrofit_3_Insul_retrofit_1_TR_retrofit_3_BW_retrofit_3,25.0,300
2100,419,SG_retrofit_3_Insul_retrofit_1_TR_retrofit_3_BW_retrofit_3,26.0,323
2100,420,SG_retrofit_3_Insul_retrofit_1_TR_retrofit_3_BW_retrofit_4,23.0,246
2100,420,SG_retrofit_3_Insul_retrofit_1_TR_retrofit_3_BW_retrofit_4,24.0,272
2100,420,SG_retrofit_3_Insul_retrofit_1_TR_retrofit_3_BW_retrofit_4,25.0,300
2100,420,SG_retrofit_3_Insul_retrofit_1_TR_retrofit_3_BW_retrofit_4,26.0,323
2100,421,SG_retrofit_3_Insul_retrofit_1_TR_retrofit_4_BW_current,23.0,255
2100,421,SG_retrofit_3_Insul_retrofit_1_TR_retrofit_4_BW_current,24.0,286
2100,421,SG_retrofit_3_Insul_retrofit_1_TR_retrofit_4_BW_current,25.0,311
2100,421,SG_retrofit_3_Insul_retrofit_1_TR_retrofit_4_BW_current,26.0,332
2100,422,SG_retrofit_3_Insul_retrofit_1_TR_retrofit_4_BW_retrofit_1,23.0,246
2100,422,SG_retrofit_3_Insul_retrofit_1_TR_retrofit_4_BW_retrofit_1,24.0,276
2100,422,SG_retrofit_3_Insul_retrofit_1_TR_retrofit_4_BW_retrofit_1,25.0,303
2100,422,SG_retrofit_3_Insul_retrofit_1_TR_retrofit_4_BW_retrofit_1,26.0,322
2100,423,SG_retrofit_3_Insul_retrofit_1_TR_retrofit_4_BW_retrofit_2,23.0,246
2100,423,SG_retrofit_3_Insul_retrofit_1_TR_retrofit_4_BW_retrofit_2,24.0,274
2100,423,SG_retrofit_3_Insul_retrofit_1_TR_retrofit_4_BW_retrofit_2,25.0,300
2100,423,SG_retrofit_3_Insul_retrofit_1_TR_retrofit_4_BW_retrofit_2,26.0,322
2100,424,SG_retrofit_3_Insul_retrofit_1_TR_retrofit_4_BW_retrofit_3,23.0,246
2100,424,SG_retrofit_3_Insul_retrofit_1_TR_retrofit_4_BW_retrofit_3,24.0,273
2100,424,SG_retrofit_3_Insul_retrofit_1_TR_retrofit_4_BW_retrofit_3,25.0,300
2100,424,SG_retrofit_3_Insul_retrofit_1_TR_retrofit_4_BW_retrofit_3,26.0,323
2100,425,SG_retrofit_3_Insul_retrofit_1_TR_retrofit_4_BW_retrofit_4,23.0,246
2100,425,SG_retrofit_3_Insul_retrofit_1_TR_retrofit_4_BW_retrofit_4,24.0,272
2100,425,SG_retrofit_3_Insul_retrofit_1_TR_retrofit_4_BW_retrofit_4,25.0,300
2100,425,SG_retrofit_3_Insul_retrofit_1_TR_retrofit_4_BW_retrofit_4,26.0,323
2100,426,SG_retrofit_3_Insul_retrofit_2_TR_current_BW_current,23.0,255
2100,426,SG_retrofit_3_Insul_retrofit_2_TR_current_BW_current,24.0,285
2100,426,SG_retrofit_3_Insul_retrofit_2_TR_current_BW_current,25.0,308
2100,426,SG_retrofit_3_Insul_retrofit_2_TR_current_BW_current,26.0,328
2100,427,SG_retrofit_3_Insul_retrofit_2_TR_current_BW_retrofit_1,23.0,246
2100,427,SG_retrofit_3_Insul_retrofit_2_TR_current_BW_retrofit_1,24.0,270
2100,427,SG_retrofit_3_Insul_retrofit_2_TR_current_BW_retrofit_1,25.0,299
2100,427,SG_retrofit_3_Insul_retrofit_2_TR_current_BW_retrofit_1,26.0,322
2100,428,SG_retrofit_3_Insul_retrofit_2_TR_current_BW_retrofit_2,23.0,245
2100,428,SG_retrofit_3_Insul_retrofit_2_TR_current_BW_retrofit_2,24.0,266
2100,428,SG_retrofit_3_Insul_retrofit_2_TR_current_BW_retrofit_2,25.0,299
2100,428,SG_retrofit_3_Insul_retrofit_2_TR_current_BW_retrofit_2,26.0,321
2100,429,SG_retrofit_3_Insul_retrofit_2_TR_current_BW_retrofit_3,23.0,245
2100,429,SG_retrofit_3_Insul_retrofit_2_TR_current_BW_retrofit_3,24.0,264
2100,429,SG_retrofit_3_Insul_retrofit_2_TR_current_BW_retrofit_3,25.0,297
2100,429,SG_retrofit_3_Insul_retrofit_2_TR_current_BW_retrofit_3,26.0,321
2100,430,SG_retrofit_3_Insul_retrofit_2_TR_current_BW_retrofit_4,23.0,245
2100,430,SG_retrofit_3_Insul_retrofit_2_TR_current_BW_retrofit_4,24.0,264
2100,430,SG_retrofit_3_Insul_retrofit_2_TR_current_BW_retrofit_4,25.0,297
2100,430,SG_retrofit_3_Insul_retrofit_2_TR_current_BW_retrofit_4,26.0,321
2100,431,SG_retrofit_3_Insul_retrofit_2_TR_retrofit_1_BW_current,23.0,255
2100,431,SG_retrofit_3_Insul_retrofit_2_TR_retrofit_1_BW_current,24.0,285
2100,431,SG_retrofit_3_Insul_retrofit_2_TR_retrofit_1_BW_current,25.0,310
2100,431,SG_retrofit_3_Insul_retrofit_2_TR_retrofit_1_BW_current,26.0,330
2100,432,SG_retrofit_3_Insul_retrofit_2_TR_retrofit_1_BW_retrofit_1,23.0,246
2100,432,SG_retrofit_3_Insul_retrofit_2_TR_retrofit_1_BW_retrofit_1,24.0,272
2100,432,SG_retrofit_3_Insul_retrofit_2_TR_retrofit_1_BW_retrofit_1,25.0,300
2100,432,SG_retrofit_3_Insul_retrofit_2_TR_retrofit_1_BW_retrofit_1,26.0,322
2100,433,SG_retrofit_3_Insul_retrofit_2_TR_retrofit_1_BW_retrofit_2,23.0,246
2100,433,SG_retrofit_3_Insul_retrofit_2_TR_retrofit_1_BW_retrofit_2,24.0,270
2100,433,SG_retrofit_3_Insul_retrofit_2_TR_retrofit_1_BW_retrofit_2,25.0,299
2100,433,SG_retrofit_3_Insul_retrofit_2_TR_retrofit_1_BW_retrofit_2,26.0,322
2100,434,SG_retrofit_3_Insul_retrofit_2_TR_retrofit_1_BW_retrofit_3,23.0,245
2100,434,SG_retrofit_3_Insul_retrofit_2_TR_retrofit_1_BW_retrofit_3,24.0,265
2100,434,SG_retrofit_3_Insul_retrofit_2_TR_retrofit_1_BW_retrofit_3,25.0,298
2100,434,SG_retrofit_3_Insul_retrofit_2_TR_retrofit_1_BW_retrofit_3,26.0,322
2100,435,SG_retrofit_3_Insul_retrofit_2_TR_retrofit_1_BW_retrofit_4,23.0,245
2100,435,SG_retrofit_3_Insul_retrofit_2_TR_retrofit_1_BW_retrofit_4,24.0,265
2100,435,SG_retrofit_3_Insul_retrofit_2_TR_retrofit_1_BW_retrofit_4,25.0,297
2100,435,SG_retrofit_3_Insul_retrofit_2_TR_retrofit_1_BW_retrofit_4,26.0,321
2100,436,SG_retrofit_3_Insul_retrofit_2_TR_retrofit_2_BW_current,23.0,255
2100,436,SG_retrofit_3_Insul_retrofit_2_TR_retrofit_2_BW_current,24.0,285
2100,436,SG_retrofit_3_Insul_retrofit_2_TR_retrofit_2_BW_current,25.0,310
2100,436,SG_retrofit_3_Insul_retrofit_2_TR_retrofit_2_BW_current,26.0,329
2100,437,SG_retrofit_3_Insul_retrofit_2_TR_retrofit_2_BW_retrofit_1,23.0,246
2100,437,SG_retrofit_3_Insul_retrofit_2_TR_retrofit_2_BW_retrofit_1,24.0,272
2100,437,SG_retrofit_3_Insul_retrofit_2_TR_retrofit_2_BW_retrofit_1,25.0,300
2100,437,SG_retrofit_3_Insul_retrofit_2_TR_retrofit_2_BW_retrofit_1,26.0,322
2100,438,SG_retrofit_3_Insul_retrofit_2_TR_retrofit_2_BW_retrofit_2,23.0,245
2100,438,SG_retrofit_3_Insul_retrofit_2_TR_retrofit_2_BW_retrofit_2,24.0,269
2100,438,SG_retrofit_3_Insul_retrofit_2_TR_retrofit_2_BW_retrofit_2,25.0,299
2100,438,SG_retrofit_3_Insul_retrofit_2_TR_retrofit_2_BW_retrofit_2,26.0,322
2100,439,SG_retrofit_3_Insul_retrofit_2_TR_retrofit_2_BW_retrofit_3,23.0,245
2100,439,SG_retrofit_3_Insul_retrofit_2_TR_retrofit_2_BW_retrofit_3,24.0,265
2100,439,SG_retrofit_3_Insul_retrofit_2_TR_retrofit_2_BW_retrofit_3,25.0,298
2100,439,SG_retrofit_3_Insul_retrofit_2_TR_retrofit_2_BW_retrofit_3,26.0,322
2100,440,SG_retrofit_3_Insul_retrofit_2_TR_retrofit_2_BW_retrofit_4,23.0,245
2100,440,SG_retrofit_3_Insul_retrofit_2_TR_retrofit_2_BW_retrofit_4,24.0,265
2100,440,SG_retrofit_3_Insul_retrofit_2_TR_retrofit_2_BW_retrofit_4,25.0,297
2100,440,SG_retrofit_3_Insul_retrofit_2_TR_retrofit_2_BW_retrofit_4,26.0,321
2100,441,SG_retrofit_3_Insul_retrofit_2_TR_retrofit_3_BW_current,23.0,255
2100,441,SG_retrofit_3_Insul_retrofit_2_TR_retrofit_3_BW_current,24.0,285
2100,441,SG_retrofit_3_Insul_retrofit_2_TR_retrofit_3_BW_current,25.0,310
2100,441,SG_retrofit_3_Insul_retrofit_2_TR_retrofit_3_BW_current,26.0,329
2100,442,SG_retrofit_3_Insul_retrofit_2_TR_retrofit_3_BW_retrofit_1,23.0,246
2100,442,SG_retrofit_3_Insul_retrofit_2_TR_retrofit_3_BW_retrofit_1,24.0,273
2100,442,SG_retrofit_3_Insul_retrofit_2_TR_retrofit_3_BW_retrofit_1,25.0,300
2100,442,SG_retrofit_3_Insul_retrofit_2_TR_retrofit_3_BW_retrofit_1,26.0,322
2100,443,SG_retrofit_3_Insul_retrofit_2_TR_retrofit_3_BW_retrofit_2,23.0,245
2100,443,SG_retrofit_3_Insul_retrofit_2_TR_retrofit_3_BW_retrofit_2,24.0,268
2100,443,SG_retrofit_3_Insul_retrofit_2_TR_retrofit_3_BW_retrofit_2,25.0,299
2100,443,SG_retrofit_3_Insul_retrofit_2_TR_retrofit_3_BW_retrofit_2,26.0,322
2100,444,SG_retrofit_3_Insul_retrofit_2_TR_retrofit_3_BW_retrofit_3,23.0,245
2100,444,SG_retrofit_3_Insul_retrofit_2_TR_retrofit_3_BW_retrofit_3,24.0,266
2100,444,SG_retrofit_3_Insul_retrofit_2_TR_retrofit_3_BW_retrofit_3,25.0,298
2100,444,SG_retrofit_3_Insul_retrofit_2_TR_retrofit_3_BW_retrofit_3,26.0,322
2100,445,SG_retrofit_3_Insul_retrofit_2_TR_retrofit_3_BW_retrofit_4,23.0,244
2100,445,SG_retrofit_3_Insul_retrofit_2_TR_retrofit_3_BW_retrofit_4,24.0,266
2100,445,SG_retrofit_3_Insul_retrofit_2_TR_retrofit_3_BW_retrofit_4,25.0,297
2100,445,SG_retrofit_3_Insul_retrofit_2_TR_retrofit_3_BW_retrofit_4,26.0,322
2100,446,SG_retrofit_3_Insul_retrofit_2_TR_retrofit_4_BW_current,23.0,255
2100,446,SG_retrofit_3_Insul_retrofit_2_TR_retrofit_4_BW_current,24.0,285
2100,446,SG_retrofit_3_Insul_retrofit_2_TR_retrofit_4_BW_current,25.0,310
2100,446,SG_retrofit_3_Insul_retrofit_2_TR_retrofit_4_BW_current,26.0,329
2100,447,SG_retrofit_3_Insul_retrofit_2_TR_retrofit_4_BW_retrofit_1,23.0,246
2100,447,SG_retrofit_3_Insul_retrofit_2_TR_retrofit_4_BW_retrofit_1,24.0,273
2100,447,SG_retrofit_3_Insul_retrofit_2_TR_retrofit_4_BW_retrofit_1,25.0,300
2100,447,SG_retrofit_3_Insul_retrofit_2_TR_retrofit_4_BW_retrofit_1,26.0,322
2100,448,SG_retrofit_3_Insul_retrofit_2_TR_retrofit_4_BW_retrofit_2,23.0,245
2100,448,SG_retrofit_3_Insul_retrofit_2_TR_retrofit_4_BW_retrofit_2,24.0,268
2100,448,SG_retrofit_3_Insul_retrofit_2_TR_retrofit_4_BW_retrofit_2,25.0,299
2100,448,SG_retrofit_3_Insul_retrofit_2_TR_retrofit_4_BW_retrofit_2,26.0,322
2100,449,SG_retrofit_3_Insul_retrofit_2_TR_retrofit_4_BW_retrofit_3,23.0,245
2100,449,SG_retrofit_3_Insul_retrofit_2_TR_retrofit_4_BW_retrofit_3,24.0,266
2100,449,SG_retrofit_3_Insul_retrofit_2_TR_retrofit_4_BW_retrofit_3,25.0,298
2100,449,SG_retrofit_3_Insul_retrofit_2_TR_retrofit_4_BW_retrofit_3,26.0,322
2100,450,SG_retrofit_3_Insul_retrofit_2_TR_retrofit_4_BW_retrofit_4,23.0,244
2100,450,SG_retrofit_3_Insul_retrofit_2_TR_retrofit_4_BW_retrofit_4,24.0,266
2100,450,SG_retrofit_3_Insul_retrofit_2_TR_retrofit_4_BW_retrofit_4,25.0,297
2100,450,SG_retrofit_3_Insul_retrofit_2_TR_retrofit_4_BW_retrofit_4,26.0,322
2100,451,SG_retrofit_3_Insul_retrofit_3_TR_current_BW_current,23.0,255
2100,451,SG_retrofit_3_Insul_retrofit_3_TR_current_BW_current,24.0,283
2100,451,SG_retrofit_3_Insul_retrofit_3_TR_current_BW_current,25.0,308
2100,451,SG_retrofit_3_Insul_retrofit_3_TR_current_BW_current,26.0,325
2100,452,SG_retrofit_3_Insul_retrofit_3_TR_current_BW_retrofit_1,23.0,246
2100,452,SG_retrofit_3_Insul_retrofit_3_TR_current_BW_retrofit_1,24.0,268
2100,452,SG_retrofit_3_Insul_retrofit_3_TR_current_BW_retrofit_1,25.0,299
2100,452,SG_retrofit_3_Insul_retrofit_3_TR_current_BW_retrofit_1,26.0,321
2100,453,SG_retrofit_3_Insul_retrofit_3_TR_current_BW_retrofit_2,23.0,244
2100,453,SG_retrofit_3_Insul_retrofit_3_TR_current_BW_retrofit_2,24.0,264
2100,453,SG_retrofit_3_Insul_retrofit_3_TR_current_BW_retrofit_2,25.0,297
2100,453,SG_retrofit_3_Insul_retrofit_3_TR_current_BW_retrofit_2,26.0,320
2100,454,SG_retrofit_3_Insul_retrofit_3_TR_current_BW_retrofit_3,23.0,245
2100,454,SG_retrofit_3_Insul_retrofit_3_TR_current_BW_retrofit_3,24.0,264
2100,454,SG_retrofit_3_Insul_retrofit_3_TR_current_BW_retrofit_3,25.0,295
2100,454,SG_retrofit_3_Insul_retrofit_3_TR_current_BW_retrofit_3,26.0,319
2100,455,SG_retrofit_3_Insul_retrofit_3_TR_current_BW_retrofit_4,23.0,245
2100,455,SG_retrofit_3_Insul_retrofit_3_TR_current_BW_retrofit_4,24.0,264
2100,455,SG_retrofit_3_Insul_retrofit_3_TR_current_BW_retrofit_4,25.0,295
2100,455,SG_retrofit_3_Insul_retrofit_3_TR_current_BW_retrofit_4,26.0,317
2100,456,SG_retrofit_3_Insul_retrofit_3_TR_retrofit_1_BW_current,23.0,255
2100,456,SG_retrofit_3_Insul_retrofit_3_TR_retrofit_1_BW_current,24.0,285
2100,456,SG_retrofit_3_Insul_retrofit_3_TR_retrofit_1_BW_current,25.0,308
2100,456,SG_retrofit_3_Insul_retrofit_3_TR_retrofit_1_BW_current,26.0,328
2100,457,SG_retrofit_3_Insul_retrofit_3_TR_retrofit_1_BW_retrofit_1,23.0,246
2100,457,SG_retrofit_3_Insul_retrofit_3_TR_retrofit_1_BW_retrofit_1,24.0,269
2100,457,SG_retrofit_3_Insul_retrofit_3_TR_retrofit_1_BW_retrofit_1,25.0,299
2100,457,SG_retrofit_3_Insul_retrofit_3_TR_retrofit_1_BW_retrofit_1,26.0,322
2100,458,SG_retrofit_3_Insul_retrofit_3_TR_retrofit_1_BW_retrofit_2,23.0,245
2100,458,SG_retrofit_3_Insul_retrofit_3_TR_retrofit_1_BW_retrofit_2,24.0,265
2100,458,SG_retrofit_3_Insul_retrofit_3_TR_retrofit_1_BW_retrofit_2,25.0,299
2100,458,SG_retrofit_3_Insul_retrofit_3_TR_retrofit_1_BW_retrofit_2,26.0,322
2100,459,SG_retrofit_3_Insul_retrofit_3_TR_retrofit_1_BW_retrofit_3,23.0,244
2100,459,SG_retrofit_3_Insul_retrofit_3_TR_retrofit_1_BW_retrofit_3,24.0,264
2100,459,SG_retrofit_3_Insul_retrofit_3_TR_retrofit_1_BW_retrofit_3,25.0,297
2100,459,SG_retrofit_3_Insul_retrofit_3_TR_retrofit_1_BW_retrofit_3,26.0,320
2100,460,SG_retrofit_3_Insul_retrofit_3_TR_retrofit_1_BW_retrofit_4,23.0,244
2100,460,SG_retrofit_3_Insul_retrofit_3_TR_retrofit_1_BW_retrofit_4,24.0,264
2100,460,SG_retrofit_3_Insul_retrofit_3_TR_retrofit_1_BW_retrofit_4,25.0,297
2100,460,SG_retrofit_3_Insul_retrofit_3_TR_retrofit_1_BW_retrofit_4,26.0,320
2100,461,SG_retrofit_3_Insul_retrofit_3_TR_retrofit_2_BW_current,23.0,255
2100,461,SG_retrofit_3_Insul_retrofit_3_TR_retrofit_2_BW_current,24.0,284
2100,461,SG_retrofit_3_Insul_retrofit_3_TR_retrofit_2_BW_current,25.0,308
2100,461,SG_retrofit_3_Insul_retrofit_3_TR_retrofit_2_BW_current,26.0,328
2100,462,SG_retrofit_3_Insul_retrofit_3_TR_retrofit_2_BW_retrofit_1,23.0,246
2100,462,SG_retrofit_3_Insul_retrofit_3_TR_retrofit_2_BW_retrofit_1,24.0,269
2100,462,SG_retrofit_3_Insul_retrofit_3_TR_retrofit_2_BW_retrofit_1,25.0,299
2100,462,SG_retrofit_3_Insul_retrofit_3_TR_retrofit_2_BW_retrofit_1,26.0,322
2100,463,SG_retrofit_3_Insul_retrofit_3_TR_retrofit_2_BW_retrofit_2,23.0,245
2100,463,SG_retrofit_3_Insul_retrofit_3_TR_retrofit_2_BW_retrofit_2,24.0,265
2100,463,SG_retrofit_3_Insul_retrofit_3_TR_retrofit_2_BW_retrofit_2,25.0,298
2100,463,SG_retrofit_3_Insul_retrofit_3_TR_retrofit_2_BW_retrofit_2,26.0,321
2100,464,SG_retrofit_3_Insul_retrofit_3_TR_retrofit_2_BW_retrofit_3,23.0,243
2100,464,SG_retrofit_3_Insul_retrofit_3_TR_retrofit_2_BW_retrofit_3,24.0,264
2100,464,SG_retrofit_3_Insul_retrofit_3_TR_retrofit_2_BW_retrofit_3,25.0,297
2100,464,SG_retrofit_3_Insul_retrofit_3_TR_retrofit_2_BW_retrofit_3,26.0,320
2100,465,SG_retrofit_3_Insul_retrofit_3_TR_retrofit_2_BW_retrofit_4,23.0,243
2100,465,SG_retrofit_3_Insul_retrofit_3_TR_retrofit_2_BW_retrofit_4,24.0,264
2100,465,SG_retrofit_3_Insul_retrofit_3_TR_retrofit_2_BW_retrofit_4,25.0,297
2100,465,SG_retrofit_3_Insul_retrofit_3_TR_retrofit_2_BW_retrofit_4,26.0,320
2100,466,SG_retrofit_3_Insul_retrofit_3_TR_retrofit_3_BW_current,23.0,255
2100,466,SG_retrofit_3_Insul_retrofit_3_TR_retrofit_3_BW_current,24.0,284
2100,466,SG_retrofit_3_Insul_retrofit_3_TR_retrofit_3_BW_current,25.0,309
2100,466,SG_retrofit_3_Insul_retrofit_3_TR_retrofit_3_BW_current,26.0,327
2100,467,SG_retrofit_3_Insul_retrofit_3_TR_retrofit_3_BW_retrofit_1,23.0,246
2100,467,SG_retrofit_3_Insul_retrofit_3_TR_retrofit_3_BW_retrofit_1,24.0,269
2100,467,SG_retrofit_3_Insul_retrofit_3_TR_retrofit_3_BW_retrofit_1,25.0,299
2100,467,SG_retrofit_3_Insul_retrofit_3_TR_retrofit_3_BW_retrofit_1,26.0,322
2100,468,SG_retrofit_3_Insul_retrofit_3_TR_retrofit_3_BW_retrofit_2,23.0,245
2100,468,SG_retrofit_3_Insul_retrofit_3_TR_retrofit_3_BW_retrofit_2,24.0,265
2100,468,SG_retrofit_3_Insul_retrofit_3_TR_retrofit_3_BW_retrofit_2,25.0,298
2100,468,SG_retrofit_3_Insul_retrofit_3_TR_retrofit_3_BW_retrofit_2,26.0,322
2100,469,SG_retrofit_3_Insul_retrofit_3_TR_retrofit_3_BW_retrofit_3,23.0,242
2100,469,SG_retrofit_3_Insul_retrofit_3_TR_retrofit_3_BW_retrofit_3,24.0,264
2100,469,SG_retrofit_3_Insul_retrofit_3_TR_retrofit_3_BW_retrofit_3,25.0,297
2100,469,SG_retrofit_3_Insul_retrofit_3_TR_retrofit_3_BW_retrofit_3,26.0,320
2100,470,SG_retrofit_3_Insul_retrofit_3_TR_retrofit_3_BW_retrofit_4,23.0,242
2100,470,SG_retrofit_3_Insul_retrofit_3_TR_retrofit_3_BW_retrofit_4,24.0,264
2100,470,SG_retrofit_3_Insul_retrofit_3_TR_retrofit_3_BW_retrofit_4,25.0,297
2100,470,SG_retrofit_3_Insul_retrofit_3_TR_retrofit_3_BW_retrofit_4,26.0,320
2100,471,SG_retrofit_3_Insul_retrofit_3_TR_retrofit_4_BW_current,23.0,255
2100,471,SG_retrofit_3_Insul_retrofit_3_TR_retrofit_4_BW_current,24.0,284
2100,471,SG_retrofit_3_Insul_retrofit_3_TR_retrofit_4_BW_current,25.0,309
2100,471,SG_retrofit_3_Insul_retrofit_3_TR_retrofit_4_BW_current,26.0,327
2100,472,SG_retrofit_3_Insul_retrofit_3_TR_retrofit_4_BW_retrofit_1,23.0,246
2100,472,SG_retrofit_3_Insul_retrofit_3_TR_retrofit_4_BW_retrofit_1,24.0,269
2100,472,SG_retrofit_3_Insul_retrofit_3_TR_retrofit_4_BW_retrofit_1,25.0,299
2100,472,SG_retrofit_3_Insul_retrofit_3_TR_retrofit_4_BW_retrofit_1,26.0,322
2100,473,SG_retrofit_3_Insul_retrofit_3_TR_retrofit_4_BW_retrofit_2,23.0,245
2100,473,SG_retrofit_3_Insul_retrofit_3_TR_retrofit_4_BW_retrofit_2,24.0,265
2100,473,SG_retrofit_3_Insul_retrofit_3_TR_retrofit_4_BW_retrofit_2,25.0,298
2100,473,SG_retrofit_3_Insul_retrofit_3_TR_retrofit_4_BW_retrofit_2,26.0,322
2100,474,SG_retrofit_3_Insul_retrofit_3_TR_retrofit_4_BW_retrofit_3,23.0,242
2100,474,SG_retrofit_3_Insul_retrofit_3_TR_retrofit_4_BW_retrofit_3,24.0,264
2100,474,SG_retrofit_3_Insul_retrofit_3_TR_retrofit_4_BW_retrofit_3,25.0,297
2100,474,SG_retrofit_3_Insul_retrofit_3_TR_retrofit_4_BW_retrofit_3,26.0,320
2100,475,SG_retrofit_3_Insul_retrofit_3_TR_retrofit_4_BW_retrofit_4,23.0,242
2100,475,SG_retrofit_3_Insul_retrofit_3_TR_retrofit_4_BW_retrofit_4,24.0,264
2100,475,SG_retrofit_3_Insul_retrofit_3_TR_retrofit_4_BW_retrofit_4,25.0,297
2100,475,SG_retrofit_3_Insul_retrofit_3_TR_retrofit_4_BW_retrofit_4,26.0,320
2100,476,SG_retrofit_3_Insul_retrofit_4_TR_current_BW_current,23.0,254
2100,476,SG_retrofit_3_Insul_retrofit_4_TR_current_BW_current,24.0,283
2100,476,SG_retrofit_3_Insul_retrofit_4_TR_current_BW_current,25.0,307
2100,476,SG_retrofit_3_Insul_retrofit_4_TR_current_BW_current,26.0,324
2100,477,SG_retrofit_3_Insul_retrofit_4_TR_current_BW_retrofit_1,23.0,246
2100,477,SG_retrofit_3_Insul_retrofit_4_TR_current_BW_retrofit_1,24.0,268
2100,477,SG_retrofit_3_Insul_retrofit_4_TR_current_BW_retrofit_1,25.0,299
2100,477,SG_retrofit_3_Insul_retrofit_4_TR_current_BW_retrofit_1,26.0,321
2100,478,SG_retrofit_3_Insul_retrofit_4_TR_current_BW_retrofit_2,23.0,245
2100,478,SG_retrofit_3_Insul_retrofit_4_TR_current_BW_retrofit_2,24.0,264
2100,478,SG_retrofit_3_Insul_retrofit_4_TR_current_BW_retrofit_2,25.0,297
2100,478,SG_retrofit_3_Insul_retrofit_4_TR_current_BW_retrofit_2,26.0,320
2100,479,SG_retrofit_3_Insul_retrofit_4_TR_current_BW_retrofit_3,23.0,245
2100,479,SG_retrofit_3_Insul_retrofit_4_TR_current_BW_retrofit_3,24.0,264
2100,479,SG_retrofit_3_Insul_retrofit_4_TR_current_BW_retrofit_3,25.0,295
2100,479,SG_retrofit_3_Insul_retrofit_4_TR_current_BW_retrofit_3,26.0,317
2100,480,SG_retrofit_3_Insul_retrofit_4_TR_current_BW_retrofit_4,23.0,245
2100,480,SG_retrofit_3_Insul_retrofit_4_TR_current_BW_retrofit_4,24.0,264
2100,480,SG_retrofit_3_Insul_retrofit_4_TR_current_BW_retrofit_4,25.0,295
2100,480,SG_retrofit_3_Insul_retrofit_4_TR_current_BW_retrofit_4,26.0,317
2100,481,SG_retrofit_3_Insul_retrofit_4_TR_retrofit_1_BW_current,23.0,254
2100,481,SG_retrofit_3_Insul_retrofit_4_TR_retrofit_1_BW_current,24.0,285
2100,481,SG_retrofit_3_Insul_retrofit_4_TR_retrofit_1_BW_current,25.0,309
2100,481,SG_retrofit_3_Insul_retrofit_4_TR_retrofit_1_BW_current,26.0,327
2100,482,SG_retrofit_3_Insul_retrofit_4_TR_retrofit_1_BW_retrofit_1,23.0,246
2100,482,SG_retrofit_3_Insul_retrofit_4_TR_retrofit_1_BW_retrofit_1,24.0,269
2100,482,SG_retrofit_3_Insul_retrofit_4_TR_retrofit_1_BW_retrofit_1,25.0,299
2100,482,SG_retrofit_3_Insul_retrofit_4_TR_retrofit_1_BW_retrofit_1,26.0,322
2100,483,SG_retrofit_3_Insul_retrofit_4_TR_retrofit_1_BW_retrofit_2,23.0,245
2100,483,SG_retrofit_3_Insul_retrofit_4_TR_retrofit_1_BW_retrofit_2,24.0,265
2100,483,SG_retrofit_3_Insul_retrofit_4_TR_retrofit_1_BW_retrofit_2,25.0,298
2100,483,SG_retrofit_3_Insul_retrofit_4_TR_retrofit_1_BW_retrofit_2,26.0,321
2100,484,SG_retrofit_3_Insul_retrofit_4_TR_retrofit_1_BW_retrofit_3,23.0,244
2100,484,SG_retrofit_3_Insul_retrofit_4_TR_retrofit_1_BW_retrofit_3,24.0,264
2100,484,SG_retrofit_3_Insul_retrofit_4_TR_retrofit_1_BW_retrofit_3,25.0,297
2100,484,SG_retrofit_3_Insul_retrofit_4_TR_retrofit_1_BW_retrofit_3,26.0,320
2100,485,SG_retrofit_3_Insul_retrofit_4_TR_retrofit_1_BW_retrofit_4,23.0,244
2100,485,SG_retrofit_3_Insul_retrofit_4_TR_retrofit_1_BW_retrofit_4,24.0,264
2100,485,SG_retrofit_3_Insul_retrofit_4_TR_retrofit_1_BW_retrofit_4,25.0,297
2100,485,SG_retrofit_3_Insul_retrofit_4_TR_retrofit_1_BW_retrofit_4,26.0,320
2100,486,SG_retrofit_3_Insul_retrofit_4_TR_retrofit_2_BW_current,23.0,254
2100,486,SG_retrofit_3_Insul_retrofit_4_TR_retrofit_2_BW_current,24.0,284
2100,486,SG_retrofit_3_Insul_retrofit_4_TR_retrofit_2_BW_current,25.0,309
2100,486,SG_retrofit_3_Insul_retrofit_4_TR_retrofit_2_BW_current,26.0,326
2100,487,SG_retrofit_3_Insul_retrofit_4_TR_retrofit_2_BW_retrofit_1,23.0,246
2100,487,SG_retrofit_3_Insul_retrofit_4_TR_retrofit_2_BW_retrofit_1,24.0,269
2100,487,SG_retrofit_3_Insul_retrofit_4_TR_retrofit_2_BW_retrofit_1,25.0,299
2100,487,SG_retrofit_3_Insul_retrofit_4_TR_retrofit_2_BW_retrofit_1,26.0,322
2100,488,SG_retrofit_3_Insul_retrofit_4_TR_retrofit_2_BW_retrofit_2,23.0,245
2100,488,SG_retrofit_3_Insul_retrofit_4_TR_retrofit_2_BW_retrofit_2,24.0,264
2100,488,SG_retrofit_3_Insul_retrofit_4_TR_retrofit_2_BW_retrofit_2,25.0,298
2100,488,SG_retrofit_3_Insul_retrofit_4_TR_retrofit_2_BW_retrofit_2,26.0,321
2100,489,SG_retrofit_3_Insul_retrofit_4_TR_retrofit_2_BW_retrofit_3,23.0,243
2100,489,SG_retrofit_3_Insul_retrofit_4_TR_retrofit_2_BW_retrofit_3,24.0,264
2100,489,SG_retrofit_3_Insul_retrofit_4_TR_retrofit_2_BW_retrofit_3,25.0,297
2100,489,SG_retrofit_3_Insul_retrofit_4_TR_retrofit_2_BW_retrofit_3,26.0,320
2100,490,SG_retrofit_3_Insul_retrofit_4_TR_retrofit_2_BW_retrofit_4,23.0,243
2100,490,SG_retrofit_3_Insul_retrofit_4_TR_retrofit_2_BW_retrofit_4,24.0,264
2100,490,SG_retrofit_3_Insul_retrofit_4_TR_retrofit_2_BW_retrofit_4,25.0,297
2100,490,SG_retrofit_3_Insul_retrofit_4_TR_retrofit_2_BW_retrofit_4,26.0,319
2100,491,SG_retrofit_3_Insul_retrofit_4_TR_retrofit_3_BW_current,23.0,254
2100,491,SG_retrofit_3_Insul_retrofit_4_TR_retrofit_3_BW_current,24.0,284
2100,491,SG_retrofit_3_Insul_retrofit_4_TR_retrofit_3_BW_current,25.0,308
2100,491,SG_retrofit_3_Insul_retrofit_4_TR_retrofit_3_BW_current,26.0,326
2100,492,SG_retrofit_3_Insul_retrofit_4_TR_retrofit_3_BW_retrofit_1,23.0,246
2100,492,SG_retrofit_3_Insul_retrofit_4_TR_retrofit_3_BW_retrofit_1,24.0,269
2100,492,SG_retrofit_3_Insul_retrofit_4_TR_retrofit_3_BW_retrofit_1,25.0,299
2100,492,SG_retrofit_3_Insul_retrofit_4_TR_retrofit_3_BW_retrofit_1,26.0,322
2100,493,SG_retrofit_3_Insul_retrofit_4_TR_retrofit_3_BW_retrofit_2,23.0,245
2100,493,SG_retrofit_3_Insul_retrofit_4_TR_retrofit_3_BW_retrofit_2,24.0,264
2100,493,SG_retrofit_3_Insul_retrofit_4_TR_retrofit_3_BW_retrofit_2,25.0,298
2100,493,SG_retrofit_3_Insul_retrofit_4_TR_retrofit_3_BW_retrofit_2,26.0,321
2100,494,SG_retrofit_3_Insul_retrofit_4_TR_retrofit_3_BW_retrofit_3,23.0,242
2100,494,SG_retrofit_3_Insul_retrofit_4_TR_retrofit_3_BW_retrofit_3,24.0,265
2100,494,SG_retrofit_3_Insul_retrofit_4_TR_retrofit_3_BW_retrofit_3,25.0,297
2100,494,SG_retrofit_3_Insul_retrofit_4_TR_retrofit_3_BW_retrofit_3,26.0,320
2100,495,SG_retrofit_3_Insul_retrofit_4_TR_retrofit_3_BW_retrofit_4,23.0,242
2100,495,SG_retrofit_3_Insul_retrofit_4_TR_retrofit_3_BW_retrofit_4,24.0,264
2100,495,SG_retrofit_3_Insul_retrofit_4_TR_retrofit_3_BW_retrofit_4,25.0,297
2100,495,SG_retrofit_3_Insul_retrofit_4_TR_retrofit_3_BW_retrofit_4,26.0,320
2100,496,SG_retrofit_3_Insul_retrofit_4_TR_retrofit_4_BW_current,23.0,254
2100,496,SG_retrofit_3_Insul_retrofit_4_TR_retrofit_4_BW_current,24.0,284
2100,496,SG_retrofit_3_Insul_retrofit_4_TR_retrofit_4_BW_current,25.0,308
2100,496,SG_retrofit_3_Insul_retrofit_4_TR_retrofit_4_BW_current,26.0,326
2100,497,SG_retrofit_3_Insul_retrofit_4_TR_retrofit_4_BW_retrofit_1,23.0,246
2100,497,SG_retrofit_3_Insul_retrofit_4_TR_retrofit_4_BW_retrofit_1,24.0,269
2100,497,SG_retrofit_3_Insul_retrofit_4_TR_retrofit_4_BW_retrofit_1,25.0,299
2100,497,SG_retrofit_3_Insul_retrofit_4_TR_retrofit_4_BW_retrofit_1,26.0,322
2100,498,SG_retrofit_3_Insul_retrofit_4_TR_retrofit_4_BW_retrofit_2,23.0,245
2100,498,SG_retrofit_3_Insul_retrofit_4_TR_retrofit_4_BW_retrofit_2,24.0,264
2100,498,SG_retrofit_3_Insul_retrofit_4_TR_retrofit_4_BW_retrofit_2,25.0,298
2100,498,SG_retrofit_3_Insul_retrofit_4_TR_retrofit_4_BW_retrofit_2,26.0,321
2100,499,SG_retrofit_3_Insul_retrofit_4_TR_retrofit_4_BW_retrofit_3,23.0,242
2100,499,SG_retrofit_3_Insul_retrofit_4_TR_retrofit_4_BW_retrofit_3,24.0,265
2100,499,SG_retrofit_3_Insul_retrofit_4_TR_retrofit_4_BW_retrofit_3,25.0,297
2100,499,SG_retrofit_3_Insul_retrofit_4_TR_retrofit_4_BW_retrofit_3,26.0,320
2100,500,SG_retrofit_3_Insul_retrofit_4_TR_retrofit_4_BW_retrofit_4,23.0,242
2100,500,SG_retrofit_3_Insul_retrofit_4_TR_retrofit_4_BW_retrofit_4,24.0,264
2100,500,SG_retrofit_3_Insul_retrofit_4_TR_retrofit_4_BW_retrofit_4,25.0,297
2100,500,SG_retrofit_3_Insul_retrofit_4_TR_retrofit_4_BW_retrofit_4,26.0,320
2100,501,SG_retrofit_4_Insul_current_TR_current_BW_current,23.0,300
2100,501,SG_retrofit_4_Insul_current_TR_current_BW_current,24.0,322
2100,501,SG_retrofit_4_Insul_current_TR_current_BW_current,25.0,343
2100,501,SG_retrofit_4_Insul_current_TR_current_BW_current,26.0,358
2100,502,SG_retrofit_4_Insul_current_TR_current_BW_retrofit_1,23.0,300
2100,502,SG_retrofit_4_Insul_current_TR_current_BW_retrofit_1,24.0,323
2100,502,SG_retrofit_4_Insul_current_TR_current_BW_retrofit_1,25.0,345
2100,502,SG_retrofit_4_Insul_current_TR_current_BW_retrofit_1,26.0,358
2100,503,SG_retrofit_4_Insul_current_TR_current_BW_retrofit_2,23.0,299
2100,503,SG_retrofit_4_Insul_current_TR_current_BW_retrofit_2,24.0,323
2100,503,SG_retrofit_4_Insul_current_TR_current_BW_retrofit_2,25.0,346
2100,503,SG_retrofit_4_Insul_current_TR_current_BW_retrofit_2,26.0,358
2100,504,SG_retrofit_4_Insul_current_TR_current_BW_retrofit_3,23.0,299
2100,504,SG_retrofit_4_Insul_current_TR_current_BW_retrofit_3,24.0,325
2100,504,SG_retrofit_4_Insul_current_TR_current_BW_retrofit_3,25.0,347
2100,504,SG_retrofit_4_Insul_current_TR_current_BW_retrofit_3,26.0,359
2100,505,SG_retrofit_4_Insul_current_TR_current_BW_retrofit_4,23.0,300
2100,505,SG_retrofit_4_Insul_current_TR_current_BW_retrofit_4,24.0,325
2100,505,SG_retrofit_4_Insul_current_TR_current_BW_retrofit_4,25.0,347
2100,505,SG_retrofit_4_Insul_current_TR_current_BW_retrofit_4,26.0,359
2100,506,SG_retrofit_4_Insul_current_TR_retrofit_1_BW_current,23.0,301
2100,506,SG_retrofit_4_Insul_current_TR_retrofit_1_BW_current,24.0,324
2100,506,SG_retrofit_4_Insul_current_TR_retrofit_1_BW_current,25.0,343
2100,506,SG_retrofit_4_Insul_current_TR_retrofit_1_BW_current,26.0,358
2100,507,SG_retrofit_4_Insul_current_TR_retrofit_1_BW_retrofit_1,23.0,300
2100,507,SG_retrofit_4_Insul_current_TR_retrofit_1_BW_retrofit_1,24.0,326
2100,507,SG_retrofit_4_Insul_current_TR_retrofit_1_BW_retrofit_1,25.0,347
2100,507,SG_retrofit_4_Insul_current_TR_retrofit_1_BW_retrofit_1,26.0,358
2100,508,SG_retrofit_4_Insul_current_TR_retrofit_1_BW_retrofit_2,23.0,300
2100,508,SG_retrofit_4_Insul_current_TR_retrofit_1_BW_retrofit_2,24.0,326
2100,508,SG_retrofit_4_Insul_current_TR_retrofit_1_BW_retrofit_2,25.0,348
2100,508,SG_retrofit_4_Insul_current_TR_retrofit_1_BW_retrofit_2,26.0,359
2100,509,SG_retrofit_4_Insul_current_TR_retrofit_1_BW_retrofit_3,23.0,300
2100,509,SG_retrofit_4_Insul_current_TR_retrofit_1_BW_retrofit_3,24.0,327
2100,509,SG_retrofit_4_Insul_current_TR_retrofit_1_BW_retrofit_3,25.0,348
2100,509,SG_retrofit_4_Insul_current_TR_retrofit_1_BW_retrofit_3,26.0,359
2100,510,SG_retrofit_4_Insul_current_TR_retrofit_1_BW_retrofit_4,23.0,300
2100,510,SG_retrofit_4_Insul_current_TR_retrofit_1_BW_retrofit_4,24.0,327
2100,510,SG_retrofit_4_Insul_current_TR_retrofit_1_BW_retrofit_4,25.0,349
2100,510,SG_retrofit_4_Insul_current_TR_retrofit_1_BW_retrofit_4,26.0,359
2100,511,SG_retrofit_4_Insul_current_TR_retrofit_2_BW_current,23.0,301
2100,511,SG_retrofit_4_Insul_current_TR_retrofit_2_BW_current,24.0,324
2100,511,SG_retrofit_4_Insul_current_TR_retrofit_2_BW_current,25.0,343
2100,511,SG_retrofit_4_Insul_current_TR_retrofit_2_BW_current,26.0,358
2100,512,SG_retrofit_4_Insul_current_TR_retrofit_2_BW_retrofit_1,23.0,300
2100,512,SG_retrofit_4_Insul_current_TR_retrofit_2_BW_retrofit_1,24.0,326
2100,512,SG_retrofit_4_Insul_current_TR_retrofit_2_BW_retrofit_1,25.0,348
2100,512,SG_retrofit_4_Insul_current_TR_retrofit_2_BW_retrofit_1,26.0,359
2100,513,SG_retrofit_4_Insul_current_TR_retrofit_2_BW_retrofit_2,23.0,300
2100,513,SG_retrofit_4_Insul_current_TR_retrofit_2_BW_retrofit_2,24.0,326
2100,513,SG_retrofit_4_Insul_current_TR_retrofit_2_BW_retrofit_2,25.0,348
2100,513,SG_retrofit_4_Insul_current_TR_retrofit_2_BW_retrofit_2,26.0,359
2100,514,SG_retrofit_4_Insul_current_TR_retrofit_2_BW_retrofit_3,23.0,300
2100,514,SG_retrofit_4_Insul_current_TR_retrofit_2_BW_retrofit_3,24.0,327
2100,514,SG_retrofit_4_Insul_current_TR_retrofit_2_BW_retrofit_3,25.0,349
2100,514,SG_retrofit_4_Insul_current_TR_retrofit_2_BW_retrofit_3,26.0,359
2100,515,SG_retrofit_4_Insul_current_TR_retrofit_2_BW_retrofit_4,23.0,300
2100,515,SG_retrofit_4_Insul_current_TR_retrofit_2_BW_retrofit_4,24.0,327
2100,515,SG_retrofit_4_Insul_current_TR_retrofit_2_BW_retrofit_4,25.0,349
2100,515,SG_retrofit_4_Insul_current_TR_retrofit_2_BW_retrofit_4,26.0,359
2100,516,SG_retrofit_4_Insul_current_TR_retrofit_3_BW_current,23.0,301
2100,516,SG_retrofit_4_Insul_current_TR_retrofit_3_BW_current,24.0,324
2100,516,SG_retrofit_4_Insul_current_TR_retrofit_3_BW_current,25.0,343
2100,516,SG_retrofit_4_Insul_current_TR_retrofit_3_BW_current,26.0,358
2100,517,SG_retrofit_4_Insul_current_TR_retrofit_3_BW_retrofit_1,23.0,300
2100,517,SG_retrofit_4_Insul_current_TR_retrofit_3_BW_retrofit_1,24.0,327
2100,517,SG_retrofit_4_Insul_current_TR_retrofit_3_BW_retrofit_1,25.0,348
2100,517,SG_retrofit_4_Insul_current_TR_retrofit_3_BW_retrofit_1,26.0,359
2100,518,SG_retrofit_4_Insul_current_TR_retrofit_3_BW_retrofit_2,23.0,300
2100,518,SG_retrofit_4_Insul_current_TR_retrofit_3_BW_retrofit_2,24.0,326
2100,518,SG_retrofit_4_Insul_current_TR_retrofit_3_BW_retrofit_2,25.0,349
2100,518,SG_retrofit_4_Insul_current_TR_retrofit_3_BW_retrofit_2,26.0,359
2100,519,SG_retrofit_4_Insul_current_TR_retrofit_3_BW_retrofit_3,23.0,300
2100,519,SG_retrofit_4_Insul_current_TR_retrofit_3_BW_retrofit_3,24.0,327
2100,519,SG_retrofit_4_Insul_current_TR_retrofit_3_BW_retrofit_3,25.0,350
2100,519,SG_retrofit_4_Insul_current_TR_retrofit_3_BW_retrofit_3,26.0,359
2100,520,SG_retrofit_4_Insul_current_TR_retrofit_3_BW_retrofit_4,23.0,300
2100,520,SG_retrofit_4_Insul_current_TR_retrofit_3_BW_retrofit_4,24.0,327
2100,520,SG_retrofit_4_Insul_current_TR_retrofit_3_BW_retrofit_4,25.0,350
2100,520,SG_retrofit_4_Insul_current_TR_retrofit_3_BW_retrofit_4,26.0,359
2100,521,SG_retrofit_4_Insul_current_TR_retrofit_4_BW_current,23.0,301
2100,521,SG_retrofit_4_Insul_current_TR_retrofit_4_BW_current,24.0,324
2100,521,SG_retrofit_4_Insul_current_TR_retrofit_4_BW_current,25.0,343
2100,521,SG_retrofit_4_Insul_current_TR_retrofit_4_BW_current,26.0,358
2100,522,SG_retrofit_4_Insul_current_TR_retrofit_4_BW_retrofit_1,23.0,300
2100,522,SG_retrofit_4_Insul_current_TR_retrofit_4_BW_retrofit_1,24.0,327
2100,522,SG_retrofit_4_Insul_current_TR_retrofit_4_BW_retrofit_1,25.0,348
2100,522,SG_retrofit_4_Insul_current_TR_retrofit_4_BW_retrofit_1,26.0,359
2100,523,SG_retrofit_4_Insul_current_TR_retrofit_4_BW_retrofit_2,23.0,300
2100,523,SG_retrofit_4_Insul_current_TR_retrofit_4_BW_retrofit_2,24.0,326
2100,523,SG_retrofit_4_Insul_current_TR_retrofit_4_BW_retrofit_2,25.0,349
2100,523,SG_retrofit_4_Insul_current_TR_retrofit_4_BW_retrofit_2,26.0,359
2100,524,SG_retrofit_4_Insul_current_TR_retrofit_4_BW_retrofit_3,23.0,300
2100,524,SG_retrofit_4_Insul_current_TR_retrofit_4_BW_retrofit_3,24.0,327
2100,524,SG_retrofit_4_Insul_current_TR_retrofit_4_BW_retrofit_3,25.0,350
2100,524,SG_retrofit_4_Insul_current_TR_retrofit_4_BW_retrofit_3,26.0,359
2100,525,SG_retrofit_4_Insul_current_TR_retrofit_4_BW_retrofit_4,23.0,300
2100,525,SG_retrofit_4_Insul_current_TR_retrofit_4_BW_retrofit_4,24.0,327
2100,525,SG_retrofit_4_Insul_current_TR_retrofit_4_BW_retrofit_4,25.0,350
2100,525,SG_retrofit_4_Insul_current_TR_retrofit_4_BW_retrofit_4,26.0,359
2100,526,SG_retrofit_4_Insul_retrofit_1_TR_current_BW_current,23.0,255
2100,526,SG_retrofit_4_Insul_retrofit_1_TR_current_BW_current,24.0,286
2100,526,SG_retrofit_4_Insul_retrofit_1_TR_current_BW_current,25.0,310
2100,526,SG_retrofit_4_Insul_retrofit_1_TR_current_BW_current,26.0,330
2100,527,SG_retrofit_4_Insul_retrofit_1_TR_current_BW_retrofit_1,23.0,247
2100,527,SG_retrofit_4_Insul_retrofit_1_TR_current_BW_retrofit_1,24.0,272
2100,527,SG_retrofit_4_Insul_retrofit_1_TR_current_BW_retrofit_1,25.0,300
2100,527,SG_retrofit_4_Insul_retrofit_1_TR_current_BW_retrofit_1,26.0,322
2100,528,SG_retrofit_4_Insul_retrofit_1_TR_current_BW_retrofit_2,23.0,246
2100,528,SG_retrofit_4_Insul_retrofit_1_TR_current_BW_retrofit_2,24.0,269
2100,528,SG_retrofit_4_Insul_retrofit_1_TR_current_BW_retrofit_2,25.0,299
2100,528,SG_retrofit_4_Insul_retrofit_1_TR_current_BW_retrofit_2,26.0,322
2100,529,SG_retrofit_4_Insul_retrofit_1_TR_current_BW_retrofit_3,23.0,245
2100,529,SG_retrofit_4_Insul_retrofit_1_TR_current_BW_retrofit_3,24.0,265
2100,529,SG_retrofit_4_Insul_retrofit_1_TR_current_BW_retrofit_3,25.0,299
2100,529,SG_retrofit_4_Insul_retrofit_1_TR_current_BW_retrofit_3,26.0,322
2100,530,SG_retrofit_4_Insul_retrofit_1_TR_current_BW_retrofit_4,23.0,245
2100,530,SG_retrofit_4_Insul_retrofit_1_TR_current_BW_retrofit_4,24.0,264
2100,530,SG_retrofit_4_Insul_retrofit_1_TR_current_BW_retrofit_4,25.0,299
2100,530,SG_retrofit_4_Insul_retrofit_1_TR_current_BW_retrofit_4,26.0,322
2100,531,SG_retrofit_4_Insul_retrofit_1_TR_retrofit_1_BW_current,23.0,255
2100,531,SG_retrofit_4_Insul_retrofit_1_TR_retrofit_1_BW_current,24.0,286
2100,531,SG_retrofit_4_Insul_retrofit_1_TR_retrofit_1_BW_current,25.0,311
2100,531,SG_retrofit_4_Insul_retrofit_1_TR_retrofit_1_BW_current,26.0,332
2100,532,SG_retrofit_4_Insul_retrofit_1_TR_retrofit_1_BW_retrofit_1,23.0,246
2100,532,SG_retrofit_4_Insul_retrofit_1_TR_retrofit_1_BW_retrofit_1,24.0,276
2100,532,SG_retrofit_4_Insul_retrofit_1_TR_retrofit_1_BW_retrofit_1,25.0,301
2100,532,SG_retrofit_4_Insul_retrofit_1_TR_retrofit_1_BW_retrofit_1,26.0,322
2100,533,SG_retrofit_4_Insul_retrofit_1_TR_retrofit_1_BW_retrofit_2,23.0,246
2100,533,SG_retrofit_4_Insul_retrofit_1_TR_retrofit_1_BW_retrofit_2,24.0,274
2100,533,SG_retrofit_4_Insul_retrofit_1_TR_retrofit_1_BW_retrofit_2,25.0,300
2100,533,SG_retrofit_4_Insul_retrofit_1_TR_retrofit_1_BW_retrofit_2,26.0,322
2100,534,SG_retrofit_4_Insul_retrofit_1_TR_retrofit_1_BW_retrofit_3,23.0,245
2100,534,SG_retrofit_4_Insul_retrofit_1_TR_retrofit_1_BW_retrofit_3,24.0,270
2100,534,SG_retrofit_4_Insul_retrofit_1_TR_retrofit_1_BW_retrofit_3,25.0,299
2100,534,SG_retrofit_4_Insul_retrofit_1_TR_retrofit_1_BW_retrofit_3,26.0,323
2100,535,SG_retrofit_4_Insul_retrofit_1_TR_retrofit_1_BW_retrofit_4,23.0,245
2100,535,SG_retrofit_4_Insul_retrofit_1_TR_retrofit_1_BW_retrofit_4,24.0,270
2100,535,SG_retrofit_4_Insul_retrofit_1_TR_retrofit_1_BW_retrofit_4,25.0,299
2100,535,SG_retrofit_4_Insul_retrofit_1_TR_retrofit_1_BW_retrofit_4,26.0,322
2100,536,SG_retrofit_4_Insul_retrofit_1_TR_retrofit_2_BW_current,23.0,255
2100,536,SG_retrofit_4_Insul_retrofit_1_TR_retrofit_2_BW_current,24.0,286
2100,536,SG_retrofit_4_Insul_retrofit_1_TR_retrofit_2_BW_current,25.0,311
2100,536,SG_retrofit_4_Insul_retrofit_1_TR_retrofit_2_BW_current,26.0,332
2100,537,SG_retrofit_4_Insul_retrofit_1_TR_retrofit_2_BW_retrofit_1,23.0,246
2100,537,SG_retrofit_4_Insul_retrofit_1_TR_retrofit_2_BW_retrofit_1,24.0,275
2100,537,SG_retrofit_4_Insul_retrofit_1_TR_retrofit_2_BW_retrofit_1,25.0,301
2100,537,SG_retrofit_4_Insul_retrofit_1_TR_retrofit_2_BW_retrofit_1,26.0,322
2100,538,SG_retrofit_4_Insul_retrofit_1_TR_retrofit_2_BW_retrofit_2,23.0,246
2100,538,SG_retrofit_4_Insul_retrofit_1_TR_retrofit_2_BW_retrofit_2,24.0,274
2100,538,SG_retrofit_4_Insul_retrofit_1_TR_retrofit_2_BW_retrofit_2,25.0,300
2100,538,SG_retrofit_4_Insul_retrofit_1_TR_retrofit_2_BW_retrofit_2,26.0,322
2100,539,SG_retrofit_4_Insul_retrofit_1_TR_retrofit_2_BW_retrofit_3,23.0,245
2100,539,SG_retrofit_4_Insul_retrofit_1_TR_retrofit_2_BW_retrofit_3,24.0,270
2100,539,SG_retrofit_4_Insul_retrofit_1_TR_retrofit_2_BW_retrofit_3,25.0,299
2100,539,SG_retrofit_4_Insul_retrofit_1_TR_retrofit_2_BW_retrofit_3,26.0,323
2100,540,SG_retrofit_4_Insul_retrofit_1_TR_retrofit_2_BW_retrofit_4,23.0,245
2100,540,SG_retrofit_4_Insul_retrofit_1_TR_retrofit_2_BW_retrofit_4,24.0,269
2100,540,SG_retrofit_4_Insul_retrofit_1_TR_retrofit_2_BW_retrofit_4,25.0,299
2100,540,SG_retrofit_4_Insul_retrofit_1_TR_retrofit_2_BW_retrofit_4,26.0,323
2100,541,SG_retrofit_4_Insul_retrofit_1_TR_retrofit_3_BW_current,23.0,255
2100,541,SG_retrofit_4_Insul_retrofit_1_TR_retrofit_3_BW_current,24.0,286
2100,541,SG_retrofit_4_Insul_retrofit_1_TR_retrofit_3_BW_current,25.0,311
2100,541,SG_retrofit_4_Insul_retrofit_1_TR_retrofit_3_BW_current,26.0,332
2100,542,SG_retrofit_4_Insul_retrofit_1_TR_retrofit_3_BW_retrofit_1,23.0,246
2100,542,SG_retrofit_4_Insul_retrofit_1_TR_retrofit_3_BW_retrofit_1,24.0,275
2100,542,SG_retrofit_4_Insul_retrofit_1_TR_retrofit_3_BW_retrofit_1,25.0,301
2100,542,SG_retrofit_4_Insul_retrofit_1_TR_retrofit_3_BW_retrofit_1,26.0,322
2100,543,SG_retrofit_4_Insul_retrofit_1_TR_retrofit_3_BW_retrofit_2,23.0,246
2100,543,SG_retrofit_4_Insul_retrofit_1_TR_retrofit_3_BW_retrofit_2,24.0,274
2100,543,SG_retrofit_4_Insul_retrofit_1_TR_retrofit_3_BW_retrofit_2,25.0,300
2100,543,SG_retrofit_4_Insul_retrofit_1_TR_retrofit_3_BW_retrofit_2,26.0,322
2100,544,SG_retrofit_4_Insul_retrofit_1_TR_retrofit_3_BW_retrofit_3,23.0,245
2100,544,SG_retrofit_4_Insul_retrofit_1_TR_retrofit_3_BW_retrofit_3,24.0,270
2100,544,SG_retrofit_4_Insul_retrofit_1_TR_retrofit_3_BW_retrofit_3,25.0,299
2100,544,SG_retrofit_4_Insul_retrofit_1_TR_retrofit_3_BW_retrofit_3,26.0,323
2100,545,SG_retrofit_4_Insul_retrofit_1_TR_retrofit_3_BW_retrofit_4,23.0,245
2100,545,SG_retrofit_4_Insul_retrofit_1_TR_retrofit_3_BW_retrofit_4,24.0,269
2100,545,SG_retrofit_4_Insul_retrofit_1_TR_retrofit_3_BW_retrofit_4,25.0,299
2100,545,SG_retrofit_4_Insul_retrofit_1_TR_retrofit_3_BW_retrofit_4,26.0,323
2100,546,SG_retrofit_4_Insul_retrofit_1_TR_retrofit_4_BW_current,23.0,255
2100,546,SG_retrofit_4_Insul_retrofit_1_TR_retrofit_4_BW_current,24.0,286
2100,546,SG_retrofit_4_Insul_retrofit_1_TR_retrofit_4_BW_current,25.0,311
2100,546,SG_retrofit_4_Insul_retrofit_1_TR_retrofit_4_BW_current,26.0,332
2100,547,SG_retrofit_4_Insul_retrofit_1_TR_retrofit_4_BW_retrofit_1,23.0,246
2100,547,SG_retrofit_4_Insul_retrofit_1_TR_retrofit_4_BW_retrofit_1,24.0,275
2100,547,SG_retrofit_4_Insul_retrofit_1_TR_retrofit_4_BW_retrofit_1,25.0,301
2100,547,SG_retrofit_4_Insul_retrofit_1_TR_retrofit_4_BW_retrofit_1,26.0,322
2100,548,SG_retrofit_4_Insul_retrofit_1_TR_retrofit_4_BW_retrofit_2,23.0,246
2100,548,SG_retrofit_4_Insul_retrofit_1_TR_retrofit_4_BW_retrofit_2,24.0,274
2100,548,SG_retrofit_4_Insul_retrofit_1_TR_retrofit_4_BW_retrofit_2,25.0,300
2100,548,SG_retrofit_4_Insul_retrofit_1_TR_retrofit_4_BW_retrofit_2,26.0,322
2100,549,SG_retrofit_4_Insul_retrofit_1_TR_retrofit_4_BW_retrofit_3,23.0,245
2100,549,SG_retrofit_4_Insul_retrofit_1_TR_retrofit_4_BW_retrofit_3,24.0,270
2100,549,SG_retrofit_4_Insul_retrofit_1_TR_retrofit_4_BW_retrofit_3,25.0,299
2100,549,SG_retrofit_4_Insul_retrofit_1_TR_retrofit_4_BW_retrofit_3,26.0,323
2100,550,SG_retrofit_4_Insul_retrofit_1_TR_retrofit_4_BW_retrofit_4,23.0,245
2100,550,SG_retrofit_4_Insul_retrofit_1_TR_retrofit_4_BW_retrofit_4,24.0,269
2100,550,SG_retrofit_4_Insul_retrofit_1_TR_retrofit_4_BW_retrofit_4,25.0,299
2100,550,SG_retrofit_4_Insul_retrofit_1_TR_retrofit_4_BW_retrofit_4,26.0,323
2100,551,SG_retrofit_4_Insul_retrofit_2_TR_current_BW_current,23.0,255
2100,551,SG_retrofit_4_Insul_retrofit_2_TR_current_BW_current,24.0,283
2100,551,SG_retrofit_4_Insul_retrofit_2_TR_current_BW_current,25.0,307
2100,551,SG_retrofit_4_Insul_retrofit_2_TR_current_BW_current,26.0,326
2100,552,SG_retrofit_4_Insul_retrofit_2_TR_current_BW_retrofit_1,23.0,246
2100,552,SG_retrofit_4_Insul_retrofit_2_TR_current_BW_retrofit_1,24.0,268
2100,552,SG_retrofit_4_Insul_retrofit_2_TR_current_BW_retrofit_1,25.0,299
2100,552,SG_retrofit_4_Insul_retrofit_2_TR_current_BW_retrofit_1,26.0,322
2100,553,SG_retrofit_4_Insul_retrofit_2_TR_current_BW_retrofit_2,23.0,245
2100,553,SG_retrofit_4_Insul_retrofit_2_TR_current_BW_retrofit_2,24.0,264
2100,553,SG_retrofit_4_Insul_retrofit_2_TR_current_BW_retrofit_2,25.0,297
2100,553,SG_retrofit_4_Insul_retrofit_2_TR_current_BW_retrofit_2,26.0,321
2100,554,SG_retrofit_4_Insul_retrofit_2_TR_current_BW_retrofit_3,23.0,245
2100,554,SG_retrofit_4_Insul_retrofit_2_TR_current_BW_retrofit_3,24.0,264
2100,554,SG_retrofit_4_Insul_retrofit_2_TR_current_BW_retrofit_3,25.0,295
2100,554,SG_retrofit_4_Insul_retrofit_2_TR_current_BW_retrofit_3,26.0,320
2100,555,SG_retrofit_4_Insul_retrofit_2_TR_current_BW_retrofit_4,23.0,245
2100,555,SG_retrofit_4_Insul_retrofit_2_TR_current_BW_retrofit_4,24.0,264
2100,555,SG_retrofit_4_Insul_retrofit_2_TR_current_BW_retrofit_4,25.0,295
2100,555,SG_retrofit_4_Insul_retrofit_2_TR_current_BW_retrofit_4,26.0,320
2100,556,SG_retrofit_4_Insul_retrofit_2_TR_retrofit_1_BW_current,23.0,255
2100,556,SG_retrofit_4_Insul_retrofit_2_TR_retrofit_1_BW_current,24.0,284
2100,556,SG_retrofit_4_Insul_retrofit_2_TR_retrofit_1_BW_current,25.0,309
2100,556,SG_retrofit_4_Insul_retrofit_2_TR_retrofit_1_BW_current,26.0,327
2100,557,SG_retrofit_4_Insul_retrofit_2_TR_retrofit_1_BW_retrofit_1,23.0,246
2100,557,SG_retrofit_4_Insul_retrofit_2_TR_retrofit_1_BW_retrofit_1,24.0,270
2100,557,SG_retrofit_4_Insul_retrofit_2_TR_retrofit_1_BW_retrofit_1,25.0,299
2100,557,SG_retrofit_4_Insul_retrofit_2_TR_retrofit_1_BW_retrofit_1,26.0,322
2100,558,SG_retrofit_4_Insul_retrofit_2_TR_retrofit_1_BW_retrofit_2,23.0,245
2100,558,SG_retrofit_4_Insul_retrofit_2_TR_retrofit_1_BW_retrofit_2,24.0,266
2100,558,SG_retrofit_4_Insul_retrofit_2_TR_retrofit_1_BW_retrofit_2,25.0,299
2100,558,SG_retrofit_4_Insul_retrofit_2_TR_retrofit_1_BW_retrofit_2,26.0,322
2100,559,SG_retrofit_4_Insul_retrofit_2_TR_retrofit_1_BW_retrofit_3,23.0,244
2100,559,SG_retrofit_4_Insul_retrofit_2_TR_retrofit_1_BW_retrofit_3,24.0,265
2100,559,SG_retrofit_4_Insul_retrofit_2_TR_retrofit_1_BW_retrofit_3,25.0,297
2100,559,SG_retrofit_4_Insul_retrofit_2_TR_retrofit_1_BW_retrofit_3,26.0,321
2100,560,SG_retrofit_4_Insul_retrofit_2_TR_retrofit_1_BW_retrofit_4,23.0,243
2100,560,SG_retrofit_4_Insul_retrofit_2_TR_retrofit_1_BW_retrofit_4,24.0,265
2100,560,SG_retrofit_4_Insul_retrofit_2_TR_retrofit_1_BW_retrofit_4,25.0,297
2100,560,SG_retrofit_4_Insul_retrofit_2_TR_retrofit_1_BW_retrofit_4,26.0,321
2100,561,SG_retrofit_4_Insul_retrofit_2_TR_retrofit_2_BW_current,23.0,255
2100,561,SG_retrofit_4_Insul_retrofit_2_TR_retrofit_2_BW_current,24.0,284
2100,561,SG_retrofit_4_Insul_retrofit_2_TR_retrofit_2_BW_current,25.0,308
2100,561,SG_retrofit_4_Insul_retrofit_2_TR_retrofit_2_BW_current,26.0,327
2100,562,SG_retrofit_4_Insul_retrofit_2_TR_retrofit_2_BW_retrofit_1,23.0,246
2100,562,SG_retrofit_4_Insul_retrofit_2_TR_retrofit_2_BW_retrofit_1,24.0,269
2100,562,SG_retrofit_4_Insul_retrofit_2_TR_retrofit_2_BW_retrofit_1,25.0,299
2100,562,SG_retrofit_4_Insul_retrofit_2_TR_retrofit_2_BW_retrofit_1,26.0,322
2100,563,SG_retrofit_4_Insul_retrofit_2_TR_retrofit_2_BW_retrofit_2,23.0,245
2100,563,SG_retrofit_4_Insul_retrofit_2_TR_retrofit_2_BW_retrofit_2,24.0,265
2100,563,SG_retrofit_4_Insul_retrofit_2_TR_retrofit_2_BW_retrofit_2,25.0,299
2100,563,SG_retrofit_4_Insul_retrofit_2_TR_retrofit_2_BW_retrofit_2,26.0,322
2100,564,SG_retrofit_4_Insul_retrofit_2_TR_retrofit_2_BW_retrofit_3,23.0,243
2100,564,SG_retrofit_4_Insul_retrofit_2_TR_retrofit_2_BW_retrofit_3,24.0,265
2100,564,SG_retrofit_4_Insul_retrofit_2_TR_retrofit_2_BW_retrofit_3,25.0,297
2100,564,SG_retrofit_4_Insul_retrofit_2_TR_retrofit_2_BW_retrofit_3,26.0,321
2100,565,SG_retrofit_4_Insul_retrofit_2_TR_retrofit_2_BW_retrofit_4,23.0,242
2100,565,SG_retrofit_4_Insul_retrofit_2_TR_retrofit_2_BW_retrofit_4,24.0,265
2100,565,SG_retrofit_4_Insul_retrofit_2_TR_retrofit_2_BW_retrofit_4,25.0,297
2100,565,SG_retrofit_4_Insul_retrofit_2_TR_retrofit_2_BW_retrofit_4,26.0,321
2100,566,SG_retrofit_4_Insul_retrofit_2_TR_retrofit_3_BW_current,23.0,255
2100,566,SG_retrofit_4_Insul_retrofit_2_TR_retrofit_3_BW_current,24.0,284
2100,566,SG_retrofit_4_Insul_retrofit_2_TR_retrofit_3_BW_current,25.0,308
2100,566,SG_retrofit_4_Insul_retrofit_2_TR_retrofit_3_BW_current,26.0,327
2100,567,SG_retrofit_4_Insul_retrofit_2_TR_retrofit_3_BW_retrofit_1,23.0,246
2100,567,SG_retrofit_4_Insul_retrofit_2_TR_retrofit_3_BW_retrofit_1,24.0,270
2100,567,SG_retrofit_4_Insul_retrofit_2_TR_retrofit_3_BW_retrofit_1,25.0,299
2100,567,SG_retrofit_4_Insul_retrofit_2_TR_retrofit_3_BW_retrofit_1,26.0,322
2100,568,SG_retrofit_4_Insul_retrofit_2_TR_retrofit_3_BW_retrofit_2,23.0,245
2100,568,SG_retrofit_4_Insul_retrofit_2_TR_retrofit_3_BW_retrofit_2,24.0,265
2100,568,SG_retrofit_4_Insul_retrofit_2_TR_retrofit_3_BW_retrofit_2,25.0,299
2100,568,SG_retrofit_4_Insul_retrofit_2_TR_retrofit_3_BW_retrofit_2,26.0,322
2100,569,SG_retrofit_4_Insul_retrofit_2_TR_retrofit_3_BW_retrofit_3,23.0,242
2100,569,SG_retrofit_4_Insul_retrofit_2_TR_retrofit_3_BW_retrofit_3,24.0,265
2100,569,SG_retrofit_4_Insul_retrofit_2_TR_retrofit_3_BW_retrofit_3,25.0,297
2100,569,SG_retrofit_4_Insul_retrofit_2_TR_retrofit_3_BW_retrofit_3,26.0,321
2100,570,SG_retrofit_4_Insul_retrofit_2_TR_retrofit_3_BW_retrofit_4,23.0,242
2100,570,SG_retrofit_4_Insul_retrofit_2_TR_retrofit_3_BW_retrofit_4,24.0,265
2100,570,SG_retrofit_4_Insul_retrofit_2_TR_retrofit_3_BW_retrofit_4,25.0,297
2100,570,SG_retrofit_4_Insul_retrofit_2_TR_retrofit_3_BW_retrofit_4,26.0,321
2100,571,SG_retrofit_4_Insul_retrofit_2_TR_retrofit_4_BW_current,23.0,255
2100,571,SG_retrofit_4_Insul_retrofit_2_TR_retrofit_4_BW_current,24.0,284
2100,571,SG_retrofit_4_Insul_retrofit_2_TR_retrofit_4_BW_current,25.0,308
2100,571,SG_retrofit_4_Insul_retrofit_2_TR_retrofit_4_BW_current,26.0,327
2100,572,SG_retrofit_4_Insul_retrofit_2_TR_retrofit_4_BW_retrofit_1,23.0,246
2100,572,SG_retrofit_4_Insul_retrofit_2_TR_retrofit_4_BW_retrofit_1,24.0,270
2100,572,SG_retrofit_4_Insul_retrofit_2_TR_retrofit_4_BW_retrofit_1,25.0,299
2100,572,SG_retrofit_4_Insul_retrofit_2_TR_retrofit_4_BW_retrofit_1,26.0,322
2100,573,SG_retrofit_4_Insul_retrofit_2_TR_retrofit_4_BW_retrofit_2,23.0,245
2100,573,SG_retrofit_4_Insul_retrofit_2_TR_retrofit_4_BW_retrofit_2,24.0,265
2100,573,SG_retrofit_4_Insul_retrofit_2_TR_retrofit_4_BW_retrofit_2,25.0,299
2100,573,SG_retrofit_4_Insul_retrofit_2_TR_retrofit_4_BW_retrofit_2,26.0,322
2100,574,SG_retrofit_4_Insul_retrofit_2_TR_retrofit_4_BW_retrofit_3,23.0,242
2100,574,SG_retrofit_4_Insul_retrofit_2_TR_retrofit_4_BW_retrofit_3,24.0,265
2100,574,SG_retrofit_4_Insul_retrofit_2_TR_retrofit_4_BW_retrofit_3,25.0,297
2100,574,SG_retrofit_4_Insul_retrofit_2_TR_retrofit_4_BW_retrofit_3,26.0,321
2100,575,SG_retrofit_4_Insul_retrofit_2_TR_retrofit_4_BW_retrofit_4,23.0,242
2100,575,SG_retrofit_4_Insul_retrofit_2_TR_retrofit_4_BW_retrofit_4,24.0,265
2100,575,SG_retrofit_4_Insul_retrofit_2_TR_retrofit_4_BW_retrofit_4,25.0,297
2100,575,SG_retrofit_4_Insul_retrofit_2_TR_retrofit_4_BW_retrofit_4,26.0,321
2100,576,SG_retrofit_4_Insul_retrofit_3_TR_current_BW_current,23.0,254
2100,576,SG_retrofit_4_Insul_retrofit_3_TR_current_BW_current,24.0,283
2100,576,SG_retrofit_4_Insul_retrofit_3_TR_current_BW_current,25.0,307
2100,576,SG_retrofit_4_Insul_retrofit_3_TR_current_BW_current,26.0,322
2100,577,SG_retrofit_4_Insul_retrofit_3_TR_current_BW_retrofit_1,23.0,245
2100,577,SG_retrofit_4_Insul_retrofit_3_TR_current_BW_retrofit_1,24.0,266
2100,577,SG_retrofit_4_Insul_retrofit_3_TR_current_BW_retrofit_1,25.0,299
2100,577,SG_retrofit_4_Insul_retrofit_3_TR_current_BW_retrofit_1,26.0,321
2100,578,SG_retrofit_4_Insul_retrofit_3_TR_current_BW_retrofit_2,23.0,244
2100,578,SG_retrofit_4_Insul_retrofit_3_TR_current_BW_retrofit_2,24.0,264
2100,578,SG_retrofit_4_Insul_retrofit_3_TR_current_BW_retrofit_2,25.0,296
2100,578,SG_retrofit_4_Insul_retrofit_3_TR_current_BW_retrofit_2,26.0,319
2100,579,SG_retrofit_4_Insul_retrofit_3_TR_current_BW_retrofit_3,23.0,243
2100,579,SG_retrofit_4_Insul_retrofit_3_TR_current_BW_retrofit_3,24.0,264
2100,579,SG_retrofit_4_Insul_retrofit_3_TR_current_BW_retrofit_3,25.0,294
2100,579,SG_retrofit_4_Insul_retrofit_3_TR_current_BW_retrofit_3,26.0,316
2100,580,SG_retrofit_4_Insul_retrofit_3_TR_current_BW_retrofit_4,23.0,242
2100,580,SG_retrofit_4_Insul_retrofit_3_TR_current_BW_retrofit_4,24.0,262
2100,580,SG_retrofit_4_Insul_retrofit_3_TR_current_BW_retrofit_4,25.0,294
2100,580,SG_retrofit_4_Insul_retrofit_3_TR_current_BW_retrofit_4,26.0,315
2100,581,SG_retrofit_4_Insul_retrofit_3_TR_retrofit_1_BW_current,23.0,254
2100,581,SG_retrofit_4_Insul_retrofit_3_TR_retrofit_1_BW_current,24.0,283
2100,581,SG_retrofit_4_Insul_retrofit_3_TR_retrofit_1_BW_current,25.0,307
2100,581,SG_retrofit_4_Insul_retrofit_3_TR_retrofit_1_BW_current,26.0,326
2100,582,SG_retrofit_4_Insul_retrofit_3_TR_retrofit_1_BW_retrofit_1,23.0,246
2100,582,SG_retrofit_4_Insul_retrofit_3_TR_retrofit_1_BW_retrofit_1,24.0,267
2100,582,SG_retrofit_4_Insul_retrofit_3_TR_retrofit_1_BW_retrofit_1,25.0,299
2100,582,SG_retrofit_4_Insul_retrofit_3_TR_retrofit_1_BW_retrofit_1,26.0,322
2100,583,SG_retrofit_4_Insul_retrofit_3_TR_retrofit_1_BW_retrofit_2,23.0,245
2100,583,SG_retrofit_4_Insul_retrofit_3_TR_retrofit_1_BW_retrofit_2,24.0,264
2100,583,SG_retrofit_4_Insul_retrofit_3_TR_retrofit_1_BW_retrofit_2,25.0,297
2100,583,SG_retrofit_4_Insul_retrofit_3_TR_retrofit_1_BW_retrofit_2,26.0,321
2100,584,SG_retrofit_4_Insul_retrofit_3_TR_retrofit_1_BW_retrofit_3,23.0,242
2100,584,SG_retrofit_4_Insul_retrofit_3_TR_retrofit_1_BW_retrofit_3,24.0,264
2100,584,SG_retrofit_4_Insul_retrofit_3_TR_retrofit_1_BW_retrofit_3,25.0,297
2100,584,SG_retrofit_4_Insul_retrofit_3_TR_retrofit_1_BW_retrofit_3,26.0,320
2100,585,SG_retrofit_4_Insul_retrofit_3_TR_retrofit_1_BW_retrofit_4,23.0,241
2100,585,SG_retrofit_4_Insul_retrofit_3_TR_retrofit_1_BW_retrofit_4,24.0,264
2100,585,SG_retrofit_4_Insul_retrofit_3_TR_retrofit_1_BW_retrofit_4,25.0,296
2100,585,SG_retrofit_4_Insul_retrofit_3_TR_retrofit_1_BW_retrofit_4,26.0,320
2100,586,SG_retrofit_4_Insul_retrofit_3_TR_retrofit_2_BW_current,23.0,254
2100,586,SG_retrofit_4_Insul_retrofit_3_TR_retrofit_2_BW_current,24.0,283
2100,586,SG_retrofit_4_Insul_retrofit_3_TR_retrofit_2_BW_current,25.0,307
2100,586,SG_retrofit_4_Insul_retrofit_3_TR_retrofit_2_BW_current,26.0,326
2100,587,SG_retrofit_4_Insul_retrofit_3_TR_retrofit_2_BW_retrofit_1,23.0,245
2100,587,SG_retrofit_4_Insul_retrofit_3_TR_retrofit_2_BW_retrofit_1,24.0,267
2100,587,SG_retrofit_4_Insul_retrofit_3_TR_retrofit_2_BW_retrofit_1,25.0,299
2100,587,SG_retrofit_4_Insul_retrofit_3_TR_retrofit_2_BW_retrofit_1,26.0,322
2100,588,SG_retrofit_4_Insul_retrofit_3_TR_retrofit_2_BW_retrofit_2,23.0,245
2100,588,SG_retrofit_4_Insul_retrofit_3_TR_retrofit_2_BW_retrofit_2,24.0,264
2100,588,SG_retrofit_4_Insul_retrofit_3_TR_retrofit_2_BW_retrofit_2,25.0,297
2100,588,SG_retrofit_4_Insul_retrofit_3_TR_retrofit_2_BW_retrofit_2,26.0,321
2100,589,SG_retrofit_4_Insul_retrofit_3_TR_retrofit_2_BW_retrofit_3,23.0,242
2100,589,SG_retrofit_4_Insul_retrofit_3_TR_retrofit_2_BW_retrofit_3,24.0,264
2100,589,SG_retrofit_4_Insul_retrofit_3_TR_retrofit_2_BW_retrofit_3,25.0,296
2100,589,SG_retrofit_4_Insul_retrofit_3_TR_retrofit_2_BW_retrofit_3,26.0,319
2100,590,SG_retrofit_4_Insul_retrofit_3_TR_retrofit_2_BW_retrofit_4,23.0,241
2100,590,SG_retrofit_4_Insul_retrofit_3_TR_retrofit_2_BW_retrofit_4,24.0,263
2100,590,SG_retrofit_4_Insul_retrofit_3_TR_retrofit_2_BW_retrofit_4,25.0,296
2100,590,SG_retrofit_4_Insul_retrofit_3_TR_retrofit_2_BW_retrofit_4,26.0,318
2100,591,SG_retrofit_4_Insul_retrofit_3_TR_retrofit_3_BW_current,23.0,254
2100,591,SG_retrofit_4_Insul_retrofit_3_TR_retrofit_3_BW_current,24.0,283
2100,591,SG_retrofit_4_Insul_retrofit_3_TR_retrofit_3_BW_current,25.0,308
2100,591,SG_retrofit_4_Insul_retrofit_3_TR_retrofit_3_BW_current,26.0,326
2100,592,SG_retrofit_4_Insul_retrofit_3_TR_retrofit_3_BW_retrofit_1,23.0,245
2100,592,SG_retrofit_4_Insul_retrofit_3_TR_retrofit_3_BW_retrofit_1,24.0,266
2100,592,SG_retrofit_4_Insul_retrofit_3_TR_retrofit_3_BW_retrofit_1,25.0,299
2100,592,SG_retrofit_4_Insul_retrofit_3_TR_retrofit_3_BW_retrofit_1,26.0,322
2100,593,SG_retrofit_4_Insul_retrofit_3_TR_retrofit_3_BW_retrofit_2,23.0,245
2100,593,SG_retrofit_4_Insul_retrofit_3_TR_retrofit_3_BW_retrofit_2,24.0,264
2100,593,SG_retrofit_4_Insul_retrofit_3_TR_retrofit_3_BW_retrofit_2,25.0,297
2100,593,SG_retrofit_4_Insul_retrofit_3_TR_retrofit_3_BW_retrofit_2,26.0,321
2100,594,SG_retrofit_4_Insul_retrofit_3_TR_retrofit_3_BW_retrofit_3,23.0,241
2100,594,SG_retrofit_4_Insul_retrofit_3_TR_retrofit_3_BW_retrofit_3,24.0,264
2100,594,SG_retrofit_4_Insul_retrofit_3_TR_retrofit_3_BW_retrofit_3,25.0,296
2100,594,SG_retrofit_4_Insul_retrofit_3_TR_retrofit_3_BW_retrofit_3,26.0,321
2100,595,SG_retrofit_4_Insul_retrofit_3_TR_retrofit_3_BW_retrofit_4,23.0,241
2100,595,SG_retrofit_4_Insul_retrofit_3_TR_retrofit_3_BW_retrofit_4,24.0,263
2100,595,SG_retrofit_4_Insul_retrofit_3_TR_retrofit_3_BW_retrofit_4,25.0,296
2100,595,SG_retrofit_4_Insul_retrofit_3_TR_retrofit_3_BW_retrofit_4,26.0,319
2100,596,SG_retrofit_4_Insul_retrofit_3_TR_retrofit_4_BW_current,23.0,254
2100,596,SG_retrofit_4_Insul_retrofit_3_TR_retrofit_4_BW_current,24.0,283
2100,596,SG_retrofit_4_Insul_retrofit_3_TR_retrofit_4_BW_current,25.0,308
2100,596,SG_retrofit_4_Insul_retrofit_3_TR_retrofit_4_BW_current,26.0,326
2100,597,SG_retrofit_4_Insul_retrofit_3_TR_retrofit_4_BW_retrofit_1,23.0,245
2100,597,SG_retrofit_4_Insul_retrofit_3_TR_retrofit_4_BW_retrofit_1,24.0,265
2100,597,SG_retrofit_4_Insul_retrofit_3_TR_retrofit_4_BW_retrofit_1,25.0,299
2100,597,SG_retrofit_4_Insul_retrofit_3_TR_retrofit_4_BW_retrofit_1,26.0,322
2100,598,SG_retrofit_4_Insul_retrofit_3_TR_retrofit_4_BW_retrofit_2,23.0,245
2100,598,SG_retrofit_4_Insul_retrofit_3_TR_retrofit_4_BW_retrofit_2,24.0,264
2100,598,SG_retrofit_4_Insul_retrofit_3_TR_retrofit_4_BW_retrofit_2,25.0,297
2100,598,SG_retrofit_4_Insul_retrofit_3_TR_retrofit_4_BW_retrofit_2,26.0,321
2100,599,SG_retrofit_4_Insul_retrofit_3_TR_retrofit_4_BW_retrofit_3,23.0,241
2100,599,SG_retrofit_4_Insul_retrofit_3_TR_retrofit_4_BW_retrofit_3,24.0,264
2100,599,SG_retrofit_4_Insul_retrofit_3_TR_retrofit_4_BW_retrofit_3,25.0,296
2100,599,SG_retrofit_4_Insul_retrofit_3_TR_retrofit_4_BW_retrofit_3,26.0,321
2100,600,SG_retrofit_4_Insul_retrofit_3_TR_retrofit_4_BW_retrofit_4,23.0,241
2100,600,SG_retrofit_4_Insul_retrofit_3_TR_retrofit_4_BW_retrofit_4,24.0,263
2100,600,SG_retrofit_4_Insul_retrofit_3_TR_retrofit_4_BW_retrofit_4,25.0,296
2100,600,SG_retrofit_4_Insul_retrofit_3_TR_retrofit_4_BW_retrofit_4,26.0,319
2100,601,SG_retrofit_4_Insul_retrofit_4_TR_current_BW_current,23.0,254
2100,601,SG_retrofit_4_Insul_retrofit_4_TR_current_BW_current,24.0,283
2100,601,SG_retrofit_4_Insul_retrofit_4_TR_current_BW_current,25.0,307
2100,601,SG_retrofit_4_Insul_retrofit_4_TR_current_BW_current,26.0,322
2100,602,SG_retrofit_4_Insul_retrofit_4_TR_current_BW_retrofit_1,23.0,245
2100,602,SG_retrofit_4_Insul_retrofit_4_TR_current_BW_retrofit_1,24.0,264
2100,602,SG_retrofit_4_Insul_retrofit_4_TR_current_BW_retrofit_1,25.0,298
2100,602,SG_retrofit_4_Insul_retrofit_4_TR_current_BW_retrofit_1,26.0,321
2100,603,SG_retrofit_4_Insul_retrofit_4_TR_current_BW_retrofit_2,23.0,244
2100,603,SG_retrofit_4_Insul_retrofit_4_TR_current_BW_retrofit_2,24.0,264
2100,603,SG_retrofit_4_Insul_retrofit_4_TR_current_BW_retrofit_2,25.0,296
2100,603,SG_retrofit_4_Insul_retrofit_4_TR_current_BW_retrofit_2,26.0,319
2100,604,SG_retrofit_4_Insul_retrofit_4_TR_current_BW_retrofit_3,23.0,243
2100,604,SG_retrofit_4_Insul_retrofit_4_TR_current_BW_retrofit_3,24.0,262
2100,604,SG_retrofit_4_Insul_retrofit_4_TR_current_BW_retrofit_3,25.0,293
2100,604,SG_retrofit_4_Insul_retrofit_4_TR_current_BW_retrofit_3,26.0,315
2100,605,SG_retrofit_4_Insul_retrofit_4_TR_current_BW_retrofit_4,23.0,241
2100,605,SG_retrofit_4_Insul_retrofit_4_TR_current_BW_retrofit_4,24.0,262
2100,605,SG_retrofit_4_Insul_retrofit_4_TR_current_BW_retrofit_4,25.0,293
2100,605,SG_retrofit_4_Insul_retrofit_4_TR_current_BW_retrofit_4,26.0,315
2100,606,SG_retrofit_4_Insul_retrofit_4_TR_retrofit_1_BW_current,23.0,254
2100,606,SG_retrofit_4_Insul_retrofit_4_TR_retrofit_1_BW_current,24.0,283
2100,606,SG_retrofit_4_Insul_retrofit_4_TR_retrofit_1_BW_current,25.0,308
2100,606,SG_retrofit_4_Insul_retrofit_4_TR_retrofit_1_BW_current,26.0,326
2100,607,SG_retrofit_4_Insul_retrofit_4_TR_retrofit_1_BW_retrofit_1,23.0,245
2100,607,SG_retrofit_4_Insul_retrofit_4_TR_retrofit_1_BW_retrofit_1,24.0,266
2100,607,SG_retrofit_4_Insul_retrofit_4_TR_retrofit_1_BW_retrofit_1,25.0,299
2100,607,SG_retrofit_4_Insul_retrofit_4_TR_retrofit_1_BW_retrofit_1,26.0,322
2100,608,SG_retrofit_4_Insul_retrofit_4_TR_retrofit_1_BW_retrofit_2,23.0,245
2100,608,SG_retrofit_4_Insul_retrofit_4_TR_retrofit_1_BW_retrofit_2,24.0,264
2100,608,SG_retrofit_4_Insul_retrofit_4_TR_retrofit_1_BW_retrofit_2,25.0,297
2100,608,SG_retrofit_4_Insul_retrofit_4_TR_retrofit_1_BW_retrofit_2,26.0,321
2100,609,SG_retrofit_4_Insul_retrofit_4_TR_retrofit_1_BW_retrofit_3,23.0,242
2100,609,SG_retrofit_4_Insul_retrofit_4_TR_retrofit_1_BW_retrofit_3,24.0,264
2100,609,SG_retrofit_4_Insul_retrofit_4_TR_retrofit_1_BW_retrofit_3,25.0,296
2100,609,SG_retrofit_4_Insul_retrofit_4_TR_retrofit_1_BW_retrofit_3,26.0,318
2100,610,SG_retrofit_4_Insul_retrofit_4_TR_retrofit_1_BW_retrofit_4,23.0,241
2100,610,SG_retrofit_4_Insul_retrofit_4_TR_retrofit_1_BW_retrofit_4,24.0,263
2100,610,SG_retrofit_4_Insul_retrofit_4_TR_retrofit_1_BW_retrofit_4,25.0,296
2100,610,SG_retrofit_4_Insul_retrofit_4_TR_retrofit_1_BW_retrofit_4,26.0,318
2100,611,SG_retrofit_4_Insul_retrofit_4_TR_retrofit_2_BW_current,23.0,254
2100,611,SG_retrofit_4_Insul_retrofit_4_TR_retrofit_2_BW_current,24.0,283
2100,611,SG_retrofit_4_Insul_retrofit_4_TR_retrofit_2_BW_current,25.0,308
2100,611,SG_retrofit_4_Insul_retrofit_4_TR_retrofit_2_BW_current,26.0,326
2100,612,SG_retrofit_4_Insul_retrofit_4_TR_retrofit_2_BW_retrofit_1,23.0,245
2100,612,SG_retrofit_4_Insul_retrofit_4_TR_retrofit_2_BW_retrofit_1,24.0,265
2100,612,SG_retrofit_4_Insul_retrofit_4_TR_retrofit_2_BW_retrofit_1,25.0,299
2100,612,SG_retrofit_4_Insul_retrofit_4_TR_retrofit_2_BW_retrofit_1,26.0,322
2100,613,SG_retrofit_4_Insul_retrofit_4_TR_retrofit_2_BW_retrofit_2,23.0,245
2100,613,SG_retrofit_4_Insul_retrofit_4_TR_retrofit_2_BW_retrofit_2,24.0,264
2100,613,SG_retrofit_4_Insul_retrofit_4_TR_retrofit_2_BW_retrofit_2,25.0,297
2100,613,SG_retrofit_4_Insul_retrofit_4_TR_retrofit_2_BW_retrofit_2,26.0,321
2100,614,SG_retrofit_4_Insul_retrofit_4_TR_retrofit_2_BW_retrofit_3,23.0,241
2100,614,SG_retrofit_4_Insul_retrofit_4_TR_retrofit_2_BW_retrofit_3,24.0,263
2100,614,SG_retrofit_4_Insul_retrofit_4_TR_retrofit_2_BW_retrofit_3,25.0,296
2100,614,SG_retrofit_4_Insul_retrofit_4_TR_retrofit_2_BW_retrofit_3,26.0,318
2100,615,SG_retrofit_4_Insul_retrofit_4_TR_retrofit_2_BW_retrofit_4,23.0,241
2100,615,SG_retrofit_4_Insul_retrofit_4_TR_retrofit_2_BW_retrofit_4,24.0,263
2100,615,SG_retrofit_4_Insul_retrofit_4_TR_retrofit_2_BW_retrofit_4,25.0,296
2100,615,SG_retrofit_4_Insul_retrofit_4_TR_retrofit_2_BW_retrofit_4,26.0,318
2100,616,SG_retrofit_4_Insul_retrofit_4_TR_retrofit_3_BW_current,23.0,254
2100,616,SG_retrofit_4_Insul_retrofit_4_TR_retrofit_3_BW_current,24.0,283
2100,616,SG_retrofit_4_Insul_retrofit_4_TR_retrofit_3_BW_current,25.0,308
2100,616,SG_retrofit_4_Insul_retrofit_4_TR_retrofit_3_BW_current,26.0,326
2100,617,SG_retrofit_4_Insul_retrofit_4_TR_retrofit_3_BW_retrofit_1,23.0,245
2100,617,SG_retrofit_4_Insul_retrofit_4_TR_retrofit_3_BW_retrofit_1,24.0,265
2100,617,SG_retrofit_4_Insul_retrofit_4_TR_retrofit_3_BW_retrofit_1,25.0,299
2100,617,SG_retrofit_4_Insul_retrofit_4_TR_retrofit_3_BW_retrofit_1,26.0,322
2100,618,SG_retrofit_4_Insul_retrofit_4_TR_retrofit_3_BW_retrofit_2,23.0,245
2100,618,SG_retrofit_4_Insul_retrofit_4_TR_retrofit_3_BW_retrofit_2,24.0,264
2100,618,SG_retrofit_4_Insul_retrofit_4_TR_retrofit_3_BW_retrofit_2,25.0,297
2100,618,SG_retrofit_4_Insul_retrofit_4_TR_retrofit_3_BW_retrofit_2,26.0,321
2100,619,SG_retrofit_4_Insul_retrofit_4_TR_retrofit_3_BW_retrofit_3,23.0,241
2100,619,SG_retrofit_4_Insul_retrofit_4_TR_retrofit_3_BW_retrofit_3,24.0,263
2100,619,SG_retrofit_4_Insul_retrofit_4_TR_retrofit_3_BW_retrofit_3,25.0,296
2100,619,SG_retrofit_4_Insul_retrofit_4_TR_retrofit_3_BW_retrofit_3,26.0,318
2100,620,SG_retrofit_4_Insul_retrofit_4_TR_retrofit_3_BW_retrofit_4,23.0,241
2100,620,SG_retrofit_4_Insul_retrofit_4_TR_retrofit_3_BW_retrofit_4,24.0,263
2100,620,SG_retrofit_4_Insul_retrofit_4_TR_retrofit_3_BW_retrofit_4,25.0,296
2100,620,SG_retrofit_4_Insul_retrofit_4_TR_retrofit_3_BW_retrofit_4,26.0,318
2100,621,SG_retrofit_4_Insul_retrofit_4_TR_retrofit_4_BW_current,23.0,254
2100,621,SG_retrofit_4_Insul_retrofit_4_TR_retrofit_4_BW_current,24.0,283
2100,621,SG_retrofit_4_Insul_retrofit_4_TR_retrofit_4_BW_current,25.0,308
2100,621,SG_retrofit_4_Insul_retrofit_4_TR_retrofit_4_BW_current,26.0,326
2100,622,SG_retrofit_4_Insul_retrofit_4_TR_retrofit_4_BW_retrofit_1,23.0,245
2100,622,SG_retrofit_4_Insul_retrofit_4_TR_retrofit_4_BW_retrofit_1,24.0,265
2100,622,SG_retrofit_4_Insul_retrofit_4_TR_retrofit_4_BW_retrofit_1,25.0,299
2100,622,SG_retrofit_4_Insul_retrofit_4_TR_retrofit_4_BW_retrofit_1,26.0,322
2100,623,SG_retrofit_4_Insul_retrofit_4_TR_retrofit_4_BW_retrofit_2,23.0,245
2100,623,SG_retrofit_4_Insul_retrofit_4_TR_retrofit_4_BW_retrofit_2,24.0,264
2100,623,SG_retrofit_4_Insul_retrofit_4_TR_retrofit_4_BW_retrofit_2,25.0,297
2100,623,SG_retrofit_4_Insul_retrofit_4_TR_retrofit_4_BW_retrofit_2,26.0,321
2100,624,SG_retrofit_4_Insul_retrofit_4_TR_retrofit_4_BW_retrofit_3,23.0,241
2100,624,SG_retrofit_4_Insul_retrofit_4_TR_retrofit_4_BW_retrofit_3,24.0,263
2100,624,SG_retrofit_4_Insul_retrofit_4_TR_retrofit_4_BW_retrofit_3,25.0,296
2100,624,SG_retrofit_4_Insul_retrofit_4_TR_retrofit_4_BW_retrofit_3,26.0,318
2100,625,SG_retrofit_4_Insul_retrofit_4_TR_retrofit_4_BW_retrofit_4,23.0,241
2100,625,SG_retrofit_4_Insul_retrofit_4_TR_retrofit_4_BW_retrofit_4,24.0,263
2100,625,SG_retrofit_4_Insul_retrofit_4_TR_retrofit_4_BW_retrofit_4,25.0,296
2100,625,SG_retrofit_4_Insul_retrofit_4_TR_retrofit_4_BW_retrofit_4,26.0,318
