weather_code,weather,simulation_id,heating_reduction_percent,additional_threshold_days,floor_group
2020,Present TMYx,1,0.0,0.0,existing
2020,Present TMYx,2,11.470696937609251,-3.0,existing
2020,Present TMYx,3,14.095922093873735,-3.0,existing
2020,Present TMYx,4,15.68319372313528,-3.0,existing
2020,Present TMYx,5,15.459676250427673,-3.0,existing
2020,Present TMYx,6,11.990670851905694,0.0,existing
2020,Present TMYx,7,24.114872354905973,-3.0,existing
2020,Present TMYx,8,26.455100892771338,-3.0,existing
2020,Present TMYx,9,28.17466378368885,-3.0,existing
2020,Present TMYx,10,28.340759666957872,-3.0,existing
2020,Present TMYx,11,12.524133255979876,0.0,existing
2020,Present TMYx,12,24.30548290537693,-3.0,existing
2020,Present TMYx,13,27.17947740027351,-3.0,existing
2020,Present TMYx,14,28.230325493029262,-3.0,existing
2020,Present TMYx,15,28.625228078914148,-3.0,existing
2020,Present TMYx,16,13.770641771186137,0.0,existing
2020,Present TMYx,17,25.86249552806722,-3.0,existing
2020,Present TMYx,18,28.271129563579994,-3.0,existing
2020,Present TMYx,19,29.734910667069357,-4.0,existing
2020,Present TMYx,20,29.70198202585283,-4.0,existing
2020,Present TMYx,21,14.039833533694301,0.0,existing
2020,Present TMYx,22,25.81511682848035,-3.0,existing
2020,Present TMYx,23,28.15676144081322,-3.0,existing
2020,Present TMYx,24,29.947133181482855,-4.0,existing
2020,Present TMYx,25,29.69578702176726,-4.0,existing
2020,Present TMYx,26,3.6216601020370494,2.0,insulated
2020,Present TMYx,27,16.981027264446578,1.0,insulated
2020,Present TMYx,28,19.509451953235175,1.0,insulated
2020,Present TMYx,29,21.509230605890647,1.0,insulated
2020,Present TMYx,30,21.10512402211273,1.0,insulated
2020,Present TMYx,31,17.293508267649642,2.0,insulated
2020,Present TMYx,32,29.228576294468272,-1.0,insulated
2020,Present TMYx,33,31.80529233654914,-1.0,insulated
2020,Present TMYx,34,34.16171532589322,-1.0,insulated
2020,Present TMYx,35,34.25574311931458,-1.0,insulated
2020,Present TMYx,36,17.592111131330288,2.0,insulated
2020,Present TMYx,37,29.915078725406413,-1.0,insulated
2020,Present TMYx,38,32.340421213353004,-1.0,insulated
2020,Present TMYx,39,34.575791799641706,-1.0,insulated
2020,Present TMYx,40,34.66261494442012,-1.0,insulated
2020,Present TMYx,41,19.103090104421053,1.0,insulated
2020,Present TMYx,42,31.738555551495303,-1.0,insulated
2020,Present TMYx,43,33.945713977357464,-1.0,insulated
2020,Present TMYx,44,35.66669948477482,-1.0,insulated
2020,Present TMYx,45,35.81020820007823,-1.0,insulated
2020,Present TMYx,46,18.954765236266343,1.0,insulated
2020,Present TMYx,47,31.604430924467398,-1.0,insulated
2020,Present TMYx,48,33.992095588478485,-1.0,insulated
2020,Present TMYx,49,35.93956820493355,-1.0,insulated
2020,Present TMYx,50,35.9963833309998,-1.0,insulated
2020,Present TMYx,51,4.547422622695177,2.0,insulated
2020,Present TMYx,52,17.684683056726453,1.0,insulated
2020,Present TMYx,53,19.938520044206406,1.0,insulated
2020,Present TMYx,54,21.937064801678478,1.0,insulated
2020,Present TMYx,55,21.41310708687428,1.0,insulated
2020,Present TMYx,56,17.383899296177226,2.0,insulated
2020,Present TMYx,57,29.81089906877516,-1.0,insulated
2020,Present TMYx,58,32.296759446013944,-1.0,insulated
2020,Present TMYx,59,33.69048644664213,-1.0,insulated
2020,Present TMYx,60,34.02863941615171,-1.0,insulated
2020,Present TMYx,61,18.168348293890485,2.0,insulated
2020,Present TMYx,62,29.915073451138554,-1.0,insulated
2020,Present TMYx,63,32.818824165222395,-1.0,insulated
2020,Present TMYx,64,34.333403427324775,-1.0,insulated
2020,Present TMYx,65,34.46183800444728,-1.0,insulated
2020,Present TMYx,66,19.555431399981586,2.0,insulated
2020,Present TMYx,67,32.14108193694272,-1.0,insulated
2020,Present TMYx,68,34.49963822217048,-1.0,insulated
2020,Present TMYx,69,36.375690038856675,-1.0,insulated
2020,Present TMYx,70,36.215065705815626,-1.0,insulated
2020,Present TMYx,71,19.41079554311365,1.0,insulated
2020,Present TMYx,72,32.16348136991849,-1.0,insulated
2020,Present TMYx,73,34.52286080488331,-1.0,insulated
2020,Present TMYx,74,35.958478794305954,-1.0,insulated
2020,Present TMYx,75,36.208964519103525,-1.0,insulated
2020,Present TMYx,76,5.140478920511946,2.0,insulated
2020,Present TMYx,77,17.566222795413342,1.0,insulated
2020,Present TMYx,78,20.36097573638684,1.0,insulated
2020,Present TMYx,79,22.451572390543667,1.0,insulated
2020,Present TMYx,80,22.42151383131593,1.0,insulated
2020,Present TMYx,81,18.09361247556194,2.0,insulated
2020,Present TMYx,82,30.05160065131491,0.0,insulated
2020,Present TMYx,83,32.639331517220384,-1.0,insulated
2020,Present TMYx,84,35.28758936700456,-1.0,insulated
2020,Present TMYx,85,35.488989868745946,-1.0,insulated
2020,Present TMYx,86,18.23760806283404,2.0,insulated
2020,Present TMYx,87,30.974317052995282,-1.0,insulated
2020,Present TMYx,88,32.970106683535455,-1.0,insulated
2020,Present TMYx,89,35.83117410976448,-1.0,insulated
2020,Present TMYx,90,35.67370273959326,-1.0,insulated
2020,Present TMYx,91,19.576470427876576,2.0,insulated
2020,Present TMYx,92,32.60864325599306,-1.0,insulated
2020,Present TMYx,93,35.16333002794188,-1.0,insulated
2020,Present TMYx,94,36.529096538414784,-1.0,insulated
2020,Present TMYx,95,36.74237420890572,-1.0,insulated
2020,Present TMYx,96,20.08044644978374,2.0,insulated
2020,Present TMYx,97,32.59460193271234,-1.0,insulated
2020,Present TMYx,98,35.20068356939631,-1.0,insulated
2020,Present TMYx,99,36.78197887053457,-1.0,insulated
2020,Present TMYx,100,36.63594182207466,-1.0,insulated
2020,Present TMYx,101,5.454311318078184,2.0,insulated
2020,Present TMYx,102,17.776121071171268,1.0,insulated
2020,Present TMYx,103,20.42926612885111,1.0,insulated
2020,Present TMYx,104,22.287158514135147,1.0,insulated
2020,Present TMYx,105,21.95278263441632,1.0,insulated
2020,Present TMYx,106,17.916372662458315,2.0,insulated
2020,Present TMYx,107,30.26611806907673,-1.0,insulated
2020,Present TMYx,108,32.997708672216724,-1.0,insulated
2020,Present TMYx,109,34.20859166354395,-1.0,insulated
2020,Present TMYx,110,34.31918024707991,-1.0,insulated
2020,Present TMYx,111,18.26231295861277,2.0,insulated
2020,Present TMYx,112,30.494812553815933,-1.0,insulated
2020,Present TMYx,113,33.374771342390076,-1.0,insulated
2020,Present TMYx,114,34.948634313618804,-1.0,insulated
2020,Present TMYx,115,35.02497630636692,-1.0,insulated
2020,Present TMYx,116,19.713054518673033,2.0,insulated
2020,Present TMYx,117,32.388260458274516,-1.0,insulated
2020,Present TMYx,118,34.96286360701029,-1.0,insulated
2020,Present TMYx,119,36.56995039412591,-1.0,insulated
2020,Present TMYx,120,36.45699419017666,-1.0,insulated
2020,Present TMYx,121,19.94226830140197,2.0,insulated
2020,Present TMYx,122,32.466578752019835,-1.0,insulated
2020,Present TMYx,123,34.702449309584196,-1.0,insulated
2020,Present TMYx,124,36.6596055385544,-1.0,insulated
2020,Present TMYx,125,36.5666938856805,-1.0,insulated
2020,Present TMYx,126,9.395869622609549,-1.0,existing
2020,Present TMYx,127,21.51743870967931,-4.0,existing
2020,Present TMYx,128,24.07448375456474,-4.0,existing
2020,Present TMYx,129,25.937616581958483,-4.0,existing
2020,Present TMYx,130,25.596508225071204,-4.0,existing
2020,Present TMYx,131,21.755421569726686,-1.0,existing
2020,Present TMYx,132,33.08220590331001,-4.0,existing
2020,Present TMYx,133,35.53091195692439,-4.0,existing
2020,Present TMYx,134,38.197286769665695,-4.0,existing
2020,Present TMYx,135,38.03521341028003,-4.0,existing
2020,Present TMYx,136,22.249661789334375,-1.0,existing
2020,Present TMYx,137,33.77981080950154,-4.0,existing
2020,Present TMYx,138,35.929350625646755,-4.0,existing
2020,Present TMYx,139,38.62150905020076,-4.0,existing
2020,Present TMYx,140,38.5806524870423,-4.0,existing
2020,Present TMYx,141,23.420681978990597,-1.0,existing
2020,Present TMYx,142,35.63096370903296,-4.0,existing
2020,Present TMYx,143,37.952964200480814,-4.0,existing
2020,Present TMYx,144,39.39938021916105,-4.0,existing
2020,Present TMYx,145,39.54803934266525,-4.0,existing
2020,Present TMYx,146,23.6163606286594,-1.0,existing
2020,Present TMYx,147,35.54466363063393,-4.0,existing
2020,Present TMYx,148,37.82762124298806,-4.0,existing
2020,Present TMYx,149,39.39036432672794,-4.0,existing
2020,Present TMYx,150,39.20694365942705,-4.0,existing
2020,Present TMYx,151,14.796618133474434,1.0,insulated
2020,Present TMYx,152,27.34258988742844,0.0,insulated
2020,Present TMYx,153,29.765835283815186,0.0,insulated
2020,Present TMYx,154,32.3549622120637,0.0,insulated
2020,Present TMYx,155,32.039324206805006,0.0,insulated
2020,Present TMYx,156,27.402576709117206,1.0,insulated
2020,Present TMYx,157,39.70938397749463,-1.0,insulated
2020,Present TMYx,158,42.19517633171133,-1.0,insulated
2020,Present TMYx,159,43.71794760460568,-1.0,insulated
2020,Present TMYx,160,43.939778003407746,-1.0,insulated
2020,Present TMYx,161,27.98109983125172,1.0,insulated
2020,Present TMYx,162,40.18840385375346,-1.0,insulated
2020,Present TMYx,163,42.02952630594082,-1.0,insulated
2020,Present TMYx,164,43.95999737930113,-1.0,insulated
2020,Present TMYx,165,44.115091316559614,-1.0,insulated
2020,Present TMYx,166,29.01822633086046,1.0,insulated
2020,Present TMYx,167,41.15698557550056,-1.0,insulated
2020,Present TMYx,168,43.75721359592373,-1.0,insulated
2020,Present TMYx,169,45.29426695300841,-1.0,insulated
2020,Present TMYx,170,45.013677475063275,-1.0,insulated
2020,Present TMYx,171,29.004499190971426,1.0,insulated
2020,Present TMYx,172,41.41007246249708,-1.0,insulated
2020,Present TMYx,173,43.612477748478,-1.0,insulated
2020,Present TMYx,174,45.28399300944964,-1.0,insulated
2020,Present TMYx,175,45.341291939651846,-1.0,insulated
2020,Present TMYx,176,14.62621667561608,1.0,insulated
2020,Present TMYx,177,28.48511058726796,0.0,insulated
2020,Present TMYx,178,30.297990646179176,0.0,insulated
2020,Present TMYx,179,32.76750514956291,0.0,insulated
2020,Present TMYx,180,32.82169082533683,0.0,insulated
2020,Present TMYx,181,27.699501372054918,1.0,insulated
2020,Present TMYx,182,40.37293030982121,-1.0,insulated
2020,Present TMYx,183,42.64506308334986,-1.0,insulated
2020,Present TMYx,184,44.4133369048776,-1.0,insulated
2020,Present TMYx,185,44.36273610548607,-1.0,insulated
2020,Present TMYx,186,28.191280062089238,1.0,insulated
2020,Present TMYx,187,40.75375093010397,-1.0,insulated
2020,Present TMYx,188,42.79396098198365,-1.0,insulated
2020,Present TMYx,189,44.707658368234966,-1.0,insulated
2020,Present TMYx,190,44.99007871551325,-1.0,insulated
2020,Present TMYx,191,29.666500066501186,1.0,insulated
2020,Present TMYx,192,41.52267381187111,-1.0,insulated
2020,Present TMYx,193,43.95294563897972,-1.0,insulated
2020,Present TMYx,194,45.70737289363709,-1.0,insulated
2020,Present TMYx,195,45.619906957682694,-1.0,insulated
2020,Present TMYx,196,29.434215537039506,1.0,insulated
2020,Present TMYx,197,41.566437200123254,-1.0,insulated
2020,Present TMYx,198,44.21490985839349,-1.0,insulated
2020,Present TMYx,199,45.62800775479881,-1.0,insulated
2020,Present TMYx,200,45.92357671024856,-1.0,insulated
2020,Present TMYx,201,15.216237038468606,2.0,insulated
2020,Present TMYx,202,28.61842674743558,0.0,insulated
2020,Present TMYx,203,31.02153793514422,0.0,insulated
2020,Present TMYx,204,32.80911094646408,0.0,insulated
2020,Present TMYx,205,32.85162854329912,0.0,insulated
2020,Present TMYx,206,28.136165139646746,1.0,insulated
2020,Present TMYx,207,40.58024259286891,-1.0,insulated
2020,Present TMYx,208,42.909492824984085,-1.0,insulated
2020,Present TMYx,209,44.75821468427042,-1.0,insulated
2020,Present TMYx,210,44.76099690839754,-1.0,insulated
2020,Present TMYx,211,28.939076305335764,1.0,insulated
2020,Present TMYx,212,40.9415601580556,-1.0,insulated
2020,Present TMYx,213,43.369117917207305,-1.0,insulated
2020,Present TMYx,214,45.096926572026064,-1.0,insulated
2020,Present TMYx,215,45.13085548279675,-1.0,insulated
2020,Present TMYx,216,29.97275440764817,1.0,insulated
2020,Present TMYx,217,41.81818984579561,-1.0,insulated
2020,Present TMYx,218,44.62977220448235,-1.0,insulated
2020,Present TMYx,219,46.19148876179072,-1.0,insulated
2020,Present TMYx,220,46.14472248058504,-1.0,insulated
2020,Present TMYx,221,30.217116711321555,1.0,insulated
2020,Present TMYx,222,42.335426521315554,-1.0,insulated
2020,Present TMYx,223,44.809029305106655,-1.0,insulated
2020,Present TMYx,224,46.270618375697524,-1.0,insulated
2020,Present TMYx,225,46.22364050999844,-1.0,insulated
2020,Present TMYx,226,15.452690635502352,2.0,insulated
2020,Present TMYx,227,28.6764436863878,0.0,insulated
2020,Present TMYx,228,31.234160674298735,0.0,insulated
2020,Present TMYx,229,33.114610119943606,0.0,insulated
2020,Present TMYx,230,32.92437279164108,0.0,insulated
2020,Present TMYx,231,28.24914352005399,1.0,insulated
2020,Present TMYx,232,40.68500997552321,-1.0,insulated
2020,Present TMYx,233,42.93958239682437,-1.0,insulated
2020,Present TMYx,234,44.537044905173204,-1.0,insulated
2020,Present TMYx,235,44.96931416406829,-1.0,insulated
2020,Present TMYx,236,29.125534944501602,1.0,insulated
2020,Present TMYx,237,40.96938097126456,-1.0,insulated
2020,Present TMYx,238,43.520322019219435,-1.0,insulated
2020,Present TMYx,239,45.12262675617726,-1.0,insulated
2020,Present TMYx,240,45.16938731653952,-1.0,insulated
2020,Present TMYx,241,29.83320198770243,1.0,insulated
2020,Present TMYx,242,41.82190387859081,-1.0,insulated
2020,Present TMYx,243,44.54064965579882,-1.0,insulated
2020,Present TMYx,244,46.219797330102914,-1.0,insulated
2020,Present TMYx,245,46.153935772151755,-1.0,insulated
2020,Present TMYx,246,30.142007262386375,1.0,insulated
2020,Present TMYx,247,42.281163991461824,-1.0,insulated
2020,Present TMYx,248,44.55551400150242,-1.0,insulated
2020,Present TMYx,249,46.37059693483256,-1.0,insulated
2020,Present TMYx,250,46.184989199970865,-1.0,insulated
2020,Present TMYx,251,11.080662134634736,-1.0,existing
2020,Present TMYx,252,23.078505145375,-4.0,existing
2020,Present TMYx,253,25.755310364395626,-4.0,existing
2020,Present TMYx,254,27.190238301613654,-4.0,existing
2020,Present TMYx,255,27.119898848251665,-4.0,existing
2020,Present TMYx,256,23.25483452215761,-1.0,existing
2020,Present TMYx,257,34.179056302522255,-4.0,existing
2020,Present TMYx,258,36.951198114252534,-4.0,existing
2020,Present TMYx,259,38.579430632379726,-4.0,existing
2020,Present TMYx,260,39.76676368310797,-4.0,existing
2020,Present TMYx,261,23.854073898679133,-1.0,existing
2020,Present TMYx,262,35.180900990257676,-4.0,existing
2020,Present TMYx,263,37.624963275151146,-4.0,existing
2020,Present TMYx,264,39.86824581629194,-4.0,existing
2020,Present TMYx,265,39.974711893596776,-4.0,existing
2020,Present TMYx,266,25.008353174842238,-1.0,existing
2020,Present TMYx,267,37.04033837546371,-4.0,existing
2020,Present TMYx,268,39.43616899406605,-4.0,existing
2020,Present TMYx,269,40.88191980897782,-4.0,existing
2020,Present TMYx,270,41.29199746522636,-4.0,existing
2020,Present TMYx,271,24.90548120816157,-1.0,existing
2020,Present TMYx,272,37.118157166749384,-4.0,existing
2020,Present TMYx,273,39.23319674983512,-4.0,existing
2020,Present TMYx,274,40.802257624209005,-4.0,existing
2020,Present TMYx,275,40.78063647560968,-4.0,existing
2020,Present TMYx,276,15.835862136913233,1.0,insulated
2020,Present TMYx,277,29.216373473654354,0.0,insulated
2020,Present TMYx,278,31.048779724645083,0.0,insulated
2020,Present TMYx,279,33.2506731681826,0.0,insulated
2020,Present TMYx,280,33.44848546859988,0.0,insulated
2020,Present TMYx,281,28.574282967950047,1.0,insulated
2020,Present TMYx,282,41.189692942752345,-1.0,insulated
2020,Present TMYx,283,43.27736624839261,-1.0,insulated
2020,Present TMYx,284,45.07229424551151,-1.0,insulated
2020,Present TMYx,285,45.254612571039445,-1.0,insulated
2020,Present TMYx,286,29.520631232486753,1.0,insulated
2020,Present TMYx,287,41.52197917253551,-1.0,insulated
2020,Present TMYx,288,43.849870423788744,-1.0,insulated
2020,Present TMYx,289,45.415659220277846,-1.0,insulated
2020,Present TMYx,290,45.51757574174969,-1.0,insulated
2020,Present TMYx,291,30.74161654093376,1.0,insulated
2020,Present TMYx,292,42.69342505945488,-1.0,insulated
2020,Present TMYx,293,44.862450873042164,-1.0,insulated
2020,Present TMYx,294,46.62196477759012,-1.0,insulated
2020,Present TMYx,295,46.599361828571894,-2.0,insulated
2020,Present TMYx,296,30.584680759736635,1.0,insulated
2020,Present TMYx,297,42.639130586796306,-1.0,insulated
2020,Present TMYx,298,44.90969064417967,-1.0,insulated
2020,Present TMYx,299,47.44910643614223,-1.0,insulated
2020,Present TMYx,300,47.371480524546286,-2.0,insulated
2020,Present TMYx,301,16.52890467826724,1.0,insulated
2020,Present TMYx,302,29.591077847560086,0.0,insulated
2020,Present TMYx,303,31.933304049494716,0.0,insulated
2020,Present TMYx,304,33.09316206612814,0.0,insulated
2020,Present TMYx,305,33.180254833492384,0.0,insulated
2020,Present TMYx,306,29.746162465905726,1.0,insulated
2020,Present TMYx,307,41.587570952480974,-1.0,insulated
2020,Present TMYx,308,43.861623132265315,-1.0,insulated
2020,Present TMYx,309,45.93277026846705,-1.0,insulated
2020,Present TMYx,310,45.63903562378655,-1.0,insulated
2020,Present TMYx,311,29.60311909372287,1.0,insulated
2020,Present TMYx,312,41.97964668444897,-1.0,insulated
2020,Present TMYx,313,44.55567394373113,-1.0,insulated
2020,Present TMYx,314,46.24775392624882,-1.0,insulated
2020,Present TMYx,315,46.23148084658453,-1.0,insulated
2020,Present TMYx,316,31.0906903529198,1.0,insulated
2020,Present TMYx,317,43.30991271264019,-1.0,insulated
2020,Present TMYx,318,45.45622203402442,-1.0,insulated
2020,Present TMYx,319,47.94152088113551,-1.0,insulated
2020,Present TMYx,320,47.88292574085523,-1.0,insulated
2020,Present TMYx,321,31.22237452636891,1.0,insulated
2020,Present TMYx,322,43.235894184217116,-1.0,insulated
2020,Present TMYx,323,45.53839383881923,-1.0,insulated
2020,Present TMYx,324,47.80838500857144,-1.0,insulated
2020,Present TMYx,325,48.05154380849648,-1.0,insulated
2020,Present TMYx,326,17.024318130510938,2.0,insulated
2020,Present TMYx,327,29.811295391933687,0.0,insulated
2020,Present TMYx,328,32.170042444894825,0.0,insulated
2020,Present TMYx,329,33.85197881953075,0.0,insulated
2020,Present TMYx,330,33.720672615027894,0.0,insulated
2020,Present TMYx,331,30.104427658523313,1.0,insulated
2020,Present TMYx,332,41.912537177520385,-1.0,insulated
2020,Present TMYx,333,44.351190613997495,-1.0,insulated
2020,Present TMYx,334,46.114616119205365,-1.0,insulated
2020,Present TMYx,335,46.30600230231152,-1.0,insulated
2020,Present TMYx,336,30.24270459748309,1.0,insulated
2020,Present TMYx,337,42.41532260430679,-1.0,insulated
2020,Present TMYx,338,45.2618008183333,-1.0,insulated
2020,Present TMYx,339,46.554409249132306,-1.0,insulated
2020,Present TMYx,340,46.81093581326492,-1.0,insulated
2020,Present TMYx,341,31.507706853116428,1.0,insulated
2020,Present TMYx,342,43.42864770134774,-1.0,insulated
2020,Present TMYx,343,45.86792042600716,-1.0,insulated
2020,Present TMYx,344,47.47614864100963,-1.0,insulated
2020,Present TMYx,345,48.34340480774129,-1.0,insulated
2020,Present TMYx,346,31.637214319915046,1.0,insulated
2020,Present TMYx,347,43.55410471647787,-1.0,insulated
2020,Present TMYx,348,45.923899143016065,-1.0,insulated
2020,Present TMYx,349,48.27585947710871,-1.0,insulated
2020,Present TMYx,350,48.34432960924283,-1.0,insulated
2020,Present TMYx,351,16.741061842384354,1.0,insulated
2020,Present TMYx,352,30.0338365836207,0.0,insulated
2020,Present TMYx,353,32.32839360277041,0.0,insulated
2020,Present TMYx,354,33.373494218190814,0.0,insulated
2020,Present TMYx,355,33.431090646579264,0.0,insulated
2020,Present TMYx,356,29.989105406808463,1.0,insulated
2020,Present TMYx,357,41.98277230921711,-1.0,insulated
2020,Present TMYx,358,44.57735546364417,-1.0,insulated
2020,Present TMYx,359,45.97035884220275,-1.0,insulated
2020,Present TMYx,360,46.29113379022889,-1.0,insulated
2020,Present TMYx,361,30.24884567828672,1.0,insulated
2020,Present TMYx,362,42.31614760871005,-1.0,insulated
2020,Present TMYx,363,44.93156203677288,-1.0,insulated
2020,Present TMYx,364,46.64536766354955,-1.0,insulated
2020,Present TMYx,365,46.61723100865294,-1.0,insulated
2020,Present TMYx,366,31.82164097028437,1.0,insulated
2020,Present TMYx,367,43.48869314998664,-1.0,insulated
2020,Present TMYx,368,45.78140103307156,-1.0,insulated
2020,Present TMYx,369,47.605933382607475,-1.0,insulated
2020,Present TMYx,370,48.38928373648407,-1.0,insulated
2020,Present TMYx,371,31.512626535646046,1.0,insulated
2020,Present TMYx,372,43.65227213105392,-1.0,insulated
2020,Present TMYx,373,45.978579715273646,-1.0,insulated
2020,Present TMYx,374,48.34297287045601,-1.0,insulated
2020,Present TMYx,375,48.3575107218801,-1.0,insulated
2020,Present TMYx,376,14.54094233371982,-1.0,existing
2020,Present TMYx,377,26.585023484240747,-4.0,existing
2020,Present TMYx,378,29.11621188888069,-4.0,existing
2020,Present TMYx,379,30.524333478616953,-4.0,existing
2020,Present TMYx,380,30.734019633048465,-4.0,existing
2020,Present TMYx,381,26.58121240039235,-2.0,existing
2020,Present TMYx,382,37.97985562891988,-4.0,existing
2020,Present TMYx,383,40.20497571817385,-4.0,existing
2020,Present TMYx,384,42.744554071854786,-4.0,existing
2020,Present TMYx,385,42.82953652219014,-4.0,existing
2020,Present TMYx,386,27.00519045266239,-2.0,existing
2020,Present TMYx,387,38.27495621650313,-4.0,existing
2020,Present TMYx,388,40.81243630634739,-4.0,existing
2020,Present TMYx,389,43.28929387232022,-4.0,existing
2020,Present TMYx,390,43.14099161285911,-4.0,existing
2020,Present TMYx,391,28.541394497314712,-2.0,existing
2020,Present TMYx,392,40.30204205478784,-4.0,existing
2020,Present TMYx,393,42.51018589114833,-4.0,existing
2020,Present TMYx,394,44.386753688982125,-4.0,existing
2020,Present TMYx,395,44.319946965083226,-4.0,existing
2020,Present TMYx,396,28.39060934548113,-2.0,existing
2020,Present TMYx,397,40.167708537613315,-4.0,existing
2020,Present TMYx,398,42.57760315996398,-4.0,existing
2020,Present TMYx,399,44.41352912451842,-4.0,existing
2020,Present TMYx,400,44.38724909725688,-4.0,existing
2020,Present TMYx,401,18.927792212152827,1.0,insulated
2020,Present TMYx,402,32.4496426781908,0.0,insulated
2020,Present TMYx,403,34.584562226399626,0.0,insulated
2020,Present TMYx,404,37.018313669956854,0.0,insulated
2020,Present TMYx,405,36.987730304765215,0.0,insulated
2020,Present TMYx,406,32.2866744685649,1.0,insulated
2020,Present TMYx,407,44.67770609752521,-1.0,insulated
2020,Present TMYx,408,47.059891608501275,-1.0,insulated
2020,Present TMYx,409,48.528506975789035,-1.0,insulated
2020,Present TMYx,410,48.58437255840803,-2.0,insulated
2020,Present TMYx,411,32.777692004633344,1.0,insulated
2020,Present TMYx,412,45.020252660933906,-1.0,insulated
2020,Present TMYx,413,47.33512811973732,-1.0,insulated
2020,Present TMYx,414,49.102774541511344,-2.0,insulated
2020,Present TMYx,415,49.2911521390847,-2.0,insulated
2020,Present TMYx,416,33.86083799886412,1.0,insulated
2020,Present TMYx,417,46.110257511070024,-1.0,insulated
2020,Present TMYx,418,48.48125058237479,-2.0,insulated
2020,Present TMYx,419,51.16445699806841,-2.0,insulated
2020,Present TMYx,420,51.10744294208413,-2.0,insulated
2020,Present TMYx,421,33.797957260975146,1.0,insulated
2020,Present TMYx,422,46.244010801436204,-1.0,insulated
2020,Present TMYx,423,48.5004205695543,-2.0,insulated
2020,Present TMYx,424,50.93081229358629,-2.0,insulated
2020,Present TMYx,425,50.987594948705095,-2.0,insulated
2020,Present TMYx,426,19.797502813610684,1.0,insulated
2020,Present TMYx,427,32.78382538931985,0.0,insulated
2020,Present TMYx,428,35.949757798754376,0.0,insulated
2020,Present TMYx,429,37.55974970451832,0.0,insulated
2020,Present TMYx,430,37.43364484324988,0.0,insulated
2020,Present TMYx,431,33.01732336352316,1.0,insulated
2020,Present TMYx,432,45.07643206466155,-1.0,insulated
2020,Present TMYx,433,47.531978958647926,-1.0,insulated
2020,Present TMYx,434,49.44200372647578,-1.0,insulated
2020,Present TMYx,435,49.33228034826622,-1.0,insulated
2020,Present TMYx,436,33.20378591878555,1.0,insulated
2020,Present TMYx,437,45.64638252828096,-1.0,insulated
2020,Present TMYx,438,47.82195693543909,-1.0,insulated
2020,Present TMYx,439,49.786634600476354,-1.0,insulated
2020,Present TMYx,440,49.72397684647064,-1.0,insulated
2020,Present TMYx,441,33.972203489654824,1.0,insulated
2020,Present TMYx,442,46.64009796397045,-1.0,insulated
2020,Present TMYx,443,48.925745006351406,-1.0,insulated
2020,Present TMYx,444,51.57454820410222,-1.0,insulated
2020,Present TMYx,445,51.51758060836721,-1.0,insulated
2020,Present TMYx,446,34.459187741277276,1.0,insulated
2020,Present TMYx,447,46.505038489881734,-1.0,insulated
2020,Present TMYx,448,48.87329796121295,-1.0,insulated
2020,Present TMYx,449,51.56631899138132,-1.0,insulated
2020,Present TMYx,450,51.51460319699598,-1.0,insulated
2020,Present TMYx,451,20.294907084607605,2.0,insulated
2020,Present TMYx,452,33.3029386398802,0.0,insulated
2020,Present TMYx,453,35.365268176186646,0.0,insulated
2020,Present TMYx,454,38.142986065568465,0.0,insulated
2020,Present TMYx,455,37.980246688270206,0.0,insulated
2020,Present TMYx,456,33.431831187227466,1.0,insulated
2020,Present TMYx,457,45.50065187254912,-1.0,insulated
2020,Present TMYx,458,47.89329580501202,-1.0,insulated
2020,Present TMYx,459,49.913865847962626,-1.0,insulated
2020,Present TMYx,460,49.77426489068313,-1.0,insulated
2020,Present TMYx,461,33.7888468053512,1.0,insulated
2020,Present TMYx,462,46.12858479414927,-1.0,insulated
2020,Present TMYx,463,48.418974803978905,-1.0,insulated
2020,Present TMYx,464,50.17924374252889,-1.0,insulated
2020,Present TMYx,465,50.194079879375025,-1.0,insulated
2020,Present TMYx,466,34.642123028799794,1.0,insulated
2020,Present TMYx,467,46.950810853227416,-1.0,insulated
2020,Present TMYx,468,49.36807276849008,-1.0,insulated
2020,Present TMYx,469,52.23499181406863,-1.0,insulated
2020,Present TMYx,470,52.04722333361113,-1.0,insulated
2020,Present TMYx,471,34.74485860032943,1.0,insulated
2020,Present TMYx,472,47.23490247101005,-1.0,insulated
2020,Present TMYx,473,49.35729194119595,-1.0,insulated
2020,Present TMYx,474,51.89188084119982,-1.0,insulated
2020,Present TMYx,475,51.53280507162384,-1.0,insulated
2020,Present TMYx,476,20.050214940290328,2.0,insulated
2020,Present TMYx,477,33.49728139016332,0.0,insulated
2020,Present TMYx,478,35.80634108144499,0.0,insulated
2020,Present TMYx,479,38.30282392421599,0.0,insulated
2020,Present TMYx,480,38.051771975759046,0.0,insulated
2020,Present TMYx,481,33.054613477683304,1.0,insulated
2020,Present TMYx,482,45.51767504507073,-1.0,insulated
2020,Present TMYx,483,47.9272345925445,-1.0,insulated
2020,Present TMYx,484,49.773671223116175,-1.0,insulated
2020,Present TMYx,485,49.645618042596645,-1.0,insulated
2020,Present TMYx,486,33.49861704149108,1.0,insulated
2020,Present TMYx,487,45.960487040855945,-1.0,insulated
2020,Present TMYx,488,48.3951400099204,-1.0,insulated
2020,Present TMYx,489,50.16792111735131,-1.0,insulated
2020,Present TMYx,490,50.28396216753824,-1.0,insulated
2020,Present TMYx,491,34.76673741943282,1.0,insulated
2020,Present TMYx,492,47.078597391769776,-1.0,insulated
2020,Present TMYx,493,49.140353370533745,-1.0,insulated
2020,Present TMYx,494,52.24305505101185,-1.0,insulated
2020,Present TMYx,495,52.004535411660676,-1.0,insulated
2020,Present TMYx,496,34.70153285772726,1.0,insulated
2020,Present TMYx,497,47.13184121282618,-1.0,insulated
2020,Present TMYx,498,49.43639341091063,-1.0,insulated
2020,Present TMYx,499,52.175096388762974,-1.0,insulated
2020,Present TMYx,500,51.308758910067716,-1.0,insulated
2020,Present TMYx,501,15.245141218805664,-1.0,existing
2020,Present TMYx,502,27.906208116293442,-4.0,existing
2020,Present TMYx,503,30.753638842216503,-4.0,existing
2020,Present TMYx,504,32.430441729983926,-4.0,existing
2020,Present TMYx,505,32.332779377750064,-4.0,existing
2020,Present TMYx,506,28.365683061512794,-2.0,existing
2020,Present TMYx,507,39.49211286228886,-4.0,existing
2020,Present TMYx,508,41.71905568470236,-4.0,existing
2020,Present TMYx,509,44.24812976257204,-4.0,existing
2020,Present TMYx,510,44.22768307612211,-4.0,existing
2020,Present TMYx,511,28.93688878290701,-2.0,existing
2020,Present TMYx,512,40.04809767620308,-4.0,existing
2020,Present TMYx,513,43.23959438033706,-4.0,existing
2020,Present TMYx,514,44.4874777134177,-4.0,existing
2020,Present TMYx,515,44.697854347750756,-4.0,existing
2020,Present TMYx,516,30.0104390744183,-2.0,existing
2020,Present TMYx,517,41.64567562978706,-4.0,existing
2020,Present TMYx,518,43.98536717557854,-4.0,existing
2020,Present TMYx,519,45.89178151378434,-4.0,existing
2020,Present TMYx,520,45.886444678127845,-4.0,existing
2020,Present TMYx,521,30.132204491811137,-2.0,existing
2020,Present TMYx,522,41.68379694866757,-4.0,existing
2020,Present TMYx,523,44.087125392484765,-4.0,existing
2020,Present TMYx,524,45.76669020235521,-4.0,existing
2020,Present TMYx,525,45.94960549450376,-4.0,existing
2020,Present TMYx,526,20.928183283486362,1.0,insulated
2020,Present TMYx,527,33.85611071189071,0.0,insulated
2020,Present TMYx,528,35.89762096000126,0.0,insulated
2020,Present TMYx,529,38.60766599995652,0.0,insulated
2020,Present TMYx,530,38.79026551331355,0.0,insulated
2020,Present TMYx,531,33.812525756689084,1.0,insulated
2020,Present TMYx,532,46.05514967780839,-1.0,insulated
2020,Present TMYx,533,48.36403118844972,-2.0,insulated
2020,Present TMYx,534,50.04648157821433,-2.0,insulated
2020,Present TMYx,535,50.239425418440014,-2.0,insulated
2020,Present TMYx,536,34.050639521838335,1.0,insulated
2020,Present TMYx,537,46.616280904194156,-1.0,insulated
2020,Present TMYx,538,48.73164681657571,-2.0,insulated
2020,Present TMYx,539,50.61705897604732,-2.0,insulated
2020,Present TMYx,540,50.48828715440384,-2.0,insulated
2020,Present TMYx,541,34.85788958550886,1.0,insulated
2020,Present TMYx,542,47.54493932558657,-1.0,insulated
2020,Present TMYx,543,49.86076863728785,-2.0,insulated
2020,Present TMYx,544,51.79625308790253,-2.0,insulated
2020,Present TMYx,545,51.701681829668665,-2.0,insulated
2020,Present TMYx,546,35.18623943728308,1.0,insulated
2020,Present TMYx,547,47.572398584731005,-1.0,insulated
2020,Present TMYx,548,50.06949029574078,-2.0,insulated
2020,Present TMYx,549,51.51767763152381,-2.0,insulated
2020,Present TMYx,550,52.35273263655223,-2.0,insulated
2020,Present TMYx,551,21.00736558885832,2.0,insulated
2020,Present TMYx,552,34.282124959468895,0.0,insulated
2020,Present TMYx,553,36.35529845499611,0.0,insulated
2020,Present TMYx,554,38.36870614086146,0.0,insulated
2020,Present TMYx,555,38.72480964520404,0.0,insulated
2020,Present TMYx,556,34.222256823368625,1.0,insulated
2020,Present TMYx,557,46.483938461318616,-1.0,insulated
2020,Present TMYx,558,49.13624765496568,-1.0,insulated
2020,Present TMYx,559,50.63431052992305,-1.0,insulated
2020,Present TMYx,560,50.8206944288338,-1.0,insulated
2020,Present TMYx,561,34.59931948208638,1.0,insulated
2020,Present TMYx,562,47.175095019740745,-1.0,insulated
2020,Present TMYx,563,49.449122954904816,-1.0,insulated
2020,Present TMYx,564,51.18892104988974,-1.0,insulated
2020,Present TMYx,565,51.11994680833226,-1.0,insulated
2020,Present TMYx,566,35.384911610840994,1.0,insulated
2020,Present TMYx,567,47.94850522867553,-1.0,insulated
2020,Present TMYx,568,50.810298577491295,-1.0,insulated
2020,Present TMYx,569,52.23863599967275,-1.0,insulated
2020,Present TMYx,570,53.00795266191673,-1.0,insulated
2020,Present TMYx,571,35.58366358499941,1.0,insulated
2020,Present TMYx,572,47.712070019748055,-1.0,insulated
2020,Present TMYx,573,50.678908237081345,-1.0,insulated
2020,Present TMYx,574,52.067893399035036,-1.0,insulated
2020,Present TMYx,575,53.09894064407495,-1.0,insulated
2020,Present TMYx,576,21.73297408542997,2.0,insulated
2020,Present TMYx,577,34.53688952412943,0.0,insulated
2020,Present TMYx,578,36.89165450751611,0.0,insulated
2020,Present TMYx,579,39.55799462621473,0.0,insulated
2020,Present TMYx,580,39.363401118505195,0.0,insulated
2020,Present TMYx,581,34.53402647591911,1.0,insulated
2020,Present TMYx,582,46.994415795125946,-1.0,insulated
2020,Present TMYx,583,49.54731747630795,-1.0,insulated
2020,Present TMYx,584,51.06054082726172,-1.0,insulated
2020,Present TMYx,585,51.276444920661454,-1.0,insulated
2020,Present TMYx,586,35.185479444804436,1.0,insulated
2020,Present TMYx,587,47.57413096772315,-1.0,insulated
2020,Present TMYx,588,50.045547454531956,-1.0,insulated
2020,Present TMYx,589,51.56436523150349,-1.0,insulated
2020,Present TMYx,590,51.69859860241579,-1.0,insulated
2020,Present TMYx,591,36.0959876473042,1.0,insulated
2020,Present TMYx,592,48.48577138601822,-1.0,insulated
2020,Present TMYx,593,51.13513684654419,-1.0,insulated
2020,Present TMYx,594,53.396532181266345,-1.0,insulated
2020,Present TMYx,595,52.52327073785388,-1.0,insulated
2020,Present TMYx,596,36.012031891031704,1.0,insulated
2020,Present TMYx,597,48.37114250891416,-1.0,insulated
2020,Present TMYx,598,51.15917649952463,-1.0,insulated
2020,Present TMYx,599,53.31875590694781,-1.0,insulated
2020,Present TMYx,600,53.39190520678307,-1.0,insulated
2020,Present TMYx,601,21.533105385039654,2.0,insulated
2020,Present TMYx,602,34.57996816737621,0.0,insulated
2020,Present TMYx,603,37.07058559282767,0.0,insulated
2020,Present TMYx,604,39.41330380588596,0.0,insulated
2020,Present TMYx,605,39.64271882243558,0.0,insulated
2020,Present TMYx,606,34.68039546930169,1.0,insulated
2020,Present TMYx,607,46.970684796399574,-1.0,insulated
2020,Present TMYx,608,49.80941849333908,-1.0,insulated
2020,Present TMYx,609,51.28149797133092,-1.0,insulated
2020,Present TMYx,610,51.28397942166696,-1.0,insulated
2020,Present TMYx,611,34.7807431043967,1.0,insulated
2020,Present TMYx,612,47.43143724487651,-1.0,insulated
2020,Present TMYx,613,49.90936245839524,-1.0,insulated
2020,Present TMYx,614,51.49866067558951,-1.0,insulated
2020,Present TMYx,615,51.59838085648957,-1.0,insulated
2020,Present TMYx,616,35.948737970440455,1.0,insulated
2020,Present TMYx,617,48.43726353058235,-1.0,insulated
2020,Present TMYx,618,51.17762995636399,-1.0,insulated
2020,Present TMYx,619,52.74841653434841,-1.0,insulated
2020,Present TMYx,620,53.31151804126013,-1.0,insulated
2020,Present TMYx,621,36.012517533611714,1.0,insulated
2020,Present TMYx,622,48.443365508922064,-1.0,insulated
2020,Present TMYx,623,51.31350431950734,-1.0,insulated
2020,Present TMYx,624,53.413881390156654,-1.0,insulated
2020,Present TMYx,625,53.50065309707709,-1.0,insulated
2050,SSP2-4.5 / 2050,1,0.0,0.0,existing
2050,SSP2-4.5 / 2050,2,13.469872312008341,-2.0,existing
2050,SSP2-4.5 / 2050,3,15.809571770159831,-2.0,existing
2050,SSP2-4.5 / 2050,4,17.60278072936574,-3.0,existing
2050,SSP2-4.5 / 2050,5,17.88228942408977,-3.0,existing
2050,SSP2-4.5 / 2050,6,13.403186504832435,-1.0,existing
2050,SSP2-4.5 / 2050,7,26.886935963242173,-3.0,existing
2050,SSP2-4.5 / 2050,8,29.328672742338295,-3.0,existing
2050,SSP2-4.5 / 2050,9,31.109242538995545,-4.0,existing
2050,SSP2-4.5 / 2050,10,31.053564589322104,-4.0,existing
2050,SSP2-4.5 / 2050,11,13.932012634323941,-1.0,existing
2050,SSP2-4.5 / 2050,12,26.96389172160141,-3.0,existing
2050,SSP2-4.5 / 2050,13,29.659727049681265,-3.0,existing
2050,SSP2-4.5 / 2050,14,31.47160751149036,-4.0,existing
2050,SSP2-4.5 / 2050,15,31.43569639831331,-4.0,existing
2050,SSP2-4.5 / 2050,16,15.41199609103236,-1.0,existing
2050,SSP2-4.5 / 2050,17,27.944808648026278,-3.0,existing
2050,SSP2-4.5 / 2050,18,30.783142072590135,-4.0,existing
2050,SSP2-4.5 / 2050,19,32.435965650868425,-4.0,existing
2050,SSP2-4.5 / 2050,20,32.580067166992876,-4.0,existing
2050,SSP2-4.5 / 2050,21,15.558216777260025,-1.0,existing
2050,SSP2-4.5 / 2050,22,28.197417149170565,-3.0,existing
2050,SSP2-4.5 / 2050,23,30.532659868505018,-4.0,existing
2050,SSP2-4.5 / 2050,24,32.46070950020423,-4.0,existing
2050,SSP2-4.5 / 2050,25,32.481256201296446,-4.0,existing
2050,SSP2-4.5 / 2050,26,6.223312064501418,18.0,insulated
2050,SSP2-4.5 / 2050,27,20.39081692401879,28.0,insulated
2050,SSP2-4.5 / 2050,28,22.593879877488277,28.0,insulated
2050,SSP2-4.5 / 2050,29,24.79071910475978,29.0,insulated
2050,SSP2-4.5 / 2050,30,24.304888253010596,29.0,insulated
2050,SSP2-4.5 / 2050,31,18.784210713890737,18.0,insulated
2050,SSP2-4.5 / 2050,32,33.33971343222601,25.0,insulated
2050,SSP2-4.5 / 2050,33,35.693559766829,28.0,insulated
2050,SSP2-4.5 / 2050,34,37.38443188980124,28.0,insulated
2050,SSP2-4.5 / 2050,35,38.091937987573985,28.0,insulated
2050,SSP2-4.5 / 2050,36,19.068927689276837,18.0,insulated
2050,SSP2-4.5 / 2050,37,33.698252122795914,26.0,insulated
2050,SSP2-4.5 / 2050,38,36.41787403895888,28.0,insulated
2050,SSP2-4.5 / 2050,39,37.988673472242844,28.0,insulated
2050,SSP2-4.5 / 2050,40,38.32969509163634,29.0,insulated
2050,SSP2-4.5 / 2050,41,20.484100137575254,18.0,insulated
2050,SSP2-4.5 / 2050,42,35.13537116432991,26.0,insulated
2050,SSP2-4.5 / 2050,43,37.42368080304589,28.0,insulated
2050,SSP2-4.5 / 2050,44,39.04943288991285,29.0,insulated
2050,SSP2-4.5 / 2050,45,39.28886152385403,29.0,insulated
2050,SSP2-4.5 / 2050,46,20.083850640192274,18.0,insulated
2050,SSP2-4.5 / 2050,47,35.001209042609325,26.0,insulated
2050,SSP2-4.5 / 2050,48,37.482722736025245,28.0,insulated
2050,SSP2-4.5 / 2050,49,39.046710451211844,29.0,insulated
2050,SSP2-4.5 / 2050,50,39.299114374816874,29.0,insulated
2050,SSP2-4.5 / 2050,51,7.1850739265122545,18.0,insulated
2050,SSP2-4.5 / 2050,52,20.831004566694478,28.0,insulated
2050,SSP2-4.5 / 2050,53,22.89626844246627,28.0,insulated
2050,SSP2-4.5 / 2050,54,24.69286743014929,30.0,insulated
2050,SSP2-4.5 / 2050,55,25.06135389062285,30.0,insulated
2050,SSP2-4.5 / 2050,56,19.738749713367813,18.0,insulated
2050,SSP2-4.5 / 2050,57,33.35288964734674,28.0,insulated
2050,SSP2-4.5 / 2050,58,36.62192913965604,28.0,insulated
2050,SSP2-4.5 / 2050,59,38.57635618703041,29.0,insulated
2050,SSP2-4.5 / 2050,60,38.367818465737194,29.0,insulated
2050,SSP2-4.5 / 2050,61,20.230676305218587,18.0,insulated
2050,SSP2-4.5 / 2050,62,34.35357695327319,28.0,insulated
2050,SSP2-4.5 / 2050,63,37.06917449722389,28.0,insulated
2050,SSP2-4.5 / 2050,64,38.752903602567315,29.0,insulated
2050,SSP2-4.5 / 2050,65,38.89231610123851,29.0,insulated
2050,SSP2-4.5 / 2050,66,20.63396020980466,18.0,insulated
2050,SSP2-4.5 / 2050,67,35.52378222472027,28.0,insulated
2050,SSP2-4.5 / 2050,68,38.336141703936725,28.0,insulated
2050,SSP2-4.5 / 2050,69,40.1676368400766,29.0,insulated
2050,SSP2-4.5 / 2050,70,39.82225567306913,29.0,insulated
2050,SSP2-4.5 / 2050,71,20.885985195534563,18.0,insulated
2050,SSP2-4.5 / 2050,72,35.61051486593872,28.0,insulated
2050,SSP2-4.5 / 2050,73,38.24094844915471,28.0,insulated
2050,SSP2-4.5 / 2050,74,39.96346245838837,29.0,insulated
2050,SSP2-4.5 / 2050,75,39.81290039169664,29.0,insulated
2050,SSP2-4.5 / 2050,76,7.487542467461418,18.0,insulated
2050,SSP2-4.5 / 2050,77,21.130520501390674,28.0,insulated
2050,SSP2-4.5 / 2050,78,23.62767201996361,29.0,insulated
2050,SSP2-4.5 / 2050,79,25.681533880161943,30.0,insulated
2050,SSP2-4.5 / 2050,80,25.325384244749443,30.0,insulated
2050,SSP2-4.5 / 2050,81,19.51620846256938,18.0,insulated
2050,SSP2-4.5 / 2050,82,34.42988221070727,28.0,insulated
2050,SSP2-4.5 / 2050,83,36.89643930765893,28.0,insulated
2050,SSP2-4.5 / 2050,84,39.028014911702634,29.0,insulated
2050,SSP2-4.5 / 2050,85,39.09775693886966,29.0,insulated
2050,SSP2-4.5 / 2050,86,20.241401631155266,18.0,insulated
2050,SSP2-4.5 / 2050,87,34.67223198940006,28.0,insulated
2050,SSP2-4.5 / 2050,88,37.56049337929591,28.0,insulated
2050,SSP2-4.5 / 2050,89,39.22811641007029,29.0,insulated
2050,SSP2-4.5 / 2050,90,39.21056142725857,30.0,insulated
2050,SSP2-4.5 / 2050,91,21.321984706517846,18.0,insulated
2050,SSP2-4.5 / 2050,92,36.21167392713906,28.0,insulated
2050,SSP2-4.5 / 2050,93,38.50358844446665,29.0,insulated
2050,SSP2-4.5 / 2050,94,40.36676683359108,29.0,insulated
2050,SSP2-4.5 / 2050,95,40.318007817433596,30.0,insulated
2050,SSP2-4.5 / 2050,96,21.278578697090197,18.0,insulated
2050,SSP2-4.5 / 2050,97,36.287078609125146,28.0,insulated
2050,SSP2-4.5 / 2050,98,38.79749669294514,29.0,insulated
2050,SSP2-4.5 / 2050,99,39.600676219456076,29.0,insulated
2050,SSP2-4.5 / 2050,100,39.9767794642453,30.0,insulated
2050,SSP2-4.5 / 2050,101,7.674183968697706,19.0,insulated
2050,SSP2-4.5 / 2050,102,21.505170649420958,28.0,insulated
2050,SSP2-4.5 / 2050,103,23.501114131104554,29.0,insulated
2050,SSP2-4.5 / 2050,104,26.12227590484192,30.0,insulated
2050,SSP2-4.5 / 2050,105,25.760780249697884,30.0,insulated
2050,SSP2-4.5 / 2050,106,20.424624786856892,18.0,insulated
2050,SSP2-4.5 / 2050,107,34.457440399221134,28.0,insulated
2050,SSP2-4.5 / 2050,108,36.76487474782073,29.0,insulated
2050,SSP2-4.5 / 2050,109,38.919584421777635,30.0,insulated
2050,SSP2-4.5 / 2050,110,39.05508850751151,30.0,insulated
2050,SSP2-4.5 / 2050,111,20.18002797004232,18.0,insulated
2050,SSP2-4.5 / 2050,112,34.80922584525885,28.0,insulated
2050,SSP2-4.5 / 2050,113,37.081370644663956,29.0,insulated
2050,SSP2-4.5 / 2050,114,38.757592227207994,30.0,insulated
2050,SSP2-4.5 / 2050,115,39.1092179413288,30.0,insulated
2050,SSP2-4.5 / 2050,116,21.229001679272887,18.0,insulated
2050,SSP2-4.5 / 2050,117,36.22388359661005,28.0,insulated
2050,SSP2-4.5 / 2050,118,38.43042873155292,29.0,insulated
2050,SSP2-4.5 / 2050,119,40.3638717165228,30.0,insulated
2050,SSP2-4.5 / 2050,120,40.484708824527175,30.0,insulated
2050,SSP2-4.5 / 2050,121,21.29531819618223,18.0,insulated
2050,SSP2-4.5 / 2050,122,36.34744562086966,28.0,insulated
2050,SSP2-4.5 / 2050,123,38.831691021597806,29.0,insulated
2050,SSP2-4.5 / 2050,124,40.568547965992366,30.0,insulated
2050,SSP2-4.5 / 2050,125,39.99676654394831,30.0,insulated
2050,SSP2-4.5 / 2050,126,10.222507057917092,1.0,existing
2050,SSP2-4.5 / 2050,127,23.81528542167132,-3.0,existing
2050,SSP2-4.5 / 2050,128,26.25243099554301,-4.0,existing
2050,SSP2-4.5 / 2050,129,28.080756822704597,-3.0,existing
2050,SSP2-4.5 / 2050,130,27.81416952539257,-3.0,existing
2050,SSP2-4.5 / 2050,131,23.45187058133135,-3.0,existing
2050,SSP2-4.5 / 2050,132,36.96970542448387,-4.0,existing
2050,SSP2-4.5 / 2050,133,39.38067912201228,-4.0,existing
2050,SSP2-4.5 / 2050,134,41.23232229383953,-6.0,existing
2050,SSP2-4.5 / 2050,135,41.44172670687394,-6.0,existing
2050,SSP2-4.5 / 2050,136,23.610696015288188,-3.0,existing
2050,SSP2-4.5 / 2050,137,37.24234383915571,-4.0,existing
2050,SSP2-4.5 / 2050,138,39.958471428478305,-4.0,existing
2050,SSP2-4.5 / 2050,139,41.552792607549506,-6.0,existing
2050,SSP2-4.5 / 2050,140,41.67616169015478,-6.0,existing
2050,SSP2-4.5 / 2050,141,25.639951698198047,-3.0,existing
2050,SSP2-4.5 / 2050,142,38.94599877390445,-4.0,existing
2050,SSP2-4.5 / 2050,143,41.33285409152438,-5.0,existing
2050,SSP2-4.5 / 2050,144,42.79556652672547,-6.0,existing
2050,SSP2-4.5 / 2050,145,42.57696276354706,-6.0,existing
2050,SSP2-4.5 / 2050,146,25.419039216798655,-3.0,existing
2050,SSP2-4.5 / 2050,147,38.73947634536825,-4.0,existing
2050,SSP2-4.5 / 2050,148,41.14492729808908,-5.0,existing
2050,SSP2-4.5 / 2050,149,42.84915676825952,-6.0,existing
2050,SSP2-4.5 / 2050,150,42.87623289717969,-6.0,existing
2050,SSP2-4.5 / 2050,151,16.981212620707407,22.0,insulated
2050,SSP2-4.5 / 2050,152,31.4634060892472,32.0,insulated
2050,SSP2-4.5 / 2050,153,33.69450240303454,33.0,insulated
2050,SSP2-4.5 / 2050,154,35.28045374637798,33.0,insulated
2050,SSP2-4.5 / 2050,155,35.85430181276914,34.0,insulated
2050,SSP2-4.5 / 2050,156,29.691370109421314,19.0,insulated
2050,SSP2-4.5 / 2050,157,44.086804200542126,31.0,insulated
2050,SSP2-4.5 / 2050,158,46.80886282212004,32.0,insulated
2050,SSP2-4.5 / 2050,159,47.96954504430619,33.0,insulated
2050,SSP2-4.5 / 2050,160,48.19620693216282,33.0,insulated
2050,SSP2-4.5 / 2050,161,29.70906218105964,19.0,insulated
2050,SSP2-4.5 / 2050,162,44.067069729102926,32.0,insulated
2050,SSP2-4.5 / 2050,163,47.0116027026548,32.0,insulated
2050,SSP2-4.5 / 2050,164,48.53178679113483,33.0,insulated
2050,SSP2-4.5 / 2050,165,49.002793918234445,33.0,insulated
2050,SSP2-4.5 / 2050,166,30.98249811552148,19.0,insulated
2050,SSP2-4.5 / 2050,167,45.68303168073066,32.0,insulated
2050,SSP2-4.5 / 2050,168,48.12692744550026,32.0,insulated
2050,SSP2-4.5 / 2050,169,49.43987232864025,33.0,insulated
2050,SSP2-4.5 / 2050,170,49.6283492667974,33.0,insulated
2050,SSP2-4.5 / 2050,171,31.454386797133047,19.0,insulated
2050,SSP2-4.5 / 2050,172,45.792199904448466,32.0,insulated
2050,SSP2-4.5 / 2050,173,48.12577476863758,32.0,insulated
2050,SSP2-4.5 / 2050,174,49.678099173532715,33.0,insulated
2050,SSP2-4.5 / 2050,175,49.96030437783841,33.0,insulated
2050,SSP2-4.5 / 2050,176,17.45094138705418,23.0,insulated
2050,SSP2-4.5 / 2050,177,31.641849592804423,33.0,insulated
2050,SSP2-4.5 / 2050,178,34.593862728780884,34.0,insulated
2050,SSP2-4.5 / 2050,179,36.460591632718554,36.0,insulated
2050,SSP2-4.5 / 2050,180,36.347739642472305,36.0,insulated
2050,SSP2-4.5 / 2050,181,30.345171439914036,22.0,insulated
2050,SSP2-4.5 / 2050,182,44.63190821192751,33.0,insulated
2050,SSP2-4.5 / 2050,183,47.1058031453505,33.0,insulated
2050,SSP2-4.5 / 2050,184,48.845078286714724,35.0,insulated
2050,SSP2-4.5 / 2050,185,49.09152848111704,35.0,insulated
2050,SSP2-4.5 / 2050,186,30.67540173424169,22.0,insulated
2050,SSP2-4.5 / 2050,187,44.704343539159524,33.0,insulated
2050,SSP2-4.5 / 2050,188,47.697497280445965,33.0,insulated
2050,SSP2-4.5 / 2050,189,49.35988290130948,35.0,insulated
2050,SSP2-4.5 / 2050,190,49.305994513834946,35.0,insulated
2050,SSP2-4.5 / 2050,191,31.613491418064637,22.0,insulated
2050,SSP2-4.5 / 2050,192,46.197643640294544,33.0,insulated
2050,SSP2-4.5 / 2050,193,48.37629242048576,33.0,insulated
2050,SSP2-4.5 / 2050,194,50.50660931513273,35.0,insulated
2050,SSP2-4.5 / 2050,195,50.38828454189302,35.0,insulated
2050,SSP2-4.5 / 2050,196,31.983338271209767,22.0,insulated
2050,SSP2-4.5 / 2050,197,46.64843303468954,33.0,insulated
2050,SSP2-4.5 / 2050,198,48.570235799012174,33.0,insulated
2050,SSP2-4.5 / 2050,199,50.22808571831048,35.0,insulated
2050,SSP2-4.5 / 2050,200,50.32900050533552,35.0,insulated
2050,SSP2-4.5 / 2050,201,17.893385833324846,23.0,insulated
2050,SSP2-4.5 / 2050,202,32.50217656216684,34.0,insulated
2050,SSP2-4.5 / 2050,203,34.88855062074873,36.0,insulated
2050,SSP2-4.5 / 2050,204,36.94251301872361,37.0,insulated
2050,SSP2-4.5 / 2050,205,36.800735801023144,37.0,insulated
2050,SSP2-4.5 / 2050,206,30.856116850993594,22.0,insulated
2050,SSP2-4.5 / 2050,207,45.035691777312344,33.0,insulated
2050,SSP2-4.5 / 2050,208,47.53548600901912,33.0,insulated
2050,SSP2-4.5 / 2050,209,49.48133362932432,35.0,insulated
2050,SSP2-4.5 / 2050,210,49.532396694587945,35.0,insulated
2050,SSP2-4.5 / 2050,211,31.18336172741205,23.0,insulated
2050,SSP2-4.5 / 2050,212,45.301348859573736,33.0,insulated
2050,SSP2-4.5 / 2050,213,48.02846770461566,33.0,insulated
2050,SSP2-4.5 / 2050,214,49.879656044516864,35.0,insulated
2050,SSP2-4.5 / 2050,215,49.992459657778994,35.0,insulated
2050,SSP2-4.5 / 2050,216,32.16637120984021,23.0,insulated
2050,SSP2-4.5 / 2050,217,46.678042186378,33.0,insulated
2050,SSP2-4.5 / 2050,218,48.933715597227774,33.0,insulated
2050,SSP2-4.5 / 2050,219,50.86536853734403,35.0,insulated
2050,SSP2-4.5 / 2050,220,50.54308872936395,35.0,insulated
2050,SSP2-4.5 / 2050,221,32.28789435800714,23.0,insulated
2050,SSP2-4.5 / 2050,222,46.680514144972506,33.0,insulated
2050,SSP2-4.5 / 2050,223,48.91329744292741,33.0,insulated
2050,SSP2-4.5 / 2050,224,50.7368574006915,35.0,insulated
2050,SSP2-4.5 / 2050,225,50.65753319946192,35.0,insulated
2050,SSP2-4.5 / 2050,226,18.152271498162357,23.0,insulated
2050,SSP2-4.5 / 2050,227,32.49973955253024,34.0,insulated
2050,SSP2-4.5 / 2050,228,34.80187298114815,36.0,insulated
2050,SSP2-4.5 / 2050,229,36.83572991704677,37.0,insulated
2050,SSP2-4.5 / 2050,230,36.31000282110113,37.0,insulated
2050,SSP2-4.5 / 2050,231,30.65072457968855,23.0,insulated
2050,SSP2-4.5 / 2050,232,45.26984574025224,33.0,insulated
2050,SSP2-4.5 / 2050,233,47.218813804339455,33.0,insulated
2050,SSP2-4.5 / 2050,234,49.467250184557905,35.0,insulated
2050,SSP2-4.5 / 2050,235,49.4857672972316,35.0,insulated
2050,SSP2-4.5 / 2050,236,31.36447982524303,23.0,insulated
2050,SSP2-4.5 / 2050,237,45.59532160163697,33.0,insulated
2050,SSP2-4.5 / 2050,238,48.18196938742391,33.0,insulated
2050,SSP2-4.5 / 2050,239,49.97362597340193,35.0,insulated
2050,SSP2-4.5 / 2050,240,50.01932999680473,35.0,insulated
2050,SSP2-4.5 / 2050,241,32.50753196396237,23.0,insulated
2050,SSP2-4.5 / 2050,242,46.52621219278208,33.0,insulated
2050,SSP2-4.5 / 2050,243,48.80537968587463,33.0,insulated
2050,SSP2-4.5 / 2050,244,51.151202351624924,35.0,insulated
2050,SSP2-4.5 / 2050,245,50.61508899454873,35.0,insulated
2050,SSP2-4.5 / 2050,246,32.44496648510852,23.0,insulated
2050,SSP2-4.5 / 2050,247,46.89412647210612,33.0,insulated
2050,SSP2-4.5 / 2050,248,48.90198442988624,33.0,insulated
2050,SSP2-4.5 / 2050,249,50.85878815811186,35.0,insulated
2050,SSP2-4.5 / 2050,250,50.92704071833926,35.0,insulated
2050,SSP2-4.5 / 2050,251,11.643062621816032,0.0,existing
2050,SSP2-4.5 / 2050,252,25.66452019753202,-4.0,existing
2050,SSP2-4.5 / 2050,253,27.825091629850586,-4.0,existing
2050,SSP2-4.5 / 2050,254,29.459686086358296,-4.0,existing
2050,SSP2-4.5 / 2050,255,29.502328338929665,-3.0,existing
2050,SSP2-4.5 / 2050,256,25.198062177346163,-3.0,existing
2050,SSP2-4.5 / 2050,257,38.427950730948716,-4.0,existing
2050,SSP2-4.5 / 2050,258,40.96281666468484,-5.0,existing
2050,SSP2-4.5 / 2050,259,42.91208363052164,-6.0,existing
2050,SSP2-4.5 / 2050,260,43.08833043653952,-6.0,existing
2050,SSP2-4.5 / 2050,261,25.353018635979396,-3.0,existing
2050,SSP2-4.5 / 2050,262,38.99687223627807,-4.0,existing
2050,SSP2-4.5 / 2050,263,41.49621278748839,-5.0,existing
2050,SSP2-4.5 / 2050,264,43.74565532783737,-6.0,existing
2050,SSP2-4.5 / 2050,265,43.567270741633344,-6.0,existing
2050,SSP2-4.5 / 2050,266,27.139377749156083,-3.0,existing
2050,SSP2-4.5 / 2050,267,39.980081197816695,-4.0,existing
2050,SSP2-4.5 / 2050,268,42.86368934993959,-5.0,existing
2050,SSP2-4.5 / 2050,269,44.348119545528284,-6.0,existing
2050,SSP2-4.5 / 2050,270,44.1569447098001,-6.0,existing
2050,SSP2-4.5 / 2050,271,27.14691926623832,-3.0,existing
2050,SSP2-4.5 / 2050,272,40.01843663656958,-4.0,existing
2050,SSP2-4.5 / 2050,273,42.78784741130626,-5.0,existing
2050,SSP2-4.5 / 2050,274,44.446036409901446,-6.0,existing
2050,SSP2-4.5 / 2050,275,44.3488971737483,-6.0,existing
2050,SSP2-4.5 / 2050,276,18.791532437729252,22.0,insulated
2050,SSP2-4.5 / 2050,277,32.85649978472814,32.0,insulated
2050,SSP2-4.5 / 2050,278,35.01609627708197,34.0,insulated
2050,SSP2-4.5 / 2050,279,37.16274795742464,35.0,insulated
2050,SSP2-4.5 / 2050,280,37.09686965232141,35.0,insulated
2050,SSP2-4.5 / 2050,281,31.15724825707663,22.0,insulated
2050,SSP2-4.5 / 2050,282,45.22258231085298,32.0,insulated
2050,SSP2-4.5 / 2050,283,47.693181110352505,32.0,insulated
2050,SSP2-4.5 / 2050,284,49.76053015645656,33.0,insulated
2050,SSP2-4.5 / 2050,285,49.78887843080469,33.0,insulated
2050,SSP2-4.5 / 2050,286,31.393985168624816,22.0,insulated
2050,SSP2-4.5 / 2050,287,45.66864688109092,32.0,insulated
2050,SSP2-4.5 / 2050,288,48.575061645773545,32.0,insulated
2050,SSP2-4.5 / 2050,289,50.3227769909666,34.0,insulated
2050,SSP2-4.5 / 2050,290,50.26406578499614,34.0,insulated
2050,SSP2-4.5 / 2050,291,32.51141131430046,22.0,insulated
2050,SSP2-4.5 / 2050,292,47.317033940052994,32.0,insulated
2050,SSP2-4.5 / 2050,293,49.06199155789133,32.0,insulated
2050,SSP2-4.5 / 2050,294,51.2568445182817,33.0,insulated
2050,SSP2-4.5 / 2050,295,51.061947739712004,34.0,insulated
2050,SSP2-4.5 / 2050,296,32.57512164870005,22.0,insulated
2050,SSP2-4.5 / 2050,297,47.065666037684586,32.0,insulated
2050,SSP2-4.5 / 2050,298,49.34958864383414,32.0,insulated
2050,SSP2-4.5 / 2050,299,51.030134022621155,34.0,insulated
2050,SSP2-4.5 / 2050,300,51.38358385786579,34.0,insulated
2050,SSP2-4.5 / 2050,301,19.333814329201708,23.0,insulated
2050,SSP2-4.5 / 2050,302,33.47736436406395,34.0,insulated
2050,SSP2-4.5 / 2050,303,36.338504725440515,36.0,insulated
2050,SSP2-4.5 / 2050,304,37.73838644815061,37.0,insulated
2050,SSP2-4.5 / 2050,305,38.14977841219268,37.0,insulated
2050,SSP2-4.5 / 2050,306,31.807300748111533,23.0,insulated
2050,SSP2-4.5 / 2050,307,46.12927151043682,33.0,insulated
2050,SSP2-4.5 / 2050,308,48.952192532607626,33.0,insulated
2050,SSP2-4.5 / 2050,309,50.42289903565264,35.0,insulated
2050,SSP2-4.5 / 2050,310,50.648475073266574,35.0,insulated
2050,SSP2-4.5 / 2050,311,32.32668111161053,23.0,insulated
2050,SSP2-4.5 / 2050,312,46.924084975202774,33.0,insulated
2050,SSP2-4.5 / 2050,313,49.27784032452249,33.0,insulated
2050,SSP2-4.5 / 2050,314,50.96681052150885,35.0,insulated
2050,SSP2-4.5 / 2050,315,51.0039083937593,35.0,insulated
2050,SSP2-4.5 / 2050,316,33.164335016798034,23.0,insulated
2050,SSP2-4.5 / 2050,317,47.56397484690177,33.0,insulated
2050,SSP2-4.5 / 2050,318,49.97089775474167,34.0,insulated
2050,SSP2-4.5 / 2050,319,51.78263461534417,35.0,insulated
2050,SSP2-4.5 / 2050,320,51.79480381181575,35.0,insulated
2050,SSP2-4.5 / 2050,321,33.57740697615233,23.0,insulated
2050,SSP2-4.5 / 2050,322,47.60142610145779,33.0,insulated
2050,SSP2-4.5 / 2050,323,50.390357510214855,34.0,insulated
2050,SSP2-4.5 / 2050,324,52.021290001388216,35.0,insulated
2050,SSP2-4.5 / 2050,325,51.80005058714196,35.0,insulated
2050,SSP2-4.5 / 2050,326,19.526163347845184,23.0,insulated
2050,SSP2-4.5 / 2050,327,33.787283474360386,35.0,insulated
2050,SSP2-4.5 / 2050,328,36.19631294502466,37.0,insulated
2050,SSP2-4.5 / 2050,329,37.96885450850847,39.0,insulated
2050,SSP2-4.5 / 2050,330,38.09137638443439,39.0,insulated
2050,SSP2-4.5 / 2050,331,32.3334675431319,23.0,insulated
2050,SSP2-4.5 / 2050,332,47.06778799933907,33.0,insulated
2050,SSP2-4.5 / 2050,333,49.225433051672155,35.0,insulated
2050,SSP2-4.5 / 2050,334,50.864381594186625,37.0,insulated
2050,SSP2-4.5 / 2050,335,50.81894810752617,36.0,insulated
2050,SSP2-4.5 / 2050,336,32.704922088340126,23.0,insulated
2050,SSP2-4.5 / 2050,337,46.72744889231171,33.0,insulated
2050,SSP2-4.5 / 2050,338,49.51247693304123,35.0,insulated
2050,SSP2-4.5 / 2050,339,51.38018853893952,37.0,insulated
2050,SSP2-4.5 / 2050,340,51.589551944171234,37.0,insulated
2050,SSP2-4.5 / 2050,341,33.99943326372317,23.0,insulated
2050,SSP2-4.5 / 2050,342,48.01242387654418,33.0,insulated
2050,SSP2-4.5 / 2050,343,50.64736883657858,35.0,insulated
2050,SSP2-4.5 / 2050,344,52.43507719154157,37.0,insulated
2050,SSP2-4.5 / 2050,345,52.2490368352947,37.0,insulated
2050,SSP2-4.5 / 2050,346,33.319726100117386,23.0,insulated
2050,SSP2-4.5 / 2050,347,48.10425579775699,33.0,insulated
2050,SSP2-4.5 / 2050,348,50.7675372343097,35.0,insulated
2050,SSP2-4.5 / 2050,349,52.32386397247985,37.0,insulated
2050,SSP2-4.5 / 2050,350,52.13005565254455,37.0,insulated
2050,SSP2-4.5 / 2050,351,19.940900195989716,23.0,insulated
2050,SSP2-4.5 / 2050,352,33.914007184630414,35.0,insulated
2050,SSP2-4.5 / 2050,353,36.696298401841474,37.0,insulated
2050,SSP2-4.5 / 2050,354,38.013412027405074,39.0,insulated
2050,SSP2-4.5 / 2050,355,38.01463968275407,39.0,insulated
2050,SSP2-4.5 / 2050,356,31.814015140486042,23.0,insulated
2050,SSP2-4.5 / 2050,357,46.514245621176634,33.0,insulated
2050,SSP2-4.5 / 2050,358,49.252458519389265,35.0,insulated
2050,SSP2-4.5 / 2050,359,51.0749995112726,37.0,insulated
2050,SSP2-4.5 / 2050,360,50.97403785163224,37.0,insulated
2050,SSP2-4.5 / 2050,361,32.35700843595792,23.0,insulated
2050,SSP2-4.5 / 2050,362,46.937970942573884,33.0,insulated
2050,SSP2-4.5 / 2050,363,49.94364741223581,35.0,insulated
2050,SSP2-4.5 / 2050,364,51.4523936398007,37.0,insulated
2050,SSP2-4.5 / 2050,365,51.53209132256207,37.0,insulated
2050,SSP2-4.5 / 2050,366,33.789193005000335,23.0,insulated
2050,SSP2-4.5 / 2050,367,47.904314005285435,33.0,insulated
2050,SSP2-4.5 / 2050,368,50.837201789698845,35.0,insulated
2050,SSP2-4.5 / 2050,369,52.28547781112624,37.0,insulated
2050,SSP2-4.5 / 2050,370,52.39572361103037,37.0,insulated
2050,SSP2-4.5 / 2050,371,33.75397563089999,23.0,insulated
2050,SSP2-4.5 / 2050,372,48.24141087519873,33.0,insulated
2050,SSP2-4.5 / 2050,373,50.910414205874694,35.0,insulated
2050,SSP2-4.5 / 2050,374,52.30557786002997,37.0,insulated
2050,SSP2-4.5 / 2050,375,52.32801208209232,37.0,insulated
2050,SSP2-4.5 / 2050,376,15.17172653077392,0.0,existing
2050,SSP2-4.5 / 2050,377,28.9946681513179,-4.0,existing
2050,SSP2-4.5 / 2050,378,31.357620641819917,-4.0,existing
2050,SSP2-4.5 / 2050,379,32.68599993789656,-4.0,existing
2050,SSP2-4.5 / 2050,380,32.84084191848983,-4.0,existing
2050,SSP2-4.5 / 2050,381,28.455559955154907,-3.0,existing
2050,SSP2-4.5 / 2050,382,42.09928238306291,-5.0,existing
2050,SSP2-4.5 / 2050,383,44.70388296417106,-6.0,existing
2050,SSP2-4.5 / 2050,384,46.56511581736532,-7.0,existing
2050,SSP2-4.5 / 2050,385,46.78818982173685,-7.0,existing
2050,SSP2-4.5 / 2050,386,28.9296938710662,-3.0,existing
2050,SSP2-4.5 / 2050,387,42.36874153493958,-5.0,existing
2050,SSP2-4.5 / 2050,388,45.140291548195805,-6.0,existing
2050,SSP2-4.5 / 2050,389,47.02615721765075,-7.0,existing
2050,SSP2-4.5 / 2050,390,47.22172872901727,-7.0,existing
2050,SSP2-4.5 / 2050,391,30.355925411165362,-3.0,existing
2050,SSP2-4.5 / 2050,392,43.884930606846645,-5.0,existing
2050,SSP2-4.5 / 2050,393,46.18602876001402,-6.0,existing
2050,SSP2-4.5 / 2050,394,48.1051306537841,-7.0,existing
2050,SSP2-4.5 / 2050,395,48.001932483504284,-7.0,existing
2050,SSP2-4.5 / 2050,396,29.963204851764576,-3.0,existing
2050,SSP2-4.5 / 2050,397,43.76244922675473,-5.0,existing
2050,SSP2-4.5 / 2050,398,46.134424210066435,-6.0,existing
2050,SSP2-4.5 / 2050,399,48.00679042121367,-7.0,existing
2050,SSP2-4.5 / 2050,400,47.84748478221404,-7.0,existing
2050,SSP2-4.5 / 2050,401,21.993551805286916,23.0,insulated
2050,SSP2-4.5 / 2050,402,36.45949749137514,36.0,insulated
2050,SSP2-4.5 / 2050,403,38.85042640646736,37.0,insulated
2050,SSP2-4.5 / 2050,404,40.90009168206125,39.0,insulated
2050,SSP2-4.5 / 2050,405,40.859580285000895,39.0,insulated
2050,SSP2-4.5 / 2050,406,34.67128669571485,23.0,insulated
2050,SSP2-4.5 / 2050,407,49.2397456772698,34.0,insulated
2050,SSP2-4.5 / 2050,408,51.71864798542317,35.0,insulated
2050,SSP2-4.5 / 2050,409,53.62072136109898,37.0,insulated
2050,SSP2-4.5 / 2050,410,53.41827886842966,38.0,insulated
2050,SSP2-4.5 / 2050,411,35.120581012047595,23.0,insulated
2050,SSP2-4.5 / 2050,412,50.01053600161766,34.0,insulated
2050,SSP2-4.5 / 2050,413,52.31922649813002,35.0,insulated
2050,SSP2-4.5 / 2050,414,53.74025219759043,38.0,insulated
2050,SSP2-4.5 / 2050,415,53.781322394052545,38.0,insulated
2050,SSP2-4.5 / 2050,416,35.67150534439941,23.0,insulated
2050,SSP2-4.5 / 2050,417,50.66692237037524,34.0,insulated
2050,SSP2-4.5 / 2050,418,52.72128086354885,35.0,insulated
2050,SSP2-4.5 / 2050,419,54.53604021365434,38.0,insulated
2050,SSP2-4.5 / 2050,420,54.745710015539906,38.0,insulated
2050,SSP2-4.5 / 2050,421,36.16015575304757,23.0,insulated
2050,SSP2-4.5 / 2050,422,50.66352180853416,34.0,insulated
2050,SSP2-4.5 / 2050,423,53.08741527167858,35.0,insulated
2050,SSP2-4.5 / 2050,424,54.68237836751104,38.0,insulated
2050,SSP2-4.5 / 2050,425,54.77903492726458,38.0,insulated
2050,SSP2-4.5 / 2050,426,22.627430690323795,24.0,insulated
2050,SSP2-4.5 / 2050,427,37.04490693154236,38.0,insulated
2050,SSP2-4.5 / 2050,428,39.462834332731354,39.0,insulated
2050,SSP2-4.5 / 2050,429,41.19736269784728,39.0,insulated
2050,SSP2-4.5 / 2050,430,41.25553888529503,39.0,insulated
2050,SSP2-4.5 / 2050,431,35.0521645148352,23.0,insulated
2050,SSP2-4.5 / 2050,432,50.10089216616702,35.0,insulated
2050,SSP2-4.5 / 2050,433,52.38951568702953,39.0,insulated
2050,SSP2-4.5 / 2050,434,54.084251978997656,39.0,insulated
2050,SSP2-4.5 / 2050,435,54.075406357772444,39.0,insulated
2050,SSP2-4.5 / 2050,436,35.7454035861239,23.0,insulated
2050,SSP2-4.5 / 2050,437,50.438534279866886,36.0,insulated
2050,SSP2-4.5 / 2050,438,52.85940196193221,39.0,insulated
2050,SSP2-4.5 / 2050,439,54.24643155194237,39.0,insulated
2050,SSP2-4.5 / 2050,440,54.756813071362814,39.0,insulated
2050,SSP2-4.5 / 2050,441,36.59913265517637,24.0,insulated
2050,SSP2-4.5 / 2050,442,51.49331817832061,36.0,insulated
2050,SSP2-4.5 / 2050,443,53.334656221946254,39.0,insulated
2050,SSP2-4.5 / 2050,444,55.32382515641947,39.0,insulated
2050,SSP2-4.5 / 2050,445,55.4320303675026,39.0,insulated
2050,SSP2-4.5 / 2050,446,36.749515959369745,24.0,insulated
2050,SSP2-4.5 / 2050,447,51.61988207388546,36.0,insulated
2050,SSP2-4.5 / 2050,448,53.44663139175318,39.0,insulated
2050,SSP2-4.5 / 2050,449,55.486747995828516,39.0,insulated
2050,SSP2-4.5 / 2050,450,55.51152977016495,39.0,insulated
2050,SSP2-4.5 / 2050,451,23.523438310373532,24.0,insulated
2050,SSP2-4.5 / 2050,452,37.21553342469907,39.0,insulated
2050,SSP2-4.5 / 2050,453,39.894681316958824,39.0,insulated
2050,SSP2-4.5 / 2050,454,41.47141312774423,39.0,insulated
2050,SSP2-4.5 / 2050,455,42.06686359199015,39.0,insulated
2050,SSP2-4.5 / 2050,456,36.07643965591168,25.0,insulated
2050,SSP2-4.5 / 2050,457,50.67135093790856,38.0,insulated
2050,SSP2-4.5 / 2050,458,52.64590046304577,39.0,insulated
2050,SSP2-4.5 / 2050,459,54.28121370990238,39.0,insulated
2050,SSP2-4.5 / 2050,460,54.50745687566144,39.0,insulated
2050,SSP2-4.5 / 2050,461,36.36181389782367,25.0,insulated
2050,SSP2-4.5 / 2050,462,50.84591088921548,38.0,insulated
2050,SSP2-4.5 / 2050,463,53.19159738997467,39.0,insulated
2050,SSP2-4.5 / 2050,464,54.75666398806745,39.0,insulated
2050,SSP2-4.5 / 2050,465,54.62433042817022,39.0,insulated
2050,SSP2-4.5 / 2050,466,37.174923831762825,25.0,insulated
2050,SSP2-4.5 / 2050,467,52.03675312607803,39.0,insulated
2050,SSP2-4.5 / 2050,468,53.864217139931064,39.0,insulated
2050,SSP2-4.5 / 2050,469,55.74190485076361,39.0,insulated
2050,SSP2-4.5 / 2050,470,55.95127846257867,39.0,insulated
2050,SSP2-4.5 / 2050,471,37.70798435009522,25.0,insulated
2050,SSP2-4.5 / 2050,472,52.0394154609373,39.0,insulated
2050,SSP2-4.5 / 2050,473,54.04087280610083,39.0,insulated
2050,SSP2-4.5 / 2050,474,55.891628781515706,39.0,insulated
2050,SSP2-4.5 / 2050,475,55.910909257644846,39.0,insulated
2050,SSP2-4.5 / 2050,476,23.091940664656263,25.0,insulated
2050,SSP2-4.5 / 2050,477,37.54228135471743,39.0,insulated
2050,SSP2-4.5 / 2050,478,40.01785578510942,39.0,insulated
2050,SSP2-4.5 / 2050,479,42.14876757803754,39.0,insulated
2050,SSP2-4.5 / 2050,480,42.189340847938446,39.0,insulated
2050,SSP2-4.5 / 2050,481,35.93289107916448,25.0,insulated
2050,SSP2-4.5 / 2050,482,50.72414092882239,38.0,insulated
2050,SSP2-4.5 / 2050,483,52.63397754474109,39.0,insulated
2050,SSP2-4.5 / 2050,484,54.696190533978424,39.0,insulated
2050,SSP2-4.5 / 2050,485,54.7714807336073,39.0,insulated
2050,SSP2-4.5 / 2050,486,36.265427234907435,25.0,insulated
2050,SSP2-4.5 / 2050,487,51.03308283616112,39.0,insulated
2050,SSP2-4.5 / 2050,488,53.379550142076475,39.0,insulated
2050,SSP2-4.5 / 2050,489,54.618899417937456,39.0,insulated
2050,SSP2-4.5 / 2050,490,55.065895038059075,39.0,insulated
2050,SSP2-4.5 / 2050,491,36.82477285621826,25.0,insulated
2050,SSP2-4.5 / 2050,492,51.800374622180804,38.0,insulated
2050,SSP2-4.5 / 2050,493,53.79930285616726,39.0,insulated
2050,SSP2-4.5 / 2050,494,55.88904603038801,39.0,insulated
2050,SSP2-4.5 / 2050,495,55.82921780585531,39.0,insulated
2050,SSP2-4.5 / 2050,496,37.317689799292445,25.0,insulated
2050,SSP2-4.5 / 2050,497,51.93755180203539,38.0,insulated
2050,SSP2-4.5 / 2050,498,54.120103102999984,39.0,insulated
2050,SSP2-4.5 / 2050,499,55.82054441821392,39.0,insulated
2050,SSP2-4.5 / 2050,500,55.76441593390028,39.0,insulated
2050,SSP2-4.5 / 2050,501,16.93543206511195,-1.0,existing
2050,SSP2-4.5 / 2050,502,30.260118062988628,-4.0,existing
2050,SSP2-4.5 / 2050,503,32.98896709876753,-5.0,existing
2050,SSP2-4.5 / 2050,504,34.22856661331417,-5.0,existing
2050,SSP2-4.5 / 2050,505,34.53427347245729,-5.0,existing
2050,SSP2-4.5 / 2050,506,30.333188003850065,-4.0,existing
2050,SSP2-4.5 / 2050,507,43.745827826502136,-5.0,existing
2050,SSP2-4.5 / 2050,508,46.24044681097659,-6.0,existing
2050,SSP2-4.5 / 2050,509,48.085673811870365,-7.0,existing
2050,SSP2-4.5 / 2050,510,48.16309313448978,-7.0,existing
2050,SSP2-4.5 / 2050,511,30.456373149933075,-4.0,existing
2050,SSP2-4.5 / 2050,512,44.228192615960566,-6.0,existing
2050,SSP2-4.5 / 2050,513,47.13287127999506,-6.0,existing
2050,SSP2-4.5 / 2050,514,48.749068913067745,-7.0,existing
2050,SSP2-4.5 / 2050,515,48.532867215812,-7.0,existing
2050,SSP2-4.5 / 2050,516,32.00926664214391,-4.0,existing
2050,SSP2-4.5 / 2050,517,44.81840736000598,-6.0,existing
2050,SSP2-4.5 / 2050,518,47.68752524475574,-6.0,existing
2050,SSP2-4.5 / 2050,519,48.94013727711657,-7.0,existing
2050,SSP2-4.5 / 2050,520,48.80666542732112,-7.0,existing
2050,SSP2-4.5 / 2050,521,31.49855812841071,-4.0,existing
2050,SSP2-4.5 / 2050,522,45.18807424785108,-6.0,existing
2050,SSP2-4.5 / 2050,523,47.348325308004256,-6.0,existing
2050,SSP2-4.5 / 2050,524,48.949152059905074,-7.0,existing
2050,SSP2-4.5 / 2050,525,49.0710141376165,-7.0,existing
2050,SSP2-4.5 / 2050,526,23.442969759729017,23.0,insulated
2050,SSP2-4.5 / 2050,527,37.88273760367392,37.0,insulated
2050,SSP2-4.5 / 2050,528,40.088796158348075,38.0,insulated
2050,SSP2-4.5 / 2050,529,42.37880875124773,39.0,insulated
2050,SSP2-4.5 / 2050,530,42.49631598116219,39.0,insulated
2050,SSP2-4.5 / 2050,531,36.29103428783055,23.0,insulated
2050,SSP2-4.5 / 2050,532,50.85145173190389,35.0,insulated
2050,SSP2-4.5 / 2050,533,52.88532736431687,37.0,insulated
2050,SSP2-4.5 / 2050,534,54.90021926672822,38.0,insulated
2050,SSP2-4.5 / 2050,535,54.555320843972694,38.0,insulated
2050,SSP2-4.5 / 2050,536,36.90937025500627,23.0,insulated
2050,SSP2-4.5 / 2050,537,51.184738048904194,35.0,insulated
2050,SSP2-4.5 / 2050,538,53.89685862972762,38.0,insulated
2050,SSP2-4.5 / 2050,539,54.92141260162976,39.0,insulated
2050,SSP2-4.5 / 2050,540,55.10999760573153,38.0,insulated
2050,SSP2-4.5 / 2050,541,37.79126974144968,23.0,insulated
2050,SSP2-4.5 / 2050,542,52.29057947649047,35.0,insulated
2050,SSP2-4.5 / 2050,543,54.53484967126665,37.0,insulated
2050,SSP2-4.5 / 2050,544,55.99993335613058,38.0,insulated
2050,SSP2-4.5 / 2050,545,56.14210522178408,38.0,insulated
2050,SSP2-4.5 / 2050,546,37.701614566538304,23.0,insulated
2050,SSP2-4.5 / 2050,547,52.332507846137254,35.0,insulated
2050,SSP2-4.5 / 2050,548,54.61268255427146,37.0,insulated
2050,SSP2-4.5 / 2050,549,55.99121239207708,38.0,insulated
2050,SSP2-4.5 / 2050,550,55.9806780517062,38.0,insulated
2050,SSP2-4.5 / 2050,551,24.256712181926023,24.0,insulated
2050,SSP2-4.5 / 2050,552,38.41030737410712,39.0,insulated
2050,SSP2-4.5 / 2050,553,41.174452137195765,39.0,insulated
2050,SSP2-4.5 / 2050,554,42.82223960531056,39.0,insulated
2050,SSP2-4.5 / 2050,555,42.980929056481344,39.0,insulated
2050,SSP2-4.5 / 2050,556,37.077531223897815,25.0,insulated
2050,SSP2-4.5 / 2050,557,51.24740191073147,38.0,insulated
2050,SSP2-4.5 / 2050,558,53.35217410447139,39.0,insulated
2050,SSP2-4.5 / 2050,559,55.334639200851974,39.0,insulated
2050,SSP2-4.5 / 2050,560,55.34767791692591,39.0,insulated
2050,SSP2-4.5 / 2050,561,37.5115195550407,25.0,insulated
2050,SSP2-4.5 / 2050,562,51.80157690777439,38.0,insulated
2050,SSP2-4.5 / 2050,563,53.690650072748305,39.0,insulated
2050,SSP2-4.5 / 2050,564,55.67341010503717,39.0,insulated
2050,SSP2-4.5 / 2050,565,55.70857921769185,39.0,insulated
2050,SSP2-4.5 / 2050,566,38.404385017623845,25.0,insulated
2050,SSP2-4.5 / 2050,567,52.8672813477639,38.0,insulated
2050,SSP2-4.5 / 2050,568,54.96359900501514,39.0,insulated
2050,SSP2-4.5 / 2050,569,56.85819283398733,39.0,insulated
2050,SSP2-4.5 / 2050,570,56.88146512591361,39.0,insulated
2050,SSP2-4.5 / 2050,571,38.854608606539045,25.0,insulated
2050,SSP2-4.5 / 2050,572,52.33681072997463,38.0,insulated
2050,SSP2-4.5 / 2050,573,55.0462552064256,39.0,insulated
2050,SSP2-4.5 / 2050,574,56.49702941112903,39.0,insulated
2050,SSP2-4.5 / 2050,575,56.799566366932275,39.0,insulated
2050,SSP2-4.5 / 2050,576,24.315469319836275,25.0,insulated
2050,SSP2-4.5 / 2050,577,38.63125670510817,39.0,insulated
2050,SSP2-4.5 / 2050,578,41.819006132091495,39.0,insulated
2050,SSP2-4.5 / 2050,579,43.336476824973516,39.0,insulated
2050,SSP2-4.5 / 2050,580,43.298399837362034,39.0,insulated
2050,SSP2-4.5 / 2050,581,37.483556946776034,25.0,insulated
2050,SSP2-4.5 / 2050,582,51.8479965679795,39.0,insulated
2050,SSP2-4.5 / 2050,583,53.7435961427195,39.0,insulated
2050,SSP2-4.5 / 2050,584,55.897233730123084,39.0,insulated
2050,SSP2-4.5 / 2050,585,55.722002254886895,39.0,insulated
2050,SSP2-4.5 / 2050,586,38.10027308391538,25.0,insulated
2050,SSP2-4.5 / 2050,587,52.2912493437073,39.0,insulated
2050,SSP2-4.5 / 2050,588,54.34264788362854,39.0,insulated
2050,SSP2-4.5 / 2050,589,56.206837590889535,39.0,insulated
2050,SSP2-4.5 / 2050,590,56.050939565850726,39.0,insulated
2050,SSP2-4.5 / 2050,591,38.745378590947084,25.0,insulated
2050,SSP2-4.5 / 2050,592,53.15430846254597,39.0,insulated
2050,SSP2-4.5 / 2050,593,55.474093533640776,39.0,insulated
2050,SSP2-4.5 / 2050,594,57.01009950738894,39.0,insulated
2050,SSP2-4.5 / 2050,595,57.18102667390382,39.0,insulated
2050,SSP2-4.5 / 2050,596,39.3098627635078,25.0,insulated
2050,SSP2-4.5 / 2050,597,52.96121767107051,39.0,insulated
2050,SSP2-4.5 / 2050,598,55.56708608244196,39.0,insulated
2050,SSP2-4.5 / 2050,599,57.16920968556204,39.0,insulated
2050,SSP2-4.5 / 2050,600,57.17220528225388,39.0,insulated
2050,SSP2-4.5 / 2050,601,24.917683467721712,25.0,insulated
2050,SSP2-4.5 / 2050,602,39.04931013946024,39.0,insulated
2050,SSP2-4.5 / 2050,603,41.174221142397776,39.0,insulated
2050,SSP2-4.5 / 2050,604,43.47477584996848,39.0,insulated
2050,SSP2-4.5 / 2050,605,43.426338034865374,39.0,insulated
2050,SSP2-4.5 / 2050,606,37.56136319443116,25.0,insulated
2050,SSP2-4.5 / 2050,607,51.787915583127216,39.0,insulated
2050,SSP2-4.5 / 2050,608,53.69850606978701,39.0,insulated
2050,SSP2-4.5 / 2050,609,55.74169074405848,39.0,insulated
2050,SSP2-4.5 / 2050,610,55.971366133174044,39.0,insulated
2050,SSP2-4.5 / 2050,611,38.00306418580909,25.0,insulated
2050,SSP2-4.5 / 2050,612,52.42059910718019,39.0,insulated
2050,SSP2-4.5 / 2050,613,54.44657773336408,39.0,insulated
2050,SSP2-4.5 / 2050,614,56.078450286480575,39.0,insulated
2050,SSP2-4.5 / 2050,615,56.29043551121564,39.0,insulated
2050,SSP2-4.5 / 2050,616,38.9112133884937,25.0,insulated
2050,SSP2-4.5 / 2050,617,52.97726540181412,39.0,insulated
2050,SSP2-4.5 / 2050,618,55.59373725638057,39.0,insulated
2050,SSP2-4.5 / 2050,619,57.00393469128367,39.0,insulated
2050,SSP2-4.5 / 2050,620,57.210225775325114,39.0,insulated
2050,SSP2-4.5 / 2050,621,39.12790805414678,25.0,insulated
2050,SSP2-4.5 / 2050,622,53.2474552478582,39.0,insulated
2050,SSP2-4.5 / 2050,623,55.467089699988954,39.0,insulated
2050,SSP2-4.5 / 2050,624,57.2003194696765,39.0,insulated
2050,SSP2-4.5 / 2050,625,57.438662428426504,39.0,insulated
2100,SSP5-8.5 / 2080,1,0.0,0.0,existing
2100,SSP5-8.5 / 2080,2,11.87635022518107,-2.0,existing
2100,SSP5-8.5 / 2080,3,14.859359398435757,-1.0,existing
2100,SSP5-8.5 / 2080,4,16.823827594816724,-1.0,existing
2100,SSP5-8.5 / 2080,5,17.473559840766583,-1.0,existing
2100,SSP5-8.5 / 2080,6,12.255890240374715,0.0,existing
2100,SSP5-8.5 / 2080,7,25.219623032339143,-3.0,existing
2100,SSP5-8.5 / 2080,8,27.424907585599627,-4.0,existing
2100,SSP5-8.5 / 2080,9,29.509503513006194,-5.0,existing
2100,SSP5-8.5 / 2080,10,29.77751143884519,-5.0,existing
2100,SSP5-8.5 / 2080,11,13.332071927690945,0.0,existing
2100,SSP5-8.5 / 2080,12,25.5222802607497,-3.0,existing
2100,SSP5-8.5 / 2080,13,27.620594443624086,-4.0,existing
2100,SSP5-8.5 / 2080,14,30.147275257028397,-5.0,existing
2100,SSP5-8.5 / 2080,15,30.023426253055163,-5.0,existing
2100,SSP5-8.5 / 2080,16,13.987191201813978,0.0,existing
2100,SSP5-8.5 / 2080,17,26.904253738420266,-3.0,existing
2100,SSP5-8.5 / 2080,18,29.609277579060592,-4.0,existing
2100,SSP5-8.5 / 2080,19,31.000717847450147,-5.0,existing
2100,SSP5-8.5 / 2080,20,31.377151717676966,-5.0,existing
2100,SSP5-8.5 / 2080,21,14.565059931106244,0.0,existing
2100,SSP5-8.5 / 2080,22,27.226971768979208,-3.0,existing
2100,SSP5-8.5 / 2080,23,29.711413745485853,-4.0,existing
2100,SSP5-8.5 / 2080,24,30.829427586676687,-5.0,existing
2100,SSP5-8.5 / 2080,25,31.06284761530503,-5.0,existing
2100,SSP5-8.5 / 2080,26,7.801288701145846,29.0,insulated
2100,SSP5-8.5 / 2080,27,21.575602847588648,37.0,insulated
2100,SSP5-8.5 / 2080,28,24.30637591525637,38.0,insulated
2100,SSP5-8.5 / 2080,29,25.609226983834485,38.0,insulated
2100,SSP5-8.5 / 2080,30,25.872417594727636,38.0,insulated
2100,SSP5-8.5 / 2080,31,20.601705160389983,27.0,insulated
2100,SSP5-8.5 / 2080,32,34.47836023785058,33.0,insulated
2100,SSP5-8.5 / 2080,33,36.283545376826815,36.0,insulated
2100,SSP5-8.5 / 2080,34,38.43692297971129,37.0,insulated
2100,SSP5-8.5 / 2080,35,38.588351202675604,37.0,insulated
2100,SSP5-8.5 / 2080,36,21.671058095907316,28.0,insulated
2100,SSP5-8.5 / 2080,37,34.80625566079313,33.0,insulated
2100,SSP5-8.5 / 2080,38,36.913882341532904,36.0,insulated
2100,SSP5-8.5 / 2080,39,38.71722401415423,37.0,insulated
2100,SSP5-8.5 / 2080,40,38.90350296551047,37.0,insulated
2100,SSP5-8.5 / 2080,41,22.27203713893583,28.0,insulated
2100,SSP5-8.5 / 2080,42,35.68844687342427,33.0,insulated
2100,SSP5-8.5 / 2080,43,37.61594936494672,36.0,insulated
2100,SSP5-8.5 / 2080,44,39.959399724444125,37.0,insulated
2100,SSP5-8.5 / 2080,45,40.61671456125694,37.0,insulated
2100,SSP5-8.5 / 2080,46,22.755255126683934,28.0,insulated
2100,SSP5-8.5 / 2080,47,36.194164300147314,33.0,insulated
2100,SSP5-8.5 / 2080,48,37.68976803092358,37.0,insulated
2100,SSP5-8.5 / 2080,49,40.34181147525041,37.0,insulated
2100,SSP5-8.5 / 2080,50,39.9325933078385,37.0,insulated
2100,SSP5-8.5 / 2080,51,9.341202897564026,31.0,insulated
2100,SSP5-8.5 / 2080,52,22.537732990241093,39.0,insulated
2100,SSP5-8.5 / 2080,53,24.65950050849983,40.0,insulated
2100,SSP5-8.5 / 2080,54,26.115317759093788,41.0,insulated
2100,SSP5-8.5 / 2080,55,26.55396791451284,41.0,insulated
2100,SSP5-8.5 / 2080,56,21.17778746140993,28.0,insulated
2100,SSP5-8.5 / 2080,57,34.65573110754955,37.0,insulated
2100,SSP5-8.5 / 2080,58,37.62563658127016,37.0,insulated
2100,SSP5-8.5 / 2080,59,39.12734423941177,37.0,insulated
2100,SSP5-8.5 / 2080,60,39.153837099120125,37.0,insulated
2100,SSP5-8.5 / 2080,61,22.315900825040277,29.0,insulated
2100,SSP5-8.5 / 2080,62,35.630136366354684,37.0,insulated
2100,SSP5-8.5 / 2080,63,38.20470355992078,37.0,insulated
2100,SSP5-8.5 / 2080,64,39.6560787941679,37.0,insulated
2100,SSP5-8.5 / 2080,65,39.56869610399731,37.0,insulated
2100,SSP5-8.5 / 2080,66,22.97503075914224,29.0,insulated
2100,SSP5-8.5 / 2080,67,36.5730744668969,37.0,insulated
2100,SSP5-8.5 / 2080,68,39.38245547070644,37.0,insulated
2100,SSP5-8.5 / 2080,69,40.855592467155276,37.0,insulated
2100,SSP5-8.5 / 2080,70,40.444289687296596,38.0,insulated
2100,SSP5-8.5 / 2080,71,23.274995015210475,29.0,insulated
2100,SSP5-8.5 / 2080,72,36.57980935151333,37.0,insulated
2100,SSP5-8.5 / 2080,73,38.876884232919295,37.0,insulated
2100,SSP5-8.5 / 2080,74,40.79580748139878,37.0,insulated
2100,SSP5-8.5 / 2080,75,40.96706399276348,38.0,insulated
2100,SSP5-8.5 / 2080,76,9.113996997173816,31.0,insulated
2100,SSP5-8.5 / 2080,77,22.179824466994,40.0,insulated
2100,SSP5-8.5 / 2080,78,25.25873120216698,40.0,insulated
2100,SSP5-8.5 / 2080,79,27.529740210474515,42.0,insulated
2100,SSP5-8.5 / 2080,80,26.70222018710959,42.0,insulated
2100,SSP5-8.5 / 2080,81,22.404760853710737,31.0,insulated
2100,SSP5-8.5 / 2080,82,35.28480922009103,38.0,insulated
2100,SSP5-8.5 / 2080,83,37.99667541856031,39.0,insulated
2100,SSP5-8.5 / 2080,84,39.30177986058805,39.0,insulated
2100,SSP5-8.5 / 2080,85,39.55321717046273,39.0,insulated
2100,SSP5-8.5 / 2080,86,22.77441896625576,31.0,insulated
2100,SSP5-8.5 / 2080,87,36.08100909494494,38.0,insulated
2100,SSP5-8.5 / 2080,88,38.318975836008,39.0,insulated
2100,SSP5-8.5 / 2080,89,40.023468652493285,40.0,insulated
2100,SSP5-8.5 / 2080,90,40.3765330504427,40.0,insulated
2100,SSP5-8.5 / 2080,91,23.805906441074573,31.0,insulated
2100,SSP5-8.5 / 2080,92,37.03196027164845,38.0,insulated
2100,SSP5-8.5 / 2080,93,39.38443977694336,39.0,insulated
2100,SSP5-8.5 / 2080,94,41.3391822452913,40.0,insulated
2100,SSP5-8.5 / 2080,95,41.514305326047996,40.0,insulated
2100,SSP5-8.5 / 2080,96,23.533920786572708,31.0,insulated
2100,SSP5-8.5 / 2080,97,36.97076246443685,38.0,insulated
2100,SSP5-8.5 / 2080,98,38.924273451100646,39.0,insulated
2100,SSP5-8.5 / 2080,99,41.486726109466865,40.0,insulated
2100,SSP5-8.5 / 2080,100,41.09396995398631,40.0,insulated
2100,SSP5-8.5 / 2080,101,9.478702237892312,31.0,insulated
2100,SSP5-8.5 / 2080,102,22.638003183302477,40.0,insulated
2100,SSP5-8.5 / 2080,103,24.85826477732376,41.0,insulated
2100,SSP5-8.5 / 2080,104,27.602653135313474,42.0,insulated
2100,SSP5-8.5 / 2080,105,26.973653752166793,42.0,insulated
2100,SSP5-8.5 / 2080,106,21.699658709378877,31.0,insulated
2100,SSP5-8.5 / 2080,107,35.7580195879948,38.0,insulated
2100,SSP5-8.5 / 2080,108,37.843499059349725,39.0,insulated
2100,SSP5-8.5 / 2080,109,40.027791276597206,39.0,insulated
2100,SSP5-8.5 / 2080,110,39.06745716471018,39.0,insulated
2100,SSP5-8.5 / 2080,111,22.85914527045233,31.0,insulated
2100,SSP5-8.5 / 2080,112,35.72559160907741,38.0,insulated
2100,SSP5-8.5 / 2080,113,38.2680771984507,39.0,insulated
2100,SSP5-8.5 / 2080,114,39.91268616957939,40.0,insulated
2100,SSP5-8.5 / 2080,115,40.025417480077536,40.0,insulated
2100,SSP5-8.5 / 2080,116,23.716641950475037,31.0,insulated
2100,SSP5-8.5 / 2080,117,36.81615293329423,38.0,insulated
2100,SSP5-8.5 / 2080,118,39.635527919383776,39.0,insulated
2100,SSP5-8.5 / 2080,119,41.320056681815295,40.0,insulated
2100,SSP5-8.5 / 2080,120,41.383414399584275,41.0,insulated
2100,SSP5-8.5 / 2080,121,23.466698924042632,31.0,insulated
2100,SSP5-8.5 / 2080,122,37.046157697527605,38.0,insulated
2100,SSP5-8.5 / 2080,123,39.66651298762427,39.0,insulated
2100,SSP5-8.5 / 2080,124,41.439829444630476,40.0,insulated
2100,SSP5-8.5 / 2080,125,41.37270324252437,41.0,insulated
2100,SSP5-8.5 / 2080,126,10.49992718965342,-1.0,existing
2100,SSP5-8.5 / 2080,127,22.987583300432362,-2.0,existing
2100,SSP5-8.5 / 2080,128,25.70647265817166,-1.0,existing
2100,SSP5-8.5 / 2080,129,27.580956012042137,-2.0,existing
2100,SSP5-8.5 / 2080,130,27.483635557874667,-2.0,existing
2100,SSP5-8.5 / 2080,131,22.912903760912943,-3.0,existing
2100,SSP5-8.5 / 2080,132,36.48013671437985,-4.0,existing
2100,SSP5-8.5 / 2080,133,38.58262059328036,-5.0,existing
2100,SSP5-8.5 / 2080,134,40.227820985783644,-6.0,existing
2100,SSP5-8.5 / 2080,135,40.46787586797193,-6.0,existing
2100,SSP5-8.5 / 2080,136,23.67364395434983,-3.0,existing
2100,SSP5-8.5 / 2080,137,37.032596473298696,-5.0,existing
2100,SSP5-8.5 / 2080,138,38.77787009084838,-5.0,existing
2100,SSP5-8.5 / 2080,139,40.554446868864055,-6.0,existing
2100,SSP5-8.5 / 2080,140,40.862761215561555,-5.0,existing
2100,SSP5-8.5 / 2080,141,24.819709991729717,-3.0,existing
2100,SSP5-8.5 / 2080,142,37.90969720396685,-5.0,existing
2100,SSP5-8.5 / 2080,143,40.438068751764256,-5.0,existing
2100,SSP5-8.5 / 2080,144,41.64728838621862,-6.0,existing
2100,SSP5-8.5 / 2080,145,42.274828473125694,-6.0,existing
2100,SSP5-8.5 / 2080,146,25.093054924533707,-3.0,existing
2100,SSP5-8.5 / 2080,147,37.724091521184285,-5.0,existing
2100,SSP5-8.5 / 2080,148,40.14381294671197,-5.0,existing
2100,SSP5-8.5 / 2080,149,41.714622419878324,-6.0,existing
2100,SSP5-8.5 / 2080,150,41.91654178680499,-6.0,existing
2100,SSP5-8.5 / 2080,151,18.82492383920769,35.0,insulated
2100,SSP5-8.5 / 2080,152,32.48079912987359,43.0,insulated
2100,SSP5-8.5 / 2080,153,34.75911219083929,45.0,insulated
2100,SSP5-8.5 / 2080,154,36.55446556942699,46.0,insulated
2100,SSP5-8.5 / 2080,155,36.8034046293343,47.0,insulated
2100,SSP5-8.5 / 2080,156,32.06188861314521,35.0,insulated
2100,SSP5-8.5 / 2080,157,45.17986131498111,42.0,insulated
2100,SSP5-8.5 / 2080,158,47.931918766065436,42.0,insulated
2100,SSP5-8.5 / 2080,159,49.74745684289371,44.0,insulated
2100,SSP5-8.5 / 2080,160,49.66687452318593,45.0,insulated
2100,SSP5-8.5 / 2080,161,32.25789520377011,35.0,insulated
2100,SSP5-8.5 / 2080,162,45.86081859612738,42.0,insulated
2100,SSP5-8.5 / 2080,163,47.98111894313288,42.0,insulated
2100,SSP5-8.5 / 2080,164,49.626118531100154,44.0,insulated
2100,SSP5-8.5 / 2080,165,50.107308553000486,45.0,insulated
2100,SSP5-8.5 / 2080,166,33.37492318770962,35.0,insulated
2100,SSP5-8.5 / 2080,167,46.70308592630894,42.0,insulated
2100,SSP5-8.5 / 2080,168,49.364639094165156,42.0,insulated
2100,SSP5-8.5 / 2080,169,51.077845086152436,44.0,insulated
2100,SSP5-8.5 / 2080,170,51.337765481250756,45.0,insulated
2100,SSP5-8.5 / 2080,171,33.65461709756288,35.0,insulated
2100,SSP5-8.5 / 2080,172,46.712674169189576,42.0,insulated
2100,SSP5-8.5 / 2080,173,49.83099710031027,42.0,insulated
2100,SSP5-8.5 / 2080,174,51.291957552156255,44.0,insulated
2100,SSP5-8.5 / 2080,175,51.479883821760595,45.0,insulated
2100,SSP5-8.5 / 2080,176,19.668105851779245,35.0,insulated
2100,SSP5-8.5 / 2080,177,33.270470796120975,46.0,insulated
2100,SSP5-8.5 / 2080,178,35.06920114743623,49.0,insulated
2100,SSP5-8.5 / 2080,179,37.592916505054546,50.0,insulated
2100,SSP5-8.5 / 2080,180,37.9507114854264,49.0,insulated
2100,SSP5-8.5 / 2080,181,32.22902115266341,35.0,insulated
2100,SSP5-8.5 / 2080,182,46.11669200443499,43.0,insulated
2100,SSP5-8.5 / 2080,183,48.82826909352682,45.0,insulated
2100,SSP5-8.5 / 2080,184,50.09142427051076,47.0,insulated
2100,SSP5-8.5 / 2080,185,50.14186746753648,47.0,insulated
2100,SSP5-8.5 / 2080,186,33.04560288369722,35.0,insulated
2100,SSP5-8.5 / 2080,187,46.66158813932447,43.0,insulated
2100,SSP5-8.5 / 2080,188,49.037675798551525,45.0,insulated
2100,SSP5-8.5 / 2080,189,50.61230948482848,47.0,insulated
2100,SSP5-8.5 / 2080,190,50.60862566368132,47.0,insulated
2100,SSP5-8.5 / 2080,191,34.073191947707656,35.0,insulated
2100,SSP5-8.5 / 2080,192,47.47221678472835,43.0,insulated
2100,SSP5-8.5 / 2080,193,50.227726106698675,45.0,insulated
2100,SSP5-8.5 / 2080,194,51.53275417964229,46.0,insulated
2100,SSP5-8.5 / 2080,195,51.612675954979416,46.0,insulated
2100,SSP5-8.5 / 2080,196,33.881258917027736,35.0,insulated
2100,SSP5-8.5 / 2080,197,47.44381286267761,43.0,insulated
2100,SSP5-8.5 / 2080,198,50.07524657861702,45.0,insulated
2100,SSP5-8.5 / 2080,199,51.880825641389414,46.0,insulated
2100,SSP5-8.5 / 2080,200,51.839236460410525,46.0,insulated
2100,SSP5-8.5 / 2080,201,19.782038733967656,36.0,insulated
2100,SSP5-8.5 / 2080,202,34.26229768487748,49.0,insulated
2100,SSP5-8.5 / 2080,203,36.54969891578521,50.0,insulated
2100,SSP5-8.5 / 2080,204,37.9667548936817,51.0,insulated
2100,SSP5-8.5 / 2080,205,38.11296126986975,51.0,insulated
2100,SSP5-8.5 / 2080,206,32.88168429508817,36.0,insulated
2100,SSP5-8.5 / 2080,207,46.41665080297128,45.0,insulated
2100,SSP5-8.5 / 2080,208,48.525672167591495,48.0,insulated
2100,SSP5-8.5 / 2080,209,50.585736122835826,48.0,insulated
2100,SSP5-8.5 / 2080,210,50.516738722025295,47.0,insulated
2100,SSP5-8.5 / 2080,211,33.4404584862742,36.0,insulated
2100,SSP5-8.5 / 2080,212,46.79719479389348,45.0,insulated
2100,SSP5-8.5 / 2080,213,49.07107192550839,48.0,insulated
2100,SSP5-8.5 / 2080,214,51.14359413588451,48.0,insulated
2100,SSP5-8.5 / 2080,215,51.018426633155535,48.0,insulated
2100,SSP5-8.5 / 2080,216,34.688332033771644,36.0,insulated
2100,SSP5-8.5 / 2080,217,48.177955271026356,45.0,insulated
2100,SSP5-8.5 / 2080,218,50.7485130003475,47.0,insulated
2100,SSP5-8.5 / 2080,219,52.30166661492212,48.0,insulated
2100,SSP5-8.5 / 2080,220,52.38303457459172,48.0,insulated
2100,SSP5-8.5 / 2080,221,34.541064677596175,36.0,insulated
2100,SSP5-8.5 / 2080,222,48.07172939863818,45.0,insulated
2100,SSP5-8.5 / 2080,223,49.938624837438816,47.0,insulated
2100,SSP5-8.5 / 2080,224,52.54010046211296,48.0,insulated
2100,SSP5-8.5 / 2080,225,52.51293159716949,48.0,insulated
2100,SSP5-8.5 / 2080,226,20.260869696130914,36.0,insulated
2100,SSP5-8.5 / 2080,227,33.612373545233304,49.0,insulated
2100,SSP5-8.5 / 2080,228,36.69717786866241,50.0,insulated
2100,SSP5-8.5 / 2080,229,38.146865617135795,51.0,insulated
2100,SSP5-8.5 / 2080,230,38.388262086449124,51.0,insulated
2100,SSP5-8.5 / 2080,231,33.44559235059944,36.0,insulated
2100,SSP5-8.5 / 2080,232,46.295032004127215,45.0,insulated
2100,SSP5-8.5 / 2080,233,49.141200208841155,47.0,insulated
2100,SSP5-8.5 / 2080,234,50.6594672408632,47.0,insulated
2100,SSP5-8.5 / 2080,235,50.94862063463164,47.0,insulated
2100,SSP5-8.5 / 2080,236,33.181797538532095,36.0,insulated
2100,SSP5-8.5 / 2080,237,47.11946666495993,46.0,insulated
2100,SSP5-8.5 / 2080,238,49.57084543142878,47.0,insulated
2100,SSP5-8.5 / 2080,239,51.40731132018603,47.0,insulated
2100,SSP5-8.5 / 2080,240,51.0436937255547,48.0,insulated
2100,SSP5-8.5 / 2080,241,34.45974189413585,36.0,insulated
2100,SSP5-8.5 / 2080,242,48.094781606473695,46.0,insulated
2100,SSP5-8.5 / 2080,243,50.586498822013525,47.0,insulated
2100,SSP5-8.5 / 2080,244,52.174746573089976,48.0,insulated
2100,SSP5-8.5 / 2080,245,52.06837670160962,48.0,insulated
2100,SSP5-8.5 / 2080,246,34.621913164997274,36.0,insulated
2100,SSP5-8.5 / 2080,247,48.03387215137621,46.0,insulated
2100,SSP5-8.5 / 2080,248,50.384807259559324,47.0,insulated
2100,SSP5-8.5 / 2080,249,52.21609123235783,48.0,insulated
2100,SSP5-8.5 / 2080,250,52.539701665909824,48.0,insulated
2100,SSP5-8.5 / 2080,251,12.235215072993132,-2.0,existing
2100,SSP5-8.5 / 2080,252,24.387241346631612,-2.0,existing
2100,SSP5-8.5 / 2080,253,27.118653002968884,-2.0,existing
2100,SSP5-8.5 / 2080,254,28.7996961405962,-2.0,existing
2100,SSP5-8.5 / 2080,255,28.260180721309265,-2.0,existing
2100,SSP5-8.5 / 2080,256,24.069668853465817,-3.0,existing
2100,SSP5-8.5 / 2080,257,37.134148619616305,-5.0,existing
2100,SSP5-8.5 / 2080,258,39.94486856905801,-5.0,existing
2100,SSP5-8.5 / 2080,259,41.763384827258896,-5.0,existing
2100,SSP5-8.5 / 2080,260,41.80976377986589,-5.0,existing
2100,SSP5-8.5 / 2080,261,24.9714306645877,-3.0,existing
2100,SSP5-8.5 / 2080,262,37.88800679907432,-5.0,existing
2100,SSP5-8.5 / 2080,263,40.35173874213263,-6.0,existing
2100,SSP5-8.5 / 2080,264,42.30280211471752,-5.0,existing
2100,SSP5-8.5 / 2080,265,42.311579011625476,-6.0,existing
2100,SSP5-8.5 / 2080,266,26.999754405514928,-3.0,existing
2100,SSP5-8.5 / 2080,267,39.571055219287906,-5.0,existing
2100,SSP5-8.5 / 2080,268,41.991482097599516,-6.0,existing
2100,SSP5-8.5 / 2080,269,43.30830663523858,-8.0,existing
2100,SSP5-8.5 / 2080,270,43.849026831771525,-7.0,existing
2100,SSP5-8.5 / 2080,271,25.990132185035982,-3.0,existing
2100,SSP5-8.5 / 2080,272,39.32941944168738,-5.0,existing
2100,SSP5-8.5 / 2080,273,42.0970154098189,-6.0,existing
2100,SSP5-8.5 / 2080,274,43.32001519712046,-8.0,existing
2100,SSP5-8.5 / 2080,275,43.17603345047852,-6.0,existing
2100,SSP5-8.5 / 2080,276,20.613538294087586,35.0,insulated
2100,SSP5-8.5 / 2080,277,33.95830419638051,44.0,insulated
2100,SSP5-8.5 / 2080,278,36.13377325849198,46.0,insulated
2100,SSP5-8.5 / 2080,279,38.201702361167996,47.0,insulated
2100,SSP5-8.5 / 2080,280,38.39145669118234,47.0,insulated
2100,SSP5-8.5 / 2080,281,33.404673322258745,35.0,insulated
2100,SSP5-8.5 / 2080,282,46.95003220859089,42.0,insulated
2100,SSP5-8.5 / 2080,283,49.204198219838986,43.0,insulated
2100,SSP5-8.5 / 2080,284,50.93562601621758,45.0,insulated
2100,SSP5-8.5 / 2080,285,51.02038267828842,45.0,insulated
2100,SSP5-8.5 / 2080,286,33.81013041198116,35.0,insulated
2100,SSP5-8.5 / 2080,287,47.66429599460068,42.0,insulated
2100,SSP5-8.5 / 2080,288,49.793050481361384,43.0,insulated
2100,SSP5-8.5 / 2080,289,51.62849018562497,45.0,insulated
2100,SSP5-8.5 / 2080,290,51.467908772994065,45.0,insulated
2100,SSP5-8.5 / 2080,291,34.879978058086266,35.0,insulated
2100,SSP5-8.5 / 2080,292,48.29846039369787,42.0,insulated
2100,SSP5-8.5 / 2080,293,51.16860128442269,43.0,insulated
2100,SSP5-8.5 / 2080,294,52.613535758392246,45.0,insulated
2100,SSP5-8.5 / 2080,295,52.600508864599576,45.0,insulated
2100,SSP5-8.5 / 2080,296,35.15333995070848,35.0,insulated
2100,SSP5-8.5 / 2080,297,48.05215216439485,42.0,insulated
2100,SSP5-8.5 / 2080,298,51.19687244153434,43.0,insulated
2100,SSP5-8.5 / 2080,299,52.56478186561352,45.0,insulated
2100,SSP5-8.5 / 2080,300,52.72213213296928,45.0,insulated
2100,SSP5-8.5 / 2080,301,21.212387099674366,36.0,insulated
2100,SSP5-8.5 / 2080,302,34.93302333509044,47.0,insulated
2100,SSP5-8.5 / 2080,303,37.54859924190674,50.0,insulated
2100,SSP5-8.5 / 2080,304,39.10507607919045,51.0,insulated
2100,SSP5-8.5 / 2080,305,38.70494999549269,51.0,insulated
2100,SSP5-8.5 / 2080,306,33.614619852488914,35.0,insulated
2100,SSP5-8.5 / 2080,307,47.7607118307962,45.0,insulated
2100,SSP5-8.5 / 2080,308,50.08498726723382,46.0,insulated
2100,SSP5-8.5 / 2080,309,51.551567605473245,47.0,insulated
2100,SSP5-8.5 / 2080,310,51.72962396810299,47.0,insulated
2100,SSP5-8.5 / 2080,311,34.61307838893839,36.0,insulated
2100,SSP5-8.5 / 2080,312,48.11593685367485,45.0,insulated
2100,SSP5-8.5 / 2080,313,50.31071036538166,47.0,insulated
2100,SSP5-8.5 / 2080,314,52.100846870843476,48.0,insulated
2100,SSP5-8.5 / 2080,315,52.27858020939134,48.0,insulated
2100,SSP5-8.5 / 2080,316,35.294796997313924,36.0,insulated
2100,SSP5-8.5 / 2080,317,48.70361043071167,44.0,insulated
2100,SSP5-8.5 / 2080,318,51.622142745434346,46.0,insulated
2100,SSP5-8.5 / 2080,319,53.163404547236674,47.0,insulated
2100,SSP5-8.5 / 2080,320,53.67919973304939,48.0,insulated
2100,SSP5-8.5 / 2080,321,35.834001625948844,36.0,insulated
2100,SSP5-8.5 / 2080,322,49.19374626261345,44.0,insulated
2100,SSP5-8.5 / 2080,323,51.41802614645771,47.0,insulated
2100,SSP5-8.5 / 2080,324,52.914804394363365,47.0,insulated
2100,SSP5-8.5 / 2080,325,53.22139566512292,47.0,insulated
2100,SSP5-8.5 / 2080,326,21.934220916918196,36.0,insulated
2100,SSP5-8.5 / 2080,327,35.29795420337526,50.0,insulated
2100,SSP5-8.5 / 2080,328,37.52223911288706,51.0,insulated
2100,SSP5-8.5 / 2080,329,39.30671302892786,52.0,insulated
2100,SSP5-8.5 / 2080,330,39.60992544379354,52.0,insulated
2100,SSP5-8.5 / 2080,331,34.46820142933285,36.0,insulated
2100,SSP5-8.5 / 2080,332,47.99706960312187,46.0,insulated
2100,SSP5-8.5 / 2080,333,50.51962163787792,48.0,insulated
2100,SSP5-8.5 / 2080,334,52.28253202168772,49.0,insulated
2100,SSP5-8.5 / 2080,335,52.17619675784438,50.0,insulated
2100,SSP5-8.5 / 2080,336,34.910727334391055,36.0,insulated
2100,SSP5-8.5 / 2080,337,48.261892264355524,47.0,insulated
2100,SSP5-8.5 / 2080,338,50.75729298086533,48.0,insulated
2100,SSP5-8.5 / 2080,339,52.47522717836279,50.0,insulated
2100,SSP5-8.5 / 2080,340,52.50883361081674,51.0,insulated
2100,SSP5-8.5 / 2080,341,36.055056930647886,36.0,insulated
2100,SSP5-8.5 / 2080,342,49.56823704841238,47.0,insulated
2100,SSP5-8.5 / 2080,343,51.94353331111225,48.0,insulated
2100,SSP5-8.5 / 2080,344,53.70740712127203,50.0,insulated
2100,SSP5-8.5 / 2080,345,53.589148899258845,51.0,insulated
2100,SSP5-8.5 / 2080,346,36.160926047004835,36.0,insulated
2100,SSP5-8.5 / 2080,347,49.47353347206942,47.0,insulated
2100,SSP5-8.5 / 2080,348,51.58690128202142,48.0,insulated
2100,SSP5-8.5 / 2080,349,53.84045219610721,50.0,insulated
2100,SSP5-8.5 / 2080,350,53.83397863749443,51.0,insulated
2100,SSP5-8.5 / 2080,351,22.122933688772644,36.0,insulated
2100,SSP5-8.5 / 2080,352,35.08450704953942,50.0,insulated
2100,SSP5-8.5 / 2080,353,37.479998195646886,51.0,insulated
2100,SSP5-8.5 / 2080,354,38.89342896872263,52.0,insulated
2100,SSP5-8.5 / 2080,355,39.28551902614509,53.0,insulated
2100,SSP5-8.5 / 2080,356,34.426093628251785,36.0,insulated
2100,SSP5-8.5 / 2080,357,47.95793643905198,47.0,insulated
2100,SSP5-8.5 / 2080,358,50.439863579874284,48.0,insulated
2100,SSP5-8.5 / 2080,359,52.03691366580146,49.0,insulated
2100,SSP5-8.5 / 2080,360,52.01502514281174,51.0,insulated
2100,SSP5-8.5 / 2080,361,34.86642269876077,36.0,insulated
2100,SSP5-8.5 / 2080,362,48.38074747587165,47.0,insulated
2100,SSP5-8.5 / 2080,363,51.03585142501092,48.0,insulated
2100,SSP5-8.5 / 2080,364,52.65489547942952,51.0,insulated
2100,SSP5-8.5 / 2080,365,53.079823872228545,52.0,insulated
2100,SSP5-8.5 / 2080,366,35.819420014451225,36.0,insulated
2100,SSP5-8.5 / 2080,367,49.433315027733855,47.0,insulated
2100,SSP5-8.5 / 2080,368,51.99564099516188,47.0,insulated
2100,SSP5-8.5 / 2080,369,54.00161533636466,51.0,insulated
2100,SSP5-8.5 / 2080,370,53.57825359626998,52.0,insulated
2100,SSP5-8.5 / 2080,371,36.28173117681636,36.0,insulated
2100,SSP5-8.5 / 2080,372,49.851346983412455,47.0,insulated
2100,SSP5-8.5 / 2080,373,51.96639302092194,47.0,insulated
2100,SSP5-8.5 / 2080,374,53.72814917537222,51.0,insulated
2100,SSP5-8.5 / 2080,375,53.931999669139074,52.0,insulated
2100,SSP5-8.5 / 2080,376,15.50981622516416,-2.0,existing
2100,SSP5-8.5 / 2080,377,28.40182117651389,-2.0,existing
2100,SSP5-8.5 / 2080,378,30.60323589461998,-2.0,existing
2100,SSP5-8.5 / 2080,379,32.75135264802121,-4.0,existing
2100,SSP5-8.5 / 2080,380,32.535323093619404,-4.0,existing
2100,SSP5-8.5 / 2080,381,27.955545457234333,-3.0,existing
2100,SSP5-8.5 / 2080,382,41.234590014427674,-5.0,existing
2100,SSP5-8.5 / 2080,383,43.51326039712567,-5.0,existing
2100,SSP5-8.5 / 2080,384,45.23009876042572,-6.0,existing
2100,SSP5-8.5 / 2080,385,45.76208566959492,-6.0,existing
2100,SSP5-8.5 / 2080,386,28.458333031019478,-3.0,existing
2100,SSP5-8.5 / 2080,387,41.54074834859875,-5.0,existing
2100,SSP5-8.5 / 2080,388,43.994527200318466,-5.0,existing
2100,SSP5-8.5 / 2080,389,46.00613795135476,-6.0,existing
2100,SSP5-8.5 / 2080,390,45.881911571728,-6.0,existing
2100,SSP5-8.5 / 2080,391,29.363410710393573,-3.0,existing
2100,SSP5-8.5 / 2080,392,42.822635824653055,-5.0,existing
2100,SSP5-8.5 / 2080,393,45.21962015732943,-6.0,existing
2100,SSP5-8.5 / 2080,394,46.840553851784975,-6.0,existing
2100,SSP5-8.5 / 2080,395,46.96069492255118,-6.0,existing
2100,SSP5-8.5 / 2080,396,29.393685540361158,-3.0,existing
2100,SSP5-8.5 / 2080,397,42.59462929486827,-5.0,existing
2100,SSP5-8.5 / 2080,398,45.0669926966255,-6.0,existing
2100,SSP5-8.5 / 2080,399,46.795232430950364,-6.0,existing
2100,SSP5-8.5 / 2080,400,47.19641425613773,-6.0,existing
2100,SSP5-8.5 / 2080,401,24.03488970538253,35.0,insulated
2100,SSP5-8.5 / 2080,402,37.39811307967102,48.0,insulated
2100,SSP5-8.5 / 2080,403,40.017080899759264,51.0,insulated
2100,SSP5-8.5 / 2080,404,41.949065070242945,54.0,insulated
2100,SSP5-8.5 / 2080,405,42.089445850270906,54.0,insulated
2100,SSP5-8.5 / 2080,406,37.237182336991566,35.0,insulated
2100,SSP5-8.5 / 2080,407,50.61260869132206,45.0,insulated
2100,SSP5-8.5 / 2080,408,53.176787615244784,46.0,insulated
2100,SSP5-8.5 / 2080,409,54.509028693877674,48.0,insulated
2100,SSP5-8.5 / 2080,410,54.36707731801773,48.0,insulated
2100,SSP5-8.5 / 2080,411,37.21470333206481,35.0,insulated
2100,SSP5-8.5 / 2080,412,51.02038164471853,45.0,insulated
2100,SSP5-8.5 / 2080,413,53.38185629149946,47.0,insulated
2100,SSP5-8.5 / 2080,414,54.83049791582769,48.0,insulated
2100,SSP5-8.5 / 2080,415,54.725255394195806,49.0,insulated
2100,SSP5-8.5 / 2080,416,38.69943237390981,35.0,insulated
2100,SSP5-8.5 / 2080,417,52.31527048197442,45.0,insulated
2100,SSP5-8.5 / 2080,418,54.15397309342257,47.0,insulated
2100,SSP5-8.5 / 2080,419,56.14992366325548,48.0,insulated
2100,SSP5-8.5 / 2080,420,56.11743770920468,49.0,insulated
2100,SSP5-8.5 / 2080,421,38.947146167948794,35.0,insulated
2100,SSP5-8.5 / 2080,422,51.95695147647239,45.0,insulated
2100,SSP5-8.5 / 2080,423,54.490637380094356,47.0,insulated
2100,SSP5-8.5 / 2080,424,56.20082819052358,48.0,insulated
2100,SSP5-8.5 / 2080,425,56.28471741235441,49.0,insulated
2100,SSP5-8.5 / 2080,426,25.180744962855645,36.0,insulated
2100,SSP5-8.5 / 2080,427,38.27001455123329,51.0,insulated
2100,SSP5-8.5 / 2080,428,40.66424489236714,55.0,insulated
2100,SSP5-8.5 / 2080,429,42.55152358119988,57.0,insulated
2100,SSP5-8.5 / 2080,430,42.60658764784799,57.0,insulated
2100,SSP5-8.5 / 2080,431,37.90859919814791,36.0,insulated
2100,SSP5-8.5 / 2080,432,51.19319354239443,49.0,insulated
2100,SSP5-8.5 / 2080,433,53.60256156072292,51.0,insulated
2100,SSP5-8.5 / 2080,434,54.91661663841049,56.0,insulated
2100,SSP5-8.5 / 2080,435,55.38795835324835,56.0,insulated
2100,SSP5-8.5 / 2080,436,37.803695407566536,36.0,insulated
2100,SSP5-8.5 / 2080,437,51.45651807897759,49.0,insulated
2100,SSP5-8.5 / 2080,438,53.71056448380449,52.0,insulated
2100,SSP5-8.5 / 2080,439,55.3947048525161,56.0,insulated
2100,SSP5-8.5 / 2080,440,55.52672483905046,56.0,insulated
2100,SSP5-8.5 / 2080,441,39.280560483568486,36.0,insulated
2100,SSP5-8.5 / 2080,442,52.43577764790883,48.0,insulated
2100,SSP5-8.5 / 2080,443,55.570855066745274,53.0,insulated
2100,SSP5-8.5 / 2080,444,56.97232532936259,55.0,insulated
2100,SSP5-8.5 / 2080,445,57.10985814170638,55.0,insulated
2100,SSP5-8.5 / 2080,446,39.42378613146588,36.0,insulated
2100,SSP5-8.5 / 2080,447,52.69575761020791,48.0,insulated
2100,SSP5-8.5 / 2080,448,55.13266522771938,53.0,insulated
2100,SSP5-8.5 / 2080,449,56.921242750590416,55.0,insulated
2100,SSP5-8.5 / 2080,450,56.70592396952463,55.0,insulated
2100,SSP5-8.5 / 2080,451,25.064853972986747,38.0,insulated
2100,SSP5-8.5 / 2080,452,38.28843366183159,53.0,insulated
2100,SSP5-8.5 / 2080,453,41.468166311848954,57.0,insulated
2100,SSP5-8.5 / 2080,454,42.96350052098205,57.0,insulated
2100,SSP5-8.5 / 2080,455,42.991200652876785,57.0,insulated
2100,SSP5-8.5 / 2080,456,37.54883972826988,36.0,insulated
2100,SSP5-8.5 / 2080,457,51.56871978966078,52.0,insulated
2100,SSP5-8.5 / 2080,458,53.72913445590766,56.0,insulated
2100,SSP5-8.5 / 2080,459,55.74459719012476,57.0,insulated
2100,SSP5-8.5 / 2080,460,55.54318032472998,57.0,insulated
2100,SSP5-8.5 / 2080,461,37.97656284647554,37.0,insulated
2100,SSP5-8.5 / 2080,462,51.94802906693748,52.0,insulated
2100,SSP5-8.5 / 2080,463,54.69192059086861,56.0,insulated
2100,SSP5-8.5 / 2080,464,55.95902176562683,57.0,insulated
2100,SSP5-8.5 / 2080,465,56.16838970010467,57.0,insulated
2100,SSP5-8.5 / 2080,466,39.632330390651866,37.0,insulated
2100,SSP5-8.5 / 2080,467,53.135260640863386,52.0,insulated
2100,SSP5-8.5 / 2080,468,55.065256051345436,56.0,insulated
2100,SSP5-8.5 / 2080,469,57.37946808078245,57.0,insulated
2100,SSP5-8.5 / 2080,470,57.4805102179274,57.0,insulated
2100,SSP5-8.5 / 2080,471,39.73478949812358,37.0,insulated
2100,SSP5-8.5 / 2080,472,52.856316157355174,52.0,insulated
2100,SSP5-8.5 / 2080,473,55.42755142853275,56.0,insulated
2100,SSP5-8.5 / 2080,474,57.33756912041132,57.0,insulated
2100,SSP5-8.5 / 2080,475,57.769746099653155,57.0,insulated
2100,SSP5-8.5 / 2080,476,25.316330877120723,38.0,insulated
2100,SSP5-8.5 / 2080,477,38.57929236771176,53.0,insulated
2100,SSP5-8.5 / 2080,478,41.55066429966537,57.0,insulated
2100,SSP5-8.5 / 2080,479,42.74753954129556,57.0,insulated
2100,SSP5-8.5 / 2080,480,43.38023226261443,57.0,insulated
2100,SSP5-8.5 / 2080,481,37.64964801313633,36.0,insulated
2100,SSP5-8.5 / 2080,482,51.56691986615701,52.0,insulated
2100,SSP5-8.5 / 2080,483,53.963515978376314,56.0,insulated
2100,SSP5-8.5 / 2080,484,55.60933058582336,57.0,insulated
2100,SSP5-8.5 / 2080,485,55.88403917908857,57.0,insulated
2100,SSP5-8.5 / 2080,486,38.35230105092123,37.0,insulated
2100,SSP5-8.5 / 2080,487,51.66498237520751,52.0,insulated
2100,SSP5-8.5 / 2080,488,54.43390047466087,57.0,insulated
2100,SSP5-8.5 / 2080,489,56.2253119991142,57.0,insulated
2100,SSP5-8.5 / 2080,490,56.197615687297905,57.0,insulated
2100,SSP5-8.5 / 2080,491,39.695154428244564,37.0,insulated
2100,SSP5-8.5 / 2080,492,53.18328930123773,52.0,insulated
2100,SSP5-8.5 / 2080,493,55.60243059553415,57.0,insulated
2100,SSP5-8.5 / 2080,494,57.31177960904275,56.0,insulated
2100,SSP5-8.5 / 2080,495,57.30137838090983,57.0,insulated
2100,SSP5-8.5 / 2080,496,39.9925653212413,37.0,insulated
2100,SSP5-8.5 / 2080,497,53.31415252845858,52.0,insulated
2100,SSP5-8.5 / 2080,498,55.79568705829079,57.0,insulated
2100,SSP5-8.5 / 2080,499,57.310696041995115,56.0,insulated
2100,SSP5-8.5 / 2080,500,57.35519218965366,57.0,insulated
2100,SSP5-8.5 / 2080,501,17.37356403706492,-1.0,existing
2100,SSP5-8.5 / 2080,502,30.14142805089043,-2.0,existing
2100,SSP5-8.5 / 2080,503,32.47392770622513,-2.0,existing
2100,SSP5-8.5 / 2080,504,33.777656051207906,-4.0,existing
2100,SSP5-8.5 / 2080,505,34.13883903806791,-4.0,existing
2100,SSP5-8.5 / 2080,506,29.758185570508843,-3.0,existing
2100,SSP5-8.5 / 2080,507,42.643757227344025,-5.0,existing
2100,SSP5-8.5 / 2080,508,44.91320288020904,-5.0,existing
2100,SSP5-8.5 / 2080,509,46.70724394806719,-6.0,existing
2100,SSP5-8.5 / 2080,510,46.69684555767206,-6.0,existing
2100,SSP5-8.5 / 2080,511,29.916458956718778,-3.0,existing
2100,SSP5-8.5 / 2080,512,43.32690341882148,-5.0,existing
2100,SSP5-8.5 / 2080,513,45.44514193286445,-5.0,existing
2100,SSP5-8.5 / 2080,514,47.14737561054927,-6.0,existing
2100,SSP5-8.5 / 2080,515,47.1904921265716,-6.0,existing
2100,SSP5-8.5 / 2080,516,31.31336366045697,-3.0,existing
2100,SSP5-8.5 / 2080,517,43.9393355494813,-6.0,existing
2100,SSP5-8.5 / 2080,518,46.96241801395255,-5.0,existing
2100,SSP5-8.5 / 2080,519,48.33531027878212,-6.0,existing
2100,SSP5-8.5 / 2080,520,48.05844372886645,-6.0,existing
2100,SSP5-8.5 / 2080,521,31.25840276403228,-3.0,existing
2100,SSP5-8.5 / 2080,522,44.44628775208934,-6.0,existing
2100,SSP5-8.5 / 2080,523,47.03007836279582,-5.0,existing
2100,SSP5-8.5 / 2080,524,48.088172123684856,-6.0,existing
2100,SSP5-8.5 / 2080,525,48.28004983934371,-6.0,existing
2100,SSP5-8.5 / 2080,526,25.487030167989296,35.0,insulated
2100,SSP5-8.5 / 2080,527,38.864098971848165,49.0,insulated
2100,SSP5-8.5 / 2080,528,41.36114340027146,52.0,insulated
2100,SSP5-8.5 / 2080,529,43.60382308466125,56.0,insulated
2100,SSP5-8.5 / 2080,530,43.28592333890803,57.0,insulated
2100,SSP5-8.5 / 2080,531,38.48257447011765,35.0,insulated
2100,SSP5-8.5 / 2080,532,51.89014588097611,45.0,insulated
2100,SSP5-8.5 / 2080,533,54.42108441866196,47.0,insulated
2100,SSP5-8.5 / 2080,534,55.77822585760846,51.0,insulated
2100,SSP5-8.5 / 2080,535,55.88024676980637,51.0,insulated
2100,SSP5-8.5 / 2080,536,38.78397691190649,35.0,insulated
2100,SSP5-8.5 / 2080,537,52.21235368557971,46.0,insulated
2100,SSP5-8.5 / 2080,538,54.57401594094159,47.0,insulated
2100,SSP5-8.5 / 2080,539,56.76749768307539,51.0,insulated
2100,SSP5-8.5 / 2080,540,56.62095530266304,52.0,insulated
2100,SSP5-8.5 / 2080,541,39.79704322908384,35.0,insulated
2100,SSP5-8.5 / 2080,542,53.419960461030534,46.0,insulated
2100,SSP5-8.5 / 2080,543,55.825607314019244,47.0,insulated
2100,SSP5-8.5 / 2080,544,57.5749073441393,51.0,insulated
2100,SSP5-8.5 / 2080,545,57.59139193940789,52.0,insulated
2100,SSP5-8.5 / 2080,546,39.74226523007361,35.0,insulated
2100,SSP5-8.5 / 2080,547,53.25232215909414,46.0,insulated
2100,SSP5-8.5 / 2080,548,56.027756745087764,47.0,insulated
2100,SSP5-8.5 / 2080,549,57.46480854297745,51.0,insulated
2100,SSP5-8.5 / 2080,550,57.64636695890287,52.0,insulated
2100,SSP5-8.5 / 2080,551,25.918657862886,38.0,insulated
2100,SSP5-8.5 / 2080,552,39.846463848995576,53.0,insulated
2100,SSP5-8.5 / 2080,553,42.14821204160544,57.0,insulated
2100,SSP5-8.5 / 2080,554,44.3451411895178,57.0,insulated
2100,SSP5-8.5 / 2080,555,43.762698200998386,57.0,insulated
2100,SSP5-8.5 / 2080,556,38.36910905999417,37.0,insulated
2100,SSP5-8.5 / 2080,557,52.3483407733354,51.0,insulated
2100,SSP5-8.5 / 2080,558,54.990541833058565,55.0,insulated
2100,SSP5-8.5 / 2080,559,56.77304076258548,56.0,insulated
2100,SSP5-8.5 / 2080,560,56.55490190858425,56.0,insulated
2100,SSP5-8.5 / 2080,561,38.887874604459,37.0,insulated
2100,SSP5-8.5 / 2080,562,52.92506692410186,52.0,insulated
2100,SSP5-8.5 / 2080,563,55.274988642837165,56.0,insulated
2100,SSP5-8.5 / 2080,564,57.10339660736926,56.0,insulated
2100,SSP5-8.5 / 2080,565,56.9874228767459,56.0,insulated
2100,SSP5-8.5 / 2080,566,40.49133359338374,37.0,insulated
2100,SSP5-8.5 / 2080,567,54.21873776856626,51.0,insulated
2100,SSP5-8.5 / 2080,568,56.60754190463168,56.0,insulated
2100,SSP5-8.5 / 2080,569,58.303941528233786,56.0,insulated
2100,SSP5-8.5 / 2080,570,58.32242562374424,56.0,insulated
2100,SSP5-8.5 / 2080,571,40.27722989427004,37.0,insulated
2100,SSP5-8.5 / 2080,572,53.98406492771306,51.0,insulated
2100,SSP5-8.5 / 2080,573,56.84656562847048,56.0,insulated
2100,SSP5-8.5 / 2080,574,58.560485892922785,56.0,insulated
2100,SSP5-8.5 / 2080,575,58.37176785358537,56.0,insulated
2100,SSP5-8.5 / 2080,576,26.82632952546526,38.0,insulated
2100,SSP5-8.5 / 2080,577,40.36596393346084,55.0,insulated
2100,SSP5-8.5 / 2080,578,42.858742170700474,57.0,insulated
2100,SSP5-8.5 / 2080,579,44.202080745808566,57.0,insulated
2100,SSP5-8.5 / 2080,580,44.344505148956365,59.0,insulated
2100,SSP5-8.5 / 2080,581,39.36595899992716,38.0,insulated
2100,SSP5-8.5 / 2080,582,53.11434939813395,54.0,insulated
2100,SSP5-8.5 / 2080,583,55.11461882529324,57.0,insulated
2100,SSP5-8.5 / 2080,584,57.31362653889294,57.0,insulated
2100,SSP5-8.5 / 2080,585,57.026877793914906,57.0,insulated
2100,SSP5-8.5 / 2080,586,39.947948261071424,38.0,insulated
2100,SSP5-8.5 / 2080,587,53.24371614792388,54.0,insulated
2100,SSP5-8.5 / 2080,588,55.730260043585766,57.0,insulated
2100,SSP5-8.5 / 2080,589,57.51676585452609,57.0,insulated
2100,SSP5-8.5 / 2080,590,57.38892890994411,58.0,insulated
2100,SSP5-8.5 / 2080,591,40.47889894981114,38.0,insulated
2100,SSP5-8.5 / 2080,592,54.89371171566091,55.0,insulated
2100,SSP5-8.5 / 2080,593,56.83602184546666,57.0,insulated
2100,SSP5-8.5 / 2080,594,58.787612064960825,57.0,insulated
2100,SSP5-8.5 / 2080,595,58.79927253200932,58.0,insulated
2100,SSP5-8.5 / 2080,596,40.838036465182036,38.0,insulated
2100,SSP5-8.5 / 2080,597,54.544330856444496,56.0,insulated
2100,SSP5-8.5 / 2080,598,56.879712063273296,57.0,insulated
2100,SSP5-8.5 / 2080,599,58.95422175923631,57.0,insulated
2100,SSP5-8.5 / 2080,600,58.911006111265365,58.0,insulated
2100,SSP5-8.5 / 2080,601,26.377562504820308,38.0,insulated
2100,SSP5-8.5 / 2080,602,40.19808495599467,57.0,insulated
2100,SSP5-8.5 / 2080,603,42.58940725950531,57.0,insulated
2100,SSP5-8.5 / 2080,604,44.350890763022235,59.0,insulated
2100,SSP5-8.5 / 2080,605,44.74967605667127,59.0,insulated
2100,SSP5-8.5 / 2080,606,39.33329741358203,38.0,insulated
2100,SSP5-8.5 / 2080,607,53.2129252654482,55.0,insulated
2100,SSP5-8.5 / 2080,608,55.045751481075605,57.0,insulated
2100,SSP5-8.5 / 2080,609,57.42448531247885,57.0,insulated
2100,SSP5-8.5 / 2080,610,56.95654735985012,58.0,insulated
2100,SSP5-8.5 / 2080,611,39.887837814944035,38.0,insulated
2100,SSP5-8.5 / 2080,612,53.346927925570725,56.0,insulated
2100,SSP5-8.5 / 2080,613,56.010713397166654,57.0,insulated
2100,SSP5-8.5 / 2080,614,57.377634156434986,58.0,insulated
2100,SSP5-8.5 / 2080,615,57.53972341149765,58.0,insulated
2100,SSP5-8.5 / 2080,616,40.67438162287259,38.0,insulated
2100,SSP5-8.5 / 2080,617,54.60429356388628,56.0,insulated
2100,SSP5-8.5 / 2080,618,56.94592607131737,57.0,insulated
2100,SSP5-8.5 / 2080,619,58.891806709618265,58.0,insulated
2100,SSP5-8.5 / 2080,620,58.94524716590753,58.0,insulated
2100,SSP5-8.5 / 2080,621,40.511265060035505,38.0,insulated
2100,SSP5-8.5 / 2080,622,54.535048797804784,56.0,insulated
2100,SSP5-8.5 / 2080,623,57.04799883782844,57.0,insulated
2100,SSP5-8.5 / 2080,624,58.68779801618236,58.0,insulated
2100,SSP5-8.5 / 2080,625,58.920082577252,58.0,insulated
