design,model,repeat_seed,outer_fold,horizon,profile,exact_id,predicted_id,selection_agreement,selected_on_exact_subset_front,selected_on_exact_full_grid_front,regret
all-predicted,gradient_boosting,17,1,2020,cost_priority,11,11,True,True,True,0.0
all-predicted,gradient_boosting,17,1,2020,carbon_priority,3,13,False,True,True,0.002787268845147599
all-predicted,gradient_boosting,17,1,2020,energy_priority,420,500,False,True,False,0.01676592306843429
all-predicted,gradient_boosting,17,1,2020,days_below_24_priority,25,25,True,True,True,0.0
all-predicted,gradient_boosting,17,1,2020,balanced,25,25,True,True,True,0.0
all-predicted,gradient_boosting,17,1,2050,cost_priority,11,11,True,True,True,0.0
all-predicted,gradient_boosting,17,1,2050,carbon_priority,11,11,True,True,True,0.0
all-predicted,gradient_boosting,17,1,2050,energy_priority,525,500,False,True,True,0.005853358797609939
all-predicted,gradient_boosting,17,1,2050,days_below_24_priority,25,25,True,True,True,0.0
all-predicted,gradient_boosting,17,1,2050,balanced,13,13,True,True,True,0.0
all-predicted,gradient_boosting,17,1,2100,cost_priority,11,11,True,True,True,0.0
all-predicted,gradient_boosting,17,1,2100,carbon_priority,11,11,True,True,True,0.0
all-predicted,gradient_boosting,17,1,2100,energy_priority,445,500,False,True,True,0.0031660984036642314
all-predicted,gradient_boosting,17,1,2100,days_below_24_priority,20,20,True,True,True,0.0
all-predicted,gradient_boosting,17,1,2100,balanced,13,13,True,True,True,0.0
all-predicted,independent_stl_nn,17,1,2020,cost_priority,11,3,False,True,True,0.00010708443010650631
all-predicted,independent_stl_nn,17,1,2020,carbon_priority,3,3,True,True,True,0.0
all-predicted,independent_stl_nn,17,1,2020,energy_priority,420,594,False,True,True,0.007550930628862537
all-predicted,independent_stl_nn,17,1,2020,days_below_24_priority,25,20,False,True,True,0.0003739542570481283
all-predicted,independent_stl_nn,17,1,2020,balanced,25,20,False,True,True,0.0009348856426203214
all-predicted,independent_stl_nn,17,1,2050,cost_priority,11,21,False,True,True,0.024512586867836875
all-predicted,independent_stl_nn,17,1,2050,carbon_priority,11,3,False,True,True,0.0020142010537768976
all-predicted,independent_stl_nn,17,1,2050,energy_priority,525,595,False,True,True,0.004048188666269312
all-predicted,independent_stl_nn,17,1,2050,days_below_24_priority,25,20,False,True,True,0.00019249253887705626
all-predicted,independent_stl_nn,17,1,2050,balanced,13,13,True,True,True,0.0
all-predicted,independent_stl_nn,17,1,2100,cost_priority,11,21,False,True,True,0.025271244834685517
all-predicted,independent_stl_nn,17,1,2100,carbon_priority,11,3,False,True,True,0.0033141241927501348
all-predicted,independent_stl_nn,17,1,2100,energy_priority,445,594,False,True,True,0.003674657258312438
all-predicted,independent_stl_nn,17,1,2100,days_below_24_priority,20,20,True,True,True,0.0
all-predicted,independent_stl_nn,17,1,2100,balanced,13,13,True,True,True,0.0
all-predicted,random_forest,17,1,2020,cost_priority,11,11,True,True,True,0.0
all-predicted,random_forest,17,1,2020,carbon_priority,3,3,True,True,True,0.0
all-predicted,random_forest,17,1,2020,energy_priority,420,595,False,True,False,0.017340494782667897
all-predicted,random_forest,17,1,2020,days_below_24_priority,25,25,True,True,True,0.0
all-predicted,random_forest,17,1,2020,balanced,25,25,True,True,True,0.0
all-predicted,random_forest,17,1,2050,cost_priority,11,11,True,True,True,0.0
all-predicted,random_forest,17,1,2050,carbon_priority,11,3,False,True,True,0.0020142010537768976
all-predicted,random_forest,17,1,2050,energy_priority,525,595,False,True,True,0.004048188666269312
all-predicted,random_forest,17,1,2050,days_below_24_priority,25,25,True,True,True,0.0
all-predicted,random_forest,17,1,2050,balanced,13,13,True,True,True,0.0
all-predicted,random_forest,17,1,2100,cost_priority,11,11,True,True,True,0.0
all-predicted,random_forest,17,1,2100,carbon_priority,11,3,False,True,True,0.0033141241927501348
all-predicted,random_forest,17,1,2100,energy_priority,445,595,False,True,True,0.0026075163443197973
all-predicted,random_forest,17,1,2100,days_below_24_priority,20,20,True,True,True,0.0
all-predicted,random_forest,17,1,2100,balanced,13,13,True,True,True,0.0
all-predicted,shared_mtl_nn,17,1,2020,cost_priority,11,21,False,True,True,0.024658757067358896
all-predicted,shared_mtl_nn,17,1,2020,carbon_priority,3,26,False,True,True,0.11197650576135197
all-predicted,shared_mtl_nn,17,1,2020,energy_priority,420,500,False,True,False,0.01676592306843429
all-predicted,shared_mtl_nn,17,1,2020,days_below_24_priority,25,25,True,True,True,0.0
all-predicted,shared_mtl_nn,17,1,2020,balanced,25,25,True,True,True,0.0
all-predicted,shared_mtl_nn,17,1,2050,cost_priority,11,21,False,True,True,0.024512586867836875
all-predicted,shared_mtl_nn,17,1,2050,carbon_priority,11,3,False,True,True,0.0020142010537768976
all-predicted,shared_mtl_nn,17,1,2050,energy_priority,525,525,True,True,True,0.0
all-predicted,shared_mtl_nn,17,1,2050,days_below_24_priority,25,13,False,True,True,0.007580058043836507
all-predicted,shared_mtl_nn,17,1,2050,balanced,13,13,True,True,True,0.0
all-predicted,shared_mtl_nn,17,1,2100,cost_priority,11,21,False,True,True,0.025271244834685517
all-predicted,shared_mtl_nn,17,1,2100,carbon_priority,11,21,False,True,True,0.02371082384807121
all-predicted,shared_mtl_nn,17,1,2100,energy_priority,445,500,False,True,True,0.0031660984036642314
all-predicted,shared_mtl_nn,17,1,2100,days_below_24_priority,20,13,False,True,True,0.004786687462514124
all-predicted,shared_mtl_nn,17,1,2100,balanced,13,13,True,True,True,0.0
all-predicted,shared_mtl_nn_mgda,17,1,2020,cost_priority,11,21,False,True,True,0.024658757067358896
all-predicted,shared_mtl_nn_mgda,17,1,2020,carbon_priority,3,3,True,True,True,0.0
all-predicted,shared_mtl_nn_mgda,17,1,2020,energy_priority,420,594,False,True,True,0.007550930628862537
all-predicted,shared_mtl_nn_mgda,17,1,2020,days_below_24_priority,25,25,True,True,True,0.0
all-predicted,shared_mtl_nn_mgda,17,1,2020,balanced,25,25,True,True,True,0.0
all-predicted,shared_mtl_nn_mgda,17,1,2050,cost_priority,11,21,False,True,True,0.024512586867836875
all-predicted,shared_mtl_nn_mgda,17,1,2050,carbon_priority,11,21,False,True,True,0.023041592669321938
all-predicted,shared_mtl_nn_mgda,17,1,2050,energy_priority,525,595,False,True,True,0.004048188666269312
all-predicted,shared_mtl_nn_mgda,17,1,2050,days_below_24_priority,25,3,False,True,True,0.036576062445130175
all-predicted,shared_mtl_nn_mgda,17,1,2050,balanced,13,20,False,True,True,0.014139781889775282
all-predicted,shared_mtl_nn_mgda,17,1,2100,cost_priority,11,21,False,True,True,0.025271244834685517
all-predicted,shared_mtl_nn_mgda,17,1,2100,carbon_priority,11,3,False,True,True,0.0033141241927501348
all-predicted,shared_mtl_nn_mgda,17,1,2100,energy_priority,445,594,False,True,True,0.003674657258312438
all-predicted,shared_mtl_nn_mgda,17,1,2100,days_below_24_priority,20,25,False,True,True,0.0002495946058901982
all-predicted,shared_mtl_nn_mgda,17,1,2100,balanced,13,20,False,True,True,0.011470781343714688
all-predicted,gradient_boosting,17,2,2020,cost_priority,16,16,True,True,True,0.0
all-predicted,gradient_boosting,17,2,2020,carbon_priority,15,15,True,True,True,0.0
all-predicted,gradient_boosting,17,2,2020,energy_priority,620,499,False,True,True,0.0014124999001854967
all-predicted,gradient_boosting,17,2,2020,days_below_24_priority,148,15,False,True,True,0.0782429984381036
all-predicted,gradient_boosting,17,2,2020,balanced,15,15,True,True,True,0.0
all-predicted,gradient_boosting,17,2,2050,cost_priority,16,16,True,True,True,0.0
all-predicted,gradient_boosting,17,2,2050,carbon_priority,15,15,True,True,True,0.0
all-predicted,gradient_boosting,17,2,2050,energy_priority,400,400,True,True,True,0.0
all-predicted,gradient_boosting,17,2,2050,days_below_24_priority,15,15,True,True,True,0.0
all-predicted,gradient_boosting,17,2,2050,balanced,15,15,True,True,True,0.0
all-predicted,gradient_boosting,17,2,2100,cost_priority,16,16,True,True,True,0.0
all-predicted,gradient_boosting,17,2,2100,carbon_priority,15,15,True,True,True,0.0
all-predicted,gradient_boosting,17,2,2100,energy_priority,620,200,False,True,True,0.005398018093758202
all-predicted,gradient_boosting,17,2,2100,days_below_24_priority,15,15,True,True,True,0.0
all-predicted,gradient_boosting,17,2,2100,balanced,15,15,True,True,True,0.0
all-predicted,independent_stl_nn,17,2,2020,cost_priority,16,2,False,True,False,0.007584531738229622
all-predicted,independent_stl_nn,17,2,2020,carbon_priority,15,16,False,True,True,0.07742274811861317
all-predicted,independent_stl_nn,17,2,2020,energy_priority,620,570,False,True,True,0.0006048425910408729
all-predicted,independent_stl_nn,17,2,2020,days_below_24_priority,148,148,True,True,True,0.0
all-predicted,independent_stl_nn,17,2,2020,balanced,15,9,False,True,False,0.029847849358320057
all-predicted,independent_stl_nn,17,2,2050,cost_priority,16,2,False,True,False,0.054576441464533575
all-predicted,independent_stl_nn,17,2,2050,carbon_priority,15,16,False,True,True,0.03551363639422969
all-predicted,independent_stl_nn,17,2,2050,energy_priority,400,620,False,True,True,0.0012117080938577052
all-predicted,independent_stl_nn,17,2,2050,days_below_24_priority,15,15,True,True,True,0.0
all-predicted,independent_stl_nn,17,2,2050,balanced,15,15,True,True,True,0.0
all-predicted,independent_stl_nn,17,2,2100,cost_priority,16,2,False,True,True,0.05399844068935215
all-predicted,independent_stl_nn,17,2,2100,carbon_priority,15,16,False,True,True,0.037101592637135056
all-predicted,independent_stl_nn,17,2,2100,energy_priority,620,570,False,True,True,0.0019113185517146865
all-predicted,independent_stl_nn,17,2,2100,days_below_24_priority,15,9,False,True,True,0.012051222523966369
all-predicted,independent_stl_nn,17,2,2100,balanced,15,9,False,True,True,0.03012805630991592
all-predicted,random_forest,17,2,2020,cost_priority,16,16,True,True,True,0.0
all-predicted,random_forest,17,2,2020,carbon_priority,15,15,True,True,True,0.0
all-predicted,random_forest,17,2,2020,energy_priority,620,449,False,True,True,0.006398607247456133
all-predicted,random_forest,17,2,2020,days_below_24_priority,148,148,True,True,True,0.0
all-predicted,random_forest,17,2,2020,balanced,15,15,True,True,True,0.0
all-predicted,random_forest,17,2,2050,cost_priority,16,16,True,True,True,0.0
all-predicted,random_forest,17,2,2050,carbon_priority,15,16,False,True,True,0.03551363639422969
all-predicted,random_forest,17,2,2050,energy_priority,400,620,False,True,True,0.0012117080938577052
all-predicted,random_forest,17,2,2050,days_below_24_priority,15,15,True,True,True,0.0
all-predicted,random_forest,17,2,2050,balanced,15,15,True,True,True,0.0
all-predicted,random_forest,17,2,2100,cost_priority,16,16,True,True,True,0.0
all-predicted,random_forest,17,2,2100,carbon_priority,15,16,False,True,True,0.037101592637135056
all-predicted,random_forest,17,2,2100,energy_priority,620,620,True,True,True,0.0
all-predicted,random_forest,17,2,2100,days_below_24_priority,15,15,True,True,True,0.0
all-predicted,random_forest,17,2,2100,balanced,15,15,True,True,True,0.0
all-predicted,shared_mtl_nn,17,2,2020,cost_priority,16,2,False,True,False,0.007584531738229622
all-predicted,shared_mtl_nn,17,2,2020,carbon_priority,15,2,False,True,False,0.005480945305555045
all-predicted,shared_mtl_nn,17,2,2020,energy_priority,620,495,False,True,True,0.0017697043373221622
all-predicted,shared_mtl_nn,17,2,2020,days_below_24_priority,148,2,False,True,False,0.09649686950785079
all-predicted,shared_mtl_nn,17,2,2020,balanced,15,2,False,True,False,0.04563467767436795
all-predicted,shared_mtl_nn,17,2,2050,cost_priority,16,2,False,True,False,0.054576441464533575
all-predicted,shared_mtl_nn,17,2,2050,carbon_priority,15,16,False,True,True,0.03551363639422969
all-predicted,shared_mtl_nn,17,2,2050,energy_priority,400,620,False,True,True,0.0012117080938577052
all-predicted,shared_mtl_nn,17,2,2050,days_below_24_priority,15,2,False,True,False,0.04942362559340678
all-predicted,shared_mtl_nn,17,2,2050,balanced,15,15,True,True,True,0.0
all-predicted,shared_mtl_nn,17,2,2100,cost_priority,16,16,True,True,True,0.0
all-predicted,shared_mtl_nn,17,2,2100,carbon_priority,15,16,False,True,True,0.037101592637135056
all-predicted,shared_mtl_nn,17,2,2100,energy_priority,620,620,True,True,True,0.0
all-predicted,shared_mtl_nn,17,2,2100,days_below_24_priority,15,15,True,True,True,0.0
all-predicted,shared_mtl_nn,17,2,2100,balanced,15,15,True,True,True,0.0
all-predicted,shared_mtl_nn_mgda,17,2,2020,cost_priority,16,2,False,True,False,0.007584531738229622
all-predicted,shared_mtl_nn_mgda,17,2,2020,carbon_priority,15,2,False,True,False,0.005480945305555045
all-predicted,shared_mtl_nn_mgda,17,2,2020,energy_priority,620,570,False,True,True,0.0006048425910408729
all-predicted,shared_mtl_nn_mgda,17,2,2020,days_below_24_priority,148,150,False,True,True,0.0035624687366269453
all-predicted,shared_mtl_nn_mgda,17,2,2020,balanced,15,9,False,True,False,0.029847849358320057
all-predicted,shared_mtl_nn_mgda,17,2,2050,cost_priority,16,2,False,True,False,0.054576441464533575
all-predicted,shared_mtl_nn_mgda,17,2,2050,carbon_priority,15,16,False,True,True,0.03551363639422969
all-predicted,shared_mtl_nn_mgda,17,2,2050,energy_priority,400,400,True,True,True,0.0
all-predicted,shared_mtl_nn_mgda,17,2,2050,days_below_24_priority,15,9,False,True,True,0.011667751891567393
all-predicted,shared_mtl_nn_mgda,17,2,2050,balanced,15,9,False,True,True,0.029169379728918483
all-predicted,shared_mtl_nn_mgda,17,2,2100,cost_priority,16,2,False,True,True,0.05399844068935215
all-predicted,shared_mtl_nn_mgda,17,2,2100,carbon_priority,15,16,False,True,True,0.037101592637135056
all-predicted,shared_mtl_nn_mgda,17,2,2100,energy_priority,620,620,True,True,True,0.0
all-predicted,shared_mtl_nn_mgda,17,2,2100,days_below_24_priority,15,9,False,True,True,0.012051222523966369
all-predicted,shared_mtl_nn_mgda,17,2,2100,balanced,15,9,False,True,True,0.03012805630991592
all-predicted,gradient_boosting,17,3,2020,cost_priority,76,76,True,True,True,0.0
all-predicted,gradient_boosting,17,3,2020,carbon_priority,12,12,True,True,False,0.0
all-predicted,gradient_boosting,17,3,2020,energy_priority,600,450,False,True,True,0.005999602223601266
all-predicted,gradient_boosting,17,3,2020,days_below_24_priority,24,134,False,True,True,0.04014123706872029
all-predicted,gradient_boosting,17,3,2020,balanced,24,24,True,True,True,0.0
all-predicted,gradient_boosting,17,3,2050,cost_priority,76,76,True,True,True,0.0
all-predicted,gradient_boosting,17,3,2050,carbon_priority,12,12,True,True,False,0.0
all-predicted,gradient_boosting,17,3,2050,energy_priority,395,600,False,True,True,0.0027335086736275382
all-predicted,gradient_boosting,17,3,2050,days_below_24_priority,24,24,True,True,False,0.0
all-predicted,gradient_boosting,17,3,2050,balanced,24,12,False,True,False,0.0017834905508454894
all-predicted,gradient_boosting,17,3,2100,cost_priority,76,76,True,True,False,0.0
all-predicted,gradient_boosting,17,3,2100,carbon_priority,12,12,True,True,False,0.0
all-predicted,gradient_boosting,17,3,2100,energy_priority,600,450,False,True,True,0.00504755285208968
all-predicted,gradient_boosting,17,3,2100,days_below_24_priority,24,24,True,True,False,0.0
all-predicted,gradient_boosting,17,3,2100,balanced,24,12,False,True,False,0.0031234873603115734
all-predicted,independent_stl_nn,17,3,2020,cost_priority,76,101,False,True,False,0.011553878713707867
all-predicted,independent_stl_nn,17,3,2020,carbon_priority,12,12,True,True,False,0.0
all-predicted,independent_stl_nn,17,3,2020,energy_priority,600,450,False,True,True,0.005999602223601266
all-predicted,independent_stl_nn,17,3,2020,days_below_24_priority,24,12,False,True,False,0.1158349340043395
all-predicted,independent_stl_nn,17,3,2020,balanced,24,24,True,True,True,0.0
all-predicted,independent_stl_nn,17,3,2050,cost_priority,76,101,False,True,False,0.014002550226076195
all-predicted,independent_stl_nn,17,3,2050,carbon_priority,12,76,False,True,True,0.05308242953964603
all-predicted,independent_stl_nn,17,3,2050,energy_priority,395,600,False,True,True,0.0027335086736275382
all-predicted,independent_stl_nn,17,3,2050,days_below_24_priority,24,24,True,True,False,0.0
all-predicted,independent_stl_nn,17,3,2050,balanced,24,24,True,True,False,0.0
all-predicted,independent_stl_nn,17,3,2100,cost_priority,76,101,False,True,False,0.011472540538694488
all-predicted,independent_stl_nn,17,3,2100,carbon_priority,12,76,False,True,False,0.054277101448782825
all-predicted,independent_stl_nn,17,3,2100,energy_priority,600,600,True,True,True,0.0
all-predicted,independent_stl_nn,17,3,2100,days_below_24_priority,24,24,True,True,False,0.0
all-predicted,independent_stl_nn,17,3,2100,balanced,24,24,True,True,False,0.0
all-predicted,random_forest,17,3,2020,cost_priority,76,46,False,True,True,0.03870872699134928
all-predicted,random_forest,17,3,2020,carbon_priority,12,24,False,True,True,0.027569052076014806
all-predicted,random_forest,17,3,2020,energy_priority,600,600,True,True,True,0.0
all-predicted,random_forest,17,3,2020,days_below_24_priority,24,134,False,True,True,0.04014123706872029
all-predicted,random_forest,17,3,2020,balanced,24,24,True,True,True,0.0
all-predicted,random_forest,17,3,2050,cost_priority,76,76,True,True,True,0.0
all-predicted,random_forest,17,3,2050,carbon_priority,12,12,True,True,False,0.0
all-predicted,random_forest,17,3,2050,energy_priority,395,600,False,True,True,0.0027335086736275382
all-predicted,random_forest,17,3,2050,days_below_24_priority,24,134,False,True,True,0.00915014451753237
all-predicted,random_forest,17,3,2050,balanced,24,24,True,True,False,0.0
all-predicted,random_forest,17,3,2100,cost_priority,76,76,True,True,False,0.0
all-predicted,random_forest,17,3,2100,carbon_priority,12,12,True,True,False,0.0
all-predicted,random_forest,17,3,2100,energy_priority,600,600,True,True,True,0.0
all-predicted,random_forest,17,3,2100,days_below_24_priority,24,24,True,True,False,0.0
all-predicted,random_forest,17,3,2100,balanced,24,24,True,True,False,0.0
all-predicted,shared_mtl_nn,17,3,2020,cost_priority,76,101,False,True,False,0.011553878713707867
all-predicted,shared_mtl_nn,17,3,2020,carbon_priority,12,76,False,True,True,0.09128270799244906
all-predicted,shared_mtl_nn,17,3,2020,energy_priority,600,619,False,True,False,0.011856504091239863
all-predicted,shared_mtl_nn,17,3,2020,days_below_24_priority,24,24,True,True,True,0.0
all-predicted,shared_mtl_nn,17,3,2020,balanced,24,24,True,True,True,0.0
all-predicted,shared_mtl_nn,17,3,2050,cost_priority,76,101,False,True,False,0.014002550226076195
all-predicted,shared_mtl_nn,17,3,2050,carbon_priority,12,76,False,True,True,0.05308242953964603
all-predicted,shared_mtl_nn,17,3,2050,energy_priority,395,619,False,True,True,0.007625441684871767
all-predicted,shared_mtl_nn,17,3,2050,days_below_24_priority,24,24,True,True,False,0.0
all-predicted,shared_mtl_nn,17,3,2050,balanced,24,24,True,True,False,0.0
all-predicted,shared_mtl_nn,17,3,2100,cost_priority,76,101,False,True,False,0.011472540538694488
all-predicted,shared_mtl_nn,17,3,2100,carbon_priority,12,76,False,True,False,0.054277101448782825
all-predicted,shared_mtl_nn,17,3,2100,energy_priority,600,370,False,True,False,0.0148709668074695
all-predicted,shared_mtl_nn,17,3,2100,days_below_24_priority,24,24,True,True,False,0.0
all-predicted,shared_mtl_nn,17,3,2100,balanced,24,24,True,True,False,0.0
all-predicted,shared_mtl_nn_mgda,17,3,2020,cost_priority,76,101,False,True,False,0.011553878713707867
all-predicted,shared_mtl_nn_mgda,17,3,2020,carbon_priority,12,24,False,True,True,0.027569052076014806
all-predicted,shared_mtl_nn_mgda,17,3,2020,energy_priority,600,619,False,True,False,0.011856504091239863
all-predicted,shared_mtl_nn_mgda,17,3,2020,days_below_24_priority,24,24,True,True,True,0.0
all-predicted,shared_mtl_nn_mgda,17,3,2020,balanced,24,24,True,True,True,0.0
all-predicted,shared_mtl_nn_mgda,17,3,2050,cost_priority,76,101,False,True,False,0.014002550226076195
all-predicted,shared_mtl_nn_mgda,17,3,2050,carbon_priority,12,76,False,True,True,0.05308242953964603
all-predicted,shared_mtl_nn_mgda,17,3,2050,energy_priority,395,619,False,True,True,0.007625441684871767
all-predicted,shared_mtl_nn_mgda,17,3,2050,days_below_24_priority,24,24,True,True,False,0.0
all-predicted,shared_mtl_nn_mgda,17,3,2050,balanced,24,24,True,True,False,0.0
all-predicted,shared_mtl_nn_mgda,17,3,2100,cost_priority,76,46,False,True,True,0.05194771541425033
all-predicted,shared_mtl_nn_mgda,17,3,2100,carbon_priority,12,76,False,True,False,0.054277101448782825
all-predicted,shared_mtl_nn_mgda,17,3,2100,energy_priority,600,470,False,True,True,0.0013383598844970857
all-predicted,shared_mtl_nn_mgda,17,3,2100,days_below_24_priority,24,24,True,True,False,0.0
all-predicted,shared_mtl_nn_mgda,17,3,2100,balanced,24,24,True,True,False,0.0
all-predicted,gradient_boosting,17,4,2020,cost_priority,1,1,True,True,True,0.0
all-predicted,gradient_boosting,17,4,2020,carbon_priority,1,22,False,True,False,0.0028663811682225274
all-predicted,gradient_boosting,17,4,2020,energy_priority,550,625,False,True,True,0.004541189039754884
all-predicted,gradient_boosting,17,4,2020,days_below_24_priority,142,263,False,True,True,0.004394530241496981
all-predicted,gradient_boosting,17,4,2020,balanced,8,8,True,True,True,0.0
all-predicted,gradient_boosting,17,4,2050,cost_priority,1,1,True,True,True,0.0
all-predicted,gradient_boosting,17,4,2050,carbon_priority,1,1,True,True,True,0.0
all-predicted,gradient_boosting,17,4,2050,energy_priority,514,625,False,True,True,0.011310003980811625
all-predicted,gradient_boosting,17,4,2050,days_below_24_priority,8,8,True,True,True,0.0
all-predicted,gradient_boosting,17,4,2050,balanced,8,8,True,True,True,0.0
all-predicted,gradient_boosting,17,4,2100,cost_priority,1,1,True,True,True,0.0
all-predicted,gradient_boosting,17,4,2100,carbon_priority,1,1,True,True,True,0.0
all-predicted,gradient_boosting,17,4,2100,energy_priority,225,625,False,True,True,0.004530534018404737
all-predicted,gradient_boosting,17,4,2100,days_below_24_priority,8,8,True,True,True,0.0
all-predicted,gradient_boosting,17,4,2100,balanced,8,8,True,True,True,0.0
all-predicted,independent_stl_nn,17,4,2020,cost_priority,1,6,False,True,True,0.04691548766032928
all-predicted,independent_stl_nn,17,4,2020,carbon_priority,1,6,False,True,True,0.06911439927612252
all-predicted,independent_stl_nn,17,4,2020,energy_priority,550,475,False,True,True,0.01585065292258718
all-predicted,independent_stl_nn,17,4,2020,days_below_24_priority,142,142,True,True,False,0.0
all-predicted,independent_stl_nn,17,4,2020,balanced,8,22,False,True,False,0.004696759229045871
all-predicted,independent_stl_nn,17,4,2050,cost_priority,1,1,True,True,True,0.0
all-predicted,independent_stl_nn,17,4,2050,carbon_priority,1,1,True,True,True,0.0
all-predicted,independent_stl_nn,17,4,2050,energy_priority,514,520,False,True,True,0.0035442793757707956
all-predicted,independent_stl_nn,17,4,2050,days_below_24_priority,8,8,True,True,True,0.0
all-predicted,independent_stl_nn,17,4,2050,balanced,8,8,True,True,True,0.0
all-predicted,independent_stl_nn,17,4,2100,cost_priority,1,6,False,True,True,0.04852681216725108
all-predicted,independent_stl_nn,17,4,2100,carbon_priority,1,1,True,True,True,0.0
all-predicted,independent_stl_nn,17,4,2100,energy_priority,225,245,False,True,True,0.005593203868081083
all-predicted,independent_stl_nn,17,4,2100,days_below_24_priority,8,8,True,True,True,0.0
all-predicted,independent_stl_nn,17,4,2100,balanced,8,8,True,True,True,0.0
all-predicted,random_forest,17,4,2020,cost_priority,1,1,True,True,True,0.0
all-predicted,random_forest,17,4,2020,carbon_priority,1,8,False,True,True,0.025765353036248453
all-predicted,random_forest,17,4,2020,energy_priority,550,625,False,True,True,0.004541189039754884
all-predicted,random_forest,17,4,2020,days_below_24_priority,142,263,False,True,True,0.004394530241496981
all-predicted,random_forest,17,4,2020,balanced,8,8,True,True,True,0.0
all-predicted,random_forest,17,4,2050,cost_priority,1,6,False,True,True,0.04381898817635533
all-predicted,random_forest,17,4,2050,carbon_priority,1,8,False,True,True,0.06763094093171099
all-predicted,random_forest,17,4,2050,energy_priority,514,625,False,True,True,0.011310003980811625
all-predicted,random_forest,17,4,2050,days_below_24_priority,8,8,True,True,True,0.0
all-predicted,random_forest,17,4,2050,balanced,8,8,True,True,True,0.0
all-predicted,random_forest,17,4,2100,cost_priority,1,6,False,True,True,0.04852681216725108
all-predicted,random_forest,17,4,2100,carbon_priority,1,1,True,True,True,0.0
all-predicted,random_forest,17,4,2100,energy_priority,225,625,False,True,True,0.004530534018404737
all-predicted,random_forest,17,4,2100,days_below_24_priority,8,8,True,True,True,0.0
all-predicted,random_forest,17,4,2100,balanced,8,8,True,True,True,0.0
all-predicted,shared_mtl_nn,17,4,2020,cost_priority,1,1,True,True,True,0.0
all-predicted,shared_mtl_nn,17,4,2020,carbon_priority,1,8,False,True,True,0.025765353036248453
all-predicted,shared_mtl_nn,17,4,2020,energy_priority,550,475,False,True,True,0.01585065292258718
all-predicted,shared_mtl_nn,17,4,2020,days_below_24_priority,142,128,False,True,False,0.0002976763958547506
all-predicted,shared_mtl_nn,17,4,2020,balanced,8,22,False,True,False,0.004696759229045871
all-predicted,shared_mtl_nn,17,4,2050,cost_priority,1,1,True,True,True,0.0
all-predicted,shared_mtl_nn,17,4,2050,carbon_priority,1,1,True,True,True,0.0
all-predicted,shared_mtl_nn,17,4,2050,energy_priority,514,520,False,True,True,0.0035442793757707956
all-predicted,shared_mtl_nn,17,4,2050,days_below_24_priority,8,8,True,True,True,0.0
all-predicted,shared_mtl_nn,17,4,2050,balanced,8,8,True,True,True,0.0
all-predicted,shared_mtl_nn,17,4,2100,cost_priority,1,1,True,True,True,0.0
all-predicted,shared_mtl_nn,17,4,2100,carbon_priority,1,1,True,True,True,0.0
all-predicted,shared_mtl_nn,17,4,2100,energy_priority,225,225,True,True,True,0.0
all-predicted,shared_mtl_nn,17,4,2100,days_below_24_priority,8,8,True,True,True,0.0
all-predicted,shared_mtl_nn,17,4,2100,balanced,8,8,True,True,True,0.0
all-predicted,shared_mtl_nn_mgda,17,4,2020,cost_priority,1,6,False,True,True,0.04691548766032928
all-predicted,shared_mtl_nn_mgda,17,4,2020,carbon_priority,1,8,False,True,True,0.025765353036248453
all-predicted,shared_mtl_nn_mgda,17,4,2020,energy_priority,550,419,False,True,True,0.0038307921538579945
all-predicted,shared_mtl_nn_mgda,17,4,2020,days_below_24_priority,142,130,False,True,False,0.003269846543527559
all-predicted,shared_mtl_nn_mgda,17,4,2020,balanced,8,8,True,True,True,0.0
all-predicted,shared_mtl_nn_mgda,17,4,2050,cost_priority,1,1,True,True,True,0.0
all-predicted,shared_mtl_nn_mgda,17,4,2050,carbon_priority,1,1,True,True,True,0.0
all-predicted,shared_mtl_nn_mgda,17,4,2050,energy_priority,514,520,False,True,True,0.0035442793757707956
all-predicted,shared_mtl_nn_mgda,17,4,2050,days_below_24_priority,8,8,True,True,True,0.0
all-predicted,shared_mtl_nn_mgda,17,4,2050,balanced,8,8,True,True,True,0.0
all-predicted,shared_mtl_nn_mgda,17,4,2100,cost_priority,1,1,True,True,True,0.0
all-predicted,shared_mtl_nn_mgda,17,4,2100,carbon_priority,1,1,True,True,True,0.0
all-predicted,shared_mtl_nn_mgda,17,4,2100,energy_priority,225,249,False,True,True,0.0057341421037791
all-predicted,shared_mtl_nn_mgda,17,4,2100,days_below_24_priority,8,8,True,True,True,0.0
all-predicted,shared_mtl_nn_mgda,17,4,2100,balanced,8,8,True,True,True,0.0
all-predicted,gradient_boosting,17,5,2020,cost_priority,4,4,True,True,True,0.0
all-predicted,gradient_boosting,17,5,2020,carbon_priority,5,23,False,True,True,0.007485905335332013
all-predicted,gradient_boosting,17,5,2020,energy_priority,425,425,True,True,True,0.0
all-predicted,gradient_boosting,17,5,2020,days_below_24_priority,19,19,True,True,True,0.0
all-predicted,gradient_boosting,17,5,2020,balanced,19,19,True,True,True,0.0
all-predicted,gradient_boosting,17,5,2050,cost_priority,4,4,True,True,True,0.0
all-predicted,gradient_boosting,17,5,2050,carbon_priority,5,23,False,True,True,0.007228802008582104
all-predicted,gradient_boosting,17,5,2050,energy_priority,394,575,False,True,True,0.0013580168602180948
all-predicted,gradient_boosting,17,5,2050,days_below_24_priority,18,14,False,True,True,0.0006038697491441092
all-predicted,gradient_boosting,17,5,2050,balanced,18,14,False,True,True,0.001509674372860273
all-predicted,gradient_boosting,17,5,2100,cost_priority,4,4,True,True,True,0.0
all-predicted,gradient_boosting,17,5,2100,carbon_priority,5,23,False,True,True,0.0063895254215106225
all-predicted,gradient_boosting,17,5,2100,energy_priority,425,575,False,True,True,0.0011499179418424776
all-predicted,gradient_boosting,17,5,2100,days_below_24_priority,14,14,True,True,True,0.0
all-predicted,gradient_boosting,17,5,2100,balanced,14,18,False,True,True,0.0014055713835639978
all-predicted,independent_stl_nn,17,5,2020,cost_priority,4,4,True,True,True,0.0
all-predicted,independent_stl_nn,17,5,2020,carbon_priority,5,23,False,True,True,0.007485905335332013
all-predicted,independent_stl_nn,17,5,2020,energy_priority,425,574,False,True,False,0.022392598041332323
all-predicted,independent_stl_nn,17,5,2020,days_below_24_priority,19,19,True,True,True,0.0
all-predicted,independent_stl_nn,17,5,2020,balanced,19,19,True,True,True,0.0
all-predicted,independent_stl_nn,17,5,2050,cost_priority,4,4,True,True,True,0.0
all-predicted,independent_stl_nn,17,5,2050,carbon_priority,5,18,False,True,True,0.0309514517322948
all-predicted,independent_stl_nn,17,5,2050,energy_priority,394,624,False,True,False,0.0014701939803249409
all-predicted,independent_stl_nn,17,5,2050,days_below_24_priority,18,14,False,True,True,0.0006038697491441092
all-predicted,independent_stl_nn,17,5,2050,balanced,18,14,False,True,True,0.001509674372860273
all-predicted,independent_stl_nn,17,5,2100,cost_priority,4,81,False,True,True,0.028084050677411626
all-predicted,independent_stl_nn,17,5,2100,carbon_priority,5,18,False,True,True,0.03085732180947663
all-predicted,independent_stl_nn,17,5,2100,energy_priority,425,624,False,True,False,0.005673075413752124
all-predicted,independent_stl_nn,17,5,2100,days_below_24_priority,14,18,False,True,True,0.009653137644334689
all-predicted,independent_stl_nn,17,5,2100,balanced,14,19,False,True,True,0.012346022400804874
all-predicted,random_forest,17,5,2020,cost_priority,4,7,False,True,False,0.04504978328445133
all-predicted,random_forest,17,5,2020,carbon_priority,5,23,False,True,True,0.007485905335332013
all-predicted,random_forest,17,5,2020,energy_priority,425,575,False,True,True,0.003952168299240134
all-predicted,random_forest,17,5,2020,days_below_24_priority,19,19,True,True,True,0.0
all-predicted,random_forest,17,5,2020,balanced,19,19,True,True,True,0.0
all-predicted,random_forest,17,5,2050,cost_priority,4,4,True,True,True,0.0
all-predicted,random_forest,17,5,2050,carbon_priority,5,23,False,True,True,0.007228802008582104
all-predicted,random_forest,17,5,2050,energy_priority,394,624,False,True,False,0.0014701939803249409
all-predicted,random_forest,17,5,2050,days_below_24_priority,18,14,False,True,True,0.0006038697491441092
all-predicted,random_forest,17,5,2050,balanced,18,14,False,True,True,0.001509674372860273
all-predicted,random_forest,17,5,2100,cost_priority,4,4,True,True,True,0.0
all-predicted,random_forest,17,5,2100,carbon_priority,5,14,False,True,True,0.025887695496217753
all-predicted,random_forest,17,5,2100,energy_priority,425,624,False,True,False,0.005673075413752124
all-predicted,random_forest,17,5,2100,days_below_24_priority,14,14,True,True,True,0.0
all-predicted,random_forest,17,5,2100,balanced,14,14,True,True,True,0.0
all-predicted,shared_mtl_nn,17,5,2020,cost_priority,4,81,False,True,False,0.06903816686264268
all-predicted,shared_mtl_nn,17,5,2020,carbon_priority,5,23,False,True,True,0.007485905335332013
all-predicted,shared_mtl_nn,17,5,2020,energy_priority,425,624,False,True,True,0.005027456905224755
all-predicted,shared_mtl_nn,17,5,2020,days_below_24_priority,19,18,False,True,True,0.11121321653165561
all-predicted,shared_mtl_nn,17,5,2020,balanced,19,18,False,True,True,0.02803304132913905
all-predicted,shared_mtl_nn,17,5,2050,cost_priority,4,81,False,True,False,0.03275994461528757
all-predicted,shared_mtl_nn,17,5,2050,carbon_priority,5,23,False,True,True,0.007228802008582104
all-predicted,shared_mtl_nn,17,5,2050,energy_priority,394,569,False,True,True,0.0023405383773498906
all-predicted,shared_mtl_nn,17,5,2050,days_below_24_priority,18,10,False,False,False,0.007364733385489213
all-predicted,shared_mtl_nn,17,5,2050,balanced,18,18,True,True,True,0.0
all-predicted,shared_mtl_nn,17,5,2100,cost_priority,4,81,False,True,True,0.028084050677411626
all-predicted,shared_mtl_nn,17,5,2100,carbon_priority,5,23,False,True,True,0.0063895254215106225
all-predicted,shared_mtl_nn,17,5,2100,energy_priority,425,425,True,True,True,0.0
all-predicted,shared_mtl_nn,17,5,2100,days_below_24_priority,14,10,False,False,False,0.0066383284683282796
all-predicted,shared_mtl_nn,17,5,2100,balanced,14,23,False,True,True,0.0013457443886424423
all-predicted,shared_mtl_nn_mgda,17,5,2020,cost_priority,4,7,False,True,False,0.04504978328445133
all-predicted,shared_mtl_nn_mgda,17,5,2020,carbon_priority,5,18,False,True,True,0.03148192643463152
all-predicted,shared_mtl_nn_mgda,17,5,2020,energy_priority,425,569,False,True,True,0.019489326696270824
all-predicted,shared_mtl_nn_mgda,17,5,2020,days_below_24_priority,19,132,False,True,False,0.0446237355936438
all-predicted,shared_mtl_nn_mgda,17,5,2020,balanced,19,19,True,True,True,0.0
all-predicted,shared_mtl_nn_mgda,17,5,2050,cost_priority,4,7,False,True,False,0.044441996631158914
all-predicted,shared_mtl_nn_mgda,17,5,2050,carbon_priority,5,18,False,True,True,0.0309514517322948
all-predicted,shared_mtl_nn_mgda,17,5,2050,energy_priority,394,444,False,True,True,0.004157046825225413
all-predicted,shared_mtl_nn_mgda,17,5,2050,days_below_24_priority,18,10,False,False,False,0.007364733385489213
all-predicted,shared_mtl_nn_mgda,17,5,2050,balanced,18,10,False,False,False,0.01841183346372303
all-predicted,shared_mtl_nn_mgda,17,5,2100,cost_priority,4,5,False,True,True,0.011412396356284249
all-predicted,shared_mtl_nn_mgda,17,5,2100,carbon_priority,5,23,False,True,True,0.0063895254215106225
all-predicted,shared_mtl_nn_mgda,17,5,2100,energy_priority,425,444,False,True,True,0.0007732609756627365
all-predicted,shared_mtl_nn_mgda,17,5,2100,days_below_24_priority,14,23,False,True,True,0.009629206846366067
all-predicted,shared_mtl_nn_mgda,17,5,2100,balanced,14,18,False,True,True,0.0014055713835639978
all-predicted,gradient_boosting,29,1,2020,cost_priority,11,11,True,True,True,0.0
all-predicted,gradient_boosting,29,1,2020,carbon_priority,3,3,True,True,True,0.0
all-predicted,gradient_boosting,29,1,2020,energy_priority,494,599,False,True,True,0.000431367244471145
all-predicted,gradient_boosting,29,1,2020,days_below_24_priority,19,19,True,True,True,0.0
all-predicted,gradient_boosting,29,1,2020,balanced,19,19,True,True,True,0.0
all-predicted,gradient_boosting,29,1,2050,cost_priority,11,11,True,True,True,0.0
all-predicted,gradient_boosting,29,1,2050,carbon_priority,11,11,True,True,True,0.0
all-predicted,gradient_boosting,29,1,2050,energy_priority,470,599,False,True,False,0.001402164180262539
all-predicted,gradient_boosting,29,1,2050,days_below_24_priority,19,19,True,True,True,0.0
all-predicted,gradient_boosting,29,1,2050,balanced,19,19,True,True,True,0.0
all-predicted,gradient_boosting,29,1,2100,cost_priority,11,11,True,True,True,0.0
all-predicted,gradient_boosting,29,1,2100,carbon_priority,11,11,True,True,True,0.0
all-predicted,gradient_boosting,29,1,2100,energy_priority,599,599,True,True,True,0.0
all-predicted,gradient_boosting,29,1,2100,days_below_24_priority,19,19,True,True,True,0.0
all-predicted,gradient_boosting,29,1,2100,balanced,19,19,True,True,True,0.0
all-predicted,independent_stl_nn,29,1,2020,cost_priority,11,3,False,True,True,0.0010622958869835608
all-predicted,independent_stl_nn,29,1,2020,carbon_priority,3,3,True,True,True,0.0
all-predicted,independent_stl_nn,29,1,2020,energy_priority,494,599,False,True,True,0.000431367244471145
all-predicted,independent_stl_nn,29,1,2020,days_below_24_priority,19,19,True,True,True,0.0
all-predicted,independent_stl_nn,29,1,2020,balanced,19,19,True,True,True,0.0
all-predicted,independent_stl_nn,29,1,2050,cost_priority,11,11,True,True,True,0.0
all-predicted,independent_stl_nn,29,1,2050,carbon_priority,11,3,False,True,True,0.0015791656195890203
all-predicted,independent_stl_nn,29,1,2050,energy_priority,470,470,True,True,True,0.0
all-predicted,independent_stl_nn,29,1,2050,days_below_24_priority,19,19,True,True,True,0.0
all-predicted,independent_stl_nn,29,1,2050,balanced,19,19,True,True,True,0.0
all-predicted,independent_stl_nn,29,1,2100,cost_priority,11,11,True,True,True,0.0
all-predicted,independent_stl_nn,29,1,2100,carbon_priority,11,3,False,True,True,0.0032093912653161512
all-predicted,independent_stl_nn,29,1,2100,energy_priority,599,445,False,True,True,0.000295745618746225
all-predicted,independent_stl_nn,29,1,2100,days_below_24_priority,19,10,False,True,False,0.0017738462422750652
all-predicted,independent_stl_nn,29,1,2100,balanced,19,10,False,True,False,0.004434615605687663
all-predicted,random_forest,29,1,2020,cost_priority,11,11,True,True,True,0.0
all-predicted,random_forest,29,1,2020,carbon_priority,3,19,False,True,True,0.07055234538842876
all-predicted,random_forest,29,1,2020,energy_priority,494,599,False,True,True,0.000431367244471145
all-predicted,random_forest,29,1,2020,days_below_24_priority,19,19,True,True,True,0.0
all-predicted,random_forest,29,1,2020,balanced,19,19,True,True,True,0.0
all-predicted,random_forest,29,1,2050,cost_priority,11,11,True,True,True,0.0
all-predicted,random_forest,29,1,2050,carbon_priority,11,3,False,True,True,0.0015791656195890203
all-predicted,random_forest,29,1,2050,energy_priority,470,599,False,True,False,0.001402164180262539
all-predicted,random_forest,29,1,2050,days_below_24_priority,19,19,True,True,True,0.0
all-predicted,random_forest,29,1,2050,balanced,19,19,True,True,True,0.0
all-predicted,random_forest,29,1,2100,cost_priority,11,11,True,True,True,0.0
all-predicted,random_forest,29,1,2100,carbon_priority,11,3,False,True,True,0.0032093912653161512
all-predicted,random_forest,29,1,2100,energy_priority,599,599,True,True,True,0.0
all-predicted,random_forest,29,1,2100,days_below_24_priority,19,19,True,True,True,0.0
all-predicted,random_forest,29,1,2100,balanced,19,19,True,True,True,0.0
all-predicted,shared_mtl_nn,29,1,2020,cost_priority,11,11,True,True,True,0.0
all-predicted,shared_mtl_nn,29,1,2020,carbon_priority,3,3,True,True,True,0.0
all-predicted,shared_mtl_nn,29,1,2020,energy_priority,494,494,True,True,True,0.0
all-predicted,shared_mtl_nn,29,1,2020,days_below_24_priority,19,19,True,True,True,0.0
all-predicted,shared_mtl_nn,29,1,2020,balanced,19,19,True,True,True,0.0
all-predicted,shared_mtl_nn,29,1,2050,cost_priority,11,11,True,True,True,0.0
all-predicted,shared_mtl_nn,29,1,2050,carbon_priority,11,3,False,True,True,0.0015791656195890203
all-predicted,shared_mtl_nn,29,1,2050,energy_priority,470,494,False,True,True,0.0032382592379048814
all-predicted,shared_mtl_nn,29,1,2050,days_below_24_priority,19,270,False,True,True,0.01774505450700823
all-predicted,shared_mtl_nn,29,1,2050,balanced,19,19,True,True,True,0.0
all-predicted,shared_mtl_nn,29,1,2100,cost_priority,11,11,True,True,True,0.0
all-predicted,shared_mtl_nn,29,1,2100,carbon_priority,11,3,False,True,True,0.0032093912653161512
all-predicted,shared_mtl_nn,29,1,2100,energy_priority,599,444,False,True,True,0.004594811628288235
all-predicted,shared_mtl_nn,29,1,2100,days_below_24_priority,19,19,True,True,True,0.0
all-predicted,shared_mtl_nn,29,1,2100,balanced,19,19,True,True,True,0.0
all-predicted,shared_mtl_nn_mgda,29,1,2020,cost_priority,11,11,True,True,True,0.0
all-predicted,shared_mtl_nn_mgda,29,1,2020,carbon_priority,3,3,True,True,True,0.0
all-predicted,shared_mtl_nn_mgda,29,1,2020,energy_priority,494,599,False,True,True,0.000431367244471145
all-predicted,shared_mtl_nn_mgda,29,1,2020,days_below_24_priority,19,19,True,True,True,0.0
all-predicted,shared_mtl_nn_mgda,29,1,2020,balanced,19,19,True,True,True,0.0
all-predicted,shared_mtl_nn_mgda,29,1,2050,cost_priority,11,11,True,True,True,0.0
all-predicted,shared_mtl_nn_mgda,29,1,2050,carbon_priority,11,3,False,True,True,0.0015791656195890203
all-predicted,shared_mtl_nn_mgda,29,1,2050,energy_priority,470,494,False,True,True,0.0032382592379048814
all-predicted,shared_mtl_nn_mgda,29,1,2050,days_below_24_priority,19,19,True,True,True,0.0
all-predicted,shared_mtl_nn_mgda,29,1,2050,balanced,19,19,True,True,True,0.0
all-predicted,shared_mtl_nn_mgda,29,1,2100,cost_priority,11,7,False,True,False,0.10736075210975404
all-predicted,shared_mtl_nn_mgda,29,1,2100,carbon_priority,11,3,False,True,True,0.0032093912653161512
all-predicted,shared_mtl_nn_mgda,29,1,2100,energy_priority,599,599,True,True,True,0.0
all-predicted,shared_mtl_nn_mgda,29,1,2100,days_below_24_priority,19,19,True,True,True,0.0
all-predicted,shared_mtl_nn_mgda,29,1,2100,balanced,19,10,False,True,False,0.004434615605687663
all-predicted,gradient_boosting,29,2,2020,cost_priority,2,5,False,True,True,0.02086656842797468
all-predicted,gradient_boosting,29,2,2020,carbon_priority,15,15,True,True,True,0.0
all-predicted,gradient_boosting,29,2,2020,energy_priority,420,500,False,True,False,0.01720007095832949
all-predicted,gradient_boosting,29,2,2020,days_below_24_priority,24,15,False,True,True,0.11093532275044123
all-predicted,gradient_boosting,29,2,2020,balanced,24,15,False,True,True,0.027338306876103093
all-predicted,gradient_boosting,29,2,2050,cost_priority,2,2,True,True,False,0.0
all-predicted,gradient_boosting,29,2,2050,carbon_priority,15,15,True,True,True,0.0
all-predicted,gradient_boosting,29,2,2050,energy_priority,625,625,True,True,True,0.0
all-predicted,gradient_boosting,29,2,2050,days_below_24_priority,15,15,True,True,True,0.0
all-predicted,gradient_boosting,29,2,2050,balanced,15,15,True,True,True,0.0
all-predicted,gradient_boosting,29,2,2100,cost_priority,2,2,True,True,True,0.0
all-predicted,gradient_boosting,29,2,2100,carbon_priority,15,15,True,True,True,0.0
all-predicted,gradient_boosting,29,2,2100,energy_priority,600,625,False,True,True,3.0894534645006862e-06
all-predicted,gradient_boosting,29,2,2100,days_below_24_priority,15,18,False,True,True,0.011866299841955266
all-predicted,gradient_boosting,29,2,2100,balanced,15,18,False,True,True,0.006228249604888169
all-predicted,independent_stl_nn,29,2,2020,cost_priority,2,2,True,True,False,0.0
all-predicted,independent_stl_nn,29,2,2020,carbon_priority,15,5,False,True,True,0.0025043326511396554
all-predicted,independent_stl_nn,29,2,2020,energy_priority,420,545,False,True,True,0.01052860535172262
all-predicted,independent_stl_nn,29,2,2020,days_below_24_priority,24,18,False,True,True,0.11182626514690451
all-predicted,independent_stl_nn,29,2,2020,balanced,24,18,False,True,True,0.0295656628672613
all-predicted,independent_stl_nn,29,2,2050,cost_priority,2,2,True,True,False,0.0
all-predicted,independent_stl_nn,29,2,2050,carbon_priority,15,18,False,True,True,0.032846394191372495
all-predicted,independent_stl_nn,29,2,2050,energy_priority,625,619,False,True,True,0.008861445037419797
all-predicted,independent_stl_nn,29,2,2050,days_below_24_priority,15,15,True,True,True,0.0
all-predicted,independent_stl_nn,29,2,2050,balanced,15,18,False,True,True,0.003831455807532063
all-predicted,independent_stl_nn,29,2,2100,cost_priority,2,2,True,True,True,0.0
all-predicted,independent_stl_nn,29,2,2100,carbon_priority,15,5,False,True,True,0.004107143531343133
all-predicted,independent_stl_nn,29,2,2100,energy_priority,600,625,False,True,True,3.0894534645006862e-06
all-predicted,independent_stl_nn,29,2,2100,days_below_24_priority,15,24,False,True,False,0.0071631914963518175
all-predicted,independent_stl_nn,29,2,2100,balanced,15,18,False,True,True,0.006228249604888169
all-predicted,random_forest,29,2,2020,cost_priority,2,2,True,True,False,0.0
all-predicted,random_forest,29,2,2020,carbon_priority,15,18,False,True,True,0.03220475426482296
all-predicted,random_forest,29,2,2020,energy_priority,420,625,False,True,True,0.0011200663616105166
all-predicted,random_forest,29,2,2020,days_below_24_priority,24,134,False,True,True,0.03798145777281104
all-predicted,random_forest,29,2,2020,balanced,24,24,True,True,True,0.0
all-predicted,random_forest,29,2,2050,cost_priority,2,2,True,True,False,0.0
all-predicted,random_forest,29,2,2050,carbon_priority,15,5,False,True,True,0.004179097825327903
all-predicted,random_forest,29,2,2050,energy_priority,625,625,True,True,True,0.0
all-predicted,random_forest,29,2,2050,days_below_24_priority,15,134,False,True,True,0.013771528358555357
all-predicted,random_forest,29,2,2050,balanced,15,14,False,True,True,0.004965733143618364
all-predicted,random_forest,29,2,2100,cost_priority,2,2,True,True,True,0.0
all-predicted,random_forest,29,2,2100,carbon_priority,15,5,False,True,True,0.004107143531343133
all-predicted,random_forest,29,2,2100,energy_priority,600,625,False,True,True,3.0894534645006862e-06
all-predicted,random_forest,29,2,2100,days_below_24_priority,15,15,True,True,True,0.0
all-predicted,random_forest,29,2,2100,balanced,15,18,False,True,True,0.006228249604888169
all-predicted,shared_mtl_nn,29,2,2020,cost_priority,2,2,True,True,False,0.0
all-predicted,shared_mtl_nn,29,2,2020,carbon_priority,15,18,False,True,True,0.03220475426482296
all-predicted,shared_mtl_nn,29,2,2020,energy_priority,420,570,False,True,True,0.0052282614056086115
all-predicted,shared_mtl_nn,29,2,2020,days_below_24_priority,24,24,True,True,True,0.0
all-predicted,shared_mtl_nn,29,2,2020,balanced,24,24,True,True,True,0.0
all-predicted,shared_mtl_nn,29,2,2050,cost_priority,2,2,True,True,False,0.0
all-predicted,shared_mtl_nn,29,2,2050,carbon_priority,15,18,False,True,True,0.032846394191372495
all-predicted,shared_mtl_nn,29,2,2050,energy_priority,625,500,False,True,True,0.00622911832863555
all-predicted,shared_mtl_nn,29,2,2050,days_below_24_priority,15,275,False,True,True,0.02627351293392536
all-predicted,shared_mtl_nn,29,2,2050,balanced,15,18,False,True,True,0.003831455807532063
all-predicted,shared_mtl_nn,29,2,2100,cost_priority,2,2,True,True,True,0.0
all-predicted,shared_mtl_nn,29,2,2100,carbon_priority,15,5,False,True,True,0.004107143531343133
all-predicted,shared_mtl_nn,29,2,2100,energy_priority,600,425,False,True,True,0.000969969283677988
all-predicted,shared_mtl_nn,29,2,2100,days_below_24_priority,15,14,False,True,True,0.0018047037976856458
all-predicted,shared_mtl_nn,29,2,2100,balanced,15,18,False,True,True,0.006228249604888169
all-predicted,shared_mtl_nn_mgda,29,2,2020,cost_priority,2,2,True,True,False,0.0
all-predicted,shared_mtl_nn_mgda,29,2,2020,carbon_priority,15,2,False,True,False,0.010714672432254867
all-predicted,shared_mtl_nn_mgda,29,2,2020,energy_priority,420,500,False,True,False,0.01720007095832949
all-predicted,shared_mtl_nn_mgda,29,2,2020,days_below_24_priority,24,2,False,True,False,0.13377748935217004
all-predicted,shared_mtl_nn_mgda,29,2,2020,balanced,24,24,True,True,True,0.0
all-predicted,shared_mtl_nn_mgda,29,2,2050,cost_priority,2,2,True,True,False,0.0
all-predicted,shared_mtl_nn_mgda,29,2,2050,carbon_priority,15,18,False,True,True,0.032846394191372495
all-predicted,shared_mtl_nn_mgda,29,2,2050,energy_priority,625,500,False,True,True,0.00622911832863555
all-predicted,shared_mtl_nn_mgda,29,2,2050,days_below_24_priority,15,275,False,True,True,0.02627351293392536
all-predicted,shared_mtl_nn_mgda,29,2,2050,balanced,15,24,False,True,False,0.016363162391421437
all-predicted,shared_mtl_nn_mgda,29,2,2100,cost_priority,2,5,False,True,True,0.020021983047218046
all-predicted,shared_mtl_nn_mgda,29,2,2100,carbon_priority,15,18,False,True,True,0.033805111710314945
all-predicted,shared_mtl_nn_mgda,29,2,2100,energy_priority,600,600,True,True,True,0.0
all-predicted,shared_mtl_nn_mgda,29,2,2100,days_below_24_priority,15,14,False,True,True,0.0018047037976856458
all-predicted,shared_mtl_nn_mgda,29,2,2100,balanced,15,24,False,True,False,0.017907978740879543
all-predicted,gradient_boosting,29,3,2020,cost_priority,1,1,True,True,True,0.0
all-predicted,gradient_boosting,29,3,2020,carbon_priority,25,4,False,True,True,0.020163552492101975
all-predicted,gradient_boosting,29,3,2020,energy_priority,469,475,False,True,True,0.006622449287713172
all-predicted,gradient_boosting,29,3,2020,days_below_24_priority,25,25,True,True,True,0.0
all-predicted,gradient_boosting,29,3,2020,balanced,25,25,True,True,True,0.0
all-predicted,gradient_boosting,29,3,2050,cost_priority,1,1,True,True,True,0.0
all-predicted,gradient_boosting,29,3,2050,carbon_priority,1,1,True,True,True,0.0
all-predicted,gradient_boosting,29,3,2050,energy_priority,390,475,False,True,True,0.013691128552260151
all-predicted,gradient_boosting,29,3,2050,days_below_24_priority,25,140,False,True,True,0.0005135709986911387
all-predicted,gradient_boosting,29,3,2050,balanced,25,25,True,True,True,0.0
all-predicted,gradient_boosting,29,3,2100,cost_priority,1,1,True,True,True,0.0
all-predicted,gradient_boosting,29,3,2100,carbon_priority,1,1,True,True,True,0.0
all-predicted,gradient_boosting,29,3,2100,energy_priority,225,200,False,True,True,0.0013552887020613726
all-predicted,gradient_boosting,29,3,2100,days_below_24_priority,25,25,True,True,True,0.0
all-predicted,gradient_boosting,29,3,2100,balanced,25,25,True,True,True,0.0
all-predicted,independent_stl_nn,29,3,2020,cost_priority,1,6,False,True,True,0.04991827720435845
all-predicted,independent_stl_nn,29,3,2020,carbon_priority,25,4,False,True,True,0.020163552492101975
all-predicted,independent_stl_nn,29,3,2020,energy_priority,469,594,False,True,True,0.0011122750522361312
all-predicted,independent_stl_nn,29,3,2020,days_below_24_priority,25,25,True,True,True,0.0
all-predicted,independent_stl_nn,29,3,2020,balanced,25,25,True,True,True,0.0
all-predicted,independent_stl_nn,29,3,2050,cost_priority,1,6,False,True,True,0.046690065603539374
all-predicted,independent_stl_nn,29,3,2050,carbon_priority,1,6,False,True,True,0.06586265362052447
all-predicted,independent_stl_nn,29,3,2050,energy_priority,390,390,True,True,True,0.0
all-predicted,independent_stl_nn,29,3,2050,days_below_24_priority,25,25,True,True,True,0.0
all-predicted,independent_stl_nn,29,3,2050,balanced,25,25,True,True,True,0.0
all-predicted,independent_stl_nn,29,3,2100,cost_priority,1,6,False,True,True,0.05152643236345813
all-predicted,independent_stl_nn,29,3,2100,carbon_priority,1,1,True,True,True,0.0
all-predicted,independent_stl_nn,29,3,2100,energy_priority,225,194,False,True,True,0.007587499761934968
all-predicted,independent_stl_nn,29,3,2100,days_below_24_priority,25,25,True,True,True,0.0
all-predicted,independent_stl_nn,29,3,2100,balanced,25,25,True,True,True,0.0
all-predicted,random_forest,29,3,2020,cost_priority,1,6,False,True,True,0.04991827720435845
all-predicted,random_forest,29,3,2020,carbon_priority,25,4,False,True,True,0.020163552492101975
all-predicted,random_forest,29,3,2020,energy_priority,469,469,True,True,True,0.0
all-predicted,random_forest,29,3,2020,days_below_24_priority,25,25,True,True,True,0.0
all-predicted,random_forest,29,3,2020,balanced,25,25,True,True,True,0.0
all-predicted,random_forest,29,3,2050,cost_priority,1,6,False,True,True,0.046690065603539374
all-predicted,random_forest,29,3,2050,carbon_priority,1,6,False,True,True,0.06586265362052447
all-predicted,random_forest,29,3,2050,energy_priority,390,475,False,True,True,0.013691128552260151
all-predicted,random_forest,29,3,2050,days_below_24_priority,25,25,True,True,True,0.0
all-predicted,random_forest,29,3,2050,balanced,25,25,True,True,True,0.0
all-predicted,random_forest,29,3,2100,cost_priority,1,6,False,True,True,0.05152643236345813
all-predicted,random_forest,29,3,2100,carbon_priority,1,1,True,True,True,0.0
all-predicted,random_forest,29,3,2100,energy_priority,225,594,False,True,True,0.00924832076600606
all-predicted,random_forest,29,3,2100,days_below_24_priority,25,25,True,True,True,0.0
all-predicted,random_forest,29,3,2100,balanced,25,25,True,True,True,0.0
all-predicted,shared_mtl_nn,29,3,2020,cost_priority,1,6,False,True,True,0.04991827720435845
all-predicted,shared_mtl_nn,29,3,2020,carbon_priority,25,103,False,True,False,0.06737583345256308
all-predicted,shared_mtl_nn,29,3,2020,energy_priority,469,475,False,True,True,0.006622449287713172
all-predicted,shared_mtl_nn,29,3,2020,days_below_24_priority,25,25,True,True,True,0.0
all-predicted,shared_mtl_nn,29,3,2020,balanced,25,25,True,True,True,0.0
all-predicted,shared_mtl_nn,29,3,2050,cost_priority,1,6,False,True,True,0.046690065603539374
all-predicted,shared_mtl_nn,29,3,2050,carbon_priority,1,6,False,True,True,0.06586265362052447
all-predicted,shared_mtl_nn,29,3,2050,energy_priority,390,499,False,True,False,0.016986672570698927
all-predicted,shared_mtl_nn,29,3,2050,days_below_24_priority,25,264,False,True,True,0.01807374817033445
all-predicted,shared_mtl_nn,29,3,2050,balanced,25,25,True,True,True,0.0
all-predicted,shared_mtl_nn,29,3,2100,cost_priority,1,6,False,True,True,0.05152643236345813
all-predicted,shared_mtl_nn,29,3,2100,carbon_priority,1,6,False,True,True,0.07069902038044322
all-predicted,shared_mtl_nn,29,3,2100,energy_priority,225,594,False,True,True,0.00924832076600606
all-predicted,shared_mtl_nn,29,3,2100,days_below_24_priority,25,25,True,True,True,0.0
all-predicted,shared_mtl_nn,29,3,2100,balanced,25,25,True,True,True,0.0
all-predicted,shared_mtl_nn_mgda,29,3,2020,cost_priority,1,6,False,True,True,0.04991827720435845
all-predicted,shared_mtl_nn_mgda,29,3,2020,carbon_priority,25,1,False,True,True,0.019131028395385462
all-predicted,shared_mtl_nn_mgda,29,3,2020,energy_priority,469,469,True,True,True,0.0
all-predicted,shared_mtl_nn_mgda,29,3,2020,days_below_24_priority,25,25,True,True,True,0.0
all-predicted,shared_mtl_nn_mgda,29,3,2020,balanced,25,25,True,True,True,0.0
all-predicted,shared_mtl_nn_mgda,29,3,2050,cost_priority,1,6,False,True,True,0.046690065603539374
all-predicted,shared_mtl_nn_mgda,29,3,2050,carbon_priority,1,6,False,True,True,0.06586265362052447
all-predicted,shared_mtl_nn_mgda,29,3,2050,energy_priority,390,594,False,True,True,0.019116984414684457
all-predicted,shared_mtl_nn_mgda,29,3,2050,days_below_24_priority,25,140,False,True,True,0.0005135709986911387
all-predicted,shared_mtl_nn_mgda,29,3,2050,balanced,25,25,True,True,True,0.0
all-predicted,shared_mtl_nn_mgda,29,3,2100,cost_priority,1,6,False,True,True,0.05152643236345813
all-predicted,shared_mtl_nn_mgda,29,3,2100,carbon_priority,1,6,False,True,True,0.07069902038044322
all-predicted,shared_mtl_nn_mgda,29,3,2100,energy_priority,225,594,False,True,True,0.00924832076600606
all-predicted,shared_mtl_nn_mgda,29,3,2100,days_below_24_priority,25,25,True,True,True,0.0
all-predicted,shared_mtl_nn_mgda,29,3,2100,balanced,25,25,True,True,True,0.0
all-predicted,gradient_boosting,29,4,2020,cost_priority,16,16,True,True,True,0.0
all-predicted,gradient_boosting,29,4,2020,carbon_priority,23,23,True,True,True,0.0
all-predicted,gradient_boosting,29,4,2020,energy_priority,419,569,False,True,True,0.01823511305375785
all-predicted,gradient_boosting,29,4,2020,days_below_24_priority,20,20,True,True,True,0.0
all-predicted,gradient_boosting,29,4,2020,balanced,20,20,True,True,True,0.0
all-predicted,gradient_boosting,29,4,2050,cost_priority,16,16,True,True,True,0.0
all-predicted,gradient_boosting,29,4,2050,carbon_priority,23,23,True,True,True,0.0
all-predicted,gradient_boosting,29,4,2050,energy_priority,395,620,False,True,True,0.0052507868318217715
all-predicted,gradient_boosting,29,4,2050,days_below_24_priority,23,20,False,True,True,0.0025434732218954695
all-predicted,gradient_boosting,29,4,2050,balanced,23,23,True,True,True,0.0
all-predicted,gradient_boosting,29,4,2100,cost_priority,16,16,True,True,True,0.0
all-predicted,gradient_boosting,29,4,2100,carbon_priority,23,23,True,True,True,0.0
all-predicted,gradient_boosting,29,4,2100,energy_priority,620,495,False,True,True,0.0038747861315080487
all-predicted,gradient_boosting,29,4,2100,days_below_24_priority,20,20,True,True,True,0.0
all-predicted,gradient_boosting,29,4,2100,balanced,23,23,True,True,True,0.0
all-predicted,independent_stl_nn,29,4,2020,cost_priority,16,23,False,True,True,0.07239693126144729
all-predicted,independent_stl_nn,29,4,2020,carbon_priority,23,23,True,True,True,0.0
all-predicted,independent_stl_nn,29,4,2020,energy_priority,419,449,False,True,True,0.01030104397898318
all-predicted,independent_stl_nn,29,4,2020,days_below_24_priority,20,23,False,True,True,0.11321736929684373
all-predicted,independent_stl_nn,29,4,2020,balanced,20,23,False,True,True,0.03304342324210936
all-predicted,independent_stl_nn,29,4,2050,cost_priority,16,16,True,True,True,0.0
all-predicted,independent_stl_nn,29,4,2050,carbon_priority,23,16,False,True,True,0.025362222704055817
all-predicted,independent_stl_nn,29,4,2050,energy_priority,395,395,True,True,True,0.0
all-predicted,independent_stl_nn,29,4,2050,days_below_24_priority,23,23,True,True,True,0.0
all-predicted,independent_stl_nn,29,4,2050,balanced,23,23,True,True,True,0.0
all-predicted,independent_stl_nn,29,4,2100,cost_priority,16,16,True,True,True,0.0
all-predicted,independent_stl_nn,29,4,2100,carbon_priority,23,16,False,True,True,0.025990144212672955
all-predicted,independent_stl_nn,29,4,2100,energy_priority,620,620,True,True,True,0.0
all-predicted,independent_stl_nn,29,4,2100,days_below_24_priority,20,16,False,True,True,0.06020272915337432
all-predicted,independent_stl_nn,29,4,2100,balanced,23,23,True,True,True,0.0
all-predicted,random_forest,29,4,2020,cost_priority,16,16,True,True,True,0.0
all-predicted,random_forest,29,4,2020,carbon_priority,23,23,True,True,True,0.0
all-predicted,random_forest,29,4,2020,energy_priority,419,495,False,True,True,0.005764328627515477
all-predicted,random_forest,29,4,2020,days_below_24_priority,20,20,True,True,True,0.0
all-predicted,random_forest,29,4,2020,balanced,20,20,True,True,True,0.0
all-predicted,random_forest,29,4,2050,cost_priority,16,16,True,True,True,0.0
all-predicted,random_forest,29,4,2050,carbon_priority,23,23,True,True,True,0.0
all-predicted,random_forest,29,4,2050,energy_priority,395,620,False,True,True,0.0052507868318217715
all-predicted,random_forest,29,4,2050,days_below_24_priority,23,20,False,True,True,0.0025434732218954695
all-predicted,random_forest,29,4,2050,balanced,23,20,False,True,True,0.006358683054738672
all-predicted,random_forest,29,4,2100,cost_priority,16,16,True,True,True,0.0
all-predicted,random_forest,29,4,2100,carbon_priority,23,16,False,True,True,0.025990144212672955
all-predicted,random_forest,29,4,2100,energy_priority,620,620,True,True,True,0.0
all-predicted,random_forest,29,4,2100,days_below_24_priority,20,20,True,True,True,0.0
all-predicted,random_forest,29,4,2100,balanced,23,20,False,True,True,0.004467291924433146
all-predicted,shared_mtl_nn,29,4,2020,cost_priority,16,16,True,True,True,0.0
all-predicted,shared_mtl_nn,29,4,2020,carbon_priority,23,16,False,True,True,0.06813633658410342
all-predicted,shared_mtl_nn,29,4,2020,energy_priority,419,569,False,True,True,0.01823511305375785
all-predicted,shared_mtl_nn,29,4,2020,days_below_24_priority,20,16,False,True,True,0.4718986621368763
all-predicted,shared_mtl_nn,29,4,2020,balanced,20,16,False,True,True,0.17974665534219084
all-predicted,shared_mtl_nn,29,4,2050,cost_priority,16,127,False,False,False,0.19799761197816518
all-predicted,shared_mtl_nn,29,4,2050,carbon_priority,23,16,False,True,True,0.025362222704055817
all-predicted,shared_mtl_nn,29,4,2050,energy_priority,395,395,True,True,True,0.0
all-predicted,shared_mtl_nn,29,4,2050,days_below_24_priority,23,16,False,True,True,0.05503761374259368
all-predicted,shared_mtl_nn,29,4,2050,balanced,23,16,False,True,True,0.039767947399962464
all-predicted,shared_mtl_nn,29,4,2100,cost_priority,16,127,False,False,False,0.198198248856893
all-predicted,shared_mtl_nn,29,4,2100,carbon_priority,23,16,False,True,True,0.025990144212672955
all-predicted,shared_mtl_nn,29,4,2100,energy_priority,620,495,False,True,True,0.0038747861315080487
all-predicted,shared_mtl_nn,29,4,2100,days_below_24_priority,20,20,True,True,True,0.0
all-predicted,shared_mtl_nn,29,4,2100,balanced,23,20,False,True,True,0.004467291924433146
all-predicted,shared_mtl_nn_mgda,29,4,2020,cost_priority,16,16,True,True,True,0.0
all-predicted,shared_mtl_nn_mgda,29,4,2020,carbon_priority,23,23,True,True,True,0.0
all-predicted,shared_mtl_nn_mgda,29,4,2020,energy_priority,419,620,False,True,True,0.004461823192682735
all-predicted,shared_mtl_nn_mgda,29,4,2020,days_below_24_priority,20,20,True,True,True,0.0
all-predicted,shared_mtl_nn_mgda,29,4,2020,balanced,20,20,True,True,True,0.0
all-predicted,shared_mtl_nn_mgda,29,4,2050,cost_priority,16,16,True,True,True,0.0
all-predicted,shared_mtl_nn_mgda,29,4,2050,carbon_priority,23,23,True,True,True,0.0
all-predicted,shared_mtl_nn_mgda,29,4,2050,energy_priority,395,520,False,True,True,0.006061268835580992
all-predicted,shared_mtl_nn_mgda,29,4,2050,days_below_24_priority,23,20,False,True,True,0.0025434732218954695
all-predicted,shared_mtl_nn_mgda,29,4,2050,balanced,23,23,True,True,True,0.0
all-predicted,shared_mtl_nn_mgda,29,4,2100,cost_priority,16,16,True,True,True,0.0
all-predicted,shared_mtl_nn_mgda,29,4,2100,carbon_priority,23,23,True,True,True,0.0
all-predicted,shared_mtl_nn_mgda,29,4,2100,energy_priority,620,250,False,True,True,0.0017771774266666601
all-predicted,shared_mtl_nn_mgda,29,4,2100,days_below_24_priority,20,20,True,True,True,0.0
all-predicted,shared_mtl_nn_mgda,29,4,2100,balanced,23,20,False,True,True,0.004467291924433146
all-predicted,gradient_boosting,29,5,2020,cost_priority,101,101,True,True,False,0.0
all-predicted,gradient_boosting,29,5,2020,carbon_priority,13,13,True,True,True,0.0
all-predicted,gradient_boosting,29,5,2020,energy_priority,550,575,False,True,True,0.00537823097635898
all-predicted,gradient_boosting,29,5,2020,days_below_24_priority,143,143,True,True,True,0.0
all-predicted,gradient_boosting,29,5,2020,balanced,13,13,True,True,True,0.0
all-predicted,gradient_boosting,29,5,2050,cost_priority,101,101,True,True,False,0.0
all-predicted,gradient_boosting,29,5,2050,carbon_priority,13,13,True,True,True,0.0
all-predicted,gradient_boosting,29,5,2050,energy_priority,394,575,False,True,True,0.00450794537319793
all-predicted,gradient_boosting,29,5,2050,days_below_24_priority,150,13,False,True,True,0.0031420327411887617
all-predicted,gradient_boosting,29,5,2050,balanced,13,13,True,True,True,0.0
all-predicted,gradient_boosting,29,5,2100,cost_priority,101,101,True,True,False,0.0
all-predicted,gradient_boosting,29,5,2100,carbon_priority,13,13,True,True,True,0.0
all-predicted,gradient_boosting,29,5,2100,energy_priority,574,450,False,True,True,0.0039262652134256695
all-predicted,gradient_boosting,29,5,2100,days_below_24_priority,13,9,False,True,True,0.002014098545605124
all-predicted,gradient_boosting,29,5,2100,balanced,13,13,True,True,True,0.0
all-predicted,independent_stl_nn,29,5,2020,cost_priority,101,101,True,True,False,0.0
all-predicted,independent_stl_nn,29,5,2020,carbon_priority,13,9,False,True,False,0.1119150578954354
all-predicted,independent_stl_nn,29,5,2020,energy_priority,550,550,True,True,True,0.0
all-predicted,independent_stl_nn,29,5,2020,days_below_24_priority,143,143,True,True,True,0.0
all-predicted,independent_stl_nn,29,5,2020,balanced,13,9,False,True,False,0.03673172454956252
all-predicted,independent_stl_nn,29,5,2050,cost_priority,101,101,True,True,False,0.0
all-predicted,independent_stl_nn,29,5,2050,carbon_priority,13,101,False,True,False,0.0642282326495155
all-predicted,independent_stl_nn,29,5,2050,energy_priority,394,595,False,True,True,0.00304109548325468
all-predicted,independent_stl_nn,29,5,2050,days_below_24_priority,150,9,False,True,True,0.001778191165905943
all-predicted,independent_stl_nn,29,5,2050,balanced,13,9,False,True,True,0.029199091713966858
all-predicted,independent_stl_nn,29,5,2100,cost_priority,101,101,True,True,False,0.0
all-predicted,independent_stl_nn,29,5,2100,carbon_priority,13,101,False,True,False,0.06346416822532848
all-predicted,independent_stl_nn,29,5,2100,energy_priority,574,595,False,True,True,0.0014265262475078797
all-predicted,independent_stl_nn,29,5,2100,days_below_24_priority,13,9,False,True,True,0.002014098545605124
all-predicted,independent_stl_nn,29,5,2100,balanced,13,9,False,True,True,0.028472746364012806
all-predicted,random_forest,29,5,2020,cost_priority,101,101,True,True,False,0.0
all-predicted,random_forest,29,5,2020,carbon_priority,13,13,True,True,True,0.0
all-predicted,random_forest,29,5,2020,energy_priority,550,595,False,True,False,0.01776282762285029
all-predicted,random_forest,29,5,2020,days_below_24_priority,143,273,False,True,True,0.018314690334473478
all-predicted,random_forest,29,5,2020,balanced,13,13,True,True,True,0.0
all-predicted,random_forest,29,5,2050,cost_priority,101,101,True,True,False,0.0
all-predicted,random_forest,29,5,2050,carbon_priority,13,13,True,True,True,0.0
all-predicted,random_forest,29,5,2050,energy_priority,394,575,False,True,True,0.00450794537319793
all-predicted,random_forest,29,5,2050,days_below_24_priority,150,13,False,True,True,0.0031420327411887617
all-predicted,random_forest,29,5,2050,balanced,13,13,True,True,True,0.0
all-predicted,random_forest,29,5,2100,cost_priority,101,101,True,True,False,0.0
all-predicted,random_forest,29,5,2100,carbon_priority,13,13,True,True,True,0.0
all-predicted,random_forest,29,5,2100,energy_priority,574,575,False,True,True,0.00044224804579811206
all-predicted,random_forest,29,5,2100,days_below_24_priority,13,9,False,True,True,0.002014098545605124
all-predicted,random_forest,29,5,2100,balanced,13,13,True,True,True,0.0
all-predicted,shared_mtl_nn,29,5,2020,cost_priority,101,9,False,True,False,0.019999092123295176
all-predicted,shared_mtl_nn,29,5,2020,carbon_priority,13,9,False,True,False,0.1119150578954354
all-predicted,shared_mtl_nn,29,5,2020,energy_priority,550,575,False,True,True,0.00537823097635898
all-predicted,shared_mtl_nn,29,5,2020,days_below_24_priority,143,9,False,True,False,0.09109442231062834
all-predicted,shared_mtl_nn,29,5,2020,balanced,13,9,False,True,False,0.03673172454956252
all-predicted,shared_mtl_nn,29,5,2050,cost_priority,101,101,True,True,False,0.0
all-predicted,shared_mtl_nn,29,5,2050,carbon_priority,13,13,True,True,True,0.0
all-predicted,shared_mtl_nn,29,5,2050,energy_priority,394,595,False,True,True,0.00304109548325468
all-predicted,shared_mtl_nn,29,5,2050,days_below_24_priority,150,147,False,True,False,0.03504059287516979
all-predicted,shared_mtl_nn,29,5,2050,balanced,13,13,True,True,True,0.0
all-predicted,shared_mtl_nn,29,5,2100,cost_priority,101,101,True,True,False,0.0
all-predicted,shared_mtl_nn,29,5,2100,carbon_priority,13,13,True,True,True,0.0
all-predicted,shared_mtl_nn,29,5,2100,energy_priority,574,544,False,True,True,0.006615214994911241
all-predicted,shared_mtl_nn,29,5,2100,days_below_24_priority,13,9,False,True,True,0.002014098545605124
all-predicted,shared_mtl_nn,29,5,2100,balanced,13,13,True,True,True,0.0
all-predicted,shared_mtl_nn_mgda,29,5,2020,cost_priority,101,126,False,True,False,0.030689073233941058
all-predicted,shared_mtl_nn_mgda,29,5,2020,carbon_priority,13,9,False,True,False,0.1119150578954354
all-predicted,shared_mtl_nn_mgda,29,5,2020,energy_priority,550,550,True,True,True,0.0
all-predicted,shared_mtl_nn_mgda,29,5,2020,days_below_24_priority,143,142,False,False,False,0.007567285970863524
all-predicted,shared_mtl_nn_mgda,29,5,2020,balanced,13,9,False,True,False,0.03673172454956252
all-predicted,shared_mtl_nn_mgda,29,5,2050,cost_priority,101,101,True,True,False,0.0
all-predicted,shared_mtl_nn_mgda,29,5,2050,carbon_priority,13,13,True,True,True,0.0
all-predicted,shared_mtl_nn_mgda,29,5,2050,energy_priority,394,394,True,True,True,0.0
all-predicted,shared_mtl_nn_mgda,29,5,2050,days_below_24_priority,150,9,False,True,True,0.001778191165905943
all-predicted,shared_mtl_nn_mgda,29,5,2050,balanced,13,9,False,True,True,0.029199091713966858
all-predicted,shared_mtl_nn_mgda,29,5,2100,cost_priority,101,101,True,True,False,0.0
all-predicted,shared_mtl_nn_mgda,29,5,2100,carbon_priority,13,9,False,True,True,0.10861146662121553
all-predicted,shared_mtl_nn_mgda,29,5,2100,energy_priority,574,450,False,True,True,0.0039262652134256695
all-predicted,shared_mtl_nn_mgda,29,5,2100,days_below_24_priority,13,9,False,True,True,0.002014098545605124
all-predicted,shared_mtl_nn_mgda,29,5,2100,balanced,13,9,False,True,True,0.028472746364012806
all-predicted,gradient_boosting,43,1,2020,cost_priority,1,1,True,True,True,0.0
all-predicted,gradient_boosting,43,1,2020,carbon_priority,13,13,True,True,True,0.0
all-predicted,gradient_boosting,43,1,2020,energy_priority,419,600,False,True,True,0.0031109304947013485
all-predicted,gradient_boosting,43,1,2020,days_below_24_priority,145,145,True,True,True,0.0
all-predicted,gradient_boosting,43,1,2020,balanced,13,14,False,True,True,0.01565665835388912
all-predicted,gradient_boosting,43,1,2050,cost_priority,1,1,True,True,True,0.0
all-predicted,gradient_boosting,43,1,2050,carbon_priority,1,1,True,True,True,0.0
all-predicted,gradient_boosting,43,1,2050,energy_priority,525,600,False,True,True,0.014612810268811074
all-predicted,gradient_boosting,43,1,2050,days_below_24_priority,23,14,False,True,True,0.0004031854218698893
all-predicted,gradient_boosting,43,1,2050,balanced,13,13,True,True,True,0.0
all-predicted,gradient_boosting,43,1,2100,cost_priority,1,1,True,True,True,0.0
all-predicted,gradient_boosting,43,1,2100,carbon_priority,1,1,True,True,True,0.0
all-predicted,gradient_boosting,43,1,2100,energy_priority,225,600,False,True,True,0.0059257369996856156
all-predicted,gradient_boosting,43,1,2100,days_below_24_priority,14,14,True,True,True,0.0
all-predicted,gradient_boosting,43,1,2100,balanced,13,13,True,True,True,0.0
all-predicted,independent_stl_nn,43,1,2020,cost_priority,1,1,True,True,True,0.0
all-predicted,independent_stl_nn,43,1,2020,carbon_priority,13,1,False,True,True,0.04024639813031898
all-predicted,independent_stl_nn,43,1,2020,energy_priority,419,419,True,True,True,0.0
all-predicted,independent_stl_nn,43,1,2020,days_below_24_priority,145,145,True,True,True,0.0
all-predicted,independent_stl_nn,43,1,2020,balanced,13,14,False,True,True,0.01565665835388912
all-predicted,independent_stl_nn,43,1,2050,cost_priority,1,1,True,True,True,0.0
all-predicted,independent_stl_nn,43,1,2050,carbon_priority,1,21,False,True,True,0.02160776856860092
all-predicted,independent_stl_nn,43,1,2050,energy_priority,525,520,False,True,True,0.003664598163701862
all-predicted,independent_stl_nn,43,1,2050,days_below_24_priority,23,21,False,True,True,0.052673069251792326
all-predicted,independent_stl_nn,43,1,2050,balanced,13,13,True,True,True,0.0
all-predicted,independent_stl_nn,43,1,2100,cost_priority,1,1,True,True,True,0.0
all-predicted,independent_stl_nn,43,1,2100,carbon_priority,1,21,False,True,True,0.026270749659357256
all-predicted,independent_stl_nn,43,1,2100,energy_priority,225,520,False,True,True,0.02150599127458931
all-predicted,independent_stl_nn,43,1,2100,days_below_24_priority,14,14,True,True,True,0.0
all-predicted,independent_stl_nn,43,1,2100,balanced,13,13,True,True,True,0.0
all-predicted,random_forest,43,1,2020,cost_priority,1,1,True,True,True,0.0
all-predicted,random_forest,43,1,2020,carbon_priority,13,23,False,True,True,0.022416561576952453
all-predicted,random_forest,43,1,2020,energy_priority,419,600,False,True,True,0.0031109304947013485
all-predicted,random_forest,43,1,2020,days_below_24_priority,145,145,True,True,True,0.0
all-predicted,random_forest,43,1,2020,balanced,13,14,False,True,True,0.01565665835388912
all-predicted,random_forest,43,1,2050,cost_priority,1,1,True,True,True,0.0
all-predicted,random_forest,43,1,2050,carbon_priority,1,23,False,True,True,0.02280122684832402
all-predicted,random_forest,43,1,2050,energy_priority,525,600,False,True,True,0.014612810268811074
all-predicted,random_forest,43,1,2050,days_below_24_priority,23,14,False,True,True,0.0004031854218698893
all-predicted,random_forest,43,1,2050,balanced,13,14,False,True,True,0.007218988187357195
all-predicted,random_forest,43,1,2100,cost_priority,1,1,True,True,True,0.0
all-predicted,random_forest,43,1,2100,carbon_priority,1,1,True,True,True,0.0
all-predicted,random_forest,43,1,2100,energy_priority,225,600,False,True,True,0.0059257369996856156
all-predicted,random_forest,43,1,2100,days_below_24_priority,14,14,True,True,True,0.0
all-predicted,random_forest,43,1,2100,balanced,13,14,False,True,True,0.00594798060815702
all-predicted,shared_mtl_nn,43,1,2020,cost_priority,1,1,True,True,True,0.0
all-predicted,shared_mtl_nn,43,1,2020,carbon_priority,13,21,False,True,True,0.06494745215148
all-predicted,shared_mtl_nn,43,1,2020,energy_priority,419,594,False,True,True,0.005827454384665085
all-predicted,shared_mtl_nn,43,1,2020,days_below_24_priority,145,21,False,True,True,0.4361813119179758
all-predicted,shared_mtl_nn,43,1,2020,balanced,13,13,True,True,True,0.0
all-predicted,shared_mtl_nn,43,1,2050,cost_priority,1,1,True,True,True,0.0
all-predicted,shared_mtl_nn,43,1,2050,carbon_priority,1,21,False,True,True,0.02160776856860092
all-predicted,shared_mtl_nn,43,1,2050,energy_priority,525,519,False,True,True,0.004379599603700729
all-predicted,shared_mtl_nn,43,1,2050,days_below_24_priority,23,376,False,False,False,0.15397673719857122
all-predicted,shared_mtl_nn,43,1,2050,balanced,13,13,True,True,True,0.0
all-predicted,shared_mtl_nn,43,1,2100,cost_priority,1,106,False,False,False,0.15610209535623298
all-predicted,shared_mtl_nn,43,1,2100,carbon_priority,1,1,True,True,True,0.0
all-predicted,shared_mtl_nn,43,1,2100,energy_priority,225,175,False,True,True,0.004445723398321737
all-predicted,shared_mtl_nn,43,1,2100,days_below_24_priority,14,14,True,True,True,0.0
all-predicted,shared_mtl_nn,43,1,2100,balanced,13,23,False,True,True,0.006590140603006698
all-predicted,shared_mtl_nn_mgda,43,1,2020,cost_priority,1,1,True,True,True,0.0
all-predicted,shared_mtl_nn_mgda,43,1,2020,carbon_priority,13,1,False,True,True,0.04024639813031898
all-predicted,shared_mtl_nn_mgda,43,1,2020,energy_priority,419,444,False,True,True,0.010831407152581879
all-predicted,shared_mtl_nn_mgda,43,1,2020,days_below_24_priority,145,1,False,True,True,0.444064413291913
all-predicted,shared_mtl_nn_mgda,43,1,2020,balanced,13,23,False,True,True,0.01088733092295677
all-predicted,shared_mtl_nn_mgda,43,1,2050,cost_priority,1,106,False,False,False,0.1479049275861866
all-predicted,shared_mtl_nn_mgda,43,1,2050,carbon_priority,1,1,True,True,True,0.0
all-predicted,shared_mtl_nn_mgda,43,1,2050,energy_priority,525,369,False,True,True,0.024329401554266016
all-predicted,shared_mtl_nn_mgda,43,1,2050,days_below_24_priority,23,21,False,True,True,0.052673069251792326
all-predicted,shared_mtl_nn_mgda,43,1,2050,balanced,13,14,False,True,True,0.007218988187357195
all-predicted,shared_mtl_nn_mgda,43,1,2100,cost_priority,1,13,False,True,True,0.13737939743079855
all-predicted,shared_mtl_nn_mgda,43,1,2100,carbon_priority,1,21,False,True,True,0.026270749659357256
all-predicted,shared_mtl_nn_mgda,43,1,2100,energy_priority,225,225,True,True,True,0.0
all-predicted,shared_mtl_nn_mgda,43,1,2100,days_below_24_priority,14,13,False,True,True,0.006995807756737191
all-predicted,shared_mtl_nn_mgda,43,1,2100,balanced,13,13,True,True,True,0.0
all-predicted,gradient_boosting,43,2,2020,cost_priority,2,4,False,True,True,0.008600252935962971
all-predicted,gradient_boosting,43,2,2020,carbon_priority,2,4,False,True,True,0.023146614304522896
all-predicted,gradient_boosting,43,2,2020,energy_priority,620,545,False,True,True,0.00337189258893518
all-predicted,gradient_boosting,43,2,2020,days_below_24_priority,143,143,True,True,True,0.0
all-predicted,gradient_boosting,43,2,2020,balanced,4,4,True,True,True,0.0
all-predicted,gradient_boosting,43,2,2050,cost_priority,76,101,False,True,False,0.014177612234612206
all-predicted,gradient_boosting,43,2,2050,carbon_priority,2,4,False,True,True,0.021405657985178215
all-predicted,gradient_boosting,43,2,2050,energy_priority,395,395,True,True,True,0.0
all-predicted,gradient_boosting,43,2,2050,days_below_24_priority,143,270,False,True,True,0.00576647841131607
all-predicted,gradient_boosting,43,2,2050,balanced,4,4,True,True,True,0.0
all-predicted,gradient_boosting,43,2,2100,cost_priority,76,101,False,True,False,0.011647183516752372
all-predicted,gradient_boosting,43,2,2100,carbon_priority,2,4,False,True,True,0.023501486801883725
all-predicted,gradient_boosting,43,2,2100,energy_priority,620,250,False,True,True,0.0013530417113595565
all-predicted,gradient_boosting,43,2,2100,days_below_24_priority,270,270,True,True,True,0.0
all-predicted,gradient_boosting,43,2,2100,balanced,4,4,True,True,True,0.0
all-predicted,independent_stl_nn,43,2,2020,cost_priority,2,2,True,True,False,0.0
all-predicted,independent_stl_nn,43,2,2020,carbon_priority,2,4,False,True,True,0.023146614304522896
all-predicted,independent_stl_nn,43,2,2020,energy_priority,620,545,False,True,True,0.00337189258893518
all-predicted,independent_stl_nn,43,2,2020,days_below_24_priority,143,2,False,True,False,0.09624443317339916
all-predicted,independent_stl_nn,43,2,2020,balanced,4,2,False,True,False,0.006475743165221573
all-predicted,independent_stl_nn,43,2,2050,cost_priority,76,2,False,True,False,0.011840452175924393
all-predicted,independent_stl_nn,43,2,2050,carbon_priority,2,4,False,True,True,0.021405657985178215
all-predicted,independent_stl_nn,43,2,2050,energy_priority,395,395,True,True,True,0.0
all-predicted,independent_stl_nn,43,2,2050,days_below_24_priority,143,2,False,True,False,0.026291207445435203
all-predicted,independent_stl_nn,43,2,2050,balanced,4,4,True,True,True,0.0
all-predicted,independent_stl_nn,43,2,2100,cost_priority,76,76,True,True,False,0.0
all-predicted,independent_stl_nn,43,2,2100,carbon_priority,2,4,False,True,True,0.023501486801883725
all-predicted,independent_stl_nn,43,2,2100,energy_priority,620,545,False,True,True,0.006432529458509353
all-predicted,independent_stl_nn,43,2,2100,days_below_24_priority,270,270,True,True,True,0.0
all-predicted,independent_stl_nn,43,2,2100,balanced,4,4,True,True,True,0.0
all-predicted,random_forest,43,2,2020,cost_priority,2,76,False,True,True,0.029124358717131385
all-predicted,random_forest,43,2,2020,carbon_priority,2,4,False,True,True,0.023146614304522896
all-predicted,random_forest,43,2,2020,energy_priority,620,474,False,True,False,0.005481908146426226
all-predicted,random_forest,43,2,2020,days_below_24_priority,143,268,False,True,True,0.01711075931669769
all-predicted,random_forest,43,2,2020,balanced,4,143,False,True,True,0.015864660231723636
all-predicted,random_forest,43,2,2050,cost_priority,76,76,True,True,True,0.0
all-predicted,random_forest,43,2,2050,carbon_priority,2,4,False,True,True,0.021405657985178215
all-predicted,random_forest,43,2,2050,energy_priority,395,620,False,True,True,0.0027894615835772074
all-predicted,random_forest,43,2,2050,days_below_24_priority,143,143,True,True,True,0.0
all-predicted,random_forest,43,2,2050,balanced,4,4,True,True,True,0.0
all-predicted,random_forest,43,2,2100,cost_priority,76,2,False,True,True,0.011037456605239275
all-predicted,random_forest,43,2,2100,carbon_priority,2,2,True,True,True,0.0
all-predicted,random_forest,43,2,2100,energy_priority,620,620,True,True,True,0.0
all-predicted,random_forest,43,2,2100,days_below_24_priority,270,270,True,True,True,0.0
all-predicted,random_forest,43,2,2100,balanced,4,4,True,True,True,0.0
all-predicted,shared_mtl_nn,43,2,2020,cost_priority,2,4,False,True,True,0.008600252935962971
all-predicted,shared_mtl_nn,43,2,2020,carbon_priority,2,4,False,True,True,0.023146614304522896
all-predicted,shared_mtl_nn,43,2,2020,energy_priority,620,450,False,True,True,0.004558384778925389
all-predicted,shared_mtl_nn,43,2,2020,days_below_24_priority,143,143,True,True,True,0.0
all-predicted,shared_mtl_nn,43,2,2020,balanced,4,4,True,True,True,0.0
all-predicted,shared_mtl_nn,43,2,2050,cost_priority,76,4,False,True,True,0.018699748792542686
all-predicted,shared_mtl_nn,43,2,2050,carbon_priority,2,4,False,True,True,0.021405657985178215
all-predicted,shared_mtl_nn,43,2,2050,energy_priority,395,395,True,True,True,0.0
all-predicted,shared_mtl_nn,43,2,2050,days_below_24_priority,143,143,True,True,True,0.0
all-predicted,shared_mtl_nn,43,2,2050,balanced,4,4,True,True,True,0.0
all-predicted,shared_mtl_nn,43,2,2100,cost_priority,76,4,False,True,True,0.01999258203856307
all-predicted,shared_mtl_nn,43,2,2100,carbon_priority,2,4,False,True,True,0.023501486801883725
all-predicted,shared_mtl_nn,43,2,2100,energy_priority,620,620,True,True,True,0.0
all-predicted,shared_mtl_nn,43,2,2100,days_below_24_priority,270,4,False,True,True,0.022942116730035822
all-predicted,shared_mtl_nn,43,2,2100,balanced,4,4,True,True,True,0.0
all-predicted,shared_mtl_nn_mgda,43,2,2020,cost_priority,2,4,False,True,True,0.008600252935962971
all-predicted,shared_mtl_nn_mgda,43,2,2020,carbon_priority,2,2,True,True,False,0.0
all-predicted,shared_mtl_nn_mgda,43,2,2020,energy_priority,620,449,False,True,True,0.006289745966457005
all-predicted,shared_mtl_nn_mgda,43,2,2020,days_below_24_priority,143,259,False,False,False,0.029288517594778282
all-predicted,shared_mtl_nn_mgda,43,2,2020,balanced,4,2,False,True,False,0.006475743165221573
all-predicted,shared_mtl_nn_mgda,43,2,2050,cost_priority,76,4,False,True,True,0.018699748792542686
all-predicted,shared_mtl_nn_mgda,43,2,2050,carbon_priority,2,4,False,True,True,0.021405657985178215
all-predicted,shared_mtl_nn_mgda,43,2,2050,energy_priority,395,620,False,True,True,0.0027894615835772074
all-predicted,shared_mtl_nn_mgda,43,2,2050,days_below_24_priority,143,259,False,True,True,0.012195555935440219
all-predicted,shared_mtl_nn_mgda,43,2,2050,balanced,4,4,True,True,True,0.0
all-predicted,shared_mtl_nn_mgda,43,2,2100,cost_priority,76,2,False,True,True,0.011037456605239275
all-predicted,shared_mtl_nn_mgda,43,2,2100,carbon_priority,2,4,False,True,True,0.023501486801883725
all-predicted,shared_mtl_nn_mgda,43,2,2100,energy_priority,620,620,True,True,True,0.0
all-predicted,shared_mtl_nn_mgda,43,2,2100,days_below_24_priority,270,273,False,True,True,0.007448296947639193
all-predicted,shared_mtl_nn_mgda,43,2,2100,balanced,4,4,True,True,True,0.0
all-predicted,gradient_boosting,43,3,2020,cost_priority,3,7,False,True,False,0.057611093516089264
all-predicted,gradient_boosting,43,3,2020,carbon_priority,3,3,True,True,True,0.0
all-predicted,gradient_boosting,43,3,2020,energy_priority,625,500,False,True,False,0.014430024594017293
all-predicted,gradient_boosting,43,3,2020,days_below_24_priority,24,138,False,True,True,0.026955972727453578
all-predicted,gradient_boosting,43,3,2020,balanced,24,24,True,True,True,0.0
all-predicted,gradient_boosting,43,3,2050,cost_priority,51,51,True,True,True,0.0
all-predicted,gradient_boosting,43,3,2050,carbon_priority,3,3,True,True,True,0.0
all-predicted,gradient_boosting,43,3,2050,energy_priority,625,390,False,True,True,0.004794029505585551
all-predicted,gradient_boosting,43,3,2050,days_below_24_priority,139,24,False,True,False,0.0009769021237161217
all-predicted,gradient_boosting,43,3,2050,balanced,24,7,False,True,False,0.022668129191533756
all-predicted,gradient_boosting,43,3,2100,cost_priority,51,51,True,True,True,0.0
all-predicted,gradient_boosting,43,3,2100,carbon_priority,3,3,True,True,True,0.0
all-predicted,gradient_boosting,43,3,2100,energy_priority,625,625,True,True,True,0.0
all-predicted,gradient_boosting,43,3,2100,days_below_24_priority,24,24,True,True,False,0.0
all-predicted,gradient_boosting,43,3,2100,balanced,24,24,True,True,False,0.0
all-predicted,independent_stl_nn,43,3,2020,cost_priority,3,3,True,True,True,0.0
all-predicted,independent_stl_nn,43,3,2020,carbon_priority,3,3,True,True,True,0.0
all-predicted,independent_stl_nn,43,3,2020,energy_priority,625,625,True,True,True,0.0
all-predicted,independent_stl_nn,43,3,2020,days_below_24_priority,24,24,True,True,True,0.0
all-predicted,independent_stl_nn,43,3,2020,balanced,24,24,True,True,True,0.0
all-predicted,independent_stl_nn,43,3,2050,cost_priority,51,3,False,True,True,0.00921678337168645
all-predicted,independent_stl_nn,43,3,2050,carbon_priority,3,3,True,True,True,0.0
all-predicted,independent_stl_nn,43,3,2050,energy_priority,625,394,False,True,True,0.0013754811339680567
all-predicted,independent_stl_nn,43,3,2050,days_below_24_priority,139,12,False,True,False,0.014990650234653121
all-predicted,independent_stl_nn,43,3,2050,balanced,24,24,True,True,False,0.0
all-predicted,independent_stl_nn,43,3,2100,cost_priority,51,51,True,True,True,0.0
all-predicted,independent_stl_nn,43,3,2100,carbon_priority,3,3,True,True,True,0.0
all-predicted,independent_stl_nn,43,3,2100,energy_priority,625,570,False,True,True,0.001953989617568086
all-predicted,independent_stl_nn,43,3,2100,days_below_24_priority,24,7,False,True,False,0.028991951915870305
all-predicted,independent_stl_nn,43,3,2100,balanced,24,12,False,True,False,0.004219122440591992
all-predicted,random_forest,43,3,2020,cost_priority,3,51,False,True,True,0.03298168597429706
all-predicted,random_forest,43,3,2020,carbon_priority,3,12,False,True,False,0.023038164975339104
all-predicted,random_forest,43,3,2020,energy_priority,625,625,True,True,True,0.0
all-predicted,random_forest,43,3,2020,days_below_24_priority,24,138,False,True,True,0.026955972727453578
all-predicted,random_forest,43,3,2020,balanced,24,24,True,True,True,0.0
all-predicted,random_forest,43,3,2050,cost_priority,51,51,True,True,True,0.0
all-predicted,random_forest,43,3,2050,carbon_priority,3,12,False,True,False,0.019523930158807986
all-predicted,random_forest,43,3,2050,energy_priority,625,625,True,True,True,0.0
all-predicted,random_forest,43,3,2050,days_below_24_priority,139,24,False,True,False,0.0009769021237161217
all-predicted,random_forest,43,3,2050,balanced,24,24,True,True,False,0.0
all-predicted,random_forest,43,3,2100,cost_priority,51,51,True,True,True,0.0
all-predicted,random_forest,43,3,2100,carbon_priority,3,12,False,True,False,0.019261927489958464
all-predicted,random_forest,43,3,2100,energy_priority,625,500,False,True,True,0.003619389265278388
all-predicted,random_forest,43,3,2100,days_below_24_priority,24,24,True,True,False,0.0
all-predicted,random_forest,43,3,2100,balanced,24,24,True,True,False,0.0
all-predicted,shared_mtl_nn,43,3,2020,cost_priority,3,51,False,True,True,0.03298168597429706
all-predicted,shared_mtl_nn,43,3,2020,carbon_priority,3,3,True,True,True,0.0
all-predicted,shared_mtl_nn,43,3,2020,energy_priority,625,494,False,True,True,0.003577521874613828
all-predicted,shared_mtl_nn,43,3,2020,days_below_24_priority,24,24,True,True,True,0.0
all-predicted,shared_mtl_nn,43,3,2020,balanced,24,24,True,True,True,0.0
all-predicted,shared_mtl_nn,43,3,2050,cost_priority,51,3,False,True,True,0.00921678337168645
all-predicted,shared_mtl_nn,43,3,2050,carbon_priority,3,3,True,True,True,0.0
all-predicted,shared_mtl_nn,43,3,2050,energy_priority,625,495,False,True,True,0.005755869387988881
all-predicted,shared_mtl_nn,43,3,2050,days_below_24_priority,139,265,False,True,True,0.013194564254806364
all-predicted,shared_mtl_nn,43,3,2050,balanced,24,24,True,True,False,0.0
all-predicted,shared_mtl_nn,43,3,2100,cost_priority,51,3,False,True,True,0.008726943596437234
all-predicted,shared_mtl_nn,43,3,2100,carbon_priority,3,17,False,True,False,0.06524677826709831
all-predicted,shared_mtl_nn,43,3,2100,energy_priority,625,625,True,True,True,0.0
all-predicted,shared_mtl_nn,43,3,2100,days_below_24_priority,24,24,True,True,False,0.0
all-predicted,shared_mtl_nn,43,3,2100,balanced,24,24,True,True,False,0.0
all-predicted,shared_mtl_nn_mgda,43,3,2020,cost_priority,3,27,False,False,False,0.11148476116299287
all-predicted,shared_mtl_nn_mgda,43,3,2020,carbon_priority,3,3,True,True,True,0.0
all-predicted,shared_mtl_nn_mgda,43,3,2020,energy_priority,625,619,False,False,False,0.013263840188523406
all-predicted,shared_mtl_nn_mgda,43,3,2020,days_below_24_priority,24,17,False,True,False,0.11949816747872716
all-predicted,shared_mtl_nn_mgda,43,3,2020,balanced,24,17,False,True,False,0.04874541869681793
all-predicted,shared_mtl_nn_mgda,43,3,2050,cost_priority,51,51,True,True,True,0.0
all-predicted,shared_mtl_nn_mgda,43,3,2050,carbon_priority,3,3,True,True,True,0.0
all-predicted,shared_mtl_nn_mgda,43,3,2050,energy_priority,625,494,False,True,True,0.007179825860911581
all-predicted,shared_mtl_nn_mgda,43,3,2050,days_below_24_priority,139,24,False,True,False,0.0009769021237161217
all-predicted,shared_mtl_nn_mgda,43,3,2050,balanced,24,17,False,True,False,0.014119200339078004
all-predicted,shared_mtl_nn_mgda,43,3,2100,cost_priority,51,51,True,True,True,0.0
all-predicted,shared_mtl_nn_mgda,43,3,2100,carbon_priority,3,3,True,True,True,0.0
all-predicted,shared_mtl_nn_mgda,43,3,2100,energy_priority,625,619,False,True,True,0.002906561287959565
all-predicted,shared_mtl_nn_mgda,43,3,2100,days_below_24_priority,24,24,True,True,False,0.0
all-predicted,shared_mtl_nn_mgda,43,3,2100,balanced,24,17,False,True,False,0.013823923956593598
all-predicted,gradient_boosting,43,4,2020,cost_priority,11,11,True,True,True,0.0
all-predicted,gradient_boosting,43,4,2020,carbon_priority,15,15,True,True,True,0.0
all-predicted,gradient_boosting,43,4,2020,energy_priority,550,420,False,True,True,0.0035015074351508494
all-predicted,gradient_boosting,43,4,2020,days_below_24_priority,20,20,True,True,True,0.0
all-predicted,gradient_boosting,43,4,2020,balanced,20,20,True,True,True,0.0
all-predicted,gradient_boosting,43,4,2050,cost_priority,11,11,True,True,True,0.0
all-predicted,gradient_boosting,43,4,2050,carbon_priority,11,11,True,True,True,0.0
all-predicted,gradient_boosting,43,4,2050,energy_priority,470,599,False,True,False,0.000553677006960014
all-predicted,gradient_boosting,43,4,2050,days_below_24_priority,15,10,False,True,False,0.009361030663065845
all-predicted,gradient_boosting,43,4,2050,balanced,15,15,True,True,True,0.0
all-predicted,gradient_boosting,43,4,2100,cost_priority,11,11,True,True,True,0.0
all-predicted,gradient_boosting,43,4,2100,carbon_priority,11,11,True,True,True,0.0
all-predicted,gradient_boosting,43,4,2100,energy_priority,475,550,False,True,True,0.008852228944978205
all-predicted,gradient_boosting,43,4,2100,days_below_24_priority,15,15,True,True,True,0.0
all-predicted,gradient_boosting,43,4,2100,balanced,15,15,True,True,True,0.0
all-predicted,independent_stl_nn,43,4,2020,cost_priority,11,11,True,True,True,0.0
all-predicted,independent_stl_nn,43,4,2020,carbon_priority,15,20,False,True,True,0.03276043682716179
all-predicted,independent_stl_nn,43,4,2020,energy_priority,550,499,False,True,True,0.007452809969709178
all-predicted,independent_stl_nn,43,4,2020,days_below_24_priority,20,20,True,True,True,0.0
all-predicted,independent_stl_nn,43,4,2020,balanced,20,20,True,True,True,0.0
all-predicted,independent_stl_nn,43,4,2050,cost_priority,11,11,True,True,True,0.0
all-predicted,independent_stl_nn,43,4,2050,carbon_priority,11,16,False,True,True,0.04864361384570754
all-predicted,independent_stl_nn,43,4,2050,energy_priority,470,599,False,True,False,0.000553677006960014
all-predicted,independent_stl_nn,43,4,2050,days_below_24_priority,15,10,False,True,False,0.009361030663065845
all-predicted,independent_stl_nn,43,4,2050,balanced,15,10,False,True,False,0.02340257665766461
all-predicted,independent_stl_nn,43,4,2100,cost_priority,11,11,True,True,True,0.0
all-predicted,independent_stl_nn,43,4,2100,carbon_priority,11,15,False,True,True,0.01167766384707301
all-predicted,independent_stl_nn,43,4,2100,energy_priority,475,599,False,True,True,0.002285421764235317
all-predicted,independent_stl_nn,43,4,2100,days_below_24_priority,15,15,True,True,True,0.0
all-predicted,independent_stl_nn,43,4,2100,balanced,15,10,False,True,False,0.022549667419110506
all-predicted,random_forest,43,4,2020,cost_priority,11,5,False,True,True,0.031246651497840075
all-predicted,random_forest,43,4,2020,carbon_priority,15,15,True,True,True,0.0
all-predicted,random_forest,43,4,2020,energy_priority,550,599,False,True,True,0.006016405469142275
all-predicted,random_forest,43,4,2020,days_below_24_priority,20,20,True,True,True,0.0
all-predicted,random_forest,43,4,2020,balanced,20,20,True,True,True,0.0
all-predicted,random_forest,43,4,2050,cost_priority,11,11,True,True,True,0.0
all-predicted,random_forest,43,4,2050,carbon_priority,11,5,False,True,True,0.013146229101835398
all-predicted,random_forest,43,4,2050,energy_priority,470,599,False,True,False,0.000553677006960014
all-predicted,random_forest,43,4,2050,days_below_24_priority,15,15,True,True,True,0.0
all-predicted,random_forest,43,4,2050,balanced,15,15,True,True,True,0.0
all-predicted,random_forest,43,4,2100,cost_priority,11,11,True,True,True,0.0
all-predicted,random_forest,43,4,2100,carbon_priority,11,16,False,True,True,0.05063151942340207
all-predicted,random_forest,43,4,2100,energy_priority,475,599,False,True,True,0.002285421764235317
all-predicted,random_forest,43,4,2100,days_below_24_priority,15,15,True,True,True,0.0
all-predicted,random_forest,43,4,2100,balanced,15,15,True,True,True,0.0
all-predicted,shared_mtl_nn,43,4,2020,cost_priority,11,16,False,True,True,0.0014888940655399458
all-predicted,shared_mtl_nn,43,4,2020,carbon_priority,15,20,False,True,True,0.03276043682716179
all-predicted,shared_mtl_nn,43,4,2020,energy_priority,550,470,False,True,True,0.007563095303678972
all-predicted,shared_mtl_nn,43,4,2020,days_below_24_priority,20,20,True,True,True,0.0
all-predicted,shared_mtl_nn,43,4,2020,balanced,20,20,True,True,True,0.0
all-predicted,shared_mtl_nn,43,4,2050,cost_priority,11,11,True,True,True,0.0
all-predicted,shared_mtl_nn,43,4,2050,carbon_priority,11,16,False,True,True,0.04864361384570754
all-predicted,shared_mtl_nn,43,4,2050,energy_priority,470,599,False,True,False,0.000553677006960014
all-predicted,shared_mtl_nn,43,4,2050,days_below_24_priority,15,20,False,True,True,0.004429649898164062
all-predicted,shared_mtl_nn,43,4,2050,balanced,15,20,False,True,True,0.011074124745410155
all-predicted,shared_mtl_nn,43,4,2100,cost_priority,11,16,False,True,True,0.0031150268166395914
all-predicted,shared_mtl_nn,43,4,2100,carbon_priority,11,16,False,True,True,0.05063151942340207
all-predicted,shared_mtl_nn,43,4,2100,energy_priority,475,420,False,True,True,0.009984330233178153
all-predicted,shared_mtl_nn,43,4,2100,days_below_24_priority,15,20,False,True,True,0.004110055297035786
all-predicted,shared_mtl_nn,43,4,2100,balanced,15,10,False,True,False,0.022549667419110506
all-predicted,shared_mtl_nn_mgda,43,4,2020,cost_priority,11,16,False,True,True,0.0014888940655399458
all-predicted,shared_mtl_nn_mgda,43,4,2020,carbon_priority,15,15,True,True,True,0.0
all-predicted,shared_mtl_nn_mgda,43,4,2020,energy_priority,550,599,False,True,True,0.006016405469142275
all-predicted,shared_mtl_nn_mgda,43,4,2020,days_below_24_priority,20,20,True,True,True,0.0
all-predicted,shared_mtl_nn_mgda,43,4,2020,balanced,20,20,True,True,True,0.0
all-predicted,shared_mtl_nn_mgda,43,4,2050,cost_priority,11,16,False,True,True,0.0011215243794051352
all-predicted,shared_mtl_nn_mgda,43,4,2050,carbon_priority,11,16,False,True,True,0.04864361384570754
all-predicted,shared_mtl_nn_mgda,43,4,2050,energy_priority,470,599,False,True,False,0.000553677006960014
all-predicted,shared_mtl_nn_mgda,43,4,2050,days_below_24_priority,15,20,False,True,True,0.004429649898164062
all-predicted,shared_mtl_nn_mgda,43,4,2050,balanced,15,15,True,True,True,0.0
all-predicted,shared_mtl_nn_mgda,43,4,2100,cost_priority,11,11,True,True,True,0.0
all-predicted,shared_mtl_nn_mgda,43,4,2100,carbon_priority,11,16,False,True,True,0.05063151942340207
all-predicted,shared_mtl_nn_mgda,43,4,2100,energy_priority,475,599,False,True,True,0.002285421764235317
all-predicted,shared_mtl_nn_mgda,43,4,2100,days_below_24_priority,15,20,False,True,True,0.004110055297035786
all-predicted,shared_mtl_nn_mgda,43,4,2100,balanced,15,20,False,True,True,0.010275138242589466
all-predicted,gradient_boosting,43,5,2020,cost_priority,6,6,True,True,True,0.0
all-predicted,gradient_boosting,43,5,2020,carbon_priority,25,25,True,True,True,0.0
all-predicted,gradient_boosting,43,5,2020,energy_priority,425,425,True,True,True,0.0
all-predicted,gradient_boosting,43,5,2020,days_below_24_priority,25,148,False,True,True,0.032284664624861556
all-predicted,gradient_boosting,43,5,2020,balanced,25,25,True,True,True,0.0
all-predicted,gradient_boosting,43,5,2050,cost_priority,6,6,True,True,True,0.0
all-predicted,gradient_boosting,43,5,2050,carbon_priority,25,25,True,True,True,0.0
all-predicted,gradient_boosting,43,5,2050,energy_priority,595,595,True,True,True,0.0
all-predicted,gradient_boosting,43,5,2050,days_below_24_priority,18,25,False,True,True,0.002526558974933831
all-predicted,gradient_boosting,43,5,2050,balanced,18,25,False,True,True,0.006316397437334576
all-predicted,gradient_boosting,43,5,2100,cost_priority,6,6,True,True,True,0.0
all-predicted,gradient_boosting,43,5,2100,carbon_priority,25,25,True,True,True,0.0
all-predicted,gradient_boosting,43,5,2100,energy_priority,445,575,False,True,True,0.0006506585781050911
all-predicted,gradient_boosting,43,5,2100,days_below_24_priority,25,25,True,True,True,0.0
all-predicted,gradient_boosting,43,5,2100,balanced,18,25,False,True,True,0.003612365778083302
all-predicted,independent_stl_nn,43,5,2020,cost_priority,6,6,True,True,True,0.0
all-predicted,independent_stl_nn,43,5,2020,carbon_priority,25,18,False,True,True,0.02667618200719246
all-predicted,independent_stl_nn,43,5,2020,energy_priority,425,425,True,True,True,0.0
all-predicted,independent_stl_nn,43,5,2020,days_below_24_priority,25,19,False,True,True,0.002584703674494611
all-predicted,independent_stl_nn,43,5,2020,balanced,25,19,False,True,True,0.006461759186236527
all-predicted,independent_stl_nn,43,5,2050,cost_priority,6,6,True,True,True,0.0
all-predicted,independent_stl_nn,43,5,2050,carbon_priority,25,8,False,True,True,0.03188085542820055
all-predicted,independent_stl_nn,43,5,2050,energy_priority,595,595,True,True,True,0.0
all-predicted,independent_stl_nn,43,5,2050,days_below_24_priority,18,19,False,True,True,0.005278681514649744
all-predicted,independent_stl_nn,43,5,2050,balanced,18,18,True,True,True,0.0
all-predicted,independent_stl_nn,43,5,2100,cost_priority,6,6,True,True,True,0.0
all-predicted,independent_stl_nn,43,5,2100,carbon_priority,25,18,False,True,True,0.011561060479051343
all-predicted,independent_stl_nn,43,5,2100,energy_priority,445,624,False,True,False,0.005417015523119573
all-predicted,independent_stl_nn,43,5,2100,days_below_24_priority,25,19,False,True,True,0.0027851053748131254
all-predicted,independent_stl_nn,43,5,2100,balanced,18,18,True,True,True,0.0
all-predicted,random_forest,43,5,2020,cost_priority,6,6,True,True,True,0.0
all-predicted,random_forest,43,5,2020,carbon_priority,25,18,False,True,True,0.02667618200719246
all-predicted,random_forest,43,5,2020,energy_priority,425,425,True,True,True,0.0
all-predicted,random_forest,43,5,2020,days_below_24_priority,25,140,False,True,True,0.030488783012174593
all-predicted,random_forest,43,5,2020,balanced,25,19,False,True,True,0.006461759186236527
all-predicted,random_forest,43,5,2050,cost_priority,6,6,True,True,True,0.0
all-predicted,random_forest,43,5,2050,carbon_priority,25,8,False,True,True,0.03188085542820055
all-predicted,random_forest,43,5,2050,energy_priority,595,595,True,True,True,0.0
all-predicted,random_forest,43,5,2050,days_below_24_priority,18,18,True,True,True,0.0
all-predicted,random_forest,43,5,2050,balanced,18,8,False,True,True,0.015974137992688407
all-predicted,random_forest,43,5,2100,cost_priority,6,6,True,True,True,0.0
all-predicted,random_forest,43,5,2100,carbon_priority,25,6,False,True,True,0.03281793562852605
all-predicted,random_forest,43,5,2100,energy_priority,445,624,False,True,False,0.005417015523119573
all-predicted,random_forest,43,5,2100,days_below_24_priority,25,9,False,True,True,0.007071725835420566
all-predicted,random_forest,43,5,2100,balanced,18,18,True,True,True,0.0
all-predicted,shared_mtl_nn,43,5,2020,cost_priority,6,6,True,True,True,0.0
all-predicted,shared_mtl_nn,43,5,2020,carbon_priority,25,18,False,True,True,0.02667618200719246
all-predicted,shared_mtl_nn,43,5,2020,energy_priority,425,595,False,True,False,0.015442271661118763
all-predicted,shared_mtl_nn,43,5,2020,days_below_24_priority,25,25,True,True,True,0.0
all-predicted,shared_mtl_nn,43,5,2020,balanced,25,25,True,True,True,0.0
all-predicted,shared_mtl_nn,43,5,2050,cost_priority,6,6,True,True,True,0.0
all-predicted,shared_mtl_nn,43,5,2050,carbon_priority,25,8,False,True,True,0.03188085542820055
all-predicted,shared_mtl_nn,43,5,2050,energy_priority,595,624,False,True,False,0.0016612523319916419
all-predicted,shared_mtl_nn,43,5,2050,days_below_24_priority,18,25,False,True,True,0.002526558974933831
all-predicted,shared_mtl_nn,43,5,2050,balanced,18,8,False,True,True,0.015974137992688407
all-predicted,shared_mtl_nn,43,5,2100,cost_priority,6,6,True,True,True,0.0
all-predicted,shared_mtl_nn,43,5,2100,carbon_priority,25,18,False,True,True,0.011561060479051343
all-predicted,shared_mtl_nn,43,5,2100,energy_priority,445,624,False,True,False,0.005417015523119573
all-predicted,shared_mtl_nn,43,5,2100,days_below_24_priority,25,25,True,True,True,0.0
all-predicted,shared_mtl_nn,43,5,2100,balanced,18,18,True,True,True,0.0
all-predicted,shared_mtl_nn_mgda,43,5,2020,cost_priority,6,6,True,True,True,0.0
all-predicted,shared_mtl_nn_mgda,43,5,2020,carbon_priority,25,8,False,True,True,0.04669770322044439
all-predicted,shared_mtl_nn_mgda,43,5,2020,energy_priority,425,445,False,True,True,0.009118491521027804
all-predicted,shared_mtl_nn_mgda,43,5,2020,days_below_24_priority,25,25,True,True,True,0.0
all-predicted,shared_mtl_nn_mgda,43,5,2020,balanced,25,25,True,True,True,0.0
all-predicted,shared_mtl_nn_mgda,43,5,2050,cost_priority,6,6,True,True,True,0.0
all-predicted,shared_mtl_nn_mgda,43,5,2050,carbon_priority,25,8,False,True,True,0.03188085542820055
all-predicted,shared_mtl_nn_mgda,43,5,2050,energy_priority,595,624,False,True,False,0.0016612523319916419
all-predicted,shared_mtl_nn_mgda,43,5,2050,days_below_24_priority,18,6,False,True,True,0.060850528173783565
all-predicted,shared_mtl_nn_mgda,43,5,2050,balanced,18,25,False,True,True,0.006316397437334576
all-predicted,shared_mtl_nn_mgda,43,5,2100,cost_priority,6,6,True,True,True,0.0
all-predicted,shared_mtl_nn_mgda,43,5,2100,carbon_priority,25,6,False,True,True,0.03281793562852605
all-predicted,shared_mtl_nn_mgda,43,5,2100,energy_priority,445,595,False,True,True,0.0019607378122654144
all-predicted,shared_mtl_nn_mgda,43,5,2100,days_below_24_priority,25,19,False,True,True,0.0027851053748131254
all-predicted,shared_mtl_nn_mgda,43,5,2100,balanced,18,18,True,True,True,0.0
exact-index,gradient_boosting,17,1,2020,cost_priority,11,3,False,True,True,0.00010708443010650631
exact-index,gradient_boosting,17,1,2020,carbon_priority,3,13,False,True,True,0.002787268845147599
exact-index,gradient_boosting,17,1,2020,energy_priority,420,500,False,True,False,0.01676592306843429
exact-index,gradient_boosting,17,1,2020,days_below_24_priority,25,143,False,True,True,0.03468269768147774
exact-index,gradient_boosting,17,1,2020,balanced,25,25,True,True,True,0.0
exact-index,gradient_boosting,17,1,2050,cost_priority,11,11,True,True,True,0.0
exact-index,gradient_boosting,17,1,2050,carbon_priority,11,11,True,True,True,0.0
exact-index,gradient_boosting,17,1,2050,energy_priority,525,500,False,True,True,0.005853358797609939
exact-index,gradient_boosting,17,1,2050,days_below_24_priority,25,13,False,True,True,0.007580058043836507
exact-index,gradient_boosting,17,1,2050,balanced,13,13,True,True,True,0.0
exact-index,gradient_boosting,17,1,2100,cost_priority,11,11,True,True,True,0.0
exact-index,gradient_boosting,17,1,2100,carbon_priority,11,11,True,True,True,0.0
exact-index,gradient_boosting,17,1,2100,energy_priority,445,500,False,True,True,0.0031660984036642314
exact-index,gradient_boosting,17,1,2100,days_below_24_priority,20,20,True,True,True,0.0
exact-index,gradient_boosting,17,1,2100,balanced,13,13,True,True,True,0.0
exact-index,independent_stl_nn,17,1,2020,cost_priority,11,11,True,True,True,0.0
exact-index,independent_stl_nn,17,1,2020,carbon_priority,3,13,False,True,True,0.002787268845147599
exact-index,independent_stl_nn,17,1,2020,energy_priority,420,445,False,True,True,0.010437603845276746
exact-index,independent_stl_nn,17,1,2020,days_below_24_priority,25,25,True,True,True,0.0
exact-index,independent_stl_nn,17,1,2020,balanced,25,25,True,True,True,0.0
exact-index,independent_stl_nn,17,1,2050,cost_priority,11,11,True,True,True,0.0
exact-index,independent_stl_nn,17,1,2050,carbon_priority,11,13,False,True,True,0.001733316704397572
exact-index,independent_stl_nn,17,1,2050,energy_priority,525,525,True,True,True,0.0
exact-index,independent_stl_nn,17,1,2050,days_below_24_priority,25,20,False,True,True,0.00019249253887705626
exact-index,independent_stl_nn,17,1,2050,balanced,13,13,True,True,True,0.0
exact-index,independent_stl_nn,17,1,2100,cost_priority,11,11,True,True,True,0.0
exact-index,independent_stl_nn,17,1,2100,carbon_priority,11,13,False,True,True,0.00259244878549174
exact-index,independent_stl_nn,17,1,2100,energy_priority,445,595,False,True,True,0.0026075163443197973
exact-index,independent_stl_nn,17,1,2100,days_below_24_priority,20,20,True,True,True,0.0
exact-index,independent_stl_nn,17,1,2100,balanced,13,13,True,True,True,0.0
exact-index,random_forest,17,1,2020,cost_priority,11,11,True,True,True,0.0
exact-index,random_forest,17,1,2020,carbon_priority,3,13,False,True,True,0.002787268845147599
exact-index,random_forest,17,1,2020,energy_priority,420,420,True,True,True,0.0
exact-index,random_forest,17,1,2020,days_below_24_priority,25,25,True,True,True,0.0
exact-index,random_forest,17,1,2020,balanced,25,25,True,True,True,0.0
exact-index,random_forest,17,1,2050,cost_priority,11,11,True,True,True,0.0
exact-index,random_forest,17,1,2050,carbon_priority,11,11,True,True,True,0.0
exact-index,random_forest,17,1,2050,energy_priority,525,595,False,True,True,0.004048188666269312
exact-index,random_forest,17,1,2050,days_below_24_priority,25,25,True,True,True,0.0
exact-index,random_forest,17,1,2050,balanced,13,13,True,True,True,0.0
exact-index,random_forest,17,1,2100,cost_priority,11,11,True,True,True,0.0
exact-index,random_forest,17,1,2100,carbon_priority,11,11,True,True,True,0.0
exact-index,random_forest,17,1,2100,energy_priority,445,595,False,True,True,0.0026075163443197973
exact-index,random_forest,17,1,2100,days_below_24_priority,20,25,False,True,True,0.0002495946058901982
exact-index,random_forest,17,1,2100,balanced,13,13,True,True,True,0.0
exact-index,shared_mtl_nn,17,1,2020,cost_priority,11,11,True,True,True,0.0
exact-index,shared_mtl_nn,17,1,2020,carbon_priority,3,3,True,True,True,0.0
exact-index,shared_mtl_nn,17,1,2020,energy_priority,420,500,False,True,False,0.01676592306843429
exact-index,shared_mtl_nn,17,1,2020,days_below_24_priority,25,20,False,True,True,0.0003739542570481283
exact-index,shared_mtl_nn,17,1,2020,balanced,25,20,False,True,True,0.0009348856426203214
exact-index,shared_mtl_nn,17,1,2050,cost_priority,11,11,True,True,True,0.0
exact-index,shared_mtl_nn,17,1,2050,carbon_priority,11,3,False,True,True,0.0020142010537768976
exact-index,shared_mtl_nn,17,1,2050,energy_priority,525,525,True,True,True,0.0
exact-index,shared_mtl_nn,17,1,2050,days_below_24_priority,25,20,False,True,True,0.00019249253887705626
exact-index,shared_mtl_nn,17,1,2050,balanced,13,13,True,True,True,0.0
exact-index,shared_mtl_nn,17,1,2100,cost_priority,11,11,True,True,True,0.0
exact-index,shared_mtl_nn,17,1,2100,carbon_priority,11,3,False,True,True,0.0033141241927501348
exact-index,shared_mtl_nn,17,1,2100,energy_priority,445,595,False,True,True,0.0026075163443197973
exact-index,shared_mtl_nn,17,1,2100,days_below_24_priority,20,20,True,True,True,0.0
exact-index,shared_mtl_nn,17,1,2100,balanced,13,13,True,True,True,0.0
exact-index,shared_mtl_nn_mgda,17,1,2020,cost_priority,11,3,False,True,True,0.00010708443010650631
exact-index,shared_mtl_nn_mgda,17,1,2020,carbon_priority,3,3,True,True,True,0.0
exact-index,shared_mtl_nn_mgda,17,1,2020,energy_priority,420,595,False,True,False,0.017340494782667897
exact-index,shared_mtl_nn_mgda,17,1,2020,days_below_24_priority,25,25,True,True,True,0.0
exact-index,shared_mtl_nn_mgda,17,1,2020,balanced,25,25,True,True,True,0.0
exact-index,shared_mtl_nn_mgda,17,1,2050,cost_priority,11,11,True,True,True,0.0
exact-index,shared_mtl_nn_mgda,17,1,2050,carbon_priority,11,11,True,True,True,0.0
exact-index,shared_mtl_nn_mgda,17,1,2050,energy_priority,525,595,False,True,True,0.004048188666269312
exact-index,shared_mtl_nn_mgda,17,1,2050,days_below_24_priority,25,25,True,True,True,0.0
exact-index,shared_mtl_nn_mgda,17,1,2050,balanced,13,13,True,True,True,0.0
exact-index,shared_mtl_nn_mgda,17,1,2100,cost_priority,11,11,True,True,True,0.0
exact-index,shared_mtl_nn_mgda,17,1,2100,carbon_priority,11,13,False,True,True,0.00259244878549174
exact-index,shared_mtl_nn_mgda,17,1,2100,energy_priority,445,595,False,True,True,0.0026075163443197973
exact-index,shared_mtl_nn_mgda,17,1,2100,days_below_24_priority,20,13,False,True,True,0.004786687462514124
exact-index,shared_mtl_nn_mgda,17,1,2100,balanced,13,13,True,True,True,0.0
exact-index,gradient_boosting,17,2,2020,cost_priority,16,16,True,True,True,0.0
exact-index,gradient_boosting,17,2,2020,carbon_priority,15,15,True,True,True,0.0
exact-index,gradient_boosting,17,2,2020,energy_priority,620,495,False,True,True,0.0017697043373221622
exact-index,gradient_boosting,17,2,2020,days_below_24_priority,148,15,False,True,True,0.0782429984381036
exact-index,gradient_boosting,17,2,2020,balanced,15,15,True,True,True,0.0
exact-index,gradient_boosting,17,2,2050,cost_priority,16,16,True,True,True,0.0
exact-index,gradient_boosting,17,2,2050,carbon_priority,15,15,True,True,True,0.0
exact-index,gradient_boosting,17,2,2050,energy_priority,400,400,True,True,True,0.0
exact-index,gradient_boosting,17,2,2050,days_below_24_priority,15,15,True,True,True,0.0
exact-index,gradient_boosting,17,2,2050,balanced,15,15,True,True,True,0.0
exact-index,gradient_boosting,17,2,2100,cost_priority,16,16,True,True,True,0.0
exact-index,gradient_boosting,17,2,2100,carbon_priority,15,15,True,True,True,0.0
exact-index,gradient_boosting,17,2,2100,energy_priority,620,200,False,True,True,0.005398018093758202
exact-index,gradient_boosting,17,2,2100,days_below_24_priority,15,15,True,True,True,0.0
exact-index,gradient_boosting,17,2,2100,balanced,15,15,True,True,True,0.0
exact-index,independent_stl_nn,17,2,2020,cost_priority,16,16,True,True,True,0.0
exact-index,independent_stl_nn,17,2,2020,carbon_priority,15,15,True,True,True,0.0
exact-index,independent_stl_nn,17,2,2020,energy_priority,620,449,False,True,True,0.006398607247456133
exact-index,independent_stl_nn,17,2,2020,days_below_24_priority,148,148,True,True,True,0.0
exact-index,independent_stl_nn,17,2,2020,balanced,15,15,True,True,True,0.0
exact-index,independent_stl_nn,17,2,2050,cost_priority,16,16,True,True,True,0.0
exact-index,independent_stl_nn,17,2,2050,carbon_priority,15,15,True,True,True,0.0
exact-index,independent_stl_nn,17,2,2050,energy_priority,400,620,False,True,True,0.0012117080938577052
exact-index,independent_stl_nn,17,2,2050,days_below_24_priority,15,15,True,True,True,0.0
exact-index,independent_stl_nn,17,2,2050,balanced,15,15,True,True,True,0.0
exact-index,independent_stl_nn,17,2,2100,cost_priority,16,16,True,True,True,0.0
exact-index,independent_stl_nn,17,2,2100,carbon_priority,15,15,True,True,True,0.0
exact-index,independent_stl_nn,17,2,2100,energy_priority,620,570,False,True,True,0.0019113185517146865
exact-index,independent_stl_nn,17,2,2100,days_below_24_priority,15,15,True,True,True,0.0
exact-index,independent_stl_nn,17,2,2100,balanced,15,15,True,True,True,0.0
exact-index,random_forest,17,2,2020,cost_priority,16,16,True,True,True,0.0
exact-index,random_forest,17,2,2020,carbon_priority,15,15,True,True,True,0.0
exact-index,random_forest,17,2,2020,energy_priority,620,495,False,True,True,0.0017697043373221622
exact-index,random_forest,17,2,2020,days_below_24_priority,148,15,False,True,True,0.0782429984381036
exact-index,random_forest,17,2,2020,balanced,15,15,True,True,True,0.0
exact-index,random_forest,17,2,2050,cost_priority,16,16,True,True,True,0.0
exact-index,random_forest,17,2,2050,carbon_priority,15,15,True,True,True,0.0
exact-index,random_forest,17,2,2050,energy_priority,400,620,False,True,True,0.0012117080938577052
exact-index,random_forest,17,2,2050,days_below_24_priority,15,15,True,True,True,0.0
exact-index,random_forest,17,2,2050,balanced,15,15,True,True,True,0.0
exact-index,random_forest,17,2,2100,cost_priority,16,16,True,True,True,0.0
exact-index,random_forest,17,2,2100,carbon_priority,15,15,True,True,True,0.0
exact-index,random_forest,17,2,2100,energy_priority,620,620,True,True,True,0.0
exact-index,random_forest,17,2,2100,days_below_24_priority,15,15,True,True,True,0.0
exact-index,random_forest,17,2,2100,balanced,15,15,True,True,True,0.0
exact-index,shared_mtl_nn,17,2,2020,cost_priority,16,2,False,True,False,0.007584531738229622
exact-index,shared_mtl_nn,17,2,2020,carbon_priority,15,2,False,True,False,0.005480945305555045
exact-index,shared_mtl_nn,17,2,2020,energy_priority,620,495,False,True,True,0.0017697043373221622
exact-index,shared_mtl_nn,17,2,2020,days_below_24_priority,148,2,False,True,False,0.09649686950785079
exact-index,shared_mtl_nn,17,2,2020,balanced,15,15,True,True,True,0.0
exact-index,shared_mtl_nn,17,2,2050,cost_priority,16,16,True,True,True,0.0
exact-index,shared_mtl_nn,17,2,2050,carbon_priority,15,15,True,True,True,0.0
exact-index,shared_mtl_nn,17,2,2050,energy_priority,400,620,False,True,True,0.0012117080938577052
exact-index,shared_mtl_nn,17,2,2050,days_below_24_priority,15,15,True,True,True,0.0
exact-index,shared_mtl_nn,17,2,2050,balanced,15,15,True,True,True,0.0
exact-index,shared_mtl_nn,17,2,2100,cost_priority,16,16,True,True,True,0.0
exact-index,shared_mtl_nn,17,2,2100,carbon_priority,15,15,True,True,True,0.0
exact-index,shared_mtl_nn,17,2,2100,energy_priority,620,570,False,True,True,0.0019113185517146865
exact-index,shared_mtl_nn,17,2,2100,days_below_24_priority,15,15,True,True,True,0.0
exact-index,shared_mtl_nn,17,2,2100,balanced,15,15,True,True,True,0.0
exact-index,shared_mtl_nn_mgda,17,2,2020,cost_priority,16,16,True,True,True,0.0
exact-index,shared_mtl_nn_mgda,17,2,2020,carbon_priority,15,2,False,True,False,0.005480945305555045
exact-index,shared_mtl_nn_mgda,17,2,2020,energy_priority,620,495,False,True,True,0.0017697043373221622
exact-index,shared_mtl_nn_mgda,17,2,2020,days_below_24_priority,148,139,False,True,True,0.0005443605946684748
exact-index,shared_mtl_nn_mgda,17,2,2020,balanced,15,15,True,True,True,0.0
exact-index,shared_mtl_nn_mgda,17,2,2050,cost_priority,16,16,True,True,True,0.0
exact-index,shared_mtl_nn_mgda,17,2,2050,carbon_priority,15,15,True,True,True,0.0
exact-index,shared_mtl_nn_mgda,17,2,2050,energy_priority,400,620,False,True,True,0.0012117080938577052
exact-index,shared_mtl_nn_mgda,17,2,2050,days_below_24_priority,15,15,True,True,True,0.0
exact-index,shared_mtl_nn_mgda,17,2,2050,balanced,15,15,True,True,True,0.0
exact-index,shared_mtl_nn_mgda,17,2,2100,cost_priority,16,16,True,True,True,0.0
exact-index,shared_mtl_nn_mgda,17,2,2100,carbon_priority,15,15,True,True,True,0.0
exact-index,shared_mtl_nn_mgda,17,2,2100,energy_priority,620,570,False,True,True,0.0019113185517146865
exact-index,shared_mtl_nn_mgda,17,2,2100,days_below_24_priority,15,15,True,True,True,0.0
exact-index,shared_mtl_nn_mgda,17,2,2100,balanced,15,15,True,True,True,0.0
exact-index,gradient_boosting,17,3,2020,cost_priority,76,76,True,True,True,0.0
exact-index,gradient_boosting,17,3,2020,carbon_priority,12,12,True,True,False,0.0
exact-index,gradient_boosting,17,3,2020,energy_priority,600,600,True,True,True,0.0
exact-index,gradient_boosting,17,3,2020,days_below_24_priority,24,134,False,True,True,0.04014123706872029
exact-index,gradient_boosting,17,3,2020,balanced,24,24,True,True,True,0.0
exact-index,gradient_boosting,17,3,2050,cost_priority,76,76,True,True,True,0.0
exact-index,gradient_boosting,17,3,2050,carbon_priority,12,12,True,True,False,0.0
exact-index,gradient_boosting,17,3,2050,energy_priority,395,395,True,True,True,0.0
exact-index,gradient_boosting,17,3,2050,days_below_24_priority,24,24,True,True,False,0.0
exact-index,gradient_boosting,17,3,2050,balanced,24,12,False,True,False,0.0017834905508454894
exact-index,gradient_boosting,17,3,2100,cost_priority,76,76,True,True,False,0.0
exact-index,gradient_boosting,17,3,2100,carbon_priority,12,12,True,True,False,0.0
exact-index,gradient_boosting,17,3,2100,energy_priority,600,450,False,True,True,0.00504755285208968
exact-index,gradient_boosting,17,3,2100,days_below_24_priority,24,24,True,True,False,0.0
exact-index,gradient_boosting,17,3,2100,balanced,24,12,False,True,False,0.0031234873603115734
exact-index,independent_stl_nn,17,3,2020,cost_priority,76,76,True,True,True,0.0
exact-index,independent_stl_nn,17,3,2020,carbon_priority,12,12,True,True,False,0.0
exact-index,independent_stl_nn,17,3,2020,energy_priority,600,450,False,True,True,0.005999602223601266
exact-index,independent_stl_nn,17,3,2020,days_below_24_priority,24,12,False,True,False,0.1158349340043395
exact-index,independent_stl_nn,17,3,2020,balanced,24,12,False,True,False,0.03958733501084878
exact-index,independent_stl_nn,17,3,2050,cost_priority,76,76,True,True,True,0.0
exact-index,independent_stl_nn,17,3,2050,carbon_priority,12,12,True,True,False,0.0
exact-index,independent_stl_nn,17,3,2050,energy_priority,395,600,False,True,True,0.0027335086736275382
exact-index,independent_stl_nn,17,3,2050,days_below_24_priority,24,24,True,True,False,0.0
exact-index,independent_stl_nn,17,3,2050,balanced,24,12,False,True,False,0.0017834905508454894
exact-index,independent_stl_nn,17,3,2100,cost_priority,76,76,True,True,False,0.0
exact-index,independent_stl_nn,17,3,2100,carbon_priority,12,12,True,True,False,0.0
exact-index,independent_stl_nn,17,3,2100,energy_priority,600,599,False,True,True,0.00015856018481182066
exact-index,independent_stl_nn,17,3,2100,days_below_24_priority,24,24,True,True,False,0.0
exact-index,independent_stl_nn,17,3,2100,balanced,24,24,True,True,False,0.0
exact-index,random_forest,17,3,2020,cost_priority,76,76,True,True,True,0.0
exact-index,random_forest,17,3,2020,carbon_priority,12,12,True,True,False,0.0
exact-index,random_forest,17,3,2020,energy_priority,600,619,False,True,False,0.011856504091239863
exact-index,random_forest,17,3,2020,days_below_24_priority,24,134,False,True,True,0.04014123706872029
exact-index,random_forest,17,3,2020,balanced,24,24,True,True,True,0.0
exact-index,random_forest,17,3,2050,cost_priority,76,76,True,True,True,0.0
exact-index,random_forest,17,3,2050,carbon_priority,12,12,True,True,False,0.0
exact-index,random_forest,17,3,2050,energy_priority,395,600,False,True,True,0.0027335086736275382
exact-index,random_forest,17,3,2050,days_below_24_priority,24,24,True,True,False,0.0
exact-index,random_forest,17,3,2050,balanced,24,24,True,True,False,0.0
exact-index,random_forest,17,3,2100,cost_priority,76,76,True,True,False,0.0
exact-index,random_forest,17,3,2100,carbon_priority,12,12,True,True,False,0.0
exact-index,random_forest,17,3,2100,energy_priority,600,600,True,True,True,0.0
exact-index,random_forest,17,3,2100,days_below_24_priority,24,24,True,True,False,0.0
exact-index,random_forest,17,3,2100,balanced,24,24,True,True,False,0.0
exact-index,shared_mtl_nn,17,3,2020,cost_priority,76,76,True,True,True,0.0
exact-index,shared_mtl_nn,17,3,2020,carbon_priority,12,12,True,True,False,0.0
exact-index,shared_mtl_nn,17,3,2020,energy_priority,600,450,False,True,True,0.005999602223601266
exact-index,shared_mtl_nn,17,3,2020,days_below_24_priority,24,24,True,True,True,0.0
exact-index,shared_mtl_nn,17,3,2020,balanced,24,24,True,True,True,0.0
exact-index,shared_mtl_nn,17,3,2050,cost_priority,76,76,True,True,True,0.0
exact-index,shared_mtl_nn,17,3,2050,carbon_priority,12,12,True,True,False,0.0
exact-index,shared_mtl_nn,17,3,2050,energy_priority,395,395,True,True,True,0.0
exact-index,shared_mtl_nn,17,3,2050,days_below_24_priority,24,24,True,True,False,0.0
exact-index,shared_mtl_nn,17,3,2050,balanced,24,12,False,True,False,0.0017834905508454894
exact-index,shared_mtl_nn,17,3,2100,cost_priority,76,76,True,True,False,0.0
exact-index,shared_mtl_nn,17,3,2100,carbon_priority,12,12,True,True,False,0.0
exact-index,shared_mtl_nn,17,3,2100,energy_priority,600,600,True,True,True,0.0
exact-index,shared_mtl_nn,17,3,2100,days_below_24_priority,24,24,True,True,False,0.0
exact-index,shared_mtl_nn,17,3,2100,balanced,24,12,False,True,False,0.0031234873603115734
exact-index,shared_mtl_nn_mgda,17,3,2020,cost_priority,76,76,True,True,True,0.0
exact-index,shared_mtl_nn_mgda,17,3,2020,carbon_priority,12,12,True,True,False,0.0
exact-index,shared_mtl_nn_mgda,17,3,2020,energy_priority,600,470,False,True,True,0.0023174774323512335
exact-index,shared_mtl_nn_mgda,17,3,2020,days_below_24_priority,24,24,True,True,True,0.0
exact-index,shared_mtl_nn_mgda,17,3,2020,balanced,24,24,True,True,True,0.0
exact-index,shared_mtl_nn_mgda,17,3,2050,cost_priority,76,76,True,True,True,0.0
exact-index,shared_mtl_nn_mgda,17,3,2050,carbon_priority,12,12,True,True,False,0.0
exact-index,shared_mtl_nn_mgda,17,3,2050,energy_priority,395,619,False,True,True,0.007625441684871767
exact-index,shared_mtl_nn_mgda,17,3,2050,days_below_24_priority,24,264,False,True,True,0.015973629320830636
exact-index,shared_mtl_nn_mgda,17,3,2050,balanced,24,12,False,True,False,0.0017834905508454894
exact-index,shared_mtl_nn_mgda,17,3,2100,cost_priority,76,76,True,True,False,0.0
exact-index,shared_mtl_nn_mgda,17,3,2100,carbon_priority,12,12,True,True,False,0.0
exact-index,shared_mtl_nn_mgda,17,3,2100,energy_priority,600,619,False,True,True,0.0027908463900473677
exact-index,shared_mtl_nn_mgda,17,3,2100,days_below_24_priority,24,24,True,True,False,0.0
exact-index,shared_mtl_nn_mgda,17,3,2100,balanced,24,24,True,True,False,0.0
exact-index,gradient_boosting,17,4,2020,cost_priority,1,1,True,True,True,0.0
exact-index,gradient_boosting,17,4,2020,carbon_priority,1,1,True,True,True,0.0
exact-index,gradient_boosting,17,4,2020,energy_priority,550,625,False,True,True,0.004541189039754884
exact-index,gradient_boosting,17,4,2020,days_below_24_priority,142,263,False,True,True,0.004394530241496981
exact-index,gradient_boosting,17,4,2020,balanced,8,8,True,True,True,0.0
exact-index,gradient_boosting,17,4,2050,cost_priority,1,1,True,True,True,0.0
exact-index,gradient_boosting,17,4,2050,carbon_priority,1,1,True,True,True,0.0
exact-index,gradient_boosting,17,4,2050,energy_priority,514,625,False,True,True,0.011310003980811625
exact-index,gradient_boosting,17,4,2050,days_below_24_priority,8,8,True,True,True,0.0
exact-index,gradient_boosting,17,4,2050,balanced,8,8,True,True,True,0.0
exact-index,gradient_boosting,17,4,2100,cost_priority,1,1,True,True,True,0.0
exact-index,gradient_boosting,17,4,2100,carbon_priority,1,1,True,True,True,0.0
exact-index,gradient_boosting,17,4,2100,energy_priority,225,550,False,True,True,0.007678143373733883
exact-index,gradient_boosting,17,4,2100,days_below_24_priority,8,8,True,True,True,0.0
exact-index,gradient_boosting,17,4,2100,balanced,8,8,True,True,True,0.0
exact-index,independent_stl_nn,17,4,2020,cost_priority,1,1,True,True,True,0.0
exact-index,independent_stl_nn,17,4,2020,carbon_priority,1,22,False,True,False,0.0028663811682225274
exact-index,independent_stl_nn,17,4,2020,energy_priority,550,475,False,True,True,0.01585065292258718
exact-index,independent_stl_nn,17,4,2020,days_below_24_priority,142,128,False,True,False,0.0002976763958547506
exact-index,independent_stl_nn,17,4,2020,balanced,8,22,False,True,False,0.004696759229045871
exact-index,independent_stl_nn,17,4,2050,cost_priority,1,1,True,True,True,0.0
exact-index,independent_stl_nn,17,4,2050,carbon_priority,1,1,True,True,True,0.0
exact-index,independent_stl_nn,17,4,2050,energy_priority,514,520,False,True,True,0.0035442793757707956
exact-index,independent_stl_nn,17,4,2050,days_below_24_priority,8,274,False,True,True,0.004356701418073647
exact-index,independent_stl_nn,17,4,2050,balanced,8,8,True,True,True,0.0
exact-index,independent_stl_nn,17,4,2100,cost_priority,1,1,True,True,True,0.0
exact-index,independent_stl_nn,17,4,2100,carbon_priority,1,1,True,True,True,0.0
exact-index,independent_stl_nn,17,4,2100,energy_priority,225,625,False,True,True,0.004530534018404737
exact-index,independent_stl_nn,17,4,2100,days_below_24_priority,8,1,False,True,True,0.04998786593382699
exact-index,independent_stl_nn,17,4,2100,balanced,8,8,True,True,True,0.0
exact-index,random_forest,17,4,2020,cost_priority,1,1,True,True,True,0.0
exact-index,random_forest,17,4,2020,carbon_priority,1,22,False,True,False,0.0028663811682225274
exact-index,random_forest,17,4,2020,energy_priority,550,625,False,True,True,0.004541189039754884
exact-index,random_forest,17,4,2020,days_below_24_priority,142,263,False,True,True,0.004394530241496981
exact-index,random_forest,17,4,2020,balanced,8,8,True,True,True,0.0
exact-index,random_forest,17,4,2050,cost_priority,1,1,True,True,True,0.0
exact-index,random_forest,17,4,2050,carbon_priority,1,1,True,True,True,0.0
exact-index,random_forest,17,4,2050,energy_priority,514,625,False,True,True,0.011310003980811625
exact-index,random_forest,17,4,2050,days_below_24_priority,8,274,False,True,True,0.004356701418073647
exact-index,random_forest,17,4,2050,balanced,8,1,False,True,True,0.04650069121564738
exact-index,random_forest,17,4,2100,cost_priority,1,1,True,True,True,0.0
exact-index,random_forest,17,4,2100,carbon_priority,1,1,True,True,True,0.0
exact-index,random_forest,17,4,2100,energy_priority,225,625,False,True,True,0.004530534018404737
exact-index,random_forest,17,4,2100,days_below_24_priority,8,8,True,True,True,0.0
exact-index,random_forest,17,4,2100,balanced,8,1,False,True,True,0.034060573925476574
exact-index,shared_mtl_nn,17,4,2020,cost_priority,1,6,False,True,True,0.04691548766032928
exact-index,shared_mtl_nn,17,4,2020,carbon_priority,1,22,False,True,False,0.0028663811682225274
exact-index,shared_mtl_nn,17,4,2020,energy_priority,550,625,False,True,True,0.004541189039754884
exact-index,shared_mtl_nn,17,4,2020,days_below_24_priority,142,263,False,True,True,0.004394530241496981
exact-index,shared_mtl_nn,17,4,2020,balanced,8,8,True,True,True,0.0
exact-index,shared_mtl_nn,17,4,2050,cost_priority,1,1,True,True,True,0.0
exact-index,shared_mtl_nn,17,4,2050,carbon_priority,1,1,True,True,True,0.0
exact-index,shared_mtl_nn,17,4,2050,energy_priority,514,520,False,True,True,0.0035442793757707956
exact-index,shared_mtl_nn,17,4,2050,days_below_24_priority,8,8,True,True,True,0.0
exact-index,shared_mtl_nn,17,4,2050,balanced,8,8,True,True,True,0.0
exact-index,shared_mtl_nn,17,4,2100,cost_priority,1,1,True,True,True,0.0
exact-index,shared_mtl_nn,17,4,2100,carbon_priority,1,1,True,True,True,0.0
exact-index,shared_mtl_nn,17,4,2100,energy_priority,225,199,False,True,True,0.003293553891616717
exact-index,shared_mtl_nn,17,4,2100,days_below_24_priority,8,8,True,True,True,0.0
exact-index,shared_mtl_nn,17,4,2100,balanced,8,8,True,True,True,0.0
exact-index,shared_mtl_nn_mgda,17,4,2020,cost_priority,1,1,True,True,True,0.0
exact-index,shared_mtl_nn_mgda,17,4,2020,carbon_priority,1,22,False,True,False,0.0028663811682225274
exact-index,shared_mtl_nn_mgda,17,4,2020,energy_priority,550,625,False,True,True,0.004541189039754884
exact-index,shared_mtl_nn_mgda,17,4,2020,days_below_24_priority,142,142,True,True,False,0.0
exact-index,shared_mtl_nn_mgda,17,4,2020,balanced,8,8,True,True,True,0.0
exact-index,shared_mtl_nn_mgda,17,4,2050,cost_priority,1,1,True,True,True,0.0
exact-index,shared_mtl_nn_mgda,17,4,2050,carbon_priority,1,1,True,True,True,0.0
exact-index,shared_mtl_nn_mgda,17,4,2050,energy_priority,514,520,False,True,True,0.0035442793757707956
exact-index,shared_mtl_nn_mgda,17,4,2050,days_below_24_priority,8,22,False,True,False,0.002651988377352564
exact-index,shared_mtl_nn_mgda,17,4,2050,balanced,8,8,True,True,True,0.0
exact-index,shared_mtl_nn_mgda,17,4,2100,cost_priority,1,1,True,True,True,0.0
exact-index,shared_mtl_nn_mgda,17,4,2100,carbon_priority,1,1,True,True,True,0.0
exact-index,shared_mtl_nn_mgda,17,4,2100,energy_priority,225,199,False,True,True,0.003293553891616717
exact-index,shared_mtl_nn_mgda,17,4,2100,days_below_24_priority,8,8,True,True,True,0.0
exact-index,shared_mtl_nn_mgda,17,4,2100,balanced,8,8,True,True,True,0.0
exact-index,gradient_boosting,17,5,2020,cost_priority,4,4,True,True,True,0.0
exact-index,gradient_boosting,17,5,2020,carbon_priority,5,5,True,True,True,0.0
exact-index,gradient_boosting,17,5,2020,energy_priority,425,425,True,True,True,0.0
exact-index,gradient_boosting,17,5,2020,days_below_24_priority,19,19,True,True,True,0.0
exact-index,gradient_boosting,17,5,2020,balanced,19,19,True,True,True,0.0
exact-index,gradient_boosting,17,5,2050,cost_priority,4,4,True,True,True,0.0
exact-index,gradient_boosting,17,5,2050,carbon_priority,5,5,True,True,True,0.0
exact-index,gradient_boosting,17,5,2050,energy_priority,394,575,False,True,True,0.0013580168602180948
exact-index,gradient_boosting,17,5,2050,days_below_24_priority,18,14,False,True,True,0.0006038697491441092
exact-index,gradient_boosting,17,5,2050,balanced,18,14,False,True,True,0.001509674372860273
exact-index,gradient_boosting,17,5,2100,cost_priority,4,4,True,True,True,0.0
exact-index,gradient_boosting,17,5,2100,carbon_priority,5,5,True,True,True,0.0
exact-index,gradient_boosting,17,5,2100,energy_priority,425,575,False,True,True,0.0011499179418424776
exact-index,gradient_boosting,17,5,2100,days_below_24_priority,14,14,True,True,True,0.0
exact-index,gradient_boosting,17,5,2100,balanced,14,18,False,True,True,0.0014055713835639978
exact-index,independent_stl_nn,17,5,2020,cost_priority,4,4,True,True,True,0.0
exact-index,independent_stl_nn,17,5,2020,carbon_priority,5,23,False,True,True,0.007485905335332013
exact-index,independent_stl_nn,17,5,2020,energy_priority,425,569,False,True,True,0.019489326696270824
exact-index,independent_stl_nn,17,5,2020,days_below_24_priority,19,19,True,True,True,0.0
exact-index,independent_stl_nn,17,5,2020,balanced,19,19,True,True,True,0.0
exact-index,independent_stl_nn,17,5,2050,cost_priority,4,4,True,True,True,0.0
exact-index,independent_stl_nn,17,5,2050,carbon_priority,5,5,True,True,True,0.0
exact-index,independent_stl_nn,17,5,2050,energy_priority,394,444,False,True,True,0.004157046825225413
exact-index,independent_stl_nn,17,5,2050,days_below_24_priority,18,14,False,True,True,0.0006038697491441092
exact-index,independent_stl_nn,17,5,2050,balanced,18,14,False,True,True,0.001509674372860273
exact-index,independent_stl_nn,17,5,2100,cost_priority,4,4,True,True,True,0.0
exact-index,independent_stl_nn,17,5,2100,carbon_priority,5,5,True,True,True,0.0
exact-index,independent_stl_nn,17,5,2100,energy_priority,425,624,False,True,False,0.005673075413752124
exact-index,independent_stl_nn,17,5,2100,days_below_24_priority,14,23,False,True,True,0.009629206846366067
exact-index,independent_stl_nn,17,5,2100,balanced,14,18,False,True,True,0.0014055713835639978
exact-index,random_forest,17,5,2020,cost_priority,4,4,True,True,True,0.0
exact-index,random_forest,17,5,2020,carbon_priority,5,23,False,True,True,0.007485905335332013
exact-index,random_forest,17,5,2020,energy_priority,425,425,True,True,True,0.0
exact-index,random_forest,17,5,2020,days_below_24_priority,19,19,True,True,True,0.0
exact-index,random_forest,17,5,2020,balanced,19,19,True,True,True,0.0
exact-index,random_forest,17,5,2050,cost_priority,4,4,True,True,True,0.0
exact-index,random_forest,17,5,2050,carbon_priority,5,5,True,True,True,0.0
exact-index,random_forest,17,5,2050,energy_priority,394,624,False,True,False,0.0014701939803249409
exact-index,random_forest,17,5,2050,days_below_24_priority,18,14,False,True,True,0.0006038697491441092
exact-index,random_forest,17,5,2050,balanced,18,14,False,True,True,0.001509674372860273
exact-index,random_forest,17,5,2100,cost_priority,4,4,True,True,True,0.0
exact-index,random_forest,17,5,2100,carbon_priority,5,5,True,True,True,0.0
exact-index,random_forest,17,5,2100,energy_priority,425,624,False,True,False,0.005673075413752124
exact-index,random_forest,17,5,2100,days_below_24_priority,14,14,True,True,True,0.0
exact-index,random_forest,17,5,2100,balanced,14,14,True,True,True,0.0
exact-index,shared_mtl_nn,17,5,2020,cost_priority,4,4,True,True,True,0.0
exact-index,shared_mtl_nn,17,5,2020,carbon_priority,5,5,True,True,True,0.0
exact-index,shared_mtl_nn,17,5,2020,energy_priority,425,444,False,True,True,0.00900346746296216
exact-index,shared_mtl_nn,17,5,2020,days_below_24_priority,19,18,False,True,True,0.11121321653165561
exact-index,shared_mtl_nn,17,5,2020,balanced,19,18,False,True,True,0.02803304132913905
exact-index,shared_mtl_nn,17,5,2050,cost_priority,4,4,True,True,True,0.0
exact-index,shared_mtl_nn,17,5,2050,carbon_priority,5,5,True,True,True,0.0
exact-index,shared_mtl_nn,17,5,2050,energy_priority,394,624,False,True,False,0.0014701939803249409
exact-index,shared_mtl_nn,17,5,2050,days_below_24_priority,18,23,False,True,True,0.0007212158662846935
exact-index,shared_mtl_nn,17,5,2050,balanced,18,14,False,True,True,0.001509674372860273
exact-index,shared_mtl_nn,17,5,2100,cost_priority,4,4,True,True,True,0.0
exact-index,shared_mtl_nn,17,5,2100,carbon_priority,5,5,True,True,True,0.0
exact-index,shared_mtl_nn,17,5,2100,energy_priority,425,624,False,True,False,0.005673075413752124
exact-index,shared_mtl_nn,17,5,2100,days_below_24_priority,14,14,True,True,True,0.0
exact-index,shared_mtl_nn,17,5,2100,balanced,14,14,True,True,True,0.0
exact-index,shared_mtl_nn_mgda,17,5,2020,cost_priority,4,4,True,True,True,0.0
exact-index,shared_mtl_nn_mgda,17,5,2020,carbon_priority,5,5,True,True,True,0.0
exact-index,shared_mtl_nn_mgda,17,5,2020,energy_priority,425,575,False,True,True,0.003952168299240134
exact-index,shared_mtl_nn_mgda,17,5,2020,days_below_24_priority,19,10,False,True,True,0.11899540323908157
exact-index,shared_mtl_nn_mgda,17,5,2020,balanced,19,23,False,True,True,0.02915265255588377
exact-index,shared_mtl_nn_mgda,17,5,2050,cost_priority,4,4,True,True,True,0.0
exact-index,shared_mtl_nn_mgda,17,5,2050,carbon_priority,5,5,True,True,True,0.0
exact-index,shared_mtl_nn_mgda,17,5,2050,energy_priority,394,444,False,True,True,0.004157046825225413
exact-index,shared_mtl_nn_mgda,17,5,2050,days_below_24_priority,18,10,False,False,False,0.007364733385489213
exact-index,shared_mtl_nn_mgda,17,5,2050,balanced,18,18,True,True,True,0.0
exact-index,shared_mtl_nn_mgda,17,5,2100,cost_priority,4,4,True,True,True,0.0
exact-index,shared_mtl_nn_mgda,17,5,2100,carbon_priority,5,5,True,True,True,0.0
exact-index,shared_mtl_nn_mgda,17,5,2100,energy_priority,425,575,False,True,True,0.0011499179418424776
exact-index,shared_mtl_nn_mgda,17,5,2100,days_below_24_priority,14,14,True,True,True,0.0
exact-index,shared_mtl_nn_mgda,17,5,2100,balanced,14,14,True,True,True,0.0
exact-index,gradient_boosting,29,1,2020,cost_priority,11,3,False,True,True,0.0010622958869835608
exact-index,gradient_boosting,29,1,2020,carbon_priority,3,3,True,True,True,0.0
exact-index,gradient_boosting,29,1,2020,energy_priority,494,470,False,True,True,0.0011295699057053158
exact-index,gradient_boosting,29,1,2020,days_below_24_priority,19,19,True,True,True,0.0
exact-index,gradient_boosting,29,1,2020,balanced,19,19,True,True,True,0.0
exact-index,gradient_boosting,29,1,2050,cost_priority,11,11,True,True,True,0.0
exact-index,gradient_boosting,29,1,2050,carbon_priority,11,11,True,True,True,0.0
exact-index,gradient_boosting,29,1,2050,energy_priority,470,599,False,True,False,0.001402164180262539
exact-index,gradient_boosting,29,1,2050,days_below_24_priority,19,19,True,True,True,0.0
exact-index,gradient_boosting,29,1,2050,balanced,19,19,True,True,True,0.0
exact-index,gradient_boosting,29,1,2100,cost_priority,11,11,True,True,True,0.0
exact-index,gradient_boosting,29,1,2100,carbon_priority,11,11,True,True,True,0.0
exact-index,gradient_boosting,29,1,2100,energy_priority,599,599,True,True,True,0.0
exact-index,gradient_boosting,29,1,2100,days_below_24_priority,19,19,True,True,True,0.0
exact-index,gradient_boosting,29,1,2100,balanced,19,19,True,True,True,0.0
exact-index,independent_stl_nn,29,1,2020,cost_priority,11,11,True,True,True,0.0
exact-index,independent_stl_nn,29,1,2020,carbon_priority,3,3,True,True,True,0.0
exact-index,independent_stl_nn,29,1,2020,energy_priority,494,599,False,True,True,0.000431367244471145
exact-index,independent_stl_nn,29,1,2020,days_below_24_priority,19,19,True,True,True,0.0
exact-index,independent_stl_nn,29,1,2020,balanced,19,19,True,True,True,0.0
exact-index,independent_stl_nn,29,1,2050,cost_priority,11,11,True,True,True,0.0
exact-index,independent_stl_nn,29,1,2050,carbon_priority,11,11,True,True,True,0.0
exact-index,independent_stl_nn,29,1,2050,energy_priority,470,599,False,True,False,0.001402164180262539
exact-index,independent_stl_nn,29,1,2050,days_below_24_priority,19,19,True,True,True,0.0
exact-index,independent_stl_nn,29,1,2050,balanced,19,19,True,True,True,0.0
exact-index,independent_stl_nn,29,1,2100,cost_priority,11,11,True,True,True,0.0
exact-index,independent_stl_nn,29,1,2100,carbon_priority,11,11,True,True,True,0.0
exact-index,independent_stl_nn,29,1,2100,energy_priority,599,445,False,True,True,0.000295745618746225
exact-index,independent_stl_nn,29,1,2100,days_below_24_priority,19,10,False,True,False,0.0017738462422750652
exact-index,independent_stl_nn,29,1,2100,balanced,19,19,True,True,True,0.0
exact-index,random_forest,29,1,2020,cost_priority,11,11,True,True,True,0.0
exact-index,random_forest,29,1,2020,carbon_priority,3,3,True,True,True,0.0
exact-index,random_forest,29,1,2020,energy_priority,494,599,False,True,True,0.000431367244471145
exact-index,random_forest,29,1,2020,days_below_24_priority,19,19,True,True,True,0.0
exact-index,random_forest,29,1,2020,balanced,19,19,True,True,True,0.0
exact-index,random_forest,29,1,2050,cost_priority,11,11,True,True,True,0.0
exact-index,random_forest,29,1,2050,carbon_priority,11,3,False,True,True,0.0015791656195890203
exact-index,random_forest,29,1,2050,energy_priority,470,599,False,True,False,0.001402164180262539
exact-index,random_forest,29,1,2050,days_below_24_priority,19,19,True,True,True,0.0
exact-index,random_forest,29,1,2050,balanced,19,19,True,True,True,0.0
exact-index,random_forest,29,1,2100,cost_priority,11,11,True,True,True,0.0
exact-index,random_forest,29,1,2100,carbon_priority,11,3,False,True,True,0.0032093912653161512
exact-index,random_forest,29,1,2100,energy_priority,599,470,False,True,True,0.0014915986084252178
exact-index,random_forest,29,1,2100,days_below_24_priority,19,19,True,True,True,0.0
exact-index,random_forest,29,1,2100,balanced,19,19,True,True,True,0.0
exact-index,shared_mtl_nn,29,1,2020,cost_priority,11,11,True,True,True,0.0
exact-index,shared_mtl_nn,29,1,2020,carbon_priority,3,3,True,True,True,0.0
exact-index,shared_mtl_nn,29,1,2020,energy_priority,494,470,False,True,True,0.0011295699057053158
exact-index,shared_mtl_nn,29,1,2020,days_below_24_priority,19,19,True,True,True,0.0
exact-index,shared_mtl_nn,29,1,2020,balanced,19,19,True,True,True,0.0
exact-index,shared_mtl_nn,29,1,2050,cost_priority,11,11,True,True,True,0.0
exact-index,shared_mtl_nn,29,1,2050,carbon_priority,11,11,True,True,True,0.0
exact-index,shared_mtl_nn,29,1,2050,energy_priority,470,599,False,True,False,0.001402164180262539
exact-index,shared_mtl_nn,29,1,2050,days_below_24_priority,19,19,True,True,True,0.0
exact-index,shared_mtl_nn,29,1,2050,balanced,19,19,True,True,True,0.0
exact-index,shared_mtl_nn,29,1,2100,cost_priority,11,11,True,True,True,0.0
exact-index,shared_mtl_nn,29,1,2100,carbon_priority,11,3,False,True,True,0.0032093912653161512
exact-index,shared_mtl_nn,29,1,2100,energy_priority,599,445,False,True,True,0.000295745618746225
exact-index,shared_mtl_nn,29,1,2100,days_below_24_priority,19,10,False,True,False,0.0017738462422750652
exact-index,shared_mtl_nn,29,1,2100,balanced,19,19,True,True,True,0.0
exact-index,shared_mtl_nn_mgda,29,1,2020,cost_priority,11,11,True,True,True,0.0
exact-index,shared_mtl_nn_mgda,29,1,2020,carbon_priority,3,3,True,True,True,0.0
exact-index,shared_mtl_nn_mgda,29,1,2020,energy_priority,494,599,False,True,True,0.000431367244471145
exact-index,shared_mtl_nn_mgda,29,1,2020,days_below_24_priority,19,19,True,True,True,0.0
exact-index,shared_mtl_nn_mgda,29,1,2020,balanced,19,19,True,True,True,0.0
exact-index,shared_mtl_nn_mgda,29,1,2050,cost_priority,11,11,True,True,True,0.0
exact-index,shared_mtl_nn_mgda,29,1,2050,carbon_priority,11,3,False,True,True,0.0015791656195890203
exact-index,shared_mtl_nn_mgda,29,1,2050,energy_priority,470,599,False,True,False,0.001402164180262539
exact-index,shared_mtl_nn_mgda,29,1,2050,days_below_24_priority,19,10,False,True,False,0.0022899278920420845
exact-index,shared_mtl_nn_mgda,29,1,2050,balanced,19,19,True,True,True,0.0
exact-index,shared_mtl_nn_mgda,29,1,2100,cost_priority,11,11,True,True,True,0.0
exact-index,shared_mtl_nn_mgda,29,1,2100,carbon_priority,11,11,True,True,True,0.0
exact-index,shared_mtl_nn_mgda,29,1,2100,energy_priority,599,445,False,True,True,0.000295745618746225
exact-index,shared_mtl_nn_mgda,29,1,2100,days_below_24_priority,19,19,True,True,True,0.0
exact-index,shared_mtl_nn_mgda,29,1,2100,balanced,19,19,True,True,True,0.0
exact-index,gradient_boosting,29,2,2020,cost_priority,2,2,True,True,False,0.0
exact-index,gradient_boosting,29,2,2020,carbon_priority,15,15,True,True,True,0.0
exact-index,gradient_boosting,29,2,2020,energy_priority,420,500,False,True,False,0.01720007095832949
exact-index,gradient_boosting,29,2,2020,days_below_24_priority,24,15,False,True,True,0.11093532275044123
exact-index,gradient_boosting,29,2,2020,balanced,24,15,False,True,True,0.027338306876103093
exact-index,gradient_boosting,29,2,2050,cost_priority,2,2,True,True,False,0.0
exact-index,gradient_boosting,29,2,2050,carbon_priority,15,15,True,True,True,0.0
exact-index,gradient_boosting,29,2,2050,energy_priority,625,625,True,True,True,0.0
exact-index,gradient_boosting,29,2,2050,days_below_24_priority,15,15,True,True,True,0.0
exact-index,gradient_boosting,29,2,2050,balanced,15,15,True,True,True,0.0
exact-index,gradient_boosting,29,2,2100,cost_priority,2,2,True,True,True,0.0
exact-index,gradient_boosting,29,2,2100,carbon_priority,15,15,True,True,True,0.0
exact-index,gradient_boosting,29,2,2100,energy_priority,600,625,False,True,True,3.0894534645006862e-06
exact-index,gradient_boosting,29,2,2100,days_below_24_priority,15,18,False,True,True,0.011866299841955266
exact-index,gradient_boosting,29,2,2100,balanced,15,18,False,True,True,0.006228249604888169
exact-index,independent_stl_nn,29,2,2020,cost_priority,2,5,False,True,True,0.02086656842797468
exact-index,independent_stl_nn,29,2,2020,carbon_priority,15,5,False,True,True,0.0025043326511396554
exact-index,independent_stl_nn,29,2,2020,energy_priority,420,500,False,True,False,0.01720007095832949
exact-index,independent_stl_nn,29,2,2020,days_below_24_priority,24,18,False,True,True,0.11182626514690451
exact-index,independent_stl_nn,29,2,2020,balanced,24,18,False,True,True,0.0295656628672613
exact-index,independent_stl_nn,29,2,2050,cost_priority,2,2,True,True,False,0.0
exact-index,independent_stl_nn,29,2,2050,carbon_priority,15,15,True,True,True,0.0
exact-index,independent_stl_nn,29,2,2050,energy_priority,625,625,True,True,True,0.0
exact-index,independent_stl_nn,29,2,2050,days_below_24_priority,15,15,True,True,True,0.0
exact-index,independent_stl_nn,29,2,2050,balanced,15,15,True,True,True,0.0
exact-index,independent_stl_nn,29,2,2100,cost_priority,2,2,True,True,True,0.0
exact-index,independent_stl_nn,29,2,2100,carbon_priority,15,15,True,True,True,0.0
exact-index,independent_stl_nn,29,2,2100,energy_priority,600,500,False,True,True,0.0013002733340846387
exact-index,independent_stl_nn,29,2,2100,days_below_24_priority,15,15,True,True,True,0.0
exact-index,independent_stl_nn,29,2,2100,balanced,15,15,True,True,True,0.0
exact-index,random_forest,29,2,2020,cost_priority,2,18,False,True,True,0.04273524444159914
exact-index,random_forest,29,2,2020,carbon_priority,15,15,True,True,True,0.0
exact-index,random_forest,29,2,2020,energy_priority,420,545,False,True,True,0.01052860535172262
exact-index,random_forest,29,2,2020,days_below_24_priority,24,134,False,True,True,0.03798145777281104
exact-index,random_forest,29,2,2020,balanced,24,18,False,True,True,0.0295656628672613
exact-index,random_forest,29,2,2050,cost_priority,2,2,True,True,False,0.0
exact-index,random_forest,29,2,2050,carbon_priority,15,5,False,True,True,0.004179097825327903
exact-index,random_forest,29,2,2050,energy_priority,625,600,False,True,True,0.004103954753529916
exact-index,random_forest,29,2,2050,days_below_24_priority,15,15,True,True,True,0.0
exact-index,random_forest,29,2,2050,balanced,15,15,True,True,True,0.0
exact-index,random_forest,29,2,2100,cost_priority,2,2,True,True,True,0.0
exact-index,random_forest,29,2,2100,carbon_priority,15,5,False,True,True,0.004107143531343133
exact-index,random_forest,29,2,2100,energy_priority,600,600,True,True,True,0.0
exact-index,random_forest,29,2,2100,days_below_24_priority,15,15,True,True,True,0.0
exact-index,random_forest,29,2,2100,balanced,15,15,True,True,True,0.0
exact-index,shared_mtl_nn,29,2,2020,cost_priority,2,5,False,True,True,0.02086656842797468
exact-index,shared_mtl_nn,29,2,2020,carbon_priority,15,15,True,True,True,0.0
exact-index,shared_mtl_nn,29,2,2020,energy_priority,420,420,True,True,True,0.0
exact-index,shared_mtl_nn,29,2,2020,days_below_24_priority,24,24,True,True,True,0.0
exact-index,shared_mtl_nn,29,2,2020,balanced,24,24,True,True,True,0.0
exact-index,shared_mtl_nn,29,2,2050,cost_priority,2,2,True,True,False,0.0
exact-index,shared_mtl_nn,29,2,2050,carbon_priority,15,15,True,True,True,0.0
exact-index,shared_mtl_nn,29,2,2050,energy_priority,625,625,True,True,True,0.0
exact-index,shared_mtl_nn,29,2,2050,days_below_24_priority,15,15,True,True,True,0.0
exact-index,shared_mtl_nn,29,2,2050,balanced,15,15,True,True,True,0.0
exact-index,shared_mtl_nn,29,2,2100,cost_priority,2,2,True,True,True,0.0
exact-index,shared_mtl_nn,29,2,2100,carbon_priority,15,5,False,True,True,0.004107143531343133
exact-index,shared_mtl_nn,29,2,2100,energy_priority,600,600,True,True,True,0.0
exact-index,shared_mtl_nn,29,2,2100,days_below_24_priority,15,15,True,True,True,0.0
exact-index,shared_mtl_nn,29,2,2100,balanced,15,15,True,True,True,0.0
exact-index,shared_mtl_nn_mgda,29,2,2020,cost_priority,2,18,False,True,True,0.04273524444159914
exact-index,shared_mtl_nn_mgda,29,2,2020,carbon_priority,15,15,True,True,True,0.0
exact-index,shared_mtl_nn_mgda,29,2,2020,energy_priority,420,500,False,True,False,0.01720007095832949
exact-index,shared_mtl_nn_mgda,29,2,2020,days_below_24_priority,24,24,True,True,True,0.0
exact-index,shared_mtl_nn_mgda,29,2,2020,balanced,24,24,True,True,True,0.0
exact-index,shared_mtl_nn_mgda,29,2,2050,cost_priority,2,2,True,True,False,0.0
exact-index,shared_mtl_nn_mgda,29,2,2050,carbon_priority,15,15,True,True,True,0.0
exact-index,shared_mtl_nn_mgda,29,2,2050,energy_priority,625,625,True,True,True,0.0
exact-index,shared_mtl_nn_mgda,29,2,2050,days_below_24_priority,15,275,False,True,True,0.02627351293392536
exact-index,shared_mtl_nn_mgda,29,2,2050,balanced,15,15,True,True,True,0.0
exact-index,shared_mtl_nn_mgda,29,2,2100,cost_priority,2,2,True,True,True,0.0
exact-index,shared_mtl_nn_mgda,29,2,2100,carbon_priority,15,15,True,True,True,0.0
exact-index,shared_mtl_nn_mgda,29,2,2100,energy_priority,600,625,False,True,True,3.0894534645006862e-06
exact-index,shared_mtl_nn_mgda,29,2,2100,days_below_24_priority,15,14,False,True,True,0.0018047037976856458
exact-index,shared_mtl_nn_mgda,29,2,2100,balanced,15,15,True,True,True,0.0
exact-index,gradient_boosting,29,3,2020,cost_priority,1,1,True,True,True,0.0
exact-index,gradient_boosting,29,3,2020,carbon_priority,25,25,True,True,True,0.0
exact-index,gradient_boosting,29,3,2020,energy_priority,469,549,False,True,False,0.005538349520088506
exact-index,gradient_boosting,29,3,2020,days_below_24_priority,25,25,True,True,True,0.0
exact-index,gradient_boosting,29,3,2020,balanced,25,25,True,True,True,0.0
exact-index,gradient_boosting,29,3,2050,cost_priority,1,1,True,True,True,0.0
exact-index,gradient_boosting,29,3,2050,carbon_priority,1,1,True,True,True,0.0
exact-index,gradient_boosting,29,3,2050,energy_priority,390,475,False,True,True,0.013691128552260151
exact-index,gradient_boosting,29,3,2050,days_below_24_priority,25,140,False,True,True,0.0005135709986911387
exact-index,gradient_boosting,29,3,2050,balanced,25,25,True,True,True,0.0
exact-index,gradient_boosting,29,3,2100,cost_priority,1,1,True,True,True,0.0
exact-index,gradient_boosting,29,3,2100,carbon_priority,1,1,True,True,True,0.0
exact-index,gradient_boosting,29,3,2100,energy_priority,225,200,False,True,True,0.0013552887020613726
exact-index,gradient_boosting,29,3,2100,days_below_24_priority,25,25,True,True,True,0.0
exact-index,gradient_boosting,29,3,2100,balanced,25,25,True,True,True,0.0
exact-index,independent_stl_nn,29,3,2020,cost_priority,1,1,True,True,True,0.0
exact-index,independent_stl_nn,29,3,2020,carbon_priority,25,25,True,True,True,0.0
exact-index,independent_stl_nn,29,3,2020,energy_priority,469,594,False,True,True,0.0011122750522361312
exact-index,independent_stl_nn,29,3,2020,days_below_24_priority,25,25,True,True,True,0.0
exact-index,independent_stl_nn,29,3,2020,balanced,25,25,True,True,True,0.0
exact-index,independent_stl_nn,29,3,2050,cost_priority,1,1,True,True,True,0.0
exact-index,independent_stl_nn,29,3,2050,carbon_priority,1,1,True,True,True,0.0
exact-index,independent_stl_nn,29,3,2050,energy_priority,390,390,True,True,True,0.0
exact-index,independent_stl_nn,29,3,2050,days_below_24_priority,25,140,False,True,True,0.0005135709986911387
exact-index,independent_stl_nn,29,3,2050,balanced,25,25,True,True,True,0.0
exact-index,independent_stl_nn,29,3,2100,cost_priority,1,1,True,True,True,0.0
exact-index,independent_stl_nn,29,3,2100,carbon_priority,1,1,True,True,True,0.0
exact-index,independent_stl_nn,29,3,2100,energy_priority,225,194,False,True,True,0.007587499761934968
exact-index,independent_stl_nn,29,3,2100,days_below_24_priority,25,25,True,True,True,0.0
exact-index,independent_stl_nn,29,3,2100,balanced,25,25,True,True,True,0.0
exact-index,random_forest,29,3,2020,cost_priority,1,1,True,True,True,0.0
exact-index,random_forest,29,3,2020,carbon_priority,25,25,True,True,True,0.0
exact-index,random_forest,29,3,2020,energy_priority,469,549,False,True,False,0.005538349520088506
exact-index,random_forest,29,3,2020,days_below_24_priority,25,25,True,True,True,0.0
exact-index,random_forest,29,3,2020,balanced,25,25,True,True,True,0.0
exact-index,random_forest,29,3,2050,cost_priority,1,1,True,True,True,0.0
exact-index,random_forest,29,3,2050,carbon_priority,1,1,True,True,True,0.0
exact-index,random_forest,29,3,2050,energy_priority,390,594,False,True,True,0.019116984414684457
exact-index,random_forest,29,3,2050,days_below_24_priority,25,140,False,True,True,0.0005135709986911387
exact-index,random_forest,29,3,2050,balanced,25,25,True,True,True,0.0
exact-index,random_forest,29,3,2100,cost_priority,1,1,True,True,True,0.0
exact-index,random_forest,29,3,2100,carbon_priority,1,1,True,True,True,0.0
exact-index,random_forest,29,3,2100,energy_priority,225,594,False,True,True,0.00924832076600606
exact-index,random_forest,29,3,2100,days_below_24_priority,25,25,True,True,True,0.0
exact-index,random_forest,29,3,2100,balanced,25,25,True,True,True,0.0
exact-index,shared_mtl_nn,29,3,2020,cost_priority,1,1,True,True,True,0.0
exact-index,shared_mtl_nn,29,3,2020,carbon_priority,25,1,False,True,True,0.019131028395385462
exact-index,shared_mtl_nn,29,3,2020,energy_priority,469,549,False,True,False,0.005538349520088506
exact-index,shared_mtl_nn,29,3,2020,days_below_24_priority,25,25,True,True,True,0.0
exact-index,shared_mtl_nn,29,3,2020,balanced,25,25,True,True,True,0.0
exact-index,shared_mtl_nn,29,3,2050,cost_priority,1,1,True,True,True,0.0
exact-index,shared_mtl_nn,29,3,2050,carbon_priority,1,1,True,True,True,0.0
exact-index,shared_mtl_nn,29,3,2050,energy_priority,390,515,False,True,True,0.00024060024887824478
exact-index,shared_mtl_nn,29,3,2050,days_below_24_priority,25,1,False,True,True,0.07321203018707513
exact-index,shared_mtl_nn,29,3,2050,balanced,25,25,True,True,True,0.0
exact-index,shared_mtl_nn,29,3,2100,cost_priority,1,1,True,True,True,0.0
exact-index,shared_mtl_nn,29,3,2100,carbon_priority,1,1,True,True,True,0.0
exact-index,shared_mtl_nn,29,3,2100,energy_priority,225,200,False,True,True,0.0013552887020613726
exact-index,shared_mtl_nn,29,3,2100,days_below_24_priority,25,25,True,True,True,0.0
exact-index,shared_mtl_nn,29,3,2100,balanced,25,25,True,True,True,0.0
exact-index,shared_mtl_nn_mgda,29,3,2020,cost_priority,1,1,True,True,True,0.0
exact-index,shared_mtl_nn_mgda,29,3,2020,carbon_priority,25,25,True,True,True,0.0
exact-index,shared_mtl_nn_mgda,29,3,2020,energy_priority,469,469,True,True,True,0.0
exact-index,shared_mtl_nn_mgda,29,3,2020,days_below_24_priority,25,25,True,True,True,0.0
exact-index,shared_mtl_nn_mgda,29,3,2020,balanced,25,25,True,True,True,0.0
exact-index,shared_mtl_nn_mgda,29,3,2050,cost_priority,1,1,True,True,True,0.0
exact-index,shared_mtl_nn_mgda,29,3,2050,carbon_priority,1,1,True,True,True,0.0
exact-index,shared_mtl_nn_mgda,29,3,2050,energy_priority,390,390,True,True,True,0.0
exact-index,shared_mtl_nn_mgda,29,3,2050,days_below_24_priority,25,140,False,True,True,0.0005135709986911387
exact-index,shared_mtl_nn_mgda,29,3,2050,balanced,25,25,True,True,True,0.0
exact-index,shared_mtl_nn_mgda,29,3,2100,cost_priority,1,1,True,True,True,0.0
exact-index,shared_mtl_nn_mgda,29,3,2100,carbon_priority,1,1,True,True,True,0.0
exact-index,shared_mtl_nn_mgda,29,3,2100,energy_priority,225,200,False,True,True,0.0013552887020613726
exact-index,shared_mtl_nn_mgda,29,3,2100,days_below_24_priority,25,25,True,True,True,0.0
exact-index,shared_mtl_nn_mgda,29,3,2100,balanced,25,25,True,True,True,0.0
exact-index,gradient_boosting,29,4,2020,cost_priority,16,26,False,True,True,0.020173169552088695
exact-index,gradient_boosting,29,4,2020,carbon_priority,23,23,True,True,True,0.0
exact-index,gradient_boosting,29,4,2020,energy_priority,419,569,False,True,True,0.01823511305375785
exact-index,gradient_boosting,29,4,2020,days_below_24_priority,20,20,True,True,True,0.0
exact-index,gradient_boosting,29,4,2020,balanced,20,20,True,True,True,0.0
exact-index,gradient_boosting,29,4,2050,cost_priority,16,16,True,True,True,0.0
exact-index,gradient_boosting,29,4,2050,carbon_priority,23,23,True,True,True,0.0
exact-index,gradient_boosting,29,4,2050,energy_priority,395,620,False,True,True,0.0052507868318217715
exact-index,gradient_boosting,29,4,2050,days_below_24_priority,23,20,False,True,True,0.0025434732218954695
exact-index,gradient_boosting,29,4,2050,balanced,23,23,True,True,True,0.0
exact-index,gradient_boosting,29,4,2100,cost_priority,16,16,True,True,True,0.0
exact-index,gradient_boosting,29,4,2100,carbon_priority,23,23,True,True,True,0.0
exact-index,gradient_boosting,29,4,2100,energy_priority,620,495,False,True,True,0.0038747861315080487
exact-index,gradient_boosting,29,4,2100,days_below_24_priority,20,20,True,True,True,0.0
exact-index,gradient_boosting,29,4,2100,balanced,23,23,True,True,True,0.0
exact-index,independent_stl_nn,29,4,2020,cost_priority,16,16,True,True,True,0.0
exact-index,independent_stl_nn,29,4,2020,carbon_priority,23,23,True,True,True,0.0
exact-index,independent_stl_nn,29,4,2020,energy_priority,419,449,False,True,True,0.01030104397898318
exact-index,independent_stl_nn,29,4,2020,days_below_24_priority,20,23,False,True,True,0.11321736929684373
exact-index,independent_stl_nn,29,4,2020,balanced,20,23,False,True,True,0.03304342324210936
exact-index,independent_stl_nn,29,4,2050,cost_priority,16,16,True,True,True,0.0
exact-index,independent_stl_nn,29,4,2050,carbon_priority,23,23,True,True,True,0.0
exact-index,independent_stl_nn,29,4,2050,energy_priority,395,395,True,True,True,0.0
exact-index,independent_stl_nn,29,4,2050,days_below_24_priority,23,23,True,True,True,0.0
exact-index,independent_stl_nn,29,4,2050,balanced,23,23,True,True,True,0.0
exact-index,independent_stl_nn,29,4,2100,cost_priority,16,16,True,True,True,0.0
exact-index,independent_stl_nn,29,4,2100,carbon_priority,23,23,True,True,True,0.0
exact-index,independent_stl_nn,29,4,2100,energy_priority,620,620,True,True,True,0.0
exact-index,independent_stl_nn,29,4,2100,days_below_24_priority,20,16,False,True,True,0.06020272915337432
exact-index,independent_stl_nn,29,4,2100,balanced,23,20,False,True,True,0.004467291924433146
exact-index,random_forest,29,4,2020,cost_priority,16,26,False,True,True,0.020173169552088695
exact-index,random_forest,29,4,2020,carbon_priority,23,23,True,True,True,0.0
exact-index,random_forest,29,4,2020,energy_priority,419,569,False,True,True,0.01823511305375785
exact-index,random_forest,29,4,2020,days_below_24_priority,20,20,True,True,True,0.0
exact-index,random_forest,29,4,2020,balanced,20,20,True,True,True,0.0
exact-index,random_forest,29,4,2050,cost_priority,16,16,True,True,True,0.0
exact-index,random_forest,29,4,2050,carbon_priority,23,23,True,True,True,0.0
exact-index,random_forest,29,4,2050,energy_priority,395,620,False,True,True,0.0052507868318217715
exact-index,random_forest,29,4,2050,days_below_24_priority,23,23,True,True,True,0.0
exact-index,random_forest,29,4,2050,balanced,23,23,True,True,True,0.0
exact-index,random_forest,29,4,2100,cost_priority,16,16,True,True,True,0.0
exact-index,random_forest,29,4,2100,carbon_priority,23,23,True,True,True,0.0
exact-index,random_forest,29,4,2100,energy_priority,620,620,True,True,True,0.0
exact-index,random_forest,29,4,2100,days_below_24_priority,20,20,True,True,True,0.0
exact-index,random_forest,29,4,2100,balanced,23,23,True,True,True,0.0
exact-index,shared_mtl_nn,29,4,2020,cost_priority,16,26,False,True,True,0.020173169552088695
exact-index,shared_mtl_nn,29,4,2020,carbon_priority,23,23,True,True,True,0.0
exact-index,shared_mtl_nn,29,4,2020,energy_priority,419,449,False,True,True,0.01030104397898318
exact-index,shared_mtl_nn,29,4,2020,days_below_24_priority,20,20,True,True,True,0.0
exact-index,shared_mtl_nn,29,4,2020,balanced,20,20,True,True,True,0.0
exact-index,shared_mtl_nn,29,4,2050,cost_priority,16,16,True,True,True,0.0
exact-index,shared_mtl_nn,29,4,2050,carbon_priority,23,23,True,True,True,0.0
exact-index,shared_mtl_nn,29,4,2050,energy_priority,395,395,True,True,True,0.0
exact-index,shared_mtl_nn,29,4,2050,days_below_24_priority,23,20,False,True,True,0.0025434732218954695
exact-index,shared_mtl_nn,29,4,2050,balanced,23,23,True,True,True,0.0
exact-index,shared_mtl_nn,29,4,2100,cost_priority,16,16,True,True,True,0.0
exact-index,shared_mtl_nn,29,4,2100,carbon_priority,23,23,True,True,True,0.0
exact-index,shared_mtl_nn,29,4,2100,energy_priority,620,569,False,True,True,0.004406345873038932
exact-index,shared_mtl_nn,29,4,2100,days_below_24_priority,20,20,True,True,True,0.0
exact-index,shared_mtl_nn,29,4,2100,balanced,23,20,False,True,True,0.004467291924433146
exact-index,shared_mtl_nn_mgda,29,4,2020,cost_priority,16,16,True,True,True,0.0
exact-index,shared_mtl_nn_mgda,29,4,2020,carbon_priority,23,23,True,True,True,0.0
exact-index,shared_mtl_nn_mgda,29,4,2020,energy_priority,419,569,False,True,True,0.01823511305375785
exact-index,shared_mtl_nn_mgda,29,4,2020,days_below_24_priority,20,20,True,True,True,0.0
exact-index,shared_mtl_nn_mgda,29,4,2020,balanced,20,20,True,True,True,0.0
exact-index,shared_mtl_nn_mgda,29,4,2050,cost_priority,16,16,True,True,True,0.0
exact-index,shared_mtl_nn_mgda,29,4,2050,carbon_priority,23,23,True,True,True,0.0
exact-index,shared_mtl_nn_mgda,29,4,2050,energy_priority,395,520,False,True,True,0.006061268835580992
exact-index,shared_mtl_nn_mgda,29,4,2050,days_below_24_priority,23,20,False,True,True,0.0025434732218954695
exact-index,shared_mtl_nn_mgda,29,4,2050,balanced,23,20,False,True,True,0.006358683054738672
exact-index,shared_mtl_nn_mgda,29,4,2100,cost_priority,16,16,True,True,True,0.0
exact-index,shared_mtl_nn_mgda,29,4,2100,carbon_priority,23,23,True,True,True,0.0
exact-index,shared_mtl_nn_mgda,29,4,2100,energy_priority,620,495,False,True,True,0.0038747861315080487
exact-index,shared_mtl_nn_mgda,29,4,2100,days_below_24_priority,20,23,False,True,True,0.007303992321135832
exact-index,shared_mtl_nn_mgda,29,4,2100,balanced,23,23,True,True,True,0.0
exact-index,gradient_boosting,29,5,2020,cost_priority,101,101,True,True,False,0.0
exact-index,gradient_boosting,29,5,2020,carbon_priority,13,13,True,True,True,0.0
exact-index,gradient_boosting,29,5,2020,energy_priority,550,575,False,True,True,0.00537823097635898
exact-index,gradient_boosting,29,5,2020,days_below_24_priority,143,143,True,True,True,0.0
exact-index,gradient_boosting,29,5,2020,balanced,13,13,True,True,True,0.0
exact-index,gradient_boosting,29,5,2050,cost_priority,101,101,True,True,False,0.0
exact-index,gradient_boosting,29,5,2050,carbon_priority,13,13,True,True,True,0.0
exact-index,gradient_boosting,29,5,2050,energy_priority,394,394,True,True,True,0.0
exact-index,gradient_boosting,29,5,2050,days_below_24_priority,150,13,False,True,True,0.0031420327411887617
exact-index,gradient_boosting,29,5,2050,balanced,13,13,True,True,True,0.0
exact-index,gradient_boosting,29,5,2100,cost_priority,101,101,True,True,False,0.0
exact-index,gradient_boosting,29,5,2100,carbon_priority,13,13,True,True,True,0.0
exact-index,gradient_boosting,29,5,2100,energy_priority,574,575,False,True,True,0.00044224804579811206
exact-index,gradient_boosting,29,5,2100,days_below_24_priority,13,9,False,True,True,0.002014098545605124
exact-index,gradient_boosting,29,5,2100,balanced,13,13,True,True,True,0.0
exact-index,independent_stl_nn,29,5,2020,cost_priority,101,101,True,True,False,0.0
exact-index,independent_stl_nn,29,5,2020,carbon_priority,13,101,False,True,False,0.10092473205103297
exact-index,independent_stl_nn,29,5,2020,energy_priority,550,450,False,True,True,0.010058912964898654
exact-index,independent_stl_nn,29,5,2020,days_below_24_priority,143,143,True,True,True,0.0
exact-index,independent_stl_nn,29,5,2020,balanced,13,9,False,True,False,0.03673172454956252
exact-index,independent_stl_nn,29,5,2050,cost_priority,101,101,True,True,False,0.0
exact-index,independent_stl_nn,29,5,2050,carbon_priority,13,13,True,True,True,0.0
exact-index,independent_stl_nn,29,5,2050,energy_priority,394,595,False,True,True,0.00304109548325468
exact-index,independent_stl_nn,29,5,2050,days_below_24_priority,150,150,True,True,True,0.0
exact-index,independent_stl_nn,29,5,2050,balanced,13,13,True,True,True,0.0
exact-index,independent_stl_nn,29,5,2100,cost_priority,101,101,True,True,False,0.0
exact-index,independent_stl_nn,29,5,2100,carbon_priority,13,13,True,True,True,0.0
exact-index,independent_stl_nn,29,5,2100,energy_priority,574,595,False,True,True,0.0014265262475078797
exact-index,independent_stl_nn,29,5,2100,days_below_24_priority,13,9,False,True,True,0.002014098545605124
exact-index,independent_stl_nn,29,5,2100,balanced,13,13,True,True,True,0.0
exact-index,random_forest,29,5,2020,cost_priority,101,101,True,True,False,0.0
exact-index,random_forest,29,5,2020,carbon_priority,13,13,True,True,True,0.0
exact-index,random_forest,29,5,2020,energy_priority,550,595,False,True,False,0.01776282762285029
exact-index,random_forest,29,5,2020,days_below_24_priority,143,150,False,True,True,0.003697410799688988
exact-index,random_forest,29,5,2020,balanced,13,13,True,True,True,0.0
exact-index,random_forest,29,5,2050,cost_priority,101,101,True,True,False,0.0
exact-index,random_forest,29,5,2050,carbon_priority,13,13,True,True,True,0.0
exact-index,random_forest,29,5,2050,energy_priority,394,575,False,True,True,0.00450794537319793
exact-index,random_forest,29,5,2050,days_below_24_priority,150,150,True,True,True,0.0
exact-index,random_forest,29,5,2050,balanced,13,13,True,True,True,0.0
exact-index,random_forest,29,5,2100,cost_priority,101,101,True,True,False,0.0
exact-index,random_forest,29,5,2100,carbon_priority,13,13,True,True,True,0.0
exact-index,random_forest,29,5,2100,energy_priority,574,595,False,True,True,0.0014265262475078797
exact-index,random_forest,29,5,2100,days_below_24_priority,13,9,False,True,True,0.002014098545605124
exact-index,random_forest,29,5,2100,balanced,13,13,True,True,True,0.0
exact-index,shared_mtl_nn,29,5,2020,cost_priority,101,101,True,True,False,0.0
exact-index,shared_mtl_nn,29,5,2020,carbon_priority,13,13,True,True,True,0.0
exact-index,shared_mtl_nn,29,5,2020,energy_priority,550,544,False,True,True,0.010526525970323462
exact-index,shared_mtl_nn,29,5,2020,days_below_24_priority,143,13,False,True,True,0.07640173249080333
exact-index,shared_mtl_nn,29,5,2020,balanced,13,13,True,True,True,0.0
exact-index,shared_mtl_nn,29,5,2050,cost_priority,101,101,True,True,False,0.0
exact-index,shared_mtl_nn,29,5,2050,carbon_priority,13,13,True,True,True,0.0
exact-index,shared_mtl_nn,29,5,2050,energy_priority,394,595,False,True,True,0.00304109548325468
exact-index,shared_mtl_nn,29,5,2050,days_below_24_priority,150,13,False,True,True,0.0031420327411887617
exact-index,shared_mtl_nn,29,5,2050,balanced,13,13,True,True,True,0.0
exact-index,shared_mtl_nn,29,5,2100,cost_priority,101,101,True,True,False,0.0
exact-index,shared_mtl_nn,29,5,2100,carbon_priority,13,13,True,True,True,0.0
exact-index,shared_mtl_nn,29,5,2100,energy_priority,574,595,False,True,True,0.0014265262475078797
exact-index,shared_mtl_nn,29,5,2100,days_below_24_priority,13,9,False,True,True,0.002014098545605124
exact-index,shared_mtl_nn,29,5,2100,balanced,13,13,True,True,True,0.0
exact-index,shared_mtl_nn_mgda,29,5,2020,cost_priority,101,41,False,True,True,0.0047253397736422
exact-index,shared_mtl_nn_mgda,29,5,2020,carbon_priority,13,13,True,True,True,0.0
exact-index,shared_mtl_nn_mgda,29,5,2020,energy_priority,550,575,False,True,True,0.00537823097635898
exact-index,shared_mtl_nn_mgda,29,5,2020,days_below_24_priority,143,143,True,True,True,0.0
exact-index,shared_mtl_nn_mgda,29,5,2020,balanced,13,9,False,True,False,0.03673172454956252
exact-index,shared_mtl_nn_mgda,29,5,2050,cost_priority,101,101,True,True,False,0.0
exact-index,shared_mtl_nn_mgda,29,5,2050,carbon_priority,13,13,True,True,True,0.0
exact-index,shared_mtl_nn_mgda,29,5,2050,energy_priority,394,394,True,True,True,0.0
exact-index,shared_mtl_nn_mgda,29,5,2050,days_below_24_priority,150,150,True,True,True,0.0
exact-index,shared_mtl_nn_mgda,29,5,2050,balanced,13,13,True,True,True,0.0
exact-index,shared_mtl_nn_mgda,29,5,2100,cost_priority,101,101,True,True,False,0.0
exact-index,shared_mtl_nn_mgda,29,5,2100,carbon_priority,13,13,True,True,True,0.0
exact-index,shared_mtl_nn_mgda,29,5,2100,energy_priority,574,575,False,True,True,0.00044224804579811206
exact-index,shared_mtl_nn_mgda,29,5,2100,days_below_24_priority,13,9,False,True,True,0.002014098545605124
exact-index,shared_mtl_nn_mgda,29,5,2100,balanced,13,13,True,True,True,0.0
exact-index,gradient_boosting,43,1,2020,cost_priority,1,1,True,True,True,0.0
exact-index,gradient_boosting,43,1,2020,carbon_priority,13,13,True,True,True,0.0
exact-index,gradient_boosting,43,1,2020,energy_priority,419,600,False,True,True,0.0031109304947013485
exact-index,gradient_boosting,43,1,2020,days_below_24_priority,145,145,True,True,True,0.0
exact-index,gradient_boosting,43,1,2020,balanced,13,14,False,True,True,0.01565665835388912
exact-index,gradient_boosting,43,1,2050,cost_priority,1,1,True,True,True,0.0
exact-index,gradient_boosting,43,1,2050,carbon_priority,1,1,True,True,True,0.0
exact-index,gradient_boosting,43,1,2050,energy_priority,525,600,False,True,True,0.014612810268811074
exact-index,gradient_boosting,43,1,2050,days_below_24_priority,23,14,False,True,True,0.0004031854218698893
exact-index,gradient_boosting,43,1,2050,balanced,13,13,True,True,True,0.0
exact-index,gradient_boosting,43,1,2100,cost_priority,1,1,True,True,True,0.0
exact-index,gradient_boosting,43,1,2100,carbon_priority,1,1,True,True,True,0.0
exact-index,gradient_boosting,43,1,2100,energy_priority,225,574,False,True,True,0.0057139522299492675
exact-index,gradient_boosting,43,1,2100,days_below_24_priority,14,14,True,True,True,0.0
exact-index,gradient_boosting,43,1,2100,balanced,13,13,True,True,True,0.0
exact-index,independent_stl_nn,43,1,2020,cost_priority,1,1,True,True,True,0.0
exact-index,independent_stl_nn,43,1,2020,carbon_priority,13,13,True,True,True,0.0
exact-index,independent_stl_nn,43,1,2020,energy_priority,419,444,False,True,True,0.010831407152581879
exact-index,independent_stl_nn,43,1,2020,days_below_24_priority,145,145,True,True,True,0.0
exact-index,independent_stl_nn,43,1,2020,balanced,13,13,True,True,True,0.0
exact-index,independent_stl_nn,43,1,2050,cost_priority,1,1,True,True,True,0.0
exact-index,independent_stl_nn,43,1,2050,carbon_priority,1,1,True,True,True,0.0
exact-index,independent_stl_nn,43,1,2050,energy_priority,525,520,False,True,True,0.003664598163701862
exact-index,independent_stl_nn,43,1,2050,days_below_24_priority,23,21,False,True,True,0.052673069251792326
exact-index,independent_stl_nn,43,1,2050,balanced,13,13,True,True,True,0.0
exact-index,independent_stl_nn,43,1,2100,cost_priority,1,1,True,True,True,0.0
exact-index,independent_stl_nn,43,1,2100,carbon_priority,1,1,True,True,True,0.0
exact-index,independent_stl_nn,43,1,2100,energy_priority,225,520,False,True,True,0.02150599127458931
exact-index,independent_stl_nn,43,1,2100,days_below_24_priority,14,21,False,True,True,0.0599215030494376
exact-index,independent_stl_nn,43,1,2100,balanced,13,13,True,True,True,0.0
exact-index,random_forest,43,1,2020,cost_priority,1,1,True,True,True,0.0
exact-index,random_forest,43,1,2020,carbon_priority,13,13,True,True,True,0.0
exact-index,random_forest,43,1,2020,energy_priority,419,600,False,True,True,0.0031109304947013485
exact-index,random_forest,43,1,2020,days_below_24_priority,145,145,True,True,True,0.0
exact-index,random_forest,43,1,2020,balanced,13,23,False,True,True,0.01088733092295677
exact-index,random_forest,43,1,2050,cost_priority,1,1,True,True,True,0.0
exact-index,random_forest,43,1,2050,carbon_priority,1,1,True,True,True,0.0
exact-index,random_forest,43,1,2050,energy_priority,525,600,False,True,True,0.014612810268811074
exact-index,random_forest,43,1,2050,days_below_24_priority,23,23,True,True,True,0.0
exact-index,random_forest,43,1,2050,balanced,13,21,False,True,True,0.04006761080564156
exact-index,random_forest,43,1,2100,cost_priority,1,1,True,True,True,0.0
exact-index,random_forest,43,1,2100,carbon_priority,1,1,True,True,True,0.0
exact-index,random_forest,43,1,2100,energy_priority,225,600,False,True,True,0.0059257369996856156
exact-index,random_forest,43,1,2100,days_below_24_priority,14,14,True,True,True,0.0
exact-index,random_forest,43,1,2100,balanced,13,21,False,True,True,0.03856423823175103
exact-index,shared_mtl_nn,43,1,2020,cost_priority,1,1,True,True,True,0.0
exact-index,shared_mtl_nn,43,1,2020,carbon_priority,13,13,True,True,True,0.0
exact-index,shared_mtl_nn,43,1,2020,energy_priority,419,444,False,True,True,0.010831407152581879
exact-index,shared_mtl_nn,43,1,2020,days_below_24_priority,145,145,True,True,True,0.0
exact-index,shared_mtl_nn,43,1,2020,balanced,13,13,True,True,True,0.0
exact-index,shared_mtl_nn,43,1,2050,cost_priority,1,1,True,True,True,0.0
exact-index,shared_mtl_nn,43,1,2050,carbon_priority,1,13,False,True,True,0.0022551877874812864
exact-index,shared_mtl_nn,43,1,2050,energy_priority,525,519,False,True,True,0.004379599603700729
exact-index,shared_mtl_nn,43,1,2050,days_below_24_priority,23,14,False,True,True,0.0004031854218698893
exact-index,shared_mtl_nn,43,1,2050,balanced,13,13,True,True,True,0.0
exact-index,shared_mtl_nn,43,1,2100,cost_priority,1,1,True,True,True,0.0
exact-index,shared_mtl_nn,43,1,2100,carbon_priority,1,1,True,True,True,0.0
exact-index,shared_mtl_nn,43,1,2100,energy_priority,225,600,False,True,True,0.0059257369996856156
exact-index,shared_mtl_nn,43,1,2100,days_below_24_priority,14,14,True,True,True,0.0
exact-index,shared_mtl_nn,43,1,2100,balanced,13,13,True,True,True,0.0
exact-index,shared_mtl_nn_mgda,43,1,2020,cost_priority,1,1,True,True,True,0.0
exact-index,shared_mtl_nn_mgda,43,1,2020,carbon_priority,13,1,False,True,True,0.04024639813031898
exact-index,shared_mtl_nn_mgda,43,1,2020,energy_priority,419,444,False,True,True,0.010831407152581879
exact-index,shared_mtl_nn_mgda,43,1,2020,days_below_24_priority,145,1,False,True,True,0.444064413291913
exact-index,shared_mtl_nn_mgda,43,1,2020,balanced,13,23,False,True,True,0.01088733092295677
exact-index,shared_mtl_nn_mgda,43,1,2050,cost_priority,1,1,True,True,True,0.0
exact-index,shared_mtl_nn_mgda,43,1,2050,carbon_priority,1,1,True,True,True,0.0
exact-index,shared_mtl_nn_mgda,43,1,2050,energy_priority,525,600,False,True,True,0.014612810268811074
exact-index,shared_mtl_nn_mgda,43,1,2050,days_below_24_priority,23,1,False,True,True,0.07669293433915912
exact-index,shared_mtl_nn_mgda,43,1,2050,balanced,13,13,True,True,True,0.0
exact-index,shared_mtl_nn_mgda,43,1,2100,cost_priority,1,1,True,True,True,0.0
exact-index,shared_mtl_nn_mgda,43,1,2100,carbon_priority,1,1,True,True,True,0.0
exact-index,shared_mtl_nn_mgda,43,1,2100,energy_priority,225,225,True,True,True,0.0
exact-index,shared_mtl_nn_mgda,43,1,2100,days_below_24_priority,14,14,True,True,True,0.0
exact-index,shared_mtl_nn_mgda,43,1,2100,balanced,13,13,True,True,True,0.0
exact-index,gradient_boosting,43,2,2020,cost_priority,2,4,False,True,True,0.008600252935962971
exact-index,gradient_boosting,43,2,2020,carbon_priority,2,2,True,True,False,0.0
exact-index,gradient_boosting,43,2,2020,energy_priority,620,545,False,True,True,0.00337189258893518
exact-index,gradient_boosting,43,2,2020,days_below_24_priority,143,143,True,True,True,0.0
exact-index,gradient_boosting,43,2,2020,balanced,4,4,True,True,True,0.0
exact-index,gradient_boosting,43,2,2050,cost_priority,76,76,True,True,True,0.0
exact-index,gradient_boosting,43,2,2050,carbon_priority,2,2,True,True,False,0.0
exact-index,gradient_boosting,43,2,2050,energy_priority,395,395,True,True,True,0.0
exact-index,gradient_boosting,43,2,2050,days_below_24_priority,143,270,False,True,True,0.00576647841131607
exact-index,gradient_boosting,43,2,2050,balanced,4,4,True,True,True,0.0
exact-index,gradient_boosting,43,2,2100,cost_priority,76,76,True,True,False,0.0
exact-index,gradient_boosting,43,2,2100,carbon_priority,2,2,True,True,True,0.0
exact-index,gradient_boosting,43,2,2100,energy_priority,620,250,False,True,True,0.0013530417113595565
exact-index,gradient_boosting,43,2,2100,days_below_24_priority,270,143,False,True,True,0.0017199272430446922
exact-index,gradient_boosting,43,2,2100,balanced,4,4,True,True,True,0.0
exact-index,independent_stl_nn,43,2,2020,cost_priority,2,2,True,True,False,0.0
exact-index,independent_stl_nn,43,2,2020,carbon_priority,2,2,True,True,False,0.0
exact-index,independent_stl_nn,43,2,2020,energy_priority,620,545,False,True,True,0.00337189258893518
exact-index,independent_stl_nn,43,2,2020,days_below_24_priority,143,2,False,True,False,0.09624443317339916
exact-index,independent_stl_nn,43,2,2020,balanced,4,2,False,True,False,0.006475743165221573
exact-index,independent_stl_nn,43,2,2050,cost_priority,76,76,True,True,True,0.0
exact-index,independent_stl_nn,43,2,2050,carbon_priority,2,2,True,True,False,0.0
exact-index,independent_stl_nn,43,2,2050,energy_priority,395,395,True,True,True,0.0
exact-index,independent_stl_nn,43,2,2050,days_below_24_priority,143,2,False,True,False,0.026291207445435203
exact-index,independent_stl_nn,43,2,2050,balanced,4,2,False,True,False,0.01082813396358327
exact-index,independent_stl_nn,43,2,2100,cost_priority,76,76,True,True,False,0.0
exact-index,independent_stl_nn,43,2,2100,carbon_priority,2,2,True,True,True,0.0
exact-index,independent_stl_nn,43,2,2100,energy_priority,620,450,False,True,True,0.005287728143096732
exact-index,independent_stl_nn,43,2,2100,days_below_24_priority,270,143,False,True,True,0.0017199272430446922
exact-index,independent_stl_nn,43,2,2100,balanced,4,4,True,True,True,0.0
exact-index,random_forest,43,2,2020,cost_priority,2,76,False,True,True,0.029124358717131385
exact-index,random_forest,43,2,2020,carbon_priority,2,2,True,True,False,0.0
exact-index,random_forest,43,2,2020,energy_priority,620,545,False,True,True,0.00337189258893518
exact-index,random_forest,43,2,2020,days_below_24_priority,143,273,False,True,True,0.017169048599554995
exact-index,random_forest,43,2,2020,balanced,4,143,False,True,True,0.015864660231723636
exact-index,random_forest,43,2,2050,cost_priority,76,76,True,True,True,0.0
exact-index,random_forest,43,2,2050,carbon_priority,2,2,True,True,False,0.0
exact-index,random_forest,43,2,2050,energy_priority,395,620,False,True,True,0.0027894615835772074
exact-index,random_forest,43,2,2050,days_below_24_priority,143,143,True,True,True,0.0
exact-index,random_forest,43,2,2050,balanced,4,4,True,True,True,0.0
exact-index,random_forest,43,2,2100,cost_priority,76,76,True,True,False,0.0
exact-index,random_forest,43,2,2100,carbon_priority,2,2,True,True,True,0.0
exact-index,random_forest,43,2,2100,energy_priority,620,620,True,True,True,0.0
exact-index,random_forest,43,2,2100,days_below_24_priority,270,143,False,True,True,0.0017199272430446922
exact-index,random_forest,43,2,2100,balanced,4,4,True,True,True,0.0
exact-index,shared_mtl_nn,43,2,2020,cost_priority,2,2,True,True,False,0.0
exact-index,shared_mtl_nn,43,2,2020,carbon_priority,2,2,True,True,False,0.0
exact-index,shared_mtl_nn,43,2,2020,energy_priority,620,620,True,True,True,0.0
exact-index,shared_mtl_nn,43,2,2020,days_below_24_priority,143,2,False,True,False,0.09624443317339916
exact-index,shared_mtl_nn,43,2,2020,balanced,4,2,False,True,False,0.006475743165221573
exact-index,shared_mtl_nn,43,2,2050,cost_priority,76,76,True,True,True,0.0
exact-index,shared_mtl_nn,43,2,2050,carbon_priority,2,2,True,True,False,0.0
exact-index,shared_mtl_nn,43,2,2050,energy_priority,395,395,True,True,True,0.0
exact-index,shared_mtl_nn,43,2,2050,days_below_24_priority,143,143,True,True,True,0.0
exact-index,shared_mtl_nn,43,2,2050,balanced,4,4,True,True,True,0.0
exact-index,shared_mtl_nn,43,2,2100,cost_priority,76,76,True,True,False,0.0
exact-index,shared_mtl_nn,43,2,2100,carbon_priority,2,2,True,True,True,0.0
exact-index,shared_mtl_nn,43,2,2100,energy_priority,620,450,False,True,True,0.005287728143096732
exact-index,shared_mtl_nn,43,2,2100,days_below_24_priority,270,143,False,True,True,0.0017199272430446922
exact-index,shared_mtl_nn,43,2,2100,balanced,4,4,True,True,True,0.0
exact-index,shared_mtl_nn_mgda,43,2,2020,cost_priority,2,2,True,True,False,0.0
exact-index,shared_mtl_nn_mgda,43,2,2020,carbon_priority,2,2,True,True,False,0.0
exact-index,shared_mtl_nn_mgda,43,2,2020,energy_priority,620,620,True,True,True,0.0
exact-index,shared_mtl_nn_mgda,43,2,2020,days_below_24_priority,143,130,False,True,False,0.011485952001288486
exact-index,shared_mtl_nn_mgda,43,2,2020,balanced,4,2,False,True,False,0.006475743165221573
exact-index,shared_mtl_nn_mgda,43,2,2050,cost_priority,76,76,True,True,True,0.0
exact-index,shared_mtl_nn_mgda,43,2,2050,carbon_priority,2,2,True,True,False,0.0
exact-index,shared_mtl_nn_mgda,43,2,2050,energy_priority,395,395,True,True,True,0.0
exact-index,shared_mtl_nn_mgda,43,2,2050,days_below_24_priority,143,268,False,True,True,0.01711105144809007
exact-index,shared_mtl_nn_mgda,43,2,2050,balanced,4,4,True,True,True,0.0
exact-index,shared_mtl_nn_mgda,43,2,2100,cost_priority,76,76,True,True,False,0.0
exact-index,shared_mtl_nn_mgda,43,2,2100,carbon_priority,2,2,True,True,True,0.0
exact-index,shared_mtl_nn_mgda,43,2,2100,energy_priority,620,620,True,True,True,0.0
exact-index,shared_mtl_nn_mgda,43,2,2100,days_below_24_priority,270,143,False,True,True,0.0017199272430446922
exact-index,shared_mtl_nn_mgda,43,2,2100,balanced,4,4,True,True,True,0.0
exact-index,gradient_boosting,43,3,2020,cost_priority,3,3,True,True,True,0.0
exact-index,gradient_boosting,43,3,2020,carbon_priority,3,3,True,True,True,0.0
exact-index,gradient_boosting,43,3,2020,energy_priority,625,500,False,True,False,0.014430024594017293
exact-index,gradient_boosting,43,3,2020,days_below_24_priority,24,138,False,True,True,0.026955972727453578
exact-index,gradient_boosting,43,3,2020,balanced,24,24,True,True,True,0.0
exact-index,gradient_boosting,43,3,2050,cost_priority,51,51,True,True,True,0.0
exact-index,gradient_boosting,43,3,2050,carbon_priority,3,3,True,True,True,0.0
exact-index,gradient_boosting,43,3,2050,energy_priority,625,625,True,True,True,0.0
exact-index,gradient_boosting,43,3,2050,days_below_24_priority,139,24,False,True,False,0.0009769021237161217
exact-index,gradient_boosting,43,3,2050,balanced,24,24,True,True,False,0.0
exact-index,gradient_boosting,43,3,2100,cost_priority,51,51,True,True,True,0.0
exact-index,gradient_boosting,43,3,2100,carbon_priority,3,3,True,True,True,0.0
exact-index,gradient_boosting,43,3,2100,energy_priority,625,625,True,True,True,0.0
exact-index,gradient_boosting,43,3,2100,days_below_24_priority,24,24,True,True,False,0.0
exact-index,gradient_boosting,43,3,2100,balanced,24,24,True,True,False,0.0
exact-index,independent_stl_nn,43,3,2020,cost_priority,3,3,True,True,True,0.0
exact-index,independent_stl_nn,43,3,2020,carbon_priority,3,3,True,True,True,0.0
exact-index,independent_stl_nn,43,3,2020,energy_priority,625,625,True,True,True,0.0
exact-index,independent_stl_nn,43,3,2020,days_below_24_priority,24,24,True,True,True,0.0
exact-index,independent_stl_nn,43,3,2020,balanced,24,24,True,True,True,0.0
exact-index,independent_stl_nn,43,3,2050,cost_priority,51,51,True,True,True,0.0
exact-index,independent_stl_nn,43,3,2050,carbon_priority,3,3,True,True,True,0.0
exact-index,independent_stl_nn,43,3,2050,energy_priority,625,400,False,True,True,0.0024569848531511562
exact-index,independent_stl_nn,43,3,2050,days_below_24_priority,139,12,False,True,False,0.014990650234653121
exact-index,independent_stl_nn,43,3,2050,balanced,24,12,False,True,False,0.0024256746251685828
exact-index,independent_stl_nn,43,3,2100,cost_priority,51,51,True,True,True,0.0
exact-index,independent_stl_nn,43,3,2100,carbon_priority,3,3,True,True,True,0.0
exact-index,independent_stl_nn,43,3,2100,energy_priority,625,570,False,True,True,0.001953989617568086
exact-index,independent_stl_nn,43,3,2100,days_below_24_priority,24,12,False,True,False,0.020437648976236795
exact-index,independent_stl_nn,43,3,2100,balanced,24,12,False,True,False,0.004219122440591992
exact-index,random_forest,43,3,2020,cost_priority,3,51,False,True,True,0.03298168597429706
exact-index,random_forest,43,3,2020,carbon_priority,3,3,True,True,True,0.0
exact-index,random_forest,43,3,2020,energy_priority,625,625,True,True,True,0.0
exact-index,random_forest,43,3,2020,days_below_24_priority,24,139,False,True,True,0.0298305651618626
exact-index,random_forest,43,3,2020,balanced,24,24,True,True,True,0.0
exact-index,random_forest,43,3,2050,cost_priority,51,3,False,True,True,0.00921678337168645
exact-index,random_forest,43,3,2050,carbon_priority,3,3,True,True,True,0.0
exact-index,random_forest,43,3,2050,energy_priority,625,625,True,True,True,0.0
exact-index,random_forest,43,3,2050,days_below_24_priority,139,24,False,True,False,0.0009769021237161217
exact-index,random_forest,43,3,2050,balanced,24,24,True,True,False,0.0
exact-index,random_forest,43,3,2100,cost_priority,51,51,True,True,True,0.0
exact-index,random_forest,43,3,2100,carbon_priority,3,3,True,True,True,0.0
exact-index,random_forest,43,3,2100,energy_priority,625,625,True,True,True,0.0
exact-index,random_forest,43,3,2100,days_below_24_priority,24,24,True,True,False,0.0
exact-index,random_forest,43,3,2100,balanced,24,24,True,True,False,0.0
exact-index,shared_mtl_nn,43,3,2020,cost_priority,3,3,True,True,True,0.0
exact-index,shared_mtl_nn,43,3,2020,carbon_priority,3,3,True,True,True,0.0
exact-index,shared_mtl_nn,43,3,2020,energy_priority,625,619,False,False,False,0.013263840188523406
exact-index,shared_mtl_nn,43,3,2020,days_below_24_priority,24,3,False,True,True,0.12150528975477122
exact-index,shared_mtl_nn,43,3,2020,balanced,24,24,True,True,True,0.0
exact-index,shared_mtl_nn,43,3,2050,cost_priority,51,51,True,True,True,0.0
exact-index,shared_mtl_nn,43,3,2050,carbon_priority,3,3,True,True,True,0.0
exact-index,shared_mtl_nn,43,3,2050,energy_priority,625,495,False,True,True,0.005755869387988881
exact-index,shared_mtl_nn,43,3,2050,days_below_24_priority,139,24,False,True,False,0.0009769021237161217
exact-index,shared_mtl_nn,43,3,2050,balanced,24,24,True,True,False,0.0
exact-index,shared_mtl_nn,43,3,2100,cost_priority,51,51,True,True,True,0.0
exact-index,shared_mtl_nn,43,3,2100,carbon_priority,3,3,True,True,True,0.0
exact-index,shared_mtl_nn,43,3,2100,energy_priority,625,570,False,True,True,0.001953989617568086
exact-index,shared_mtl_nn,43,3,2100,days_below_24_priority,24,24,True,True,False,0.0
exact-index,shared_mtl_nn,43,3,2100,balanced,24,24,True,True,False,0.0
exact-index,shared_mtl_nn_mgda,43,3,2020,cost_priority,3,3,True,True,True,0.0
exact-index,shared_mtl_nn_mgda,43,3,2020,carbon_priority,3,3,True,True,True,0.0
exact-index,shared_mtl_nn_mgda,43,3,2020,energy_priority,625,495,False,True,True,0.004730875756009157
exact-index,shared_mtl_nn_mgda,43,3,2020,days_below_24_priority,24,24,True,True,True,0.0
exact-index,shared_mtl_nn_mgda,43,3,2020,balanced,24,24,True,True,True,0.0
exact-index,shared_mtl_nn_mgda,43,3,2050,cost_priority,51,51,True,True,True,0.0
exact-index,shared_mtl_nn_mgda,43,3,2050,carbon_priority,3,3,True,True,True,0.0
exact-index,shared_mtl_nn_mgda,43,3,2050,energy_priority,625,619,False,True,True,0.008562813045988155
exact-index,shared_mtl_nn_mgda,43,3,2050,days_below_24_priority,139,12,False,True,False,0.014990650234653121
exact-index,shared_mtl_nn_mgda,43,3,2050,balanced,24,12,False,True,False,0.0024256746251685828
exact-index,shared_mtl_nn_mgda,43,3,2100,cost_priority,51,51,True,True,True,0.0
exact-index,shared_mtl_nn_mgda,43,3,2100,carbon_priority,3,3,True,True,True,0.0
exact-index,shared_mtl_nn_mgda,43,3,2100,energy_priority,625,570,False,True,True,0.001953989617568086
exact-index,shared_mtl_nn_mgda,43,3,2100,days_below_24_priority,24,24,True,True,False,0.0
exact-index,shared_mtl_nn_mgda,43,3,2100,balanced,24,24,True,True,False,0.0
exact-index,gradient_boosting,43,4,2020,cost_priority,11,11,True,True,True,0.0
exact-index,gradient_boosting,43,4,2020,carbon_priority,15,15,True,True,True,0.0
exact-index,gradient_boosting,43,4,2020,energy_priority,550,420,False,True,True,0.0035015074351508494
exact-index,gradient_boosting,43,4,2020,days_below_24_priority,20,20,True,True,True,0.0
exact-index,gradient_boosting,43,4,2020,balanced,20,20,True,True,True,0.0
exact-index,gradient_boosting,43,4,2050,cost_priority,11,11,True,True,True,0.0
exact-index,gradient_boosting,43,4,2050,carbon_priority,11,11,True,True,True,0.0
exact-index,gradient_boosting,43,4,2050,energy_priority,470,599,False,True,False,0.000553677006960014
exact-index,gradient_boosting,43,4,2050,days_below_24_priority,15,15,True,True,True,0.0
exact-index,gradient_boosting,43,4,2050,balanced,15,15,True,True,True,0.0
exact-index,gradient_boosting,43,4,2100,cost_priority,11,11,True,True,True,0.0
exact-index,gradient_boosting,43,4,2100,carbon_priority,11,11,True,True,True,0.0
exact-index,gradient_boosting,43,4,2100,energy_priority,475,550,False,True,True,0.008852228944978205
exact-index,gradient_boosting,43,4,2100,days_below_24_priority,15,15,True,True,True,0.0
exact-index,gradient_boosting,43,4,2100,balanced,15,15,True,True,True,0.0
exact-index,independent_stl_nn,43,4,2020,cost_priority,11,11,True,True,True,0.0
exact-index,independent_stl_nn,43,4,2020,carbon_priority,15,5,False,True,True,0.0030118423591263934
exact-index,independent_stl_nn,43,4,2020,energy_priority,550,499,False,True,True,0.007452809969709178
exact-index,independent_stl_nn,43,4,2020,days_below_24_priority,20,20,True,True,True,0.0
exact-index,independent_stl_nn,43,4,2020,balanced,20,20,True,True,True,0.0
exact-index,independent_stl_nn,43,4,2050,cost_priority,11,11,True,True,True,0.0
exact-index,independent_stl_nn,43,4,2050,carbon_priority,11,11,True,True,True,0.0
exact-index,independent_stl_nn,43,4,2050,energy_priority,470,475,False,True,True,0.0003948024241738645
exact-index,independent_stl_nn,43,4,2050,days_below_24_priority,15,15,True,True,True,0.0
exact-index,independent_stl_nn,43,4,2050,balanced,15,15,True,True,True,0.0
exact-index,independent_stl_nn,43,4,2100,cost_priority,11,11,True,True,True,0.0
exact-index,independent_stl_nn,43,4,2100,carbon_priority,11,11,True,True,True,0.0
exact-index,independent_stl_nn,43,4,2100,energy_priority,475,599,False,True,True,0.002285421764235317
exact-index,independent_stl_nn,43,4,2100,days_below_24_priority,15,15,True,True,True,0.0
exact-index,independent_stl_nn,43,4,2100,balanced,15,15,True,True,True,0.0
exact-index,random_forest,43,4,2020,cost_priority,11,16,False,True,True,0.0014888940655399458
exact-index,random_forest,43,4,2020,carbon_priority,15,15,True,True,True,0.0
exact-index,random_forest,43,4,2020,energy_priority,550,599,False,True,True,0.006016405469142275
exact-index,random_forest,43,4,2020,days_below_24_priority,20,20,True,True,True,0.0
exact-index,random_forest,43,4,2020,balanced,20,20,True,True,True,0.0
exact-index,random_forest,43,4,2050,cost_priority,11,11,True,True,True,0.0
exact-index,random_forest,43,4,2050,carbon_priority,11,11,True,True,True,0.0
exact-index,random_forest,43,4,2050,energy_priority,470,599,False,True,False,0.000553677006960014
exact-index,random_forest,43,4,2050,days_below_24_priority,15,15,True,True,True,0.0
exact-index,random_forest,43,4,2050,balanced,15,15,True,True,True,0.0
exact-index,random_forest,43,4,2100,cost_priority,11,11,True,True,True,0.0
exact-index,random_forest,43,4,2100,carbon_priority,11,11,True,True,True,0.0
exact-index,random_forest,43,4,2100,energy_priority,475,599,False,True,True,0.002285421764235317
exact-index,random_forest,43,4,2100,days_below_24_priority,15,15,True,True,True,0.0
exact-index,random_forest,43,4,2100,balanced,15,15,True,True,True,0.0
exact-index,shared_mtl_nn,43,4,2020,cost_priority,11,16,False,True,True,0.0014888940655399458
exact-index,shared_mtl_nn,43,4,2020,carbon_priority,15,15,True,True,True,0.0
exact-index,shared_mtl_nn,43,4,2020,energy_priority,550,470,False,True,True,0.007563095303678972
exact-index,shared_mtl_nn,43,4,2020,days_below_24_priority,20,20,True,True,True,0.0
exact-index,shared_mtl_nn,43,4,2020,balanced,20,20,True,True,True,0.0
exact-index,shared_mtl_nn,43,4,2050,cost_priority,11,11,True,True,True,0.0
exact-index,shared_mtl_nn,43,4,2050,carbon_priority,11,11,True,True,True,0.0
exact-index,shared_mtl_nn,43,4,2050,energy_priority,470,599,False,True,False,0.000553677006960014
exact-index,shared_mtl_nn,43,4,2050,days_below_24_priority,15,20,False,True,True,0.004429649898164062
exact-index,shared_mtl_nn,43,4,2050,balanced,15,15,True,True,True,0.0
exact-index,shared_mtl_nn,43,4,2100,cost_priority,11,16,False,True,True,0.0031150268166395914
exact-index,shared_mtl_nn,43,4,2100,carbon_priority,11,11,True,True,True,0.0
exact-index,shared_mtl_nn,43,4,2100,energy_priority,475,599,False,True,True,0.002285421764235317
exact-index,shared_mtl_nn,43,4,2100,days_below_24_priority,15,20,False,True,True,0.004110055297035786
exact-index,shared_mtl_nn,43,4,2100,balanced,15,15,True,True,True,0.0
exact-index,shared_mtl_nn_mgda,43,4,2020,cost_priority,11,16,False,True,True,0.0014888940655399458
exact-index,shared_mtl_nn_mgda,43,4,2020,carbon_priority,15,15,True,True,True,0.0
exact-index,shared_mtl_nn_mgda,43,4,2020,energy_priority,550,475,False,True,True,0.01613129673135081
exact-index,shared_mtl_nn_mgda,43,4,2020,days_below_24_priority,20,128,False,False,False,0.04411693983949018
exact-index,shared_mtl_nn_mgda,43,4,2020,balanced,20,15,False,True,True,0.030574349975317515
exact-index,shared_mtl_nn_mgda,43,4,2050,cost_priority,11,11,True,True,True,0.0
exact-index,shared_mtl_nn_mgda,43,4,2050,carbon_priority,11,11,True,True,True,0.0
exact-index,shared_mtl_nn_mgda,43,4,2050,energy_priority,470,475,False,True,True,0.0003948024241738645
exact-index,shared_mtl_nn_mgda,43,4,2050,days_below_24_priority,15,15,True,True,True,0.0
exact-index,shared_mtl_nn_mgda,43,4,2050,balanced,15,15,True,True,True,0.0
exact-index,shared_mtl_nn_mgda,43,4,2100,cost_priority,11,16,False,True,True,0.0031150268166395914
exact-index,shared_mtl_nn_mgda,43,4,2100,carbon_priority,11,11,True,True,True,0.0
exact-index,shared_mtl_nn_mgda,43,4,2100,energy_priority,475,475,True,True,True,0.0
exact-index,shared_mtl_nn_mgda,43,4,2100,days_below_24_priority,15,15,True,True,True,0.0
exact-index,shared_mtl_nn_mgda,43,4,2100,balanced,15,15,True,True,True,0.0
exact-index,gradient_boosting,43,5,2020,cost_priority,6,6,True,True,True,0.0
exact-index,gradient_boosting,43,5,2020,carbon_priority,25,25,True,True,True,0.0
exact-index,gradient_boosting,43,5,2020,energy_priority,425,425,True,True,True,0.0
exact-index,gradient_boosting,43,5,2020,days_below_24_priority,25,148,False,True,True,0.032284664624861556
exact-index,gradient_boosting,43,5,2020,balanced,25,25,True,True,True,0.0
exact-index,gradient_boosting,43,5,2050,cost_priority,6,6,True,True,True,0.0
exact-index,gradient_boosting,43,5,2050,carbon_priority,25,25,True,True,True,0.0
exact-index,gradient_boosting,43,5,2050,energy_priority,595,575,False,True,True,0.0011850687369436609
exact-index,gradient_boosting,43,5,2050,days_below_24_priority,18,25,False,True,True,0.002526558974933831
exact-index,gradient_boosting,43,5,2050,balanced,18,18,True,True,True,0.0
exact-index,gradient_boosting,43,5,2100,cost_priority,6,6,True,True,True,0.0
exact-index,gradient_boosting,43,5,2100,carbon_priority,25,25,True,True,True,0.0
exact-index,gradient_boosting,43,5,2100,energy_priority,445,575,False,True,True,0.0006506585781050911
exact-index,gradient_boosting,43,5,2100,days_below_24_priority,25,25,True,True,True,0.0
exact-index,gradient_boosting,43,5,2100,balanced,18,18,True,True,True,0.0
exact-index,independent_stl_nn,43,5,2020,cost_priority,6,6,True,True,True,0.0
exact-index,independent_stl_nn,43,5,2020,carbon_priority,25,25,True,True,True,0.0
exact-index,independent_stl_nn,43,5,2020,energy_priority,425,425,True,True,True,0.0
exact-index,independent_stl_nn,43,5,2020,days_below_24_priority,25,140,False,True,True,0.030488783012174593
exact-index,independent_stl_nn,43,5,2020,balanced,25,19,False,True,True,0.006461759186236527
exact-index,independent_stl_nn,43,5,2050,cost_priority,6,6,True,True,True,0.0
exact-index,independent_stl_nn,43,5,2050,carbon_priority,25,25,True,True,True,0.0
exact-index,independent_stl_nn,43,5,2050,energy_priority,595,595,True,True,True,0.0
exact-index,independent_stl_nn,43,5,2050,days_below_24_priority,18,19,False,True,True,0.005278681514649744
exact-index,independent_stl_nn,43,5,2050,balanced,18,18,True,True,True,0.0
exact-index,independent_stl_nn,43,5,2100,cost_priority,6,6,True,True,True,0.0
exact-index,independent_stl_nn,43,5,2100,carbon_priority,25,25,True,True,True,0.0
exact-index,independent_stl_nn,43,5,2100,energy_priority,445,624,False,True,False,0.005417015523119573
exact-index,independent_stl_nn,43,5,2100,days_below_24_priority,25,19,False,True,True,0.0027851053748131254
exact-index,independent_stl_nn,43,5,2100,balanced,18,18,True,True,True,0.0
exact-index,random_forest,43,5,2020,cost_priority,6,6,True,True,True,0.0
exact-index,random_forest,43,5,2020,carbon_priority,25,25,True,True,True,0.0
exact-index,random_forest,43,5,2020,energy_priority,425,425,True,True,True,0.0
exact-index,random_forest,43,5,2020,days_below_24_priority,25,140,False,True,True,0.030488783012174593
exact-index,random_forest,43,5,2020,balanced,25,25,True,True,True,0.0
exact-index,random_forest,43,5,2050,cost_priority,6,6,True,True,True,0.0
exact-index,random_forest,43,5,2050,carbon_priority,25,25,True,True,True,0.0
exact-index,random_forest,43,5,2050,energy_priority,595,595,True,True,True,0.0
exact-index,random_forest,43,5,2050,days_below_24_priority,18,18,True,True,True,0.0
exact-index,random_forest,43,5,2050,balanced,18,18,True,True,True,0.0
exact-index,random_forest,43,5,2100,cost_priority,6,6,True,True,True,0.0
exact-index,random_forest,43,5,2100,carbon_priority,25,25,True,True,True,0.0
exact-index,random_forest,43,5,2100,energy_priority,445,595,False,True,True,0.0019607378122654144
exact-index,random_forest,43,5,2100,days_below_24_priority,25,25,True,True,True,0.0
exact-index,random_forest,43,5,2100,balanced,18,18,True,True,True,0.0
exact-index,shared_mtl_nn,43,5,2020,cost_priority,6,26,False,True,True,0.022531651367828347
exact-index,shared_mtl_nn,43,5,2020,carbon_priority,25,25,True,True,True,0.0
exact-index,shared_mtl_nn,43,5,2020,energy_priority,425,595,False,True,False,0.015442271661118763
exact-index,shared_mtl_nn,43,5,2020,days_below_24_priority,25,25,True,True,True,0.0
exact-index,shared_mtl_nn,43,5,2020,balanced,25,25,True,True,True,0.0
exact-index,shared_mtl_nn,43,5,2050,cost_priority,6,6,True,True,True,0.0
exact-index,shared_mtl_nn,43,5,2050,carbon_priority,25,25,True,True,True,0.0
exact-index,shared_mtl_nn,43,5,2050,energy_priority,595,595,True,True,True,0.0
exact-index,shared_mtl_nn,43,5,2050,days_below_24_priority,18,25,False,True,True,0.002526558974933831
exact-index,shared_mtl_nn,43,5,2050,balanced,18,18,True,True,True,0.0
exact-index,shared_mtl_nn,43,5,2100,cost_priority,6,6,True,True,True,0.0
exact-index,shared_mtl_nn,43,5,2100,carbon_priority,25,25,True,True,True,0.0
exact-index,shared_mtl_nn,43,5,2100,energy_priority,445,595,False,True,True,0.0019607378122654144
exact-index,shared_mtl_nn,43,5,2100,days_below_24_priority,25,25,True,True,True,0.0
exact-index,shared_mtl_nn,43,5,2100,balanced,18,18,True,True,True,0.0
exact-index,shared_mtl_nn_mgda,43,5,2020,cost_priority,6,26,False,True,True,0.022531651367828347
exact-index,shared_mtl_nn_mgda,43,5,2020,carbon_priority,25,25,True,True,True,0.0
exact-index,shared_mtl_nn_mgda,43,5,2020,energy_priority,425,445,False,True,True,0.009118491521027804
exact-index,shared_mtl_nn_mgda,43,5,2020,days_below_24_priority,25,25,True,True,True,0.0
exact-index,shared_mtl_nn_mgda,43,5,2020,balanced,25,25,True,True,True,0.0
exact-index,shared_mtl_nn_mgda,43,5,2050,cost_priority,6,6,True,True,True,0.0
exact-index,shared_mtl_nn_mgda,43,5,2050,carbon_priority,25,25,True,True,True,0.0
exact-index,shared_mtl_nn_mgda,43,5,2050,energy_priority,595,624,False,True,False,0.0016612523319916419
exact-index,shared_mtl_nn_mgda,43,5,2050,days_below_24_priority,18,140,False,True,True,0.0023870835627592614
exact-index,shared_mtl_nn_mgda,43,5,2050,balanced,18,18,True,True,True,0.0
exact-index,shared_mtl_nn_mgda,43,5,2100,cost_priority,6,6,True,True,True,0.0
exact-index,shared_mtl_nn_mgda,43,5,2100,carbon_priority,25,25,True,True,True,0.0
exact-index,shared_mtl_nn_mgda,43,5,2100,energy_priority,445,595,False,True,True,0.0019607378122654144
exact-index,shared_mtl_nn_mgda,43,5,2100,days_below_24_priority,25,19,False,True,True,0.0027851053748131254
exact-index,shared_mtl_nn_mgda,43,5,2100,balanced,18,25,False,True,True,0.003612365778083302
